#{"t_start": 1765396483.9749515, "env_id": "Ant-v5"}
r,l,t
-21.797809,26,4.497357
-21.383909,23,4.522779
-121.283976,110,4.642558
-149.193802,103,4.797662
-47.203666,41,5.017601
-82.911777,86,5.1524
-20.433939,27,5.182459
-1155.208855,1000,6.634597
-48.926742,29,6.675507
-20.037005,19,6.695228
-43.988196,87,6.803811
-116.696927,86,6.904538
-20.68908,33,6.972392
-24.10927,42,7.019686
-28.717982,31,7.052963
-9.789706,20,7.085632
-77.070387,41,7.153944
-87.29348,72,7.269846
-130.99158,98,7.388191
-48.826831,42,7.502689
-1126.685656,1000,9.036693
-43.358673,42,9.087377
-38.971708,52,9.144711
-28.595572,30,9.17694
-109.281869,80,9.26436
-75.41287,75,9.350864
-15.683856,17,9.390587
-65.96029,93,9.505194
-24.209252,28,9.543182
-143.535691,125,9.700355
-15.581258,15,9.718162
-134.287056,90,9.816908
-46.338881,34,9.85501
-32.574422,34,9.89313
0.982111,14,9.925149
-40.939484,15,9.946037
-53.211197,57,10.391051
-49.304509,26,10.417879
3.103438,20,10.438572
-21.851794,21,10.4605
-95.784381,88,10.554449
-62.158334,32,10.59972
-31.038278,25,10.655756
-1058.560352,1000,11.988712
-45.366784,50,12.041088
-90.684598,46,12.087784
-29.761398,46,12.135959
5.880135,41,12.177092
-90.558139,77,12.255295
-25.054434,17,12.274141
-40.497845,26,12.301028
-42.752892,47,12.348323
-36.163331,20,12.369424
-28.34801,23,12.393891
15.769585,51,12.445107
-38.105717,18,12.465425
-74.208075,72,12.553695
-11.888448,13,12.567738
-61.638529,85,12.654425
-52.400265,45,12.700689
-52.577448,68,12.768124
-40.447922,45,12.814571
-20.56234,15,12.830293
-30.433813,32,12.864297
-29.911387,17,12.88122
-64.842453,43,12.925137
-30.150152,40,12.965638
-58.623401,28,12.993843
-17.905342,34,13.044698
-63.167577,42,13.086573
-43.850264,84,13.172149
-16.180696,18,13.191029
-19.437007,20,13.211486
-47.264449,28,13.239271
-24.074133,13,13.253352
-14.96939,28,13.282556
-143.851402,168,13.45286
-1085.314053,1000,14.743722
-19.619928,31,14.787954
-87.034428,50,14.87545
-3.350468,22,14.91246
-130.076354,146,15.127029
-33.310197,42,15.186993
-12.712031,10,15.203807
-15.062736,36,15.260302
-98.033305,66,15.357376
-73.359619,48,15.430459
-25.674896,38,15.490587
-49.599643,62,15.586494
-307.2564,311,16.098215
-8.775611,25,16.137264
-103.166434,108,16.311819
-73.765377,60,16.409897
-57.596117,49,16.504547
-53.852456,46,16.579874
-55.847294,42,16.65029
-42.262209,27,16.691828
-44.970607,43,16.760949
-40.073037,21,16.794021
-113.852668,67,16.897958
-18.091101,13,16.919328
-29.067628,14,16.941818
-22.215225,12,16.959609
-138.510499,68,17.071803
-923.173063,1000,18.911737
-39.94785,72,19.032044
-7.181448,22,19.070271
-57.380854,52,21.658712
-18.850816,34,21.702847
-25.916022,20,21.728124
-15.050105,11,21.740484
-36.90184,78,21.833958
-63.53027,94,21.94659
-872.595927,1000,23.467975
-213.820656,213,23.819064
-42.504755,40,23.908809
-18.368848,27,23.958752
-26.395409,46,24.035224
-35.846945,45,24.112152
-59.003481,75,24.238081
-11.652982,13,24.262347
-16.822511,22,24.297365
-766.695178,1000,26.090039
-3.684913,111,26.282621
-14.816532,17,26.30961
-29.534717,33,26.365978
-69.259118,50,26.456315
-32.287791,32,26.508347
-60.766138,34,26.585808
-5.144834,13,26.605832
-188.951716,279,27.088251
-34.368997,35,27.147097
-2.870622,56,27.242419
-49.301863,47,27.322005
-46.754042,68,27.458336
-5.580674,78,27.598656
-73.763143,107,27.783869
-6.301292,17,27.817651
-87.481882,150,28.070503
-6.400309,39,28.138665
-16.654018,9,28.151018
-64.259967,129,28.393146
-102.90268,62,28.501275
-71.922347,143,28.742659
-763.805507,1000,30.531194
-38.959828,53,30.619111
-9.090791,17,30.645858
-79.004756,80,30.787173
-47.905088,118,31.019637
-25.082682,37,31.090153
-35.550439,68,31.2122
1.532233,45,31.291413
-43.020525,24,31.334006
5.048626,14,31.354442
-17.911615,18,31.389114
-6.970883,12,31.410004
-5.862145,51,31.4995
-89.416789,178,31.806271
-45.459774,31,31.873506
-18.078086,42,31.953683
-135.096436,244,32.368469
-6.879315,24,32.407295
-30.606392,81,32.547129
-45.146365,79,32.681797
-89.483467,58,32.804565
-1.176179,18,32.83891
1.005951,21,32.873167
-46.73895,140,33.12214
-60.091339,69,33.238572
-4.984772,12,33.256458
-7.923769,24,33.294947
-14.974328,30,33.349105
-9.657961,57,33.449099
-3.579003,22,33.492089
-12.358335,59,33.61114
-80.235348,120,33.829855
-54.783053,45,33.91347
-507.023935,1000,35.69079
-27.235298,59,35.788928
-25.698311,37,35.852102
-569.708238,1000,37.605239
-8.489282,20,37.636809
-98.713341,168,37.919712
-21.513693,19,37.950342
-16.408611,28,37.997402
-65.331079,57,38.110104
-536.92633,1000,41.371488
-63.445463,72,41.465106
-21.035462,21,41.495048
-15.716186,16,41.516807
-42.474888,58,41.597182
-96.568799,127,41.776825
-404.351261,1000,43.464144
-0.821233,107,43.638829
-38.207001,48,43.721925
-42.426832,78,43.873542
-17.990753,177,44.188975
-27.513609,49,44.273735
-16.588996,57,44.371582
-30.662484,145,44.62498
-29.819143,57,44.741583
-62.39285,62,44.849354
-436.680034,1000,46.633595
-266.001698,1000,48.345954
-57.844665,48,48.430134
0.879972,37,48.497292
-21.068923,142,48.739295
-303.908934,1000,50.511718
-34.531726,120,50.713899
-10.807761,34,50.773738
22.437936,326,51.344564
16.241692,27,51.393103
0.363994,47,51.473365
-31.836241,172,51.780938
-4.144644,41,51.855081
-75.415733,94,52.014859
-48.759798,67,52.127146
7.919026,30,52.176656
-14.172544,35,52.233424
-72.469025,189,52.566721
-28.760917,188,52.879624
-17.679865,35,52.939924
-242.343446,1000,54.71264
-174.738626,1000,56.465497
-43.885924,254,56.896292
-23.770871,120,57.124643
-33.391076,78,57.265285
-47.329287,117,57.465112
-11.024079,66,57.570341
24.483586,101,57.736015
-151.8691,1000,61.899407
27.367357,307,62.40808
6.801643,92,62.557604
-41.475365,1000,64.282692
-34.436898,125,64.510471
-1.504646,62,64.626758
-18.24528,46,64.703539
60.366599,211,65.055156
31.746667,60,65.156627
-78.488887,1000,66.884777
55.801722,1000,68.616953
92.921842,1000,70.366418
177.420652,1000,72.140756
49.018474,557,73.08983
137.518244,1000,74.810571
178.885499,1000,76.562085
-1.555335,33,76.625209
6.275807,209,76.99256
23.699443,187,77.295606
98.176704,300,80.629647
278.277769,1000,82.034318
13.389549,134,82.255363
3.929418,24,82.2967
26.256768,171,82.582608
34.499017,96,82.75798
12.272718,43,82.82855
77.315323,293,83.310732
-4.386363,26,83.357336
31.773386,72,83.496787
263.125061,1000,85.259057
43.695301,80,85.398667
252.687185,1000,87.158236
12.858987,51,87.245744
37.084567,189,87.562155
0.810858,17,87.587869
212.166141,1000,89.295424
246.978413,629,90.376734
-10.040764,219,90.768656
368.231115,1000,92.498838
259.929311,1000,94.286191
24.702506,51,94.37293
22.545632,72,94.497576
9.83491,48,94.576121
110.743497,369,95.213382
368.202975,1000,96.999148
172.189036,580,100.57194
365.475647,1000,102.027199
-6.596144,22,102.061299
372.297241,1000,103.764624
116.403454,452,104.541062
415.456644,1000,106.262264
512.008221,1000,107.962686
490.492139,1000,109.675899
462.432199,1000,111.391593
283.635193,580,112.365656
219.691761,479,113.179905
387.391758,979,114.822726
597.081688,1000,116.516816
587.622789,1000,120.602805
579.222076,1000,122.338192
671.520332,1000,124.093246
567.897077,1000,125.833153
544.954545,1000,127.542463
554.701288,1000,129.308403
536.186996,1000,131.024441
646.165849,1000,132.746252
615.208192,1000,134.436657
515.343883,1000,136.21739
645.763191,1000,140.382298
658.945226,1000,142.004399
579.008115,1000,143.709684
603.767462,1000,145.417447
733.257996,1000,147.151754
646.423755,1000,148.877434
701.750155,1000,150.580176
691.7421,1000,152.3303
694.123268,1000,154.095045
698.587358,1000,155.819215
750.556559,1000,160.41607
832.742583,1000,162.082139
778.634087,1000,163.840491
755.381429,1000,165.567987
725.322735,1000,167.283629
781.360822,1000,169.012254
813.750804,1000,170.74481
685.199239,1000,172.449867
644.871384,1000,174.165327
725.799011,1000,175.907977
754.520159,1000,180.258209
779.932161,1000,181.973545
824.555491,1000,183.708223
880.702884,1000,185.46433
811.276587,1000,187.217321
661.400786,1000,188.955044
763.677735,1000,190.672181
810.351316,1000,192.415521
520.167273,579,193.412863
161.220868,167,193.699871
810.436598,1000,195.401369
611.35034,1000,199.720446
608.951457,883,201.064956
552.910383,1000,202.832997
708.360272,1000,204.551732
788.169462,1000,206.366372
48.204392,63,206.502081
838.256651,1000,208.253993
748.0018,1000,209.994466
819.579731,1000,211.777984
794.902758,1000,213.521186
780.552447,1000,215.291258
812.892348,1000,219.768708
805.237116,1000,221.331615
816.476878,1000,223.112653
828.914739,1000,224.904774
874.53054,1000,226.668442
899.606288,1000,228.405289
859.943333,1000,230.158262
884.0253,1000,231.907852
864.584912,1000,233.675451
866.293143,1000,235.420745
909.980511,1000,239.881918
882.256895,1000,241.526587
879.692402,1000,243.32682
843.110857,1000,245.094876
864.207283,1000,246.81336
776.38116,1000,248.540927
799.204862,1000,250.292589
766.511017,1000,252.072422
898.86628,1000,253.837307
904.702356,1000,255.589791
942.810198,1000,259.94561
895.947654,1000,261.515266
923.685142,1000,263.317453
890.892678,1000,265.280177
790.94468,1000,267.145527
841.30034,1000,268.967752
763.956444,1000,270.826502
770.959154,1000,272.68179
771.362804,1000,274.513417
660.543664,1000,276.294842
95.940057,113,276.483152
686.147718,1000,280.999259
768.828071,1000,282.703089
731.604633,1000,284.608607
613.178172,1000,286.499084
791.343772,1000,288.270158
682.647825,1000,290.125237
803.096952,1000,291.984928
843.756198,1000,293.820459
854.956648,1000,295.687212
826.476103,1000,297.56789
879.983749,1000,301.9321
865.179532,1000,303.731542
761.644218,1000,305.614695
866.451478,1000,307.479811
26.223379,19,307.512357
792.265794,1000,309.338444
774.271032,1000,311.196285
855.330802,1000,313.075845
838.997076,1000,314.956039
985.123896,1000,316.799916
892.458341,1000,318.6652
707.443155,1000,322.997072
812.767423,1000,324.731884
825.058241,1000,326.608394
811.663367,1000,328.452885
799.429771,1000,330.271866
823.262511,1000,332.125367
826.748434,1000,334.032161
887.390251,1000,335.910655
913.477838,1000,337.751784
887.209432,1000,339.6577
930.108186,1000,344.053716
890.07462,1000,345.790878
957.904045,1000,347.681187
892.646727,1000,349.54155
821.524439,1000,351.336955
899.471055,1000,353.128889
921.003873,1000,354.952648
847.412551,1000,356.740036
877.571856,1000,358.57421
914.489283,1000,360.421726
876.579083,1000,364.744822
853.384401,1000,366.451768
901.478244,1000,368.26234
931.951685,1000,370.089909
809.670798,1000,371.943144
871.459312,1000,373.807012
840.743587,1000,375.580842
901.584942,1000,377.365231
313.471679,402,378.116656
24.086574,21,378.154884
778.378249,1000,379.939896
197.392698,229,380.376891
770.472361,1000,383.969836
810.425847,1000,385.527378
787.048184,1000,387.312599
709.784323,1000,389.169899
679.627114,1000,390.970872
696.128574,1000,392.819303
736.721247,1000,394.628901
819.87858,1000,396.436845
748.714542,1000,398.322375
808.373653,1000,400.195102
829.091521,1000,404.758673
765.319069,1000,406.674164
821.537086,1000,409.704448
765.529582,1000,412.339318
818.332848,1000,414.287138
822.922096,1000,416.17816
843.725938,1000,418.102515
853.448009,1000,420.088844
923.730477,1000,422.197086
902.143315,1000,424.034663
945.986273,1000,431.528875
814.777503,1000,434.138802
713.118836,1000,435.999933
816.853364,1000,437.611304
736.72117,1000,439.190154
799.678682,1000,440.773526
793.56857,1000,442.325659
857.799318,1000,443.887018
814.835028,1000,445.45587
744.292952,1000,447.028584
584.06492,1000,451.838395
372.134725,1000,452.984709
673.621854,1000,454.427395
439.716894,1000,455.981894
604.339488,1000,457.549882
624.095072,1000,459.142183
544.238031,1000,460.825932
601.350935,1000,462.39169
380.074558,1000,464.043309
661.129677,1000,465.564061
696.466995,1000,470.184307
750.983251,1000,471.298984
755.076166,1000,472.741681
794.04624,1000,474.314069
836.761911,1000,475.95411
891.682753,1000,477.573831
803.006078,1000,479.149599
774.594924,1000,480.72569
750.887318,1000,482.285879
728.671846,1000,483.824184
682.821602,1000,488.514395
633.25362,1000,489.645484
309.081354,510,490.38065
722.052002,1000,491.944196
743.454759,1000,493.553335
765.612087,1000,495.140844
828.527478,1000,496.777664
771.260439,1000,498.412619
745.269,1000,499.951459
740.706565,1000,501.499155
752.049788,1000,503.056401
391.100838,448,506.782823
689.676756,1000,507.906742
116.301061,217,508.192543
31.41936,33,508.249413
594.579833,1000,509.726441
527.800053,1000,511.258712
547.456012,1000,512.813285
150.872288,221,513.14642
45.771782,76,513.262792
652.698384,1000,514.817022
621.010038,1000,516.37449
153.010326,296,516.828567
681.055183,1000,518.371161
768.589114,1000,519.97931
699.236735,1000,524.923565
762.151312,1000,526.007496
769.985703,1000,527.327276
773.083888,1000,528.860351
678.224151,1000,530.491176
748.46135,1000,532.059542
703.471466,1000,533.627967
819.234509,1000,535.296872
748.405855,1000,536.863524
870.92002,1000,538.417883
857.253114,1000,543.172151
860.025833,1000,544.294822
805.317586,1000,545.763084
749.555641,1000,547.33228
938.302904,1000,548.887695
758.478025,1000,550.467238
697.176105,1000,552.045828
771.882409,1000,553.628523
845.931693,1000,555.358873
818.518095,1000,556.881395
811.440265,1000,560.573175
850.735812,1000,561.793176
847.339196,1000,563.281686
766.713547,1000,564.896129
829.226481,1000,566.55988
860.587709,1000,568.170313
852.060075,1000,569.762602
882.343083,1000,571.328968
838.08081,1000,572.901012
887.09678,1000,574.462724
817.528047,1000,579.183315
815.435697,1000,580.409956
710.022028,1000,581.919583
835.354086,1000,583.485735
939.004758,1000,585.050446
736.31686,1000,586.599323
916.087698,1000,588.134694
798.101832,1000,589.696377
906.882569,1000,591.274372
918.653696,1000,592.81814
821.26674,1000,598.035169
918.958423,1000,599.275488
844.811908,1000,600.749458
879.786785,1000,602.28846
160.720492,228,602.630811
140.731249,257,603.038419
111.238369,318,603.508873
31.168367,62,603.602165
51.854707,114,603.791633
41.185257,88,603.922526
20.992057,60,604.015209
15.990156,35,604.068117
43.816936,113,604.240477
53.930422,243,604.617504
180.192202,431,605.284067
144.190992,292,605.718408
49.319603,78,605.835703
141.220226,340,606.36117
8.746518,33,606.408848
57.90675,167,606.656492
12.581284,27,606.710344
6.542218,25,606.749828
56.571092,87,606.879198
-6.886407,49,606.952314
479.418667,1000,608.483212
745.349343,1000,610.037377
702.008751,1000,611.609422
773.303467,1000,616.632734
825.651712,1000,617.978255
919.912529,1000,619.515453
728.070857,1000,621.07288
847.017343,1000,622.612908
853.164649,1000,624.169436
810.085778,1000,625.747877
541.288577,627,626.726084
779.516959,1000,628.298014
820.613447,1000,629.867695
795.350282,1000,631.470828
679.947133,1000,635.216842
134.324939,203,635.457538
1019.407638,1000,636.882056
853.562009,1000,638.438225
854.303165,1000,640.036199
659.685911,1000,641.57904
750.831137,1000,643.126729
536.240472,1000,644.675052
142.55642,195,644.984611
53.41815,107,645.147232
462.978889,1000,646.670332
481.208068,1000,648.225148
591.959788,1000,650.796731
625.211988,1000,652.164997
574.022451,1000,653.671116
499.637516,1000,655.285367
575.5048,1000,656.816164
607.814026,1000,658.374999
598.602694,1000,659.924056
603.973032,1000,661.517164
654.86318,1000,663.103388
689.581461,1000,664.677837
711.426372,1000,669.572779
770.951924,1000,670.817355
786.423607,1000,672.425461
830.238262,1000,674.109388
816.391625,1000,675.725528
737.846825,1000,677.279005
740.119497,1000,678.812682
864.042326,1000,680.388074
808.857584,1000,681.992946
814.55943,1000,683.562216
834.561137,1000,688.178261
737.647137,1000,689.270794
768.614369,1000,690.675859
771.113208,1000,692.207365
800.5309,1000,693.748907
811.536244,1000,695.323792
841.810043,1000,696.956819
838.347046,1000,698.600799
700.956277,1000,700.247423
736.794513,1000,701.831982
729.452476,1000,706.388338
859.614986,1000,707.549243
911.145439,1000,709.009093
780.223887,1000,710.579565
722.505178,1000,712.160492
869.240806,1000,713.744179
863.828677,1000,715.330885
849.261721,1000,716.894058
656.937619,730,718.024411
81.690344,84,718.149875
190.036786,192,718.446307
409.741372,439,719.129975
546.366677,608,720.063608
772.171291,1000,724.727341
643.523367,874,725.761148
486.369506,1000,727.234381
54.119638,52,727.309025
14.275285,16,727.335365
521.542955,1000,728.888214
74.211487,96,729.033564
651.869563,1000,730.629498
645.578583,1000,732.23448
688.024802,1000,733.803912
102.473503,133,734.016862
586.099388,1000,735.582017
757.673699,1000,737.122829
851.025598,1000,738.676759
206.955126,221,739.014759
839.202419,1000,743.358549
781.545537,1000,744.584318
583.076755,1000,746.075363
570.374623,876,747.423953
3.679999,21,747.455086
576.683424,1000,749.001328
586.580653,1000,750.581032
793.021972,1000,752.143855
727.308845,1000,753.717466
790.678196,1000,755.298293
860.753094,1000,756.872182
901.016411,1000,761.318567
825.673523,1000,762.608213
789.498874,1000,764.154828
877.932524,1000,765.715532
863.869505,1000,767.311215
772.676718,1000,768.878355
565.139124,1000,770.437602
373.967939,1000,771.92691
286.671313,610,772.846756
457.520588,1000,774.372418
40.042353,184,774.645598
11.699791,15,774.667976
15.256572,62,774.774947
13.183125,21,774.806791
15.967319,21,774.841408
31.584605,92,774.976231
28.396665,60,775.065174
30.932908,33,775.11518
16.052893,38,775.169526
13.847931,22,775.203436
22.474662,34,775.25259
14.300001,36,775.308027
83.934048,128,775.496396
40.935985,39,776.99127
263.102058,643,777.766604
605.599938,1000,779.181877
631.170272,1000,780.695442
602.858858,1000,782.242161
568.18815,1000,783.814249
526.737814,1000,785.419234
729.987407,1000,786.999891
822.941539,1000,788.547199
780.027804,1000,790.08012
52.922413,117,790.263012
323.092073,511,791.057485
249.847136,1000,793.38315
365.423968,1000,794.81777
261.6739,597,795.697643
530.856339,1000,797.216921
177.059061,1000,798.74518
283.358884,1000,800.281817
467.775173,1000,801.811774
436.091708,1000,803.345161
527.13079,1000,804.849252
-105.588113,1000,806.41776
147.125839,1000,807.949788
-164.860645,1000,812.360181
-74.442278,1000,813.565296
157.674926,1000,815.04799
92.97978,1000,816.590873
132.85137,1000,818.132034
132.2726,395,818.739867
133.061857,1000,820.315882
-15.929871,47,820.385298
3.132261,77,820.499352
-13.612267,1000,822.023333
243.963978,1000,823.57491
320.50556,1000,825.12099
52.725086,259,825.522473
111.322766,1000,827.366035
85.310045,126,827.548254
81.680546,820,828.786158
77.741666,107,828.949103
-2.323579,185,829.224215
245.477311,1000,830.76511
-2.911305,62,830.856283
7.072652,56,830.95652
-19.631429,57,831.04393
24.033511,1000,832.569399
10.286013,177,832.8324
-123.51976,94,832.975298
24.592025,53,833.05569
-10.146953,100,833.218371
-50.813134,81,833.340872
-53.182553,94,833.481522
-10.119935,10,833.496603
-9.590993,39,833.552224
-50.109638,39,833.610408
-7.884763,10,833.625314
-554.399003,1000,835.158268
-32.332256,55,835.23977
-15.549551,29,835.283505
-102.306932,94,835.422411
-21.402733,30,835.479594
-58.948409,36,835.534381
0.324951,14,835.556634
-8.753715,21,835.58689
-0.5293,20,835.61684
-13.39794,14,835.637552
-31.833491,59,835.727327
-74.585609,69,835.826914
-13.646084,18,835.854236
-39.042426,64,835.949661
0.740176,15,835.971972
-122.321259,86,836.098998
-45.067703,33,836.14972
-1.599522,39,836.203821
-11.207767,36,836.274359
-52.078119,48,836.34416
-84.083998,256,836.723194
-23.692761,19,836.751486
-11.81844,12,836.770304
-59.010073,114,836.934768
-117.820377,102,837.109895
-18.512923,78,837.229721
-26.970243,36,837.28724
-36.70218,47,837.359555
-66.911588,67,837.460773
-53.307591,81,837.585775
-24.585488,47,837.655876
-95.056667,65,837.753058
-22.613147,41,837.829778
-35.02502,57,837.916019
-23.525703,59,838.003621
-123.389545,131,838.210954
-15.840901,16,838.234456
-27.947842,34,838.286713
-75.072573,46,838.357549
-50.197123,47,838.42627
-38.450656,30,838.471343
-4.722013,12,838.490891
-119.859224,65,838.59837
-30.667744,24,838.632581
-60.007494,32,838.684686
16.828099,23,838.717957
-45.991012,33,838.768273
-22.888691,14,838.7906
-816.191793,1000,840.328564
-68.224961,118,840.502088
-785.531107,1000,842.781401
-1.938007,48,842.845286
-11.478615,14,842.863389
-14.126508,15,842.882752
-12.143433,21,842.909722
-8.140058,12,842.924078
-625.913754,1000,844.358822
-20.041693,19,844.386775
-482.821725,1000,845.881162
-8.941425,18,845.908839
-506.725817,1000,847.446163
0.913055,15,847.470635
-642.025623,1000,849.038905
-20.077143,31,849.086589
-14.898012,14,849.108397
-18.862926,27,849.162657
-4.228118,10,849.178389
-31.068072,23,849.215154
14.529551,24,849.253243
-30.166862,105,849.410911
-15.787471,78,849.528408
-7.117025,34,849.579753
-22.543286,13,849.600073
-60.219123,38,849.655507
-115.362652,90,849.789647
-31.726084,84,849.92968
-29.840295,34,849.98258
-76.272999,181,850.253275
-29.676795,76,850.364773
-16.929233,15,850.387167
-101.991521,84,850.511837
-92.467235,50,850.585097
-37.403628,22,850.627832
-48.940375,28,850.683618
-883.034075,1000,852.223049
-25.080223,26,852.263281
-54.887315,31,852.309535
-21.129935,24,852.346692
-1395.462162,1000,853.946837
-1003.585712,1000,855.496175
-60.549053,37,855.553484
-73.187087,47,855.623061
-20.731883,47,855.69347
-107.681734,53,855.774322
-114.958692,116,855.947665
-5.84983,8,855.960689
-35.725655,35,856.013328
-21.466416,14,856.0344
-38.4425,85,856.180423
-30.83837,24,856.214407
-10.642052,12,856.233956
-92.907164,93,856.371751
-36.987692,32,856.421962
-7.918573,9,856.436426
-30.897143,31,856.482193
-21.194614,19,856.510712
-5.373996,13,856.528332
-29.636701,22,856.562088
12.136775,23,856.594756
-36.493746,18,856.623648
-29.887232,22,856.654321
-40.975648,19,856.683248
-29.80465,27,856.721523
-85.370814,52,856.80061
-39.824986,39,856.860266
-22.375813,15,856.882732
-27.802257,30,856.942199
-98.004037,73,857.048607
-10.949754,15,857.071247
-22.606594,19,857.100497
-21.352161,17,857.124629
-47.369103,30,857.169244
-16.737655,19,857.198192
-200.641802,139,857.403057
-21.873124,24,857.448501
-98.127987,40,857.508082
-52.957028,38,857.563054
-24.181896,24,857.59981
-93.9212,45,859.055546
-49.638506,32,859.107996
-20.767497,34,859.150673
-36.531033,21,859.180542
-38.340942,33,859.217298
-23.291301,26,859.244707
-77.687922,63,859.311935
-31.935405,17,859.330396
-61.08134,66,859.404338
-1207.61636,1000,860.745392
-927.91672,1000,862.243919
-34.080254,22,862.274779
-933.02832,1000,863.811381
-51.368643,35,863.869332
-10.648466,11,863.884891
-100.041347,57,863.971182
-1204.403757,1000,865.522057
-28.511885,27,865.561141
-12.903701,32,865.608758
-71.196993,50,865.689703
-61.423072,35,865.743202
-27.700365,17,865.769979
-42.39058,39,865.8284
-98.078124,60,865.918486
-1390.800776,1000,867.461392
-19.128837,10,867.476686
-14.764094,9,867.488112
-8.559861,11,867.507473
-14.62076,9,867.518663
-1200.355142,1000,869.055687
-26.128199,26,869.098326
-66.90275,37,869.152475
-12.9568,16,869.176128
-117.845019,58,869.263747
-2.660917,11,869.279747
-21.493961,69,869.382337
-76.060508,41,869.442033
-1158.233072,1000,870.971474
-27.721762,16,870.995763
-10.875214,32,871.061022
-26.311624,24,871.094546
-55.604915,27,871.136321
-16.280127,19,871.165668
-69.946345,75,871.278167
-37.331483,31,871.322834
-30.994909,21,871.354067
-46.412344,33,871.404741
-21.034748,16,871.428472
-32.673481,22,871.460359
-19.032444,38,871.51673
-132.454182,65,871.613239
-48.772814,25,871.650154
-87.989101,48,871.716798
-74.029052,64,871.82632
-24.342179,30,871.87044
-78.11202,42,871.934602
-17.375356,12,871.951535
-72.047372,41,872.011728
-40.081415,32,872.060564
-39.561804,27,872.10011
-46.101753,25,872.137034
-1069.912117,1000,873.666257
-82.202252,43,873.729934
-1061.244471,1000,876.36189
-50.923704,24,876.390879
-11.223563,10,876.403981
-1222.835089,1000,877.849082
-22.664879,36,877.904537
-91.716233,54,877.981479
-31.039499,38,878.03656
-79.484135,71,878.153882
-41.043422,22,878.190328
-69.076738,39,878.245976
-73.369732,54,878.328726
-15.843609,10,878.343588
-66.87733,40,878.402407
-21.106291,18,878.430428
-9.181534,16,878.453526
-38.519007,32,878.499942
-1162.469027,1000,880.086185
-1092.65082,1000,881.649854
-32.02899,19,881.67907
-18.054826,16,881.70246
-15.815046,15,881.725239
-21.668625,14,881.747195
-72.858831,35,881.800601
-119.705982,66,881.898316
-72.732726,63,881.996676
-69.76551,44,882.078798
-28.313875,20,882.108607
-11.505015,10,882.123186
-35.614387,19,882.15229
-77.659153,28,882.193891
-43.434141,30,882.239841
-45.0263,46,882.308197
-73.495876,47,882.379896
-32.953918,22,882.412432
-60.321628,33,882.463567
-55.488302,33,882.512208
-21.287603,22,882.547503
-45.12993,23,882.579331
-1124.767804,1000,884.141116
-18.847293,22,884.175943
-26.219486,22,884.208477
-1011.254802,1000,885.787349
-1058.620318,1000,887.332474
-11.282493,9,887.346514
-118.902742,102,887.512049
-23.423934,16,887.53852
-128.356229,74,887.646921
-15.011752,28,887.690653
-27.01414,44,887.757202
-8.183889,11,887.773589
-31.498666,20,887.803225
-12.958407,10,887.818201
-8.997315,9,887.832672
-19.26976,10,887.847704
-8.450836,9,887.862096
-92.035006,54,887.939022
-151.053675,187,888.221262
-12.222003,11,888.237705
-27.907313,24,888.289599
-62.45211,38,888.345894
-13.374397,13,888.366693
-10.482152,8,888.379737
-42.600822,27,888.419273
-73.640138,41,888.480694
-927.197346,1000,890.018143
-22.472146,15,890.041122
-6.095808,13,890.061013
-74.86711,34,890.112155
-13.236715,8,890.122279
-12.440418,11,890.1442
-9.773724,14,890.165909
-18.81057,11,890.181832
-1011.311825,1000,892.034033
-8.536159,10,892.049088
-11.697329,10,892.06358
-7.769246,31,892.110229
-141.687246,100,892.253309
-11.387393,30,892.296217
-3.154517,59,892.37861
-22.822697,11,892.411739
-15.546099,11,892.427324
-1109.304955,1000,893.934407
-26.663973,18,893.960807
-50.257106,49,894.036395
-123.933818,62,894.131296
-20.809126,15,894.153636
-87.59743,69,894.253023
-49.398227,72,894.362196
-32.903053,15,894.384487
-10.665839,14,894.405434
-55.629628,38,894.46029
-15.853196,10,894.475382
-6.87145,15,894.497597
-22.714762,23,894.531826
-118.731126,86,894.671624
-10.636565,8,894.685536
-104.285119,67,894.784883
-1034.238254,1000,896.309005
-5.920166,9,896.323048
-71.970512,81,896.443721
-10.327946,11,896.45915
-7.67662,11,896.475046
-15.136593,11,896.493916
-31.534717,42,896.554585
-47.792451,36,896.607239
-7.099161,11,896.622981
-19.342068,23,896.658791
-61.94939,38,896.71593
-9.082665,8,896.726106
-16.764574,20,896.755679
-4.865726,27,896.796559
-22.510311,16,896.81888
-10.731943,10,896.833292
-17.328086,15,896.855219
-10.072684,10,896.869651
-76.7377,59,896.971268
-20.874284,12,896.988758
-36.603125,21,897.019228
-29.791909,24,897.056458
-23.902497,26,897.094236
-17.448116,11,897.111022
-21.204413,32,897.160607
-45.607774,26,897.198113
-44.89594,24,897.234632
-52.365403,34,897.286401
-75.53484,69,897.386274
-123.7932,82,897.506345
-19.522922,17,897.530371
-44.035831,39,897.587617
-18.822069,14,897.608653
-19.047839,16,897.631925
-3.988315,19,897.662058
-51.741411,38,897.730762
-9.588802,8,897.744458
-26.586312,33,897.794786
-47.988579,63,897.886536
-81.815752,45,897.953301
-12.673631,10,897.968573
-31.104037,34,898.019635
-28.113321,17,898.044202
-14.976273,11,898.062264
-38.741691,19,898.087602
-52.473804,27,898.129394
-26.925055,20,898.159538
-97.922839,66,898.257449
-8.397397,9,898.271193
-36.56946,27,898.310915
-105.702542,56,898.393936
-68.065159,40,898.466034
-76.979777,60,898.557395
-2.277781,14,898.578948
-28.79974,27,898.621245
-46.509805,53,898.698905
-29.868776,16,898.724051
-13.283018,9,898.739854
-10.978857,10,898.755107
-23.439889,17,898.782646
-10.689595,10,898.798369
-16.013794,9,898.809832
14.154898,48,898.882021
-16.619444,18,898.91055
-52.182559,27,898.950641
-23.554554,24,898.987043
-102.001342,47,899.05624
-13.553323,14,899.078313
-14.627265,23,899.113969
-30.841647,27,899.153049
-36.513054,26,899.190744
-27.402969,45,899.274759
-54.695715,32,899.325342
-8.699794,29,899.3668
-73.32728,33,899.416714
-24.935785,27,899.45583
-26.523913,18,899.484533
-18.986396,10,899.499648
-32.399118,40,899.55917
-10.599026,10,899.574458
-6.620929,33,899.623395
-28.231943,45,899.690879
-12.11242,9,899.701829
-8.459448,10,899.716765
-29.031856,18,899.74468
-31.663301,52,899.820724
-19.779709,36,899.877298
-10.169815,11,899.893611
-20.100589,26,899.931989
-12.888829,11,899.947951
-12.01637,10,899.962763
-69.015581,37,900.034072
-34.150584,24,900.06817
-10.289815,9,900.082306
-26.645105,33,900.133061
-11.704422,16,900.156362
-4.556418,19,900.185756
-31.937833,34,900.237083
-21.141101,34,900.285861
-10.302126,10,900.300883
-5.713327,18,900.329867
-31.786954,19,900.35955
0.677617,19,900.388383
-11.314051,9,900.399406
-13.195175,9,900.413487
-10.915139,10,900.427928
-13.351184,9,900.441915
-12.480692,9,900.45586
-14.195814,9,900.470072
-11.355306,9,900.481166
-16.593865,10,900.496077
-6.338295,10,900.511235
-57.351234,43,900.576542
-44.954795,51,900.650319
-61.83685,56,900.733848
-12.585126,13,900.770362
-49.335049,25,900.80918
-17.540167,20,900.839578
-42.875302,33,900.889761
-19.417671,13,900.907736
-11.376721,8,900.92055
-36.178087,34,900.971611
-12.526779,9,900.982649
-36.795445,21,901.016319
-73.892731,44,901.084292
-23.171156,20,901.114969
-5.487603,12,901.135004
-14.453777,11,901.151099
-43.246612,23,901.187223
-52.811262,42,901.24968
-69.316762,45,901.317243
-24.631865,18,901.345826
-17.023324,10,901.360922
-10.863444,11,901.377514
-143.808191,98,901.534608
-60.292335,37,901.59522
-32.788398,16,901.618765
-27.252165,17,901.643397
-39.541223,18,901.672128
-18.786328,17,901.695956
-17.090187,16,901.722635
-15.744486,10,901.737831
-19.527632,15,901.761519
-14.399157,9,901.772347
-26.361769,15,901.795297
-51.981736,68,901.897006
-35.443173,41,901.956284
-25.964202,22,901.990386
-22.242402,22,902.021695
-17.407275,16,902.045495
-19.246903,17,902.072509
-25.30107,17,902.097199
-35.939188,17,902.121224
-26.085469,18,902.149258
-42.271821,40,902.20932
-18.369743,19,902.237577
-52.598722,34,902.305101
-53.435655,25,902.343781
-34.890643,16,902.367345
-42.732118,24,902.404274
-118.449463,46,902.473238
-57.286837,26,902.511727
-15.6738,13,902.532284
-44.590469,26,902.570555
-18.739385,13,902.588051
-81.474841,81,902.713362
-13.061512,11,902.729529
-14.387304,20,902.759499
-25.700627,16,902.783453
-11.784048,13,902.804466
-20.513029,31,902.84963
-36.861668,18,902.874846
-33.646791,20,902.904161
-28.319256,27,902.947275
-38.370372,18,902.972719
-40.57403,19,903.002151
-35.752149,31,903.0476
-32.298495,15,903.085546
-26.843948,27,903.129682
-46.757301,55,903.211836
-30.193263,15,903.234314
-85.77741,49,903.309156
-21.905449,18,903.334358
-34.331169,37,903.391167
-26.193283,16,903.414515
-4.456903,82,903.534366
-31.076332,14,903.55583
-25.383352,13,903.576921
-24.882502,18,903.602181
-57.347744,24,903.638235
-13.95857,14,903.660236
-44.204873,28,903.700327
-16.3241,10,903.715459
-57.953686,44,903.782609
-103.689862,26,903.823986
-45.903623,18,903.853665
-40.780353,17,903.879037
-40.448954,61,903.9737
-72.969855,40,904.033669
-17.934982,13,904.051783
-19.786812,11,904.067682
-51.183927,19,904.097547
-19.251046,12,904.117632
-34.152243,16,904.140705
-70.503092,52,904.2179
-36.186674,18,904.247142
-24.455003,15,904.270183
-30.933955,25,904.307739
-34.895653,17,904.332044
-54.330042,21,904.363271
-131.244618,44,904.42945
-39.859705,34,904.480863
-65.967668,24,904.516788
-12.873028,13,904.534447
-40.043297,21,904.567849
-77.139797,48,904.653883
-22.886298,17,904.681349
-49.760975,20,904.711139
-58.53649,41,904.772541
-28.402492,16,904.796735
-102.670326,49,904.871221
-54.290237,48,904.941861
-26.19273,18,904.969291
-26.505579,17,904.993572
-46.880504,16,905.018953
-81.903594,32,905.065163
-18.765729,27,905.103913
-76.473031,60,905.193844
-65.133189,47,905.265379
-19.56079,28,905.305471
-65.163269,24,905.354916
-37.639115,20,905.386338
-86.59545,40,905.447975
-23.691412,14,905.46945
-10.349543,17,905.493747
-66.765459,31,905.541723
-33.243101,30,905.586411
-202.680168,90,905.719949
-18.870296,17,905.744049
-90.719147,33,905.794097
-26.130869,14,905.812618
-37.66791,16,905.838002
-87.972372,41,905.898335
-57.039165,27,905.936988
-116.499877,48,906.008704
-27.909463,15,906.030988
-57.542531,32,906.077037
-24.146021,14,906.178362
-42.828199,24,906.216597
-37.897346,23,906.250607
-51.359547,34,906.301813
-51.36779,17,906.329438
-6.117422,27,906.367693
-67.1113,69,906.471559
-29.232179,34,906.526775
-121.536779,43,906.591903
-39.121925,14,906.613691
-16.074917,10,906.630093
-52.471534,38,906.688123
-26.482325,19,906.714656
-77.674151,74,906.82656
-35.760084,20,906.856292
-38.39182,39,906.914725
-50.227781,25,906.96674
-32.995679,17,906.992319
-76.029999,46,907.064043
-29.145258,15,907.086978
-36.574623,16,907.110201
-30.823138,16,907.133363
-715.568128,499,907.900666
-23.911156,11,907.916404
-12.712098,23,907.952229
-20.797564,9,907.963726
-27.268514,26,908.004836
-34.710619,20,908.034913
-46.333545,22,908.067386
-7.090091,10,908.082777
-16.348611,19,908.112162
-15.739134,9,908.126603
-27.985621,15,908.148433
-38.283124,19,908.174163
-41.394402,36,908.230134
-23.909008,10,908.245203
-170.356115,88,908.374548
-21.385595,11,908.390378
-19.069461,19,908.418961
-74.256066,28,908.461128
-24.4539,15,908.497679
-26.863708,15,908.519842
-34.914341,16,908.543424
-12.144331,10,908.558537
-17.090851,9,908.572098
-44.824141,20,908.602133
-23.186815,10,908.616736
-27.466979,18,908.641392
-33.634868,18,908.66853
-20.660769,9,908.682328
-89.808532,40,908.742736
-20.801072,9,908.757077
-24.357497,13,908.77466
-22.068292,19,908.803244
-27.617645,21,908.834008
-17.87898,11,908.85032
-22.91181,10,908.865018
-29.30367,24,908.900974
-23.502524,18,908.928824
-20.194024,10,908.943253
-14.003042,12,908.960156
-18.318985,29,909.003394
-77.484909,40,909.063577
-15.209457,10,909.079182
-24.469853,11,909.09506
-24.689108,18,909.123184
-178.409554,45,909.190274
-54.819999,28,909.233698
-97.780443,32,909.285702
-21.123269,36,909.340042
-82.493299,39,909.399857
-21.665356,17,909.424283
-45.746485,37,909.482005
-73.726661,50,909.554829
-28.21997,23,909.587456
-8.044821,12,909.607259
-69.525178,54,909.684715
-83.803524,49,909.758064
-132.791549,62,909.853899
-88.175368,71,909.958771
-40.900883,17,909.99652
-27.320874,15,910.018799
-55.542586,36,910.072905
-29.381088,11,910.09242
-131.354146,46,910.160021
-38.443856,30,910.204504
-18.310695,24,910.241457
-51.483735,17,910.265429
-73.328547,33,910.315176
-24.357981,17,910.339814
-21.049641,29,910.383776
-60.984546,34,910.434344
-27.564509,12,910.451167
-19.06566,15,910.47333
-73.41913,29,910.516726
-42.965379,17,910.541899
-70.645271,34,910.593985
-19.228454,8,910.60715
-30.867395,15,910.629487
-29.759681,18,910.654258
-30.065519,10,910.66924
-20.296247,11,910.684982
-31.271929,13,910.705575
-97.495563,46,910.787297
-54.451358,26,910.826607
-87.606028,58,910.91382
-62.02991,30,910.95853
-17.779836,10,910.973738
-49.049374,26,911.013333
-39.028527,15,911.035363
-32.431749,11,911.05211
-33.715306,18,911.081475
-20.596011,13,911.102493
-10.823974,8,911.112997
-31.121975,24,911.148921
-116.20994,31,911.194371
-98.966852,32,911.245046
-23.037433,15,911.268524
-22.208886,9,911.279902
-75.440986,28,911.322904
-48.849545,18,911.350723
-50.431353,34,911.398932
-32.453443,20,911.42841
-61.216235,24,911.465252
-135.776939,58,911.569062
-15.426008,14,911.591216
-30.336918,12,911.607921
-27.518279,21,911.638823
-26.968501,22,911.673738
-17.837274,10,911.688658
-45.661136,26,911.726764
-44.450065,19,911.75522
-158.415061,45,911.82273
-38.74268,30,911.86806
-52.331228,16,911.891573
-26.466756,11,911.907443
-46.229429,17,911.931275
-72.467857,27,911.973449
-32.058876,16,911.996844
-51.851837,30,912.042285
-36.648574,18,912.070056
-20.605207,8,912.080287
-27.155326,11,912.096345
-24.480782,10,912.111035
-12.956829,8,912.124283
-13.003166,9,912.138336
-108.004868,33,912.185573
-21.934784,10,912.200228
-21.102581,14,912.22172
-89.573549,43,912.301521
-16.570481,9,912.316573
-23.605273,9,912.328402
-32.282628,13,912.349629
-28.397536,15,912.37238
-32.761919,27,912.412388
-34.162923,14,912.43378
-45.010846,16,912.457192
-39.280952,18,912.485118
-28.011849,15,912.507927
-71.791641,24,912.544311
-41.37569,17,912.567835
-41.287334,17,912.595479
-74.466211,26,912.634547
-19.484306,12,912.651676
-24.307929,12,912.671379
-21.988158,12,912.688555
-63.589405,23,912.724684
-12.745501,14,912.743552
-75.112301,32,912.793484
-22.970795,10,912.808248
-14.963662,10,912.822987
-18.011947,10,912.83809
-27.678385,22,912.869831
-31.039366,13,912.890713
-74.30527,21,912.921154
-20.106843,9,912.93543
-23.608127,9,912.949619
-40.052937,18,912.974762
-45.0899,30,913.019168
-43.942118,21,913.065168
-49.643726,19,913.095987
-15.702055,10,913.111508
-70.402762,36,913.165579
-21.819691,11,913.184385
-14.618579,8,913.194547
-46.360396,20,913.22454
-25.840454,10,913.23965
-58.279579,28,913.283641
-74.031298,29,913.328082
-38.78036,17,913.352764
-18.156563,9,913.367506
-28.932271,10,913.383028
-17.292513,11,913.399166
-20.239331,8,913.412748
-46.242109,20,913.442996
-32.112578,16,913.466016
-52.35156,19,913.495175
-44.545296,20,913.52451
-14.86796,10,913.539528
-15.60737,10,913.554557
-27.096888,25,913.592174
-42.103764,17,913.616962
-47.159139,26,913.655293
-109.136747,32,913.705053
-19.582256,10,913.720142
-21.419305,8,913.730412
-108.742284,32,913.782926
-30.923334,10,913.79807
-84.328091,27,913.842311
-18.225938,8,913.856483
-26.400799,9,913.868467
-21.962851,10,913.883529
-49.0468,18,913.912512
-91.161095,30,913.95741
-38.805642,20,913.98701
-65.53986,24,914.024392
-17.805202,11,914.040543
-32.263308,12,914.057816
-55.039475,24,914.094512
-95.609897,33,914.144685
-23.871109,11,914.16135
-66.48533,44,914.227189
-73.46158,28,914.266915
-58.127889,21,914.301463
-105.659849,48,914.370545
-48.467291,30,914.415377
-19.450339,10,914.430511
-63.854589,32,914.480011
-22.863362,9,914.491277
-19.812917,9,914.505177
-21.42017,11,914.521383
-124.783858,33,914.584514
-14.060055,21,914.617849
-16.689724,8,914.631353
-37.111398,18,914.656014
-24.090529,10,914.671854
-38.081357,15,914.694493
-22.735565,12,914.714131
-42.793043,22,914.74632
-44.806293,14,914.767917
-26.525174,9,914.781984
-14.303486,9,914.797631
-23.905937,9,914.808985
-33.582968,18,914.836993
-21.934063,9,914.851024
-80.28646,26,914.889085
-76.838432,40,914.950208
-48.072044,23,914.985148
-25.418543,12,915.001826
-28.425966,10,915.016562
-32.565833,36,915.069454
-52.021914,24,915.105621
-28.223284,18,915.133275
-24.555581,10,915.148257
-24.176977,9,915.159833
-50.724993,21,915.193183
-19.388141,11,915.209349
-28.301183,11,915.225458
-26.562615,10,915.240395
-20.178222,13,915.261057
-27.779109,12,915.278301
-29.846108,12,915.295175
-27.626751,20,915.325489
-44.004643,17,915.367879
-38.055717,12,915.385492
-31.138142,19,915.41437
-14.464552,9,915.428973
-16.342642,10,915.443779
-61.309294,20,915.473626
-20.351401,9,915.487463
-22.296954,12,915.504596
-18.506151,8,915.517783
-17.975758,10,915.532548
-60.067296,21,915.563106
-48.04077,17,915.586992
-10.016613,11,915.603137
-63.138193,18,915.631307
-11.406084,15,915.653646
-22.96238,9,915.667712
-74.205826,33,915.714953
-29.414597,11,915.733904
-28.14957,10,915.7491
-41.120606,14,915.767977
-95.653107,23,915.803164
-60.308933,17,915.827236
-24.612226,9,915.841531
-37.995273,16,915.864562
-25.997658,11,915.883484
-25.664787,11,915.899532
-25.520655,9,915.913919
-72.422218,36,915.967421
-40.872954,14,915.988848
-36.794509,24,916.022681
-16.243838,8,916.042036
-47.82959,20,916.07166
-27.26,10,916.086708
-47.187304,15,916.12092
-117.75581,53,916.204902
-19.342023,9,916.21589
-19.356625,10,916.230973
-60.079446,31,916.280831
-17.813797,11,916.296615
-22.047853,10,916.311687
-17.743191,9,916.325575
-37.279498,20,916.355583
-23.071665,15,916.378296
-37.621385,13,916.396038
-73.797553,29,916.440871
-18.053934,9,916.454482
-22.294081,9,916.468794
-20.290984,9,916.480223
-57.63876,39,916.537673
-16.657296,9,916.552009
-53.446284,21,916.582659
-49.274259,19,916.611297
-20.562621,10,916.625927
-19.492077,9,916.639583
-15.863194,8,916.649686
-17.941522,9,916.663539
-15.464498,8,916.677121
-67.94333,28,916.716738
-31.87885,16,916.742167
-12.856438,7,916.751613
-30.730885,11,916.76721
-36.649789,14,916.788419
-78.701394,31,916.833962
-116.246214,45,916.914642
-43.103259,17,916.941854
-20.121034,12,916.958541
-76.769218,25,916.995553
-47.979144,16,917.018238
-34.516701,16,917.041521
-142.433757,45,917.10935
-20.306756,9,917.123167
-81.106502,35,917.175479
-16.037908,9,917.189497
-15.682315,9,917.203415
-24.341747,11,917.219609
-14.505842,7,917.229225
-81.386085,22,917.263403
-20.674109,10,917.278372
-26.242312,12,917.295525
-20.758075,10,917.310618
-19.984738,8,917.323805
-21.520635,9,917.337265
-22.621737,8,917.347528
-19.908448,9,917.362392
-24.332966,8,917.375788
-57.39911,19,917.401658
-21.055424,32,917.450618
-63.32186,20,917.480962
-23.235788,9,917.494966
-17.048953,9,917.505823
-15.939925,10,917.520522
-39.447649,17,917.54734
-19.751894,8,917.557606
-27.034657,13,917.578621
-18.597146,11,917.594422
-30.270186,11,917.610511
-20.363293,9,917.624562
-24.130274,9,917.653199
-10.940998,8,917.666639
-14.453194,8,917.677183
-26.097308,15,917.700133
-20.53171,9,917.714434
-19.384419,10,917.729487
-27.704964,12,917.746649
-17.464764,8,917.760403
-36.486844,22,917.792002
-15.446275,9,917.805898
-12.446878,8,917.819704
-34.504493,19,917.849831
-33.1695,14,917.868693
-18.358487,17,917.896764
-16.855186,8,917.908294
-16.424543,8,917.921723
-47.588109,21,917.952925
-55.127649,23,917.988688
-64.193376,17,918.012729
-18.804298,9,918.027018
-22.285897,9,918.041247
-36.777663,14,918.062625
-17.260091,9,918.073986
-16.08268,10,918.08901
-21.148319,9,918.103359
-36.659445,14,918.125453
-31.164932,15,918.147786
-19.554203,9,918.161483
-24.59045,16,918.184628
-16.169827,9,918.198577
-23.32484,10,918.214134
-90.519636,31,918.259219
-144.385569,49,918.33297
-66.245185,19,918.362402
-18.064282,9,918.373225
-57.553995,17,918.413932
-20.673638,9,918.429606
-26.356203,10,918.445041
-27.317681,14,918.463672
-29.52222,18,918.49225
-65.868576,22,918.523997
-14.895431,10,918.538935
-27.173803,14,918.560189
-67.771618,24,918.596307
-18.547366,9,918.610551
-26.640406,12,918.627317
-33.953871,16,918.65104
-62.554903,28,918.694589
-16.070163,8,918.708156
-32.695872,11,918.724139
-15.386665,10,918.739146
-28.714462,13,918.757726
-42.378469,24,918.793627
-35.705797,14,918.815379
-19.470163,9,918.829597
-15.967504,10,918.845279
-47.286771,18,918.87041
-17.441148,10,918.884952
-17.177608,10,918.90006
-13.697987,9,918.914162
-21.232093,9,918.928531
-22.203191,13,918.949368
-18.051843,11,918.965204
-36.99817,15,918.987718
-14.559597,9,919.00207
-25.842153,11,919.017688
-25.378971,9,919.031689
-24.423386,16,919.054741
-18.241357,9,919.069088
-68.283854,25,919.107091
-81.140048,27,919.146242
-17.510002,14,919.18136
-16.671624,9,919.196535
-77.166611,31,919.243703
-56.506087,18,919.268797
-80.877496,31,919.318115
-18.204023,9,919.329377
-106.960223,32,919.379611
-17.819404,11,919.395435
-32.454902,16,919.418899
-54.61738,30,919.463542
-17.421665,11,919.480118
-23.553951,22,919.514629
-18.351043,14,919.536484
-38.722932,16,919.559771
-19.020889,9,919.573691
-82.683855,25,919.61098
-12.019845,9,919.622082
-39.52047,18,919.650048
-24.416364,13,919.670861
-59.549856,36,919.723893
-11.457588,8,919.734182
-24.705046,10,919.748889
-23.596411,11,919.767493
-13.823386,9,919.779228
-36.833261,15,919.801559
-23.004808,12,919.822651
-17.179771,10,919.837187
-92.484814,35,919.889353
-20.045309,10,919.904642
-33.333592,21,919.94907
-15.354514,9,919.964751
-20.449206,10,919.987382
-21.954465,10,920.003695
-26.79628,11,920.019653
-29.9297,10,920.035073
-48.667935,17,920.059011
-23.691251,10,920.074147
-13.654485,9,920.088047
-16.496589,9,920.10329
-30.71151,13,920.124644
-14.486922,11,920.141576
-17.019162,20,920.171587
-96.385078,28,920.212151
-76.782321,29,920.256447
-31.087371,11,920.272272
-62.484514,30,920.318829
-53.241418,18,920.347581
-26.941104,10,920.362833
-23.505162,13,920.384168
-29.708773,12,920.401277
-21.839166,10,920.416239
-18.799926,10,920.431458
-30.266676,17,920.456246
-30.063203,15,920.478822
-14.805121,10,920.493783
-101.821651,36,920.550214
-26.253176,10,920.565153
-20.547839,14,920.583406
-33.359441,15,920.605652
-27.832896,15,920.628163
-40.512724,15,920.65011
-18.271714,9,920.664759
-24.427903,9,920.678878
-26.171745,9,920.692983
-28.637372,14,920.728957
-26.959081,14,920.749287
-35.67495,21,920.784017
-24.297961,13,920.801929
-21.93742,14,920.825281
-45.262616,21,920.8561
-26.018315,10,920.871431
-24.124741,17,920.900709
-61.011055,33,920.948222
-23.031228,11,920.963948
-22.165255,11,920.982946
-26.931598,14,921.001539
-133.261853,38,921.060843
-41.158496,16,921.084447
-33.659357,16,921.107734
-42.267547,19,921.136137
-73.026697,23,921.171222
-43.675146,14,921.192411
-36.237283,16,921.215637
-17.859159,22,921.246728
-36.594649,16,921.26986
-25.010332,10,921.285961
-78.281364,26,921.326443
-112.378804,38,921.381716
-45.378729,23,921.416698
-17.845991,8,921.426984
-20.033622,13,921.447736
-47.121022,20,921.478402
-34.983674,14,922.216705
-12.90148,11,922.234102
-26.935451,11,922.251013
-148.480612,49,922.31763
-29.152474,13,922.336494
-43.001442,14,922.353182
-51.258111,20,922.379253
-23.689178,11,922.395875
-23.136398,12,922.410668
-12.391623,10,922.423703
-27.116337,13,922.441812
-105.22964,44,922.496943
-25.924703,14,922.516902
-24.77733,10,922.530207
-53.969672,25,922.563563
-24.244664,13,922.582207
-66.267598,34,922.628847
-40.734423,14,922.64543
-32.757546,22,922.676433
-51.978545,21,922.705416
-21.552521,10,922.719119
-76.918334,27,922.755281
-22.404451,10,922.769036
-25.517237,10,922.782783
-33.560763,14,922.803046
-45.829056,22,922.834766
-49.665565,15,922.864602
-37.089874,22,922.899714
-31.151529,13,922.919778
-41.819943,21,922.949114
-24.163958,12,922.964937
-51.040091,25,923.000258
-36.575265,18,923.026914
-22.518538,14,923.04717
-17.094773,9,923.057702
-29.714292,14,923.078686
-18.46997,8,923.090872
-68.120694,30,923.132419
-17.185982,13,923.149407
-19.814372,13,923.168605
-109.524662,39,923.223745
-29.433043,21,923.253137
-44.632096,19,923.279746
-51.241161,26,923.316603
-32.788908,15,923.337805
-33.322419,13,923.35759
-23.236322,9,923.368171
-44.803173,17,923.394268
-93.105455,41,923.451648
-22.931246,12,923.467994
-40.627347,17,923.494585
-30.157476,13,923.51157
-32.698427,13,923.531381
-19.130891,13,923.551247
-21.90172,10,923.565634
-83.25603,38,923.632552
-29.078677,16,923.655203
-21.637685,11,923.673701
-32.437783,14,923.691686
-19.500681,16,923.717727
-36.162639,16,923.740566
-25.407655,16,923.763656
-19.886816,13,923.783742
-11.603936,7,923.793379
-51.847642,17,923.816751
-28.740031,10,923.831088
-32.208375,13,923.851532
-28.181464,13,923.871945
-27.161527,14,923.890724
-26.52915,9,923.904182
-42.135816,22,923.938024
-56.564875,29,923.978595
-30.190645,14,923.999835
-23.778197,12,924.01894
-23.181766,13,924.036431
-29.049759,13,924.056425
-30.085806,13,924.073488
-25.496664,12,924.092528
-25.177303,14,924.1131
-31.111272,13,924.130553
-26.184856,12,924.149583
-34.680845,14,924.167551
-85.595337,35,924.2192
-24.259473,13,924.239348
-48.926092,23,924.27406
-38.040639,19,924.299263
-115.458093,36,924.366139
-26.500956,15,924.389202
-39.607415,16,924.412206
-56.761396,18,924.436591
-24.301942,16,924.46262
-42.472329,23,924.494244
-17.332225,10,924.508886
-53.864394,21,924.53872
-23.63907,13,924.559227
-88.704911,32,924.605138
-13.634776,12,924.624495
-35.198005,12,924.640617
-12.686906,22,924.674603
-27.931227,14,924.693217
-19.720497,9,924.706657
-24.305129,13,924.727155
-24.264728,10,924.741638
-19.741206,13,924.758935
-27.065657,13,924.778776
-28.587399,13,924.798726
-26.808175,13,924.815822
-28.284228,12,924.834743
-17.608002,10,924.849226
-35.886468,14,924.867347
-27.999672,12,924.886844
-30.209212,13,924.904135
-47.906566,26,924.944519
-33.361638,13,924.962165
-22.449822,12,924.981481
-21.272841,11,925.003697
-28.819167,14,925.031892
-34.13354,13,925.054702
-37.419556,15,925.085357
-28.720291,13,925.112288
-22.108708,11,925.130078
-119.824417,55,925.242455
-35.30818,15,925.26572
-47.909038,21,925.299955
-69.835553,25,925.336581
-43.98427,20,925.363621
-25.562652,17,925.388041
-26.056736,14,925.406081
-88.572951,31,925.450564
-38.931732,13,925.466485
-19.80256,11,925.480874
-23.502811,12,925.499277
-25.002556,12,925.514931
-21.163042,10,925.528805
-46.157831,15,925.549362
6.245099,18,925.575645
-28.396497,11,925.590311
-15.596793,13,925.60921
-22.096506,10,925.62269
-41.125861,16,925.64466
-51.760684,17,925.666863
-46.941291,16,925.688574
-71.088545,17,925.714155
-26.531124,15,925.734708
-22.133458,13,925.751556
-39.471852,17,925.776994
-30.427994,14,925.796766
-16.234928,9,925.806689
-46.284208,16,925.831706
-23.910662,14,925.849612
-25.483936,13,925.868489
-32.003459,15,925.903477
-16.417083,12,925.919148
-28.422701,12,925.937672
-23.323775,12,925.954
-18.047642,10,925.968291
-12.047627,11,925.983001
-25.230872,10,925.998035
-27.727235,13,926.017584
-24.178164,14,926.037654
-15.277085,10,926.051786
-57.712566,26,926.086884
-22.263952,12,926.102574
-68.262443,21,926.134814
-35.157627,13,926.151284
-24.509738,11,926.166519
-24.37169,11,926.184278
-29.16753,8,926.194545
-20.022949,12,926.213434
-23.247746,11,926.228822
-30.54088,16,926.251842
-24.742812,12,926.267888
-26.106161,13,926.288047
-33.419737,14,926.309017
-57.054656,23,926.340597
-16.438636,20,926.369215
-37.169906,11,926.387295
-27.798865,11,926.402802
-28.26938,13,926.420253
-24.504187,11,926.438441
-30.34796,11,926.453867
-27.386794,10,926.467945
-21.037716,31,926.510761
-29.431218,13,926.530756
-38.28855,19,926.555575
-22.918427,11,926.573577
-35.661783,11,926.588552
-26.976001,10,926.61595
-44.404282,21,926.647783
-25.863058,10,926.662507
-27.07739,24,926.698043
-19.785659,11,926.713278
-15.436448,11,926.728904
-19.312211,10,926.743161
-22.925511,10,926.758006
-22.779409,10,926.772182
-36.063197,13,926.792669
-24.876054,10,926.807701
-24.729194,11,926.823156
-24.069243,10,926.837805
-21.198317,12,926.853947
-48.448407,19,926.881699
-98.226698,30,926.924341
-42.120296,18,926.95303
-29.320395,11,926.968291
-39.564661,14,926.989039
-39.52073,14,927.01004
-27.320911,10,927.023859
-55.194143,17,927.047967
-20.229081,9,927.062017
-9.997146,11,927.077166
-72.004658,28,927.117959
-24.048565,8,927.128081
-77.214277,37,927.182495
-19.993148,10,927.197176
-24.309089,10,927.211936
-29.331869,13,927.22931
-21.55481,11,927.244857
-18.769621,10,927.259363
-27.261846,11,927.277509
-20.191644,10,927.292462
-12.096455,10,927.307265
-30.484619,13,927.324391
-11.883859,12,927.357256
-85.557594,18,927.383645
-27.168066,10,927.398797
-66.20534,25,927.435493
-40.384375,40,927.495439
-24.036198,10,927.510582
-19.965777,11,927.525818
-24.086643,10,927.540831
-32.418581,16,927.566509
-35.397175,11,927.581916
-22.375692,11,927.597989
-24.998536,14,927.619079
-40.134527,16,927.641958
-22.241756,10,927.656317
-23.589746,10,927.671086
-32.119198,13,927.692289
-22.382683,10,927.707785
-27.02221,10,927.72236
-22.144716,10,927.737368
-54.073153,17,927.761216
-15.775134,11,927.777318
-18.57162,10,927.792742
-11.752648,11,927.808198
-92.073515,46,927.878044
-74.123628,25,927.913919
-38.049699,18,927.937907
-39.1093,14,927.959056
-43.881515,22,927.990011
-18.899546,9,928.003816
-18.356068,12,928.023201
-38.215353,18,928.048173
-26.666836,12,928.068223
-74.153139,21,928.11276
-18.565821,11,928.12948
-27.350028,11,928.145311
-26.687137,10,928.160757
-16.756994,12,928.180315
-62.336159,21,928.210815
-32.57309,13,928.228455
-46.556298,24,928.265101
-35.023458,12,928.284474
-27.987934,15,928.30782
-32.258495,13,928.324969
-29.63524,12,928.34444
-29.639402,22,928.375556
-29.99164,13,928.395897
-30.30828,15,928.418083
-26.612907,13,928.435817
-25.750372,11,928.451664
-27.649669,13,928.472156
-18.705695,11,928.487701
-65.320771,18,928.515578
-20.544337,11,928.531603
-24.427581,12,928.548307
-89.731803,33,928.597986
-35.047272,13,928.61856
-37.657647,12,928.634999
-32.31696,12,928.651712
-28.456282,14,928.672944
-35.267379,13,928.694142
-34.252753,11,928.710891
-92.777422,36,928.76303
-49.195177,21,928.793369
-34.8222,15,928.818085
-40.675172,14,928.840532
-24.210909,11,928.856173
-27.294985,14,928.883394
-29.524829,17,928.911184
-23.265462,13,928.929172
-29.881804,13,928.950268
-33.191742,13,928.968043
-27.550614,10,928.983629
-81.885769,28,929.02654
-30.945599,12,929.043479
-22.104182,12,929.063845
-11.476941,11,929.079867
-30.51743,13,929.100055
-23.947692,13,929.118221
-43.182031,22,929.15316
-46.36701,19,929.179122
-23.039535,14,929.200719
-17.625195,12,929.220301
-93.077781,28,929.260179
-56.294681,24,929.296025
-32.846202,15,929.318601
-20.707537,12,929.335129
-119.966656,47,929.406123
-27.463147,13,929.423152
-29.475095,11,929.442317
-39.540121,13,929.459636
-30.061615,16,929.482618
-66.169736,21,929.515714
-76.618342,24,929.549175
-33.570127,13,929.569642
-27.373069,11,929.586035
-20.437898,13,929.606587
-30.74265,12,929.638501
-63.310946,19,929.668797
-27.729184,14,929.691606
-27.801046,11,929.707861
-56.00874,20,929.736974
-66.372302,20,929.767018
-22.724603,10,929.782165
-43.292348,19,929.81097
-48.731529,16,929.835569
-55.717652,16,929.859116
-41.881816,15,929.882485
-83.59154,28,929.924866
-60.039438,20,929.954743
-42.573587,13,929.972762
-30.418484,12,929.9929
-85.589999,35,930.044777
-19.404474,11,930.060404
-25.987275,10,930.075159
-38.069337,15,930.097603
-37.064658,21,930.128095
-33.095331,29,930.171688
-25.755565,13,930.192517
-37.964447,13,930.210402
-28.925665,10,930.226116
-32.545912,13,930.246679
-106.194821,37,930.299257
-46.910898,14,930.321003
-42.546641,16,930.344496
-21.131327,13,930.364852
-20.897536,12,930.396298
-30.349083,20,930.427248
-20.591061,11,930.442963
-25.724453,11,930.461394
-33.260698,12,930.478176
-25.830855,13,930.498813
-23.573435,16,930.521574
-39.258982,16,930.544708
-64.454299,28,930.586392
-20.64427,12,930.603344
-23.883908,10,930.618281
-23.835672,11,930.633964
-72.256832,19,930.662357
-40.614081,15,930.684443
-41.758573,15,930.706764
-24.752066,13,930.72756
-23.069439,11,930.743899
-34.35066,13,930.761392
-33.075562,12,930.780687
-27.101131,11,930.796188
-43.168084,16,930.819259
-26.75559,11,930.834854
-50.174956,22,930.86927
-39.980301,15,930.891945
-30.715328,16,930.916083
-28.014922,11,930.931813
-25.432264,12,930.95151
-46.771928,17,930.981061
-36.064542,15,931.004351
-35.322095,12,931.021593
-28.436159,12,931.049749
-37.115839,14,931.070808
-26.258343,13,931.087999
-39.302652,14,931.109581
-66.865102,27,931.148574
-34.349025,15,931.184503
-30.788393,11,931.203664
-25.189659,12,931.220309
-22.672032,10,931.235773
-58.886366,21,931.266816
-84.109409,25,931.304507
-25.907633,11,931.320584
-23.779409,13,931.340991
-70.392356,26,931.379354
-116.800755,47,931.450724
-33.284212,14,931.468735
-29.872513,11,931.487735
-19.285282,9,931.500115
-31.383685,22,931.534294
-41.663527,14,931.555622
-90.430041,30,931.599989
-26.468848,13,931.617954
-27.529292,11,931.633741
-25.399153,11,931.652319
-74.691231,18,931.677691
-39.672321,17,931.704413
-32.959522,14,931.72315
-24.535136,12,931.743196
-25.293724,13,931.761137
-16.722894,10,931.776305
-25.465756,10,931.791148
-25.119297,11,931.809664
-31.311752,11,931.825455
-62.226661,25,931.862559
-40.098282,14,931.884352
-33.408806,13,931.902081
-24.095428,11,931.931447
-31.616456,33,931.983295
-28.010184,13,932.005611
-24.776232,12,932.022987
-22.758043,9,932.037462
-36.19429,13,932.055466
-33.001977,11,932.075078
-27.631269,11,932.090667
-27.340928,11,932.106399
-20.87172,12,932.122925
-29.779279,11,932.141773
-23.261174,10,932.157004
-62.219371,25,932.194036
-23.047777,13,932.211898
-48.065843,15,932.233852
-18.802888,11,932.249684
-35.113977,13,932.270895
-26.278325,12,932.287787
-29.552574,11,932.30653
-50.998822,21,932.337066
-24.106586,12,932.353907
-28.193976,13,932.374916
-51.37056,21,932.405614
-83.925322,43,932.469822
-32.16558,11,932.485525
-17.535283,11,932.501379
-27.249101,13,932.521693
-31.864665,11,932.537252
-22.362703,11,932.55343
-11.929351,11,932.569323
-28.618809,14,932.590832
-32.503863,11,932.606666
-20.119895,11,932.62221
-26.71945,13,932.643385
-27.232855,11,932.65909
-83.547341,26,932.711584
-38.733884,12,932.732351
-26.225482,13,932.750197
-33.140144,11,932.769426
-29.526054,12,932.786692
-23.820797,12,932.803021
-24.3369,11,932.821817
-28.26139,10,932.836946
-47.480517,17,932.861134
-134.730224,51,932.937393
-21.64548,10,932.952312
-22.844107,12,932.971953
-195.023159,107,933.133203
-19.98812,11,933.148779
-21.973628,10,933.164302
-25.703694,15,933.186323
-36.96767,16,933.209655
-67.262543,24,933.245722
-15.769789,10,933.260332
-23.671807,13,933.280671
-19.000216,11,933.296418
-15.162559,11,933.31224
-42.178325,20,933.342154
-21.923589,11,933.357985
-20.976821,10,933.372554
-20.639197,11,933.391054
-26.761578,10,933.40516
-158.441626,42,933.481028
-13.268848,10,933.49602
-13.149862,12,933.513614
-30.428869,19,933.543221
-22.528546,12,933.562928
-57.277174,30,933.606492
-27.730565,10,933.621909
-29.907385,10,933.636918
-88.920174,33,933.684324
-19.661114,13,933.704737
-74.977041,29,933.748039
-40.666722,12,933.773474
-23.813351,11,933.788849
-42.155575,30,933.833876
-29.557942,10,933.848673
-28.89599,13,933.868823
-22.46306,11,933.88446
-16.452802,12,933.90126
-35.959853,20,933.930655
-42.631781,19,933.959814
-30.743606,12,933.979641
-25.135426,10,933.994571
-22.048577,10,934.009321
-47.083377,19,934.035058
-17.001595,11,934.053767
-22.217017,10,934.068813
-23.547591,10,934.084312
-23.047873,11,934.100242
-26.021119,10,934.11518
-16.081055,13,934.133265
-74.276674,33,934.182945
-63.44355,23,934.233596
-38.135011,13,934.251891
-27.179808,12,934.272531
-21.778524,12,934.289493
-24.829728,13,934.310225
-42.052176,19,934.336714
-53.825849,17,934.3643
-23.02906,10,934.379077
-29.286541,13,934.396826
-18.825754,12,934.416565
-24.725474,11,934.432601
-28.380173,9,934.446551
-26.0961,11,934.462503
-27.556851,11,934.478067
-19.826041,10,934.493264
-22.094463,11,934.508986
-29.673653,12,934.528757
-37.982836,12,934.545177
-59.426501,25,934.582698
-27.810242,12,934.601562
-59.707426,18,934.626495
-36.584013,14,934.648188
-27.296149,12,934.665119
-30.528258,11,934.684072
-55.758553,32,934.729777
-86.777809,24,934.766277
-38.904644,12,934.783194
-66.209049,19,934.812169
-37.360329,12,934.828621
-23.477825,11,934.847291
-26.853814,13,934.864773
-36.413247,13,934.884828
-35.482855,16,934.908041
-38.760036,12,934.924483
-23.707053,12,934.944415
-34.024318,11,934.960116
-60.773416,20,935.008405
-29.643198,11,935.028581
-39.391895,16,935.05326
-28.382556,12,935.075637
-32.853618,13,935.09527
-78.005956,26,935.13917
-15.682206,12,935.156591
-29.721851,11,935.173625
-34.248181,12,935.194384
-25.849323,12,935.211152
-27.750319,11,935.227681
-42.039123,14,935.249466
-31.107634,11,935.266018
-14.227495,11,935.282254
-37.451717,13,935.30361
-35.131837,13,935.325449
-28.58289,11,935.342211
-43.133815,13,935.36061
-124.623021,46,935.433704
-30.740781,11,935.449947
-21.986863,11,935.466677
-134.429184,39,935.52889
-33.860255,14,935.55161
-77.057631,21,935.583212
-81.181991,41,935.644039
-25.35569,18,935.671726
-95.010921,26,935.710587
-25.620595,11,935.726503
-56.002492,19,935.755382
-27.744746,10,935.783983
-38.625317,13,935.802941
-27.799085,10,935.819055
-26.469892,12,935.838838
-25.557739,11,935.854537
-35.00767,11,935.870425
-35.802062,14,935.892066
-91.426537,25,935.92882
-31.020797,11,935.94508
-46.338657,26,935.983808
-41.459569,20,936.013645
-55.0766,19,936.042737
-37.57883,20,936.072685
-17.741648,11,936.089436
-16.232842,11,936.110973
-48.85435,24,936.143704
-117.801593,30,936.18847
-25.2852,14,936.210527
-25.282963,11,936.226201
-35.44599,13,936.247279
-88.78139,26,936.284921
-43.734393,22,936.320865
-60.328789,27,936.36068
-23.385976,11,936.376942
-22.911108,11,936.393149
-26.180859,14,936.414586
-103.195938,29,936.457872
-69.562282,26,936.49695
-90.085888,26,936.536004
-57.798044,19,936.569794
-28.387678,11,936.586706
-26.525387,15,936.609793
-16.727947,11,936.629323
-18.503322,11,936.645185
-19.942818,12,936.662039
-43.017959,21,936.692995
-27.033461,12,936.713126
-62.432405,20,936.742838
-27.620703,11,936.759433
-28.734884,12,936.776419
-36.749159,11,936.797003
-24.667837,11,936.81293
-29.237942,12,936.830249
-30.878229,15,936.852386
-19.089819,11,936.86839
-41.973917,20,936.898639
-26.981324,12,936.918333
-19.587349,11,936.934402
-23.190521,14,936.956464
-19.354222,11,936.972502
-119.766511,42,937.034093
-65.641836,21,937.068378
-24.884297,12,937.085102
-16.546306,11,937.101066
-54.76291,26,937.13941
-41.084456,21,937.173764
-14.346276,8,937.183877
-60.756054,34,937.235584
-15.112019,6,937.244261
-32.781739,12,937.263286
-22.031303,11,937.278816
-27.149342,11,937.294638
-18.951868,11,937.40449
-32.07328,12,937.426623
-20.95072,13,937.445296
-22.805123,11,937.461193
-27.208491,13,937.481551
-36.676733,16,937.505271
-67.11715,20,937.534855
-22.75073,12,937.554778
-33.974025,17,937.579245
-44.287949,13,937.600258
-22.045434,11,937.616207
-17.97913,11,937.632339
-31.085305,11,937.648888
-20.555866,9,937.663037
-23.614291,11,937.679586
-33.676151,14,937.700826
-71.37712,28,937.746118
-21.768277,11,937.762561
-26.370495,15,937.785125
-57.549278,18,937.81077
-88.171138,38,937.868844
-36.923853,12,937.885602
-97.303455,32,937.93504
-13.140637,14,937.956751
-22.984222,12,937.973436
-34.834951,12,937.99061
-30.645965,12,938.01046
-30.752803,21,938.041254
-34.443413,11,938.056427
-20.485962,11,938.072739
-65.721609,23,938.108655
-26.640396,12,938.125987
-118.353859,46,938.212058
-23.558759,12,938.228842
-27.133283,11,938.244515
-46.7711,28,938.287968
-19.271535,20,938.319658
-24.330016,11,938.336039
-52.428232,27,938.375844
-14.911993,11,938.394562
-28.548425,12,938.411226
-57.452265,24,938.446907
-121.498022,34,938.497888
-22.069122,13,938.515736
-27.074856,11,938.53145
-22.791203,12,938.550992
-39.417914,13,938.568959
-17.633045,14,938.590956
-28.011453,11,938.60679
-41.297279,23,938.642106
-15.632952,12,938.658697
-70.43506,23,938.694237
-40.741073,13,938.714714
-25.068329,12,938.732411
-65.357842,32,938.783371
-19.048239,10,938.800523
-26.243063,13,938.822924
-29.54608,15,938.84801
-16.772238,11,938.865364
-16.589596,13,938.888036
-15.551418,10,938.902886
-20.678387,10,938.918174
-20.363868,13,938.949572
-23.119902,12,938.974908
-11.402488,12,938.993943
-21.153041,12,939.015876
-16.643427,14,939.036445
-24.692725,13,939.059142
-72.86701,23,939.098231
-27.148845,20,939.13012
-26.892801,11,939.146925
-17.899265,12,939.164294
-13.000307,13,939.184984
-8.706855,11,939.202126
-13.093177,12,939.219939
-78.347524,61,939.316668
-21.587329,11,939.334491
-12.145065,10,939.350263
-17.131801,12,939.367952
-10.860789,11,939.384284
-22.966982,11,939.403714
-36.021007,20,939.434536
-36.912495,22,939.466786
-71.541215,29,939.511277
-21.393417,13,939.529557
-79.324241,29,939.573783
-23.761929,12,939.593515
-29.532041,13,939.611666
-66.376995,35,939.664702
-28.082419,14,939.686609
-24.587902,12,939.703335
-30.180042,16,939.743839
-41.057451,14,939.764153
-51.374445,41,939.830664
-33.108208,14,939.85039
-29.758739,12,939.870944
-22.04954,14,939.892369
-47.974628,25,939.929972
-29.020071,13,939.947902
-21.297769,13,939.970426
-24.233327,12,939.987674
-129.289246,49,940.06168
-159.672616,66,940.159349
-30.798898,14,940.180705
-18.456396,27,940.21954
-21.70552,12,940.239094
-24.337635,12,940.255933
-30.268319,12,940.276174
-35.95213,14,940.295123
-17.912535,14,940.317041
-93.872179,52,940.396419
-50.266863,29,940.437553
-83.293472,41,940.513906
-22.270947,11,940.530876
-23.235987,12,940.548812
-43.16047,22,940.583511
-18.710344,13,940.602478
-26.347682,13,940.623576
-24.618848,12,940.640876
-46.768094,27,940.68295
-21.036084,12,940.699704
-98.880082,34,940.750747
-80.531358,35,940.802622
-23.022929,11,940.8181
-40.368416,17,940.842519
-16.691121,11,940.861528
-72.977322,35,940.913645
-19.750443,11,940.929197
-30.043263,12,940.945858
-31.793194,14,940.966809
-47.729139,17,940.990947
-30.758522,12,941.010855
-29.663795,13,941.028908
-23.923407,10,941.043877
-22.73047,11,941.06308
-33.613632,13,941.08178
-20.67903,12,941.101182
-21.222279,11,941.117017
-15.339357,11,941.132597
-26.814384,13,941.152985
-42.106981,19,941.178633
-17.908377,11,941.19706
-20.617521,10,941.211846
-19.122123,10,941.226552
-61.191714,25,941.277505
-39.471098,21,941.309204
-30.758263,13,941.327576
-86.074522,29,941.372176
-51.555964,20,941.402025
-28.584528,14,941.424186
-27.479013,14,941.448278
-21.897306,12,941.465878
-24.861333,12,941.485709
-29.72979,15,941.508704
-35.824116,13,941.526221
-31.334341,14,941.547503
-12.166574,12,941.564739
-21.297406,12,941.584169
-138.525496,58,941.669839
-16.272711,11,941.688485
-104.621148,52,941.763329
-20.895557,14,941.784963
-76.864681,25,941.822222
-24.467159,12,941.839234
-159.159096,49,941.911052
-45.68655,26,941.950351
-23.104948,12,941.969953
-44.064012,14,941.988015
-38.789509,14,942.009635
-32.165054,12,942.042035
-30.046717,15,942.065439
-28.365514,12,942.08252
-40.106592,14,942.104577
-25.300272,14,942.126425
-105.698239,46,942.195647
-65.912733,28,942.234978
-40.045505,16,942.262328
-30.078202,15,942.284611
-25.165012,14,942.303113
-19.285005,14,942.325102
-38.698799,17,942.351994
-63.330268,26,942.391433
-25.055549,12,942.408102
-45.485354,16,942.431336
-28.769134,13,942.451423
-23.949092,13,942.472231
-26.41009,12,942.489226
-84.048505,45,942.55511
-94.878013,31,942.600149
-19.755339,14,942.621809
-51.397277,26,942.660566
-15.828927,12,942.679746
-29.972492,13,942.697322
-21.660271,12,942.717063
-20.283802,13,942.735795
-22.811974,11,942.751832
-77.151139,29,942.809916
-19.159026,13,942.832299
-25.498633,11,942.848146
-30.019723,13,942.868629
-21.238596,15,942.891197
-28.326638,14,942.909287
-79.164308,24,942.944861
-21.721448,13,942.965284
-38.349342,13,942.983174
-26.589167,13,943.003812
-23.931854,11,943.019738
-31.373892,11,943.035265
-23.382788,12,943.055343
-39.408019,13,943.073255
-31.978229,15,943.095679
-75.544732,31,943.144776
-35.853676,12,943.161564
-17.612631,11,943.177433
-26.543999,13,943.19771
-8.578111,20,943.227444
-78.643016,28,943.266177
-27.766506,12,943.285765
-22.137967,11,943.309398
-19.984714,12,943.326335
-23.517661,11,943.345137
-60.692633,31,943.389799
-42.445225,20,943.422413
-61.260567,20,943.452729
-26.366314,12,943.46959
-15.6242,10,943.484256
-23.284712,11,943.500588
-134.113552,45,943.611442
-62.965275,20,943.643198
-39.679878,15,943.665877
-18.492441,10,943.681161
-31.43278,13,943.702013
-31.05143,27,943.7404
-29.934123,16,943.767104
-51.26828,24,943.800346
-37.131447,13,943.821016
-43.096652,14,943.843016
-27.282083,14,943.865362
-27.218866,11,943.8831
-21.244807,10,943.898505
-61.620291,19,943.927973
-21.720497,11,943.94428
-24.294342,11,943.960166
-34.897328,12,943.977105
-29.350161,15,943.999546
-23.91673,12,944.019243
-20.936528,12,944.036451
-31.925046,13,944.056615
-46.76887,20,944.086714
-27.778689,13,944.1047
-94.697952,36,944.160626
-28.93964,14,944.179049
-49.529181,16,944.205263
-34.157678,12,944.2219
-27.242899,11,944.237601
-40.460111,14,944.259548
-43.792055,28,944.302037
-72.647719,25,944.339929
-75.123417,30,944.399985
-12.503842,12,944.417275
-26.036167,12,944.434549
-66.722345,28,944.478777
-17.648847,11,944.494757
-18.627882,11,944.511401
-26.546382,12,944.531053
-41.500361,19,944.560253
-29.950115,12,944.577104
-22.501727,12,944.594388
-27.152323,13,944.615215
-72.921981,21,944.646085
-16.75599,11,944.662648
-40.190735,13,944.683079
-58.033914,38,944.742019
-49.491092,16,944.765076
-45.783821,13,944.782162
-50.312364,19,944.810684
-50.525229,14,944.832159
-222.461538,66,944.931037
-20.603952,13,944.951594
-35.650756,22,944.984945
-88.901261,31,945.030427
-49.855685,28,945.073013
-23.365984,11,945.089089
-38.153107,30,945.148423
-11.814307,12,945.169192
-24.244085,12,945.187315
-84.01286,29,945.231182
-25.711414,13,945.249782
-37.233447,16,945.275942
-17.334407,12,945.292278
-25.968101,13,945.312702
-27.28964,14,945.331117
-70.281084,37,945.38917
-24.76337,11,945.404885
-98.56798,37,945.459596
-18.918532,11,945.479092
-40.76592,14,945.497366
-20.567727,12,945.517358
-29.202185,12,945.534477
-24.571602,11,945.550433
-26.645564,13,945.570522
-25.448755,11,945.586133
-35.485245,12,945.605458
-26.771854,11,945.620862
-19.224309,12,945.63727
-21.81541,11,945.653029
-25.378558,13,945.673997
-25.98011,12,945.690102
-19.101338,12,945.70978
-75.79425,26,945.748499
-29.619471,12,945.764984
-30.169942,12,945.784289
-26.784056,13,945.801955
-43.344509,16,945.827457
-33.117264,14,945.845831
-17.554532,10,945.860337
-25.834127,11,945.879196
-23.300987,11,945.908979
-16.544329,11,945.925567
-83.530042,25,945.963044
-32.754763,12,945.980217
-28.359901,12,946.000018
-24.529592,10,946.015226
-20.907351,11,946.034448
-29.655976,11,946.050464
-20.153811,11,946.066626
-25.793341,14,946.08751
-36.776155,12,946.107351
-48.414205,29,946.147999
-19.034398,11,946.166945
-45.906022,17,946.190929
-31.049245,15,946.212992
-30.622528,13,946.233831
-45.988484,25,946.271566
-22.185581,11,946.287492
-50.833366,19,946.315636
-52.595223,32,946.362114
-26.787365,12,946.378201
-27.081799,14,946.399741
-64.925458,18,946.427293
-21.441715,13,946.444822
-23.652373,13,946.464944
-21.48791,11,946.480574
-32.931704,11,946.495914
-22.088605,11,946.513956
-52.663237,40,946.573225
-20.028424,12,946.590376
-21.432303,12,946.606693
-35.08986,13,946.627176
-31.225527,13,946.653291
-82.175624,31,946.793097
-111.306278,27,946.833847
-34.551661,11,946.850664
-30.364531,11,946.869529
-66.749381,33,946.91629
-34.452894,12,946.93573
-61.565723,20,946.965454
-48.768525,18,946.991387
-23.852662,10,947.005749
-18.616829,11,947.021465
-23.451792,11,947.040921
-19.952689,11,947.056688
-86.646961,28,947.096407
-29.599019,12,947.115207
-33.844669,14,947.136075
-26.246083,11,947.152276
-30.532383,11,947.168256
-29.807565,10,947.182567
-55.084203,27,947.220701
-24.679392,11,947.238977
-19.789378,12,947.255959
-31.380908,12,947.272465
-25.355646,12,947.291681
-57.080387,27,947.329225
-68.551785,28,947.370323
-25.10902,11,947.38711
-58.799461,27,947.425026
-69.184814,32,947.474528
-47.878713,19,947.516852
-15.839567,8,947.527683
-16.397829,10,947.543555
-20.772966,11,947.559264
-21.789884,11,947.577998
-15.998321,11,947.594073
-22.231727,10,947.609278
-29.516846,16,947.632286
-36.181378,20,947.662918
-39.492875,14,947.684547
-19.079,11,947.700193
-16.097599,11,947.71651
-28.674749,11,947.734951
-12.597126,10,947.750205
-9.820973,11,947.768826
-15.572569,11,947.784608
-24.771096,11,947.800234
-40.248802,15,947.822061
-21.809203,12,947.838401
-22.730733,11,947.85791
-57.843287,19,947.883767
-27.253541,11,947.902445
-30.375647,11,947.917807
-34.548234,12,947.93373
-30.730359,11,947.950303
-50.439123,20,947.980175
-18.316195,11,947.998676
-29.103118,11,948.014016
-40.696892,21,948.044942
-29.865047,13,948.066055
-26.34113,11,948.082279
-65.228228,25,948.119262
-27.020834,11,948.135555
-25.671892,10,948.150921
-29.374137,13,948.17137
-21.971473,11,948.186676
-21.352563,10,948.20206
-26.115222,11,948.218235
-41.134937,13,948.238748
-26.667578,12,948.255407
-28.150311,12,948.286535
-55.167304,14,948.308986
-20.201714,10,948.324472
-28.565992,9,948.338373
-13.36868,8,948.352204
-23.398602,26,948.391139
-6.334761,8,948.401951
-49.699416,19,948.430191
-24.32942,14,948.451472
-25.625595,10,948.46628
-18.115898,20,948.496315
-33.452727,12,948.513398
-42.357771,14,948.534343
-7.23628,21,948.565236
-21.334223,10,948.580392
-55.426972,16,948.606356
-78.246748,32,948.653902
-39.837126,13,948.674987
-51.617056,23,948.707694
-27.611692,13,948.728458
-31.569351,10,948.743606
-27.190915,12,948.760751
-37.859052,28,948.804261
-31.927374,13,948.821824
-11.970705,15,948.84416
-61.242927,21,948.877722
-17.55687,14,948.895864
-22.162631,13,948.915534
-100.861423,46,948.983096
-32.914062,11,948.998667
-22.604187,10,949.01388
-24.953008,10,949.031335
-21.215726,11,949.052219
-29.196841,11,949.068499
-32.694787,13,949.086446
-19.685931,13,949.107352
-99.840488,29,949.151937
-87.574189,25,949.189091
-51.901959,14,949.210894
-29.152965,20,949.240893
-82.654515,31,949.286579
-65.311971,28,949.326633
-162.899259,42,949.392137
-36.312319,12,949.408683
-18.059349,17,949.435762
-20.128278,9,949.446761
-40.64658,14,949.468225
-18.298978,21,949.498855
-41.821139,25,949.536115
-33.878095,13,949.556597
-49.900093,15,949.578869
-41.230567,22,949.609925
-26.377746,8,949.62337
-37.149772,16,949.647005
-18.750023,12,949.666694
-117.22194,40,949.729218
-17.834844,18,949.754343
-19.176943,14,949.77671
-27.544385,11,949.806926
-45.410393,15,949.830657
-19.226919,11,949.846946
-23.327344,15,949.8709
-2.748717,14,949.892889
-50.549072,14,949.914499
-43.004701,14,949.935357
-17.344404,12,949.952146
-14.051278,13,949.974259
-24.618549,14,950.00256
-10.07949,10,950.018228
-27.821838,13,950.035929
-14.673682,10,950.05069
-35.896583,16,950.074363
-33.539186,12,950.094242
-41.210102,15,950.117944
-10.374664,9,950.132493
-24.815871,13,950.149747
-31.012734,12,950.169434
-91.760968,37,950.224353
-15.016239,12,950.241193
-41.650566,20,950.270628
-29.084588,11,950.289981
-51.426323,15,950.313175
-22.233471,11,950.329705
-6.210358,11,950.346037
-55.254772,48,950.417573
-16.370214,10,950.432838
-19.388166,12,950.44937
-30.451592,12,950.465775
-24.225505,11,950.484723
-22.07134,13,950.502529
-40.831374,11,950.519092
-61.733058,21,950.552078
-36.091771,12,950.582269
-59.496556,27,950.622721
-7.248458,8,950.636014
-27.586014,12,950.653031
-19.783018,11,950.671736
-32.788811,15,950.694186
-9.343794,15,950.716268
-9.773518,16,950.739899
-36.005379,13,950.757972
-66.963084,26,950.798571
-32.557963,11,950.814682
-35.919223,14,950.835252
-26.561158,15,950.857655
-49.844934,20,950.886801
-38.828793,17,950.910975
-25.05761,19,950.938984
-39.464859,12,950.95563
-103.533484,31,951.002349
-5.617719,9,951.017415
-22.230544,15,951.039856
-16.940296,9,951.053995
-40.806352,12,951.07087
-32.708812,12,951.091241
-129.13513,37,951.144505
-91.528689,41,951.203506
-88.952064,23,951.239384
-42.816485,14,951.261355
-40.010363,15,951.283668
-26.987432,10,951.298942
-17.928545,10,951.313997
-45.442242,21,951.361753
-37.591236,13,951.383061
-16.331598,10,951.397825
-29.085117,11,951.413713
-12.334864,10,951.428449
-28.956303,10,951.443294
-18.643971,10,951.458246
-31.0205,14,951.480306
-15.045018,10,951.495135
-16.358844,9,951.505987
-36.578747,21,951.540411
-33.733585,13,951.558327
-17.90278,22,951.592292
-21.830825,10,951.608366
-19.395792,9,951.619431
-22.820445,12,951.638808
-20.174843,12,951.655364
-56.772611,23,951.691746
-28.08209,11,951.707607
-15.036653,15,951.729748
-48.313219,18,951.756832
-29.768113,16,951.780261
-23.447234,10,951.79529
-61.546795,17,951.818688
-23.012035,10,951.833657
-77.602758,27,951.875548
-36.753449,21,951.905727
-35.592206,12,951.922553
-75.134368,21,951.953147
-32.652727,11,951.972095
-33.307717,17,951.996026
-22.696324,12,952.012921
-104.386215,35,952.064649
-34.544444,16,952.105125
-38.261578,13,952.124048
-14.979066,13,952.145488
-65.290003,17,952.169627
-31.876827,10,952.185006
-18.991285,10,952.20035
-57.5689,20,952.230126
-16.708,9,952.244003
-20.341135,10,952.258808
-52.68755,17,952.282944
-68.826496,18,952.311595
-148.267542,67,952.410312
-31.529154,11,952.429477
-39.86611,13,952.446685
-26.377632,17,952.473877
-16.995606,10,952.48843
-35.253442,14,952.507268
-10.030975,34,952.557496
-22.669819,9,952.571017
-31.101364,17,952.595007
-30.323902,16,952.6201
-82.726171,32,952.664933
-25.147787,10,952.679485
-81.752466,24,952.714803
-15.964602,10,952.729695
-82.139602,36,952.780761
-48.845441,13,952.800947
-21.978841,16,952.824425
-42.359489,18,952.913963
-28.811802,11,952.933656
-35.17917,13,952.95246
-30.150201,10,952.968099
-29.244082,10,952.983649
-30.879218,10,952.998186
-33.377763,11,953.013777
-8.788972,8,953.026744
-22.513005,11,953.042328
-22.76613,11,953.058053
-90.491062,32,953.10751
-30.411385,12,953.125105
-35.540902,10,953.139931
-23.001836,13,953.160805
-26.673466,11,953.176199
-42.427618,12,953.192897
-24.415369,12,953.212427
-16.639593,10,953.227393
-19.280992,10,953.24219
-11.799925,8,953.252743
-68.595812,17,953.279936
-38.665066,13,953.297621
-16.577761,10,953.31249
-400.169692,155,953.54148
-24.701487,12,953.561265
-24.315875,26,953.599331
-73.661725,32,953.645513
-14.616738,13,953.681362
-29.176644,10,953.696728
-26.931164,8,953.710066
-59.986437,18,953.735085
-44.723144,18,953.763369
-17.907521,12,953.780043
-13.812358,13,953.800192
-26.810811,11,953.815384
-88.636914,27,953.853914
-64.54701,31,953.902436
-15.632885,13,953.920587
-20.685573,14,953.94206
-100.844902,25,953.979361
-20.058598,10,953.994494
-124.042713,46,954.063196
-31.499874,11,954.079224
-24.404428,12,954.098578
-65.969607,24,954.134457
-21.35958,11,954.15003
-52.279254,14,954.171767
-22.698428,10,954.187019
-24.42409,11,954.212186
-117.909047,34,954.263654
-186.834925,45,954.330117
-27.138776,10,954.345509
-16.56845,12,954.362527
-31.364363,12,954.379246
-30.242208,16,954.405454
-140.75964,37,954.475079
-25.442868,10,954.490062
-35.82602,11,954.505842
-18.104356,10,954.520684
-16.102902,17,954.54804
-35.518582,16,954.571488
-61.865014,22,954.602763
-42.960992,13,954.62276
-40.442188,30,954.667838
-45.674261,14,954.689205
-52.090135,19,954.715361
-31.571062,11,954.733691
-24.300522,12,954.750112
-52.277309,21,954.781131
-25.965548,12,954.801059
-26.435208,11,954.81708
-56.24794,20,954.846024
-20.042853,10,954.860811
-47.721036,19,954.889097
-21.479635,10,954.904011
-67.117303,19,954.930253
-26.2288,10,954.945137
-45.016341,27,954.986797
-19.475977,12,955.009247
-26.632552,11,955.026825
-34.510488,25,955.064585
-78.018767,23,955.09926
-27.013349,13,955.119476
-98.006218,30,955.164628
-52.088512,15,955.199438
-92.510313,32,955.248338
-30.339208,12,955.265549
-60.332349,34,955.316753
-25.110239,14,955.338482
-58.015827,35,955.390995
-105.183738,38,955.448909
-40.362104,14,955.467978
-121.758064,65,955.566829
-49.463292,23,955.602819
-23.716752,11,955.619063
-79.772994,27,955.661776
-20.251791,13,955.679585
-49.337196,25,955.715957
-17.839406,11,955.731466
-17.841158,10,955.746341
-83.668648,29,955.79004
-62.341237,26,955.827824
-26.963359,16,955.853786
-27.351992,17,955.878114
-81.275491,30,955.92259
-26.83491,13,955.943302
-90.528031,37,956.013007
-9.050378,31,956.05863
-52.652539,29,956.102358
-19.061225,10,956.117651
-36.580635,13,956.138509
-33.28461,12,956.155248
-32.142842,16,956.178732
-17.899709,9,956.192505
-39.33733,17,956.216487
-19.035753,10,956.231023
-31.727815,18,956.258477
-34.889774,11,956.27464
-75.864075,23,956.309483
-10.987962,19,956.338015
-19.379042,9,956.349735
-52.138743,15,956.373344
-60.343354,19,956.402157
-38.747049,19,956.431109
-28.588688,29,956.474763
-45.83448,12,956.491338
-35.81841,24,956.527225
-22.846729,11,956.54309
-76.730933,26,956.580809
-9.602149,7,956.593152
-17.918452,13,956.610727
-56.262457,29,956.653944
-23.185402,10,956.668962
-33.51594,11,956.684792
-25.42933,13,956.705023
-16.039849,12,956.736393
-61.132765,30,956.781901
-34.996742,14,956.804013
-33.756921,10,956.819397
-28.261021,13,956.839947
-26.737887,14,956.860728
-40.142209,19,956.886192
-31.351285,13,956.906741
-11.596774,9,956.921116
-113.465985,49,956.996099
-24.380213,22,957.027604
-26.807244,11,957.043365
-21.017433,8,957.05672
-38.844843,17,957.080704
-32.272495,11,957.10287
-49.970961,16,957.129845
-26.386699,11,957.145872
-42.684393,14,957.16725
-20.619843,11,957.183023
-32.758537,13,957.200432
-75.242839,25,957.237798
-27.591795,12,957.257488
-50.715493,14,957.279023
-33.878304,12,957.295438
-28.213733,15,957.317661
-19.536552,11,957.333462
-39.261265,14,957.355305
-21.691863,9,957.369368
-32.314129,12,957.386132
-37.388753,12,957.405236
-33.231256,12,957.421672
-22.490383,11,957.437384
-31.404042,11,957.45324
-37.886912,11,957.471831
-37.035461,19,957.512442
-40.665316,22,957.547809
-32.312389,11,957.563898
-28.784001,16,957.587472
-65.437592,19,957.617029
-71.372409,51,957.693592
-27.54374,10,957.708403
-54.056199,30,957.752877
-9.777231,8,957.766042
-33.086685,12,957.783124
-42.75617,18,957.811731
-26.807363,11,957.827781
-43.795915,18,957.856014
-31.745994,22,957.887752
-23.26365,11,957.903918
-87.1756,46,957.971519
-30.274556,24,958.0077
-50.577722,35,958.059008
-19.472683,8,958.072324
-141.724005,95,958.215404
-25.592429,9,958.229332
-35.435935,11,958.258179
-18.592026,14,958.282069
-21.715086,9,958.294014
-104.049205,30,958.340153
-12.318819,10,958.355656
-20.687011,11,958.375054
-50.111647,24,958.408805
-31.757383,16,958.435009
-28.522445,11,958.450633
-34.931382,14,958.472328
-25.960188,10,958.486961
-22.039962,9,958.497943
-41.345575,20,958.52795
-58.516618,21,958.56087
-8.042351,8,958.570832
-50.932236,27,958.613372
-86.624409,31,958.659989
-41.266051,19,958.688941
-25.222877,9,958.700357
-33.206073,12,958.71986
-14.874426,12,958.736898
-21.930406,15,958.75927
-77.537993,29,958.802476
-22.160635,11,958.818789
-46.822903,16,958.84247
-18.583294,10,958.857567
-27.884194,10,958.872441
-25.251889,13,958.893185
-26.936165,11,958.910313
-9.836085,8,958.924647
-30.519761,14,958.946985
-20.423006,24,958.98057
-54.216749,17,959.007782
-18.457032,10,959.036335
-34.153171,13,959.055778
-25.713024,14,959.078179
-26.629205,19,959.107358
-60.002698,23,959.143399
-28.36333,11,959.159146
-17.88375,9,959.172939
-36.816494,13,959.190751
-26.463583,15,959.213245
-23.701911,12,959.232835
-24.747505,16,959.256317
-28.275535,11,959.272355
-79.829678,33,959.322753
-42.152868,13,959.341303
-28.839686,12,959.361279
-50.158157,15,959.384284
-28.009031,10,959.399259
-24.338304,11,959.415039
-18.489648,11,959.430805
-25.917572,11,959.446589
-44.098562,15,959.468878
-20.377059,10,959.483918
-87.379403,25,959.521007
-25.562677,16,959.544276
-25.514254,9,959.558122
-28.302279,11,959.574334
-14.422086,11,959.593456
-26.031604,11,959.609651
-28.28252,18,959.634881
-38.23576,11,959.653872
-20.827578,14,959.679111
-28.837669,11,959.697945
-57.025283,18,959.722688
-18.646349,10,959.737576
-53.442014,22,959.771454
-50.336278,16,959.808575
-32.947114,19,959.837478
-55.446143,20,959.868402
-46.890868,22,959.901475
-41.293633,20,959.931899
-39.613528,31,959.97793
-68.202313,23,960.014922
-103.330979,27,960.054169
-28.185008,12,960.073338
-27.587819,15,960.095707
-42.868713,12,960.112561
-20.733235,10,960.127831
-20.516628,11,960.143821
-82.029028,27,960.18535
-34.730653,12,960.20187
-25.423198,12,960.218008
-31.193949,11,960.237025
-28.778913,9,960.248234
-42.447872,23,960.283304
-21.124356,10,960.297586
-19.501191,9,960.311425
-32.76551,13,960.329201
-14.643449,9,960.343379
-41.175775,21,960.374035
-36.691564,13,960.394748
-46.932834,15,960.416891
-19.526392,11,960.432444
-17.667403,15,960.453969
-29.608596,16,960.477414
-62.566891,17,960.504071
-21.781212,11,960.519665
-10.742278,7,960.52935
-28.958088,10,960.544012
-33.377838,18,960.585291
-29.290679,10,960.60069
-20.887456,13,960.621488
-63.004545,17,960.645767
-44.651982,13,960.667113
-30.396453,14,960.685415
-21.381416,13,960.705501
-11.937462,24,960.742061
-42.064047,13,960.759261
-30.959238,10,960.773496
-20.855556,9,960.787608
-25.744549,12,960.806924
-29.73481,18,960.831405
-14.49646,8,960.84427
-24.349383,12,960.861094
-27.531303,12,960.881097
-24.750875,10,960.895922
-35.568001,11,960.91162
-36.573605,12,960.928599
-26.179476,17,960.954788
-41.732685,12,960.971596
-21.974567,13,960.991756
-33.396489,17,961.016034
-29.362581,12,961.038837
-39.885497,12,961.058469
-17.015951,9,961.072551
-31.149889,11,961.08832
-17.095666,10,961.103264
-25.353857,10,961.117875
-43.54704,14,961.138861
-21.041946,9,961.14992
-19.843219,15,961.172042
-26.042567,15,961.194541
-18.926083,11,961.213958
-29.538947,10,961.228741
-18.315563,14,961.246729
-24.266088,12,961.265982
-27.233099,20,961.295369
-22.609042,8,961.305489
-22.614403,11,961.3381
-6.691702,9,961.350413
-23.945647,15,961.374177
-26.188985,10,961.389165
-11.802701,6,961.400923
-25.151846,10,961.416396
-10.240973,6,961.425158
-17.315132,9,961.43922
-39.789996,11,961.454982
-18.844701,9,961.468986
-28.683917,11,961.484695
-39.192058,10,961.499525
-83.642171,22,961.531714
-601.121589,194,961.824739
-22.669194,11,961.840464
-82.113106,41,961.900877
-66.462366,21,961.934191
-26.996693,9,961.945649
-88.966464,53,962.025823
-26.102599,11,962.041769
-37.776157,19,962.069991
-22.765086,11,962.100372
-19.987393,10,962.115492
-21.047131,11,962.132583
-20.606108,12,962.152785
-19.959062,10,962.167856
-208.35461,85,962.295797
-36.735032,10,962.316723
-55.796705,18,962.343653
-21.054905,10,962.358759
-16.188336,9,962.373203
-36.904767,11,962.399468
-18.128318,8,962.413903
-13.13508,10,962.429817
-60.489952,13,962.450617
-37.916076,11,962.466263
-37.270894,18,962.491239
-27.853391,9,962.505097
-29.449876,11,962.521169
-19.609774,8,962.534724
-630.064761,257,962.933666
-24.598589,11,962.952487
-23.240702,10,962.967836
-27.742262,9,962.979246
-27.346508,10,962.994167
-32.275146,12,963.013649
-93.426992,42,963.074934
-28.994929,10,963.091045
-13.266755,11,963.107383
-53.67473,15,963.129174
-262.338316,111,963.297876
-19.80754,8,963.308622
-64.548306,31,963.355859
-26.283887,10,963.371618
-78.673103,17,963.399239
-39.913075,13,963.417052
-29.844534,20,963.446862
-71.428111,18,963.475167
-38.051483,12,963.491826
-70.493949,19,963.520364
-25.734895,13,963.540584
-27.169472,10,963.55577
-15.868006,8,963.56618
-23.681734,8,963.579544
-24.152724,9,963.593889
-19.777692,11,963.609202
-32.047142,11,963.624846
-22.322471,10,963.653177
-29.919636,11,963.670217
-20.108153,16,963.697545
-25.909636,16,963.720762
-41.384278,13,963.738653
-7.724929,8,963.759926
-22.062319,9,963.774467
-28.807712,12,963.790739
-45.120535,18,963.819257
-26.829644,15,963.841854
-18.743531,8,963.852
-26.78949,17,963.879945
-28.273373,11,963.896138
-35.747124,11,963.913563
-20.645638,9,963.92741
-22.843885,10,963.942377
-26.349543,10,963.956753
-21.259864,11,963.972482
-19.822001,14,963.99446
-13.285264,8,964.00706
-19.099397,9,964.017931
-25.422842,12,964.037126
-47.26918,18,964.062416
-31.731346,14,964.083263
-26.38146,10,964.097916
-56.167558,32,964.147454
-112.095595,37,964.202121
-31.485609,12,964.21919
-20.530288,12,964.238819
-130.372856,52,964.315038
-32.75509,24,964.351447
-27.039678,11,964.367596
-19.770488,12,964.387084
-38.422861,12,964.416797
-39.950947,12,964.434138
-22.568456,13,964.457894
-30.10753,10,964.472191
-32.300315,13,964.492424
-36.131689,13,964.510784
-21.431677,10,964.52611
-23.58497,11,964.541957
-30.39776,12,964.56176
-72.724039,25,964.598629
-25.788813,17,964.622036
-27.853997,12,964.641328
-50.131977,19,964.667843
-46.154252,18,964.695514
-19.349961,9,964.709122
-27.912225,12,964.725717
-29.587208,11,964.74137
-37.207382,13,964.761719
-29.459488,17,964.787042
-28.570548,11,964.8055
-16.330461,10,964.820417
-23.318398,12,964.837029
-21.315851,15,964.859311
-22.187218,12,964.876139
-51.166915,19,964.904152
-22.446638,13,964.924371
-19.580437,11,964.940372
-24.129222,11,964.955887
-234.567185,109,965.120457
-46.00975,24,965.156659
-24.707209,11,965.176274
-34.294478,14,965.199636
-33.559159,17,965.224877
-41.122868,19,965.254497
-19.553372,12,965.270955
-16.104913,10,965.286045
-36.031988,17,965.314152
-26.538487,11,965.329616
-29.592976,16,965.352397
-22.367038,10,965.367609
-35.018291,25,965.40484
-18.375209,10,965.420245
-21.682141,11,965.436172
-25.015478,10,965.450999
-25.55143,14,965.472662
-22.432995,10,965.487348
-32.372559,15,965.509896
-11.63902,20,965.539534
-40.617471,12,965.55906
-20.070906,11,965.5749
-21.001928,14,965.596401
-39.856034,15,965.618232
-22.202548,10,965.632764
-16.928986,10,965.647769
-30.120373,11,965.663462
-15.1493,11,965.679297
-86.890258,39,965.736855
-14.887411,13,965.754054
-21.37348,13,965.77491
-45.511562,17,965.799137
-26.506717,11,965.817641
-21.829893,13,965.835119
-35.355492,12,965.854462
-52.010696,15,965.876967
-33.476901,13,965.894464
-19.028358,11,965.910155
-17.136715,11,965.944213
-22.852175,13,965.96274
-16.787142,12,965.982199
-15.342037,12,965.999578
-23.415006,11,966.01552
-20.045223,10,966.030295
-28.794283,12,966.050195
-23.480553,13,966.068218
-48.544709,23,966.103235
-57.270835,28,966.143529
-36.401174,17,966.170199
-33.504447,18,966.195765
-27.018934,13,966.216156
-26.160195,17,966.239606
-25.358367,14,966.261334
-35.751719,17,966.289943
-33.177354,13,966.308027
-38.75566,20,966.337666
-47.133064,20,966.366861
-20.553421,13,966.387497
-30.859809,12,966.403908
-26.89752,15,966.425989
-32.316659,19,966.454656
-32.939896,11,966.470452
-33.577712,13,966.49241
-38.417682,13,966.51093
-28.068525,13,966.531819
-18.455719,11,966.547773
-34.529312,15,966.570492
-24.951189,11,966.587241
-34.116783,13,966.608507
-59.694178,18,966.637954
-71.908866,18,966.663521
-38.044658,12,966.695485
-12.555295,7,966.706728
-75.047189,20,966.737794
-56.232654,19,966.766822
-33.193863,11,966.782948
-29.072077,12,966.799769
-27.37455,11,966.818476
-24.132101,12,966.835255
-31.573244,21,966.866011
-20.585471,12,966.885295
-24.139138,34,966.933118
-70.578051,36,966.988472
-19.007593,11,967.004208
-25.96087,12,967.020889
-34.942501,25,967.058619
-24.660933,17,967.085215
-22.359628,13,967.103261
-28.78768,13,967.123816
-51.603129,25,967.16063
-29.332401,13,967.178041
-31.65101,16,967.203767
-22.674748,10,967.218487
-29.689122,20,967.248023
-20.256627,12,967.264501
-50.50341,39,967.322928
-393.353188,176,967.620653
-26.397747,18,967.649986
-46.244752,21,967.681959
-21.424439,14,967.704512
-37.382364,20,967.73573
-28.243325,22,967.769538
-25.83115,10,967.785013
-26.221382,25,967.823077
-17.646936,15,967.846925
-26.733568,13,967.869091
-107.567059,51,967.947273
-20.402565,18,967.972449
-37.242578,25,968.009969
-42.260167,21,968.043642
-28.991086,12,968.060807
-40.471219,39,968.119482
-27.602255,12,968.136141
-41.605299,24,968.172699
-25.259388,12,968.190056
-24.568498,17,968.216762
-80.140617,32,968.383902
-15.590327,13,968.405416
-46.286601,19,968.437631
-19.154489,12,968.455742
-20.685511,12,968.473061
-19.56291,12,968.493635
-32.504956,14,968.515112
-38.124382,22,968.546441
-22.163846,17,968.570527
-30.766221,16,968.598309
-20.655941,19,968.625044
-23.705226,12,968.645574
-23.70408,11,968.661707
-20.860304,12,968.67914
-19.561684,12,968.699073
-26.090975,14,968.721063
-23.499853,38,968.777908
-33.45378,19,968.807332
-21.949897,11,968.823339
-22.257657,10,968.838118
-115.326542,46,968.907203
-133.684541,44,968.974849
-34.754332,26,969.013309
-81.642324,38,969.072039
-15.407767,17,969.096571
-19.176849,10,969.111825
-28.024707,13,969.148412
-20.491505,11,969.165113
-60.563069,27,969.20865
-11.277989,12,969.225111
-35.051807,14,969.246885
-15.388463,13,969.264948
-30.201094,16,969.291171
-25.82068,13,969.308943
-45.541057,31,969.354949
-38.075316,27,969.398158
-19.410629,13,969.416172
-38.816728,14,969.437978
-33.326649,15,969.460308
-45.746082,20,969.490694
-17.064058,12,969.511183
-24.043132,15,969.533782
-62.586348,24,969.567214
-24.902543,11,969.585978
-32.438547,11,969.60205
-38.206616,13,969.619627
-30.790021,12,969.6392
-46.938183,23,969.671361
-39.829215,21,969.704837
-21.853591,11,969.721241
-18.427834,12,969.738538
-32.098898,12,969.758279
-22.944713,11,969.773838
-64.997814,28,969.814177
-38.243539,21,969.847815
-30.381971,11,969.863624
-48.459317,18,969.888219
-42.49562,12,969.923178
-21.580317,10,969.939054
-28.699877,10,969.954311
-81.766007,28,969.995914
-32.304369,10,970.011532
-94.951844,60,970.101438
-24.008632,10,970.11721
-23.362817,10,970.132285
-23.182622,10,970.147128
-20.624345,15,970.169111
-14.053591,21,970.201919
-22.165893,10,970.216391
-19.379646,13,970.234122
-33.773322,12,970.253586
-17.85903,13,970.271179
-94.725845,25,970.307932
-20.912148,10,970.322545
-68.9279,22,970.356028
-24.986176,10,970.371653
-22.784646,10,970.386225
-19.479121,10,970.401622
-25.836854,10,970.416177
-21.564402,10,970.431328
-22.867995,10,970.445818
-27.118158,10,970.460884
-19.458185,9,970.471708
-21.029265,9,970.485786
-22.26376,10,970.500744
-47.529603,16,970.524427
-21.164207,12,970.543797
-23.307993,10,970.558861
-20.684023,9,970.572117
-19.388673,9,970.583351
-25.092422,10,970.598081
-32.257477,13,970.620695
-20.161888,10,970.636126
-45.958306,25,970.686723
-23.576921,10,970.702391
-20.716439,10,970.71806
-18.04394,10,970.733394
-20.942916,10,970.74827
-18.93747,10,970.76413
-20.916634,10,970.779684
-22.668299,10,970.794723
-45.222554,17,970.818862
-53.456771,18,970.847255
-28.516858,10,970.862183
-23.425445,10,970.877236
-21.504187,11,970.893271
-73.180351,28,970.935625
-36.301837,12,970.952563
-17.586611,10,970.967225
-20.252517,10,970.982483
-27.701048,10,970.997451
-21.489452,10,971.012406
-34.592223,12,971.032915
-37.662527,11,971.048577
-24.804203,10,971.063334
-23.536045,12,971.081015
-22.086244,10,971.095603
-23.011071,10,971.110339
-44.8921,13,971.130949
-32.628323,13,971.148044
-44.282802,13,971.168615
-52.890707,17,971.192384
-58.075229,22,971.226377
-39.816278,13,971.243801
-30.593704,10,971.258887
-67.913216,17,971.285254
-36.411734,12,971.301426
-29.416255,10,971.316174
-56.74183,17,971.343291
-31.074721,10,971.357515
-33.015066,10,971.372715
-8.417418,7,971.382132
-39.255091,18,971.409687
-25.34393,10,971.43772
-32.059095,10,971.453469
-28.387985,10,971.468987
-75.596465,21,971.500012
-31.660486,10,971.51522
-24.012549,10,971.530282
-25.324962,8,971.540215
-36.001162,11,971.559223
-29.31544,11,971.57519
-32.318264,11,971.591033
-24.292088,10,971.605923
-82.868784,24,971.642253
-24.363021,10,971.656599
-29.185806,13,971.674923
-22.829511,10,971.689647
-37.104297,13,971.710156
-30.193666,10,971.724986
-20.131638,10,971.739432
-20.646619,10,971.754537
-32.26613,11,971.770772
-59.394073,18,971.798983
-28.300971,10,971.813935
-118.969767,36,971.865817
-18.447613,10,971.880628
-25.35122,10,971.89499
-25.087779,10,971.909769
-45.368529,13,971.937654
-95.687642,23,971.969563
-29.769117,10,971.9849
-32.320069,10,971.999668
-44.254551,13,972.019691
-17.654491,11,972.035097
-28.389834,9,972.049188
-26.180353,10,972.063882
-36.3004,13,972.080896
-39.108856,11,972.099896
-30.760547,11,972.115183
-49.594985,19,972.142926
-18.773609,10,972.157785
-23.513527,10,972.17251
-27.807554,11,972.202238
-41.26428,11,972.219523
-30.951233,10,972.235923
-67.996435,19,972.2649
-20.508857,10,972.279965
-41.836742,15,972.301784
-55.36417,12,972.318445
-24.015959,11,972.333783
-40.989855,15,972.355458
-35.333882,12,972.375721
-22.000107,10,972.390685
-30.050155,14,972.412371
-27.867357,17,972.436193
-34.655617,13,972.456221
-25.471048,10,972.471051
-57.278736,16,972.494111
-24.724232,10,972.509016
-26.009038,10,972.523372
-60.504901,35,972.5754
-72.023023,16,972.598389
-43.246993,11,972.614397
-35.039623,10,972.629328
-37.27827,10,972.643863
-25.840535,11,972.665567
-124.191487,25,972.70551
-57.615859,18,972.809989
-22.139257,10,972.825191
-34.137138,10,972.839669
-24.014748,10,972.855625
-29.821508,9,972.869548
-71.109031,17,972.89409
-113.498165,37,972.949939
-73.008181,19,972.976038
-24.930074,10,972.991355
-41.117701,13,973.011969
-54.057895,18,973.052939
-24.605366,10,973.067651
-22.212158,11,973.083838
-48.951104,13,973.101612
-74.506541,28,973.144328
-29.015316,11,973.159916
-45.478833,12,973.180723
-24.284134,10,973.196058
-50.294543,13,973.213652
-22.392171,10,973.228746
-127.811685,23,973.263994
-21.765254,12,973.281402
-26.955918,8,973.294661
-82.327474,23,973.326264
-25.446923,9,973.340851
-38.564386,11,973.356122
-53.561126,14,973.378674
-47.238618,15,973.40113
-23.867366,10,973.416247
-24.114855,10,973.431513
-107.93155,28,973.473527
-46.23838,13,973.491848
-25.613757,11,973.511239
-40.56291,11,973.527895
-34.968128,13,973.545744
-35.738148,11,973.564559
-113.618499,28,973.604488
-22.524634,11,973.620742
-28.944762,10,973.635706
-62.171889,20,973.665168
-45.792809,23,973.701266
-68.235881,20,973.732237
-29.911444,8,973.746975
-41.83216,13,973.764575
-18.62293,10,973.779462
-36.49959,11,973.799133
-48.185737,12,973.819402
-35.935064,12,973.837336
-26.595287,10,973.853782
-32.02187,12,973.874169
-43.226965,12,973.891192
-22.589889,10,973.905884
-37.66295,11,973.921619
-37.47425,12,973.940876
-21.778341,11,973.957832
-41.343914,11,973.974704
-40.435513,18,974.002842
-22.927857,6,974.011615
-62.217746,13,974.029482
-22.704746,9,974.043614
-26.804033,13,974.063686
-25.71927,10,974.07853
-30.919226,12,974.095549
-23.494183,12,974.114792
-34.968713,11,974.131208
-28.091343,9,974.145746
-18.149113,11,974.161598
-32.615654,10,974.176539
-17.235009,10,974.191711
-48.940851,18,974.217149
-34.388377,11,974.235697
-67.409044,16,974.258711
-18.766692,11,974.274871
-25.490355,10,974.289671
-31.778157,10,974.30461
-29.034339,11,974.320745
-45.931296,29,974.36464
-29.024668,10,974.379974
-25.028702,10,974.395076
-30.478097,18,974.422461
-21.173091,9,974.433603
-58.300387,15,974.455693
-29.390175,10,974.470629
-36.357351,11,974.489345
-58.139099,17,974.513156
-69.445021,22,974.544797
-25.631551,13,974.580495
-19.212871,18,974.609268
-14.282991,12,974.626044
-103.499859,25,974.664204
-72.382501,24,974.700647
-29.248615,16,974.723889
-56.028826,17,974.748162
-35.725231,11,974.766917
-27.507877,10,974.782676
-23.193727,9,974.794297
-64.591136,19,974.823399
-17.448263,10,974.838539
-44.949368,12,974.85813
-35.992711,10,974.872884
-30.187394,36,974.925293
-22.805709,9,974.939441
-23.030486,9,974.950413
-40.846995,12,974.969428
-26.427685,10,974.984382
-27.924334,10,975.000417
-23.448554,11,975.016606
-26.999818,9,975.030852
-28.209017,10,975.045474
-38.571292,11,975.061247
-23.961553,13,975.08138
-31.343815,9,975.092252
-22.47763,10,975.10735
-49.400949,12,975.126792
-57.703589,17,975.150446
-44.225568,11,975.165972
-33.733447,12,975.185834
-31.849513,10,975.20031
-13.30305,8,975.21109
-27.940222,10,975.22569
-38.234727,11,975.244532
-61.378707,13,975.26231
-34.798359,11,975.277787
-29.108833,11,975.296244
-27.057967,10,975.324418
-14.826974,7,975.334352
-27.383608,9,975.349208
-14.899957,9,975.363662
-22.964157,10,975.379695
-41.583735,23,975.412346
-110.901438,25,975.448837
-69.314012,26,975.486125
-24.574297,10,975.501119
-31.670896,10,975.51604
-40.468915,11,975.534757
-77.684695,25,975.571584
-24.313963,9,975.583117
-36.013662,10,975.598522
-26.904197,10,975.613599
-26.336543,11,975.633289
-18.890595,10,975.648834
-42.546546,11,975.664996
-35.67517,13,975.682417
-33.94764,18,975.711028
-38.032331,11,975.726532
-28.172227,12,975.746603
-26.679603,7,975.755513
-43.604091,12,975.772547
-22.68095,10,975.787178
-26.562058,9,975.801411
-15.561137,13,975.822111
-30.657662,10,975.837003
-57.12991,17,975.860995
-29.74405,15,975.883326
-22.269799,10,975.898383
-36.213451,10,975.913272
-75.984613,17,975.940198
-32.841846,19,975.966382
-26.440642,10,975.981718
-101.669211,47,976.057006
-27.10823,10,976.072634
-29.724854,11,976.102553
-27.315368,9,976.117064
-25.414336,10,976.133448
-27.018357,10,976.148683
-32.417697,10,976.163395
-60.217145,17,976.18746
-34.872268,10,976.202148
-33.029362,11,976.218687
-43.320155,12,976.238307
-22.348691,10,976.253157
-35.451282,10,976.268041
-22.379252,10,976.283422
-44.846319,17,976.308181
-27.145761,17,976.334937
-26.953984,11,976.351182
-52.906462,15,976.373237
-31.565921,10,976.389143
-25.0402,10,976.40398
-35.538319,13,976.422735
-29.503775,8,976.436309
-23.018958,11,976.452093
-27.527754,10,976.467094
-16.689121,12,976.486368
-39.814806,11,976.502321
-38.972963,11,976.518394
-35.252134,10,976.533101
-45.27898,12,976.550017
-28.250826,9,976.563974
-53.447993,15,976.586138
-30.258201,10,976.60114
-23.989218,10,976.616347
-35.128887,10,976.631225
-25.698767,12,976.650634
-30.371139,10,976.665549
-25.246528,9,976.676844
-26.650523,9,976.690271
-24.337313,10,976.705167
-37.871713,11,976.720901
-26.528594,8,976.734706
-16.990386,11,976.750153
-29.85902,10,976.765129
-20.639872,6,976.773377
-25.426085,10,976.788129
-25.946728,9,976.802202
-36.943643,13,976.822492
-25.744108,8,976.833244
-39.522731,11,976.866207
-32.011011,10,976.881471
-31.680113,10,976.89682
-31.293861,10,976.911551
-31.275494,10,976.925785
-36.687736,11,976.941525
-71.715453,20,976.972356
-28.850318,10,976.98736
-39.806262,11,977.003049
-32.526161,14,977.024681
-100.081084,43,977.086227
-38.544035,12,977.105716
-17.405473,10,977.12039
-21.869313,9,977.13502
-55.696649,13,977.152499
-10.833211,12,977.172367
-22.932799,10,977.187552
-23.342213,10,977.202606
-21.578447,13,977.220223
-25.131732,9,977.234864
-53.512184,14,977.255974
-37.14289,10,977.270541
-25.632305,10,977.285438
-63.707674,16,977.309458
-34.20683,10,977.324848
-24.303526,10,977.339309
-52.743292,12,977.355886
-45.178214,12,977.376705
-24.578914,9,977.395566
-25.960333,11,977.410745
-31.505038,10,977.425857
-58.74197,17,977.4501
-209.657052,39,977.507669
-14.096934,7,977.516868
-75.085893,18,977.544469
-21.964965,9,977.558517
-17.029598,12,977.574877
-22.857444,6,977.583361
-27.88008,10,977.598285
-20.637702,14,977.633196
-23.963913,10,977.648734
-43.471059,18,977.677481
-30.875366,13,977.695004
-28.576877,10,977.710076
-27.517416,10,977.726305
-30.020061,24,977.762568
-21.921354,10,977.777861
-30.266573,10,977.792906
-32.592971,10,977.807447
-31.161318,17,977.834645
-9.407981,6,977.84385
-23.993034,10,977.859325
-26.660412,10,977.879177
-30.880923,11,977.896251
-19.648952,11,977.912277
-24.219856,12,977.93236
-25.398676,10,977.947566
-37.220816,12,977.964638
-60.216576,19,977.993065
-14.509414,9,978.007212
-35.221774,12,978.023792
-23.926652,10,978.038446
-23.131636,10,978.053439
-25.804099,11,978.069344
-33.528936,10,978.084427
-53.488551,13,978.104819
-35.963327,11,978.120437
-26.702866,10,978.136057
-49.626271,12,978.15304
-32.645214,12,978.172274
-38.922047,14,978.194263
-38.062377,12,978.211088
-19.450202,10,978.226588
-19.362451,10,978.24142
-35.702582,11,978.25669
-38.491437,23,978.291817
-42.501692,12,978.308039
-20.739251,9,978.321854
-42.839449,14,978.343156
-21.087083,10,978.358009
-34.044435,11,978.37365
-41.036442,16,978.412778
-28.961293,10,978.428336
-74.940367,23,978.464132
-76.147321,17,978.48781
-30.386018,9,978.50202
-41.719033,28,978.544396
-30.024786,10,978.559332
-21.859601,10,978.574054
-70.731,44,978.63626
-34.904916,11,978.654882
-28.241675,8,978.664943
-68.618765,21,978.69518
-75.665371,28,978.739142
-26.780029,7,978.752344
-48.371916,17,978.78002
-39.110251,11,978.795952
-117.367064,37,978.84958
-47.979251,12,978.869167
-58.963087,15,978.892603
-56.60201,13,978.909973
-30.272765,11,978.929123
-23.353128,10,978.943763
-31.908442,10,978.959189
-39.059605,11,978.97576
-45.039777,13,978.99305
-26.891029,9,979.007282
-24.780589,10,979.022429
-17.460125,10,979.03732
-64.174091,26,979.075198
-28.780874,10,979.089615
-26.030529,7,979.101675
-43.915185,14,979.123262
-20.479075,20,979.167279
-21.463164,10,979.183386
-62.5665,24,979.217362
-165.843624,41,979.280147
-71.159464,19,979.305163
-22.951379,10,979.320668
-19.78994,6,979.332335
-23.241002,10,979.347298
-28.362393,12,979.364194
-73.126203,17,979.388539
-47.546964,13,979.409539
-30.538935,10,979.424992
-26.432725,8,979.438111
-50.969667,12,979.455159
-22.518307,10,979.470049
-22.549789,12,979.486773
-29.556574,11,979.506657
-79.600607,21,979.537166
-32.530584,10,979.552632
-22.451503,12,979.569229
-27.377591,11,979.585193
-37.59344,23,979.621517
2.300791,28,979.663242
-24.592748,11,979.67876
-18.027017,11,979.695115
-58.468403,19,979.722623
-37.300214,10,979.737987
-22.014701,12,979.754432
-58.310122,16,979.777935
-25.676326,12,979.797292
-27.558822,9,979.811476
-26.724948,10,979.826693
-30.787831,10,979.84169
-20.88297,13,979.859388
-31.424524,10,979.873903
-34.652067,10,979.888282
-23.283862,10,979.903099
-47.265427,13,979.936254
-27.069898,10,979.952338
-30.997455,11,979.969186
-30.68357,10,979.985087
-32.55839,11,980.001452
-82.855013,17,980.029904
-51.353615,12,980.046785
-27.696309,10,980.062052
-84.373624,19,980.091119
-59.719619,14,980.113873
-30.192675,10,980.129014
-74.82487,18,980.154194
-23.36461,9,980.168207
-24.772238,10,980.183519
-37.622377,12,980.200081
-34.918767,12,980.219818
-22.366629,6,980.228034
-32.085037,11,980.24404
-21.894451,11,980.259737
-36.768113,10,980.274611
-39.331065,12,980.29376
-48.511228,14,980.314967
-50.490568,25,980.351068
-24.505427,12,980.368489
-34.568444,18,980.396332
-38.639638,12,980.412604
-28.650419,8,980.425813
-42.338618,12,980.442144
-23.448577,11,980.457834
-29.364272,11,980.473618
-25.684054,10,980.489673
-21.196319,12,980.509284
-28.819839,10,980.523957
-38.154193,11,980.539439
-28.677929,10,980.55453
-54.91373,18,980.582049
-31.62752,10,980.596982
-103.470134,23,980.6298
-29.935892,10,980.64512
-39.072151,12,980.664711
-40.050315,11,980.695755
-28.309839,10,980.711357
-30.296222,11,980.728011
-26.888218,7,980.736994
-48.987351,24,980.773472
-34.983845,19,980.802335
-29.391154,7,980.811926
-22.847823,10,980.826916
-37.19427,10,980.842202
-39.422828,12,980.86149
-35.96482,11,980.877496
-29.139464,12,980.89421
-37.203461,10,980.912174
-69.06583,20,980.942004
-29.734084,10,980.956855
-30.202625,10,980.971742
-31.176114,10,980.986262
-171.441303,32,981.036213
-25.144057,9,981.049949
-35.384981,13,981.067391
-22.272761,9,981.081242
-40.469679,12,981.09817
-65.655843,18,981.126466
-33.516777,10,981.141012
-31.668933,11,981.156902
-40.540139,11,981.172777
-19.972912,10,981.187847
-28.47149,9,981.202033
-53.643831,13,981.222479
-40.981251,13,981.240228
-30.20438,13,981.260727
-61.944762,17,981.284695
-68.099609,24,981.320637
-25.788674,12,981.339902
-34.162019,11,981.355537
-11.986629,8,981.365664
-52.684486,18,981.394171
-33.52827,19,981.422595
-43.940366,12,981.453621
-63.158996,25,981.494028
-9.537855,12,981.514405
-25.906735,10,981.533987
-80.42812,29,981.615331
-31.531156,12,981.63979
-19.118112,12,981.65733
-18.518285,11,981.674136
-24.179012,14,981.697514
-8.897305,8,981.712183
-19.155014,9,981.727264
-51.917373,20,981.75889
-30.539932,10,981.775145
-79.482554,29,981.817851
-26.386575,13,981.839896
-28.141396,11,981.856939
-24.765414,10,981.873019
-69.257213,18,981.902315
-60.472722,17,981.927706
-14.195669,12,981.948628
-53.145199,16,981.972925
-26.31478,10,981.988089
-35.055346,10,982.003646
-28.824057,11,982.020185
-22.336624,10,982.035683
-34.801953,19,982.065965
-27.561187,11,982.08242
-22.131504,9,982.097348
-60.506401,24,982.135218
-32.564738,10,982.151457
-29.830171,10,982.167321
-24.708852,9,982.17934
-34.363853,13,982.200926
-36.259166,11,982.217784
-36.144849,11,982.234251
-25.882434,10,982.249899
-21.66788,14,982.271679
-22.450139,11,982.301382
-95.965161,30,982.349168
-21.94802,11,982.368584
-18.052539,10,982.384006
-20.616936,10,982.400003
-69.599981,29,982.442347
-74.083918,17,982.469471
-19.535736,14,982.492466
-27.911108,19,982.519099
-29.546639,13,982.54006
-37.23535,12,982.557652
-21.59309,12,982.578616
-64.524916,17,982.603141
-37.597572,11,982.619796
-73.596952,26,982.663023
-31.572478,13,982.680792
-41.088241,11,982.696654
-30.368914,10,982.711957
-29.32626,11,982.731321
-40.907872,21,982.763927
-48.29482,19,982.794391
-38.970627,10,982.809981
-38.015873,11,982.826954
-67.084279,24,982.864928
-21.097097,11,982.881845
-38.965141,13,982.902454
-31.732491,10,982.917983
-40.681659,13,982.939293
-20.955947,12,982.955932
-29.145203,13,982.977416
-24.669807,10,982.99228
-56.051706,18,983.01981
-42.760519,28,983.060195
-53.218718,22,983.111751
-21.462123,12,983.129014
-24.372193,13,983.150207
-69.802975,15,983.172615
-62.370392,18,983.197866
-30.762812,11,983.213965
-31.76672,11,983.232414
-30.113377,10,983.247215
-13.283826,16,983.270782
-22.961934,11,983.286834
-81.38068,29,983.330763
-42.544613,11,983.346811
-51.925313,12,983.363836
-26.259832,10,983.378927
-48.249886,16,983.405366
-15.331885,7,983.414865
-58.617072,25,983.452605
-20.453145,10,983.467683
-22.957074,6,983.476315
-28.757709,10,983.491491
-84.511941,25,983.528007
-43.471428,12,983.547854
-20.642696,11,983.564147
-16.732548,10,983.579158
-35.773385,12,983.59591
-33.18155,12,983.615691
-41.122938,14,983.634525
-44.005281,26,983.675758
-101.077701,23,983.708325
-88.820752,18,983.736037
-31.362068,14,983.757907
-28.44839,11,983.773735
-25.563061,14,983.795772
-13.361627,7,983.80484
-22.489744,10,983.81965
-38.93036,11,983.835769
-39.782806,13,983.934326
-30.264298,11,983.951562
-18.315056,10,983.967935
-57.658462,20,983.998953
-41.988816,12,984.016318
-37.463122,13,984.037281
-40.598496,12,984.054445
-57.644415,13,984.075503
-101.076992,25,984.113232
-35.894038,13,984.133509
-61.808644,20,984.180336
-72.329357,26,984.226456
-84.346044,24,984.280318
-36.740899,13,984.301094
-33.294744,13,984.321246
-23.249882,9,984.335345
-17.03979,11,984.351424
-53.704676,16,984.374408
-22.613936,11,984.390281
-24.19058,10,984.405072
-73.627492,28,984.447283
-56.280344,18,984.472117
-46.360677,13,984.492765
-35.418579,12,984.509197
-82.485534,19,984.538406
-47.145153,18,984.566363
-29.459924,10,984.580894
-42.679172,11,984.596685
-49.700245,14,984.618211
-23.047888,10,984.633303
-35.647155,12,984.650272
-20.160777,11,984.665891
-16.147189,11,984.68385
-40.04637,11,984.699265
-45.719561,12,984.729813
-39.709813,12,984.74999
-42.002504,12,984.767352
-49.490437,15,984.789629
-17.078849,11,984.805769
-16.503219,10,984.820588
-37.84519,11,984.836094
-26.286788,10,984.851251
-70.800613,19,984.880689
-52.583663,30,984.925235
-26.407575,10,984.940042
-40.166755,11,984.955855
-20.802469,10,984.970337
-73.379884,24,985.013679
-19.495595,12,985.033988
-68.015903,19,985.059958
-30.15441,10,985.075094
-16.536905,12,985.094568
-44.093672,11,985.110838
-33.367734,13,985.131038
-24.757855,9,985.142067
-34.793105,10,985.156538
-21.602051,11,985.174985
-22.195589,13,985.192766
-22.705632,10,985.207205
-22.278854,9,985.22131
-29.020195,11,985.236927
-34.101325,14,985.257892
-40.978096,19,985.286189
-82.041704,22,985.317352
-21.798267,11,985.332717
-61.674224,21,985.366075
-173.769169,37,985.419593
-25.257801,12,985.436469
-111.007267,28,985.493905
-40.092233,13,985.515283
-71.493436,30,985.560491
-32.30765,10,985.575645
-19.340662,10,985.590352
-45.775819,12,985.607537
-22.735943,10,985.622222
-17.309636,11,985.63853
-43.803009,15,985.660793
-36.998145,12,985.68085
-23.602442,12,985.697402
-32.690461,12,985.714041
-22.263545,10,985.729174
-35.97119,12,985.749119
-40.081792,12,985.766263
-21.192074,13,985.786392
-14.283131,11,985.802247
-22.024274,12,985.819078
-22.112941,9,985.833409
-57.761143,19,985.862243
-26.461977,10,985.877713
-25.987945,11,985.893801
-31.800314,12,985.912868
-22.426591,11,985.928427
-26.703911,11,985.944202
-33.841237,12,985.960757
-87.011556,25,985.998575
-68.017466,17,986.025965
-24.117449,14,986.047372
-34.428774,11,986.063549
-33.072038,12,986.080416
-33.610659,12,986.099906
-23.8232,19,986.125983
-37.409155,13,986.147466
-40.530781,13,986.167581
-17.941695,10,986.182858
-30.220641,11,986.19877
-21.500995,12,986.215464
-23.909418,11,986.230996
-21.209412,14,986.26694
-28.206864,13,986.288275
-61.453074,18,986.314398
-22.786614,12,986.334067
-106.187041,39,986.392498
-23.502154,14,986.411382
-35.751306,14,986.433203
-64.405969,32,986.482639
-31.23545,12,986.499417
-38.276349,20,986.529195
-23.813139,14,986.55054
-51.564194,20,986.580331
-26.578666,13,986.598703
-83.605975,30,986.64272
-50.976894,16,986.668248
-38.40201,13,986.68604
-40.545069,13,986.706633
-77.763807,26,986.744263
-21.441841,12,986.760713
-33.273877,11,986.779417
-81.554727,28,986.818342
-23.629049,11,986.833743
-38.746001,16,986.859638
-62.257788,20,986.888551
-25.275049,12,986.905547
-28.067783,14,986.926591
-27.835122,11,986.94213
-29.40542,18,986.969955
-69.542094,29,987.024253
-11.699638,9,987.038211
-29.215611,13,987.059113
-30.538323,14,987.080843
-53.630733,19,987.107044
-21.004513,11,987.125817
-23.384743,14,987.144172
-97.830698,36,987.200341
-36.748771,13,987.217791
-49.341615,17,987.245819
-31.895887,10,987.260997
-50.723293,16,987.284018
-34.544546,15,987.306726
-22.912323,10,987.321476
-23.545108,11,987.337365
-54.55298,22,987.369434
-41.884244,13,987.389926
-56.84533,21,987.42128
-17.84345,9,987.435382
-15.994782,8,987.448603
-60.249066,34,987.496164
-26.679409,12,987.515721
-24.916948,11,987.53148
-20.853252,12,987.547678
-145.691585,51,987.624518
-26.844287,11,987.640052
-35.130671,13,987.65838
-23.165437,9,987.672219
-26.841007,11,987.688091
-30.608374,13,987.709054
-18.020701,15,987.730937
-56.461347,16,987.754049
-17.96907,10,987.782949
-59.619125,19,987.813867
-40.468238,15,987.836859
-222.789587,63,987.931307
-85.643947,27,987.969961
-59.574072,25,988.0065
-52.144863,15,988.029816
-42.595256,12,988.046852
-40.699677,14,988.06882
-24.412671,9,988.082705
-48.130283,23,988.119174
-30.99463,12,988.136517
-20.339029,8,988.149723
-18.066106,8,988.160495
-26.161173,9,988.174037
-31.847157,11,988.18985
-115.062234,43,988.254297
-88.697497,23,988.287273
-34.229137,11,988.30594
-19.324462,8,988.316417
-37.788794,29,988.359715
-25.776772,10,988.375587
-18.296501,9,988.389977
-56.246042,21,988.421423
-36.955432,16,988.445399
-79.202539,36,988.498362
-21.522212,9,988.512785
-120.374523,38,988.586028
-18.937309,10,988.60099
-18.658526,8,988.611201
-47.75228,21,988.645182
-36.693275,12,988.662099
-23.537959,11,988.677716
-26.147799,11,988.69359
-11.999757,9,988.708187
-19.723046,8,988.721545
-40.468884,28,988.761782
-32.529691,16,988.787583
-35.049523,16,988.811404
-41.30017,14,988.833178
-53.275647,25,988.871249
-20.341169,9,988.883144
-70.574081,31,988.931999
-38.099695,23,988.96455
-14.530973,8,988.977907
-39.566431,17,989.002407
-24.962449,35,989.056672
-48.002914,19,989.086439
-34.215481,16,989.110413
-30.838152,17,989.137496
-55.691054,27,989.176166
-41.986312,18,989.20417
-31.494503,13,989.221767
-61.019195,20,989.251747
-23.990265,15,989.274115
-13.490639,8,989.287295
-16.395362,7,989.311435
-17.689796,9,989.325993
-78.54486,39,989.385969
-41.707461,16,989.410295
-39.563944,16,989.43435
-14.681489,8,989.447994
-57.190043,33,989.495504
-20.632242,10,989.51015
-18.484078,8,989.523429
-19.281183,9,989.537358
-53.513934,20,989.567245
-15.621916,8,989.577779
-106.771565,35,989.630952
-42.245938,25,989.668644
-13.698382,9,989.682931
-17.469737,9,989.697286
-49.464115,21,989.728748
-26.124479,14,989.750768
-17.605414,7,989.760276
-39.977356,16,989.786764
-23.767852,9,989.798217
-51.954722,22,989.832834
-36.152012,13,989.850534
-45.594177,24,989.886855
-20.44336,10,989.90263
-39.495138,22,989.939247
-19.860539,8,989.949789
-16.490636,9,989.96387
-15.191172,8,989.977331
-16.016749,9,989.988769
-22.910641,14,990.010125
-20.249732,12,990.030402
-16.204494,10,990.046942
-43.152311,18,990.075063
-54.942979,28,990.121246
-19.383413,9,990.13611
-14.168388,9,990.148169
-20.967691,21,990.181681
-41.047906,14,990.200704
-47.164468,16,990.22782
-27.929205,12,990.244345
-60.1745,21,990.275715
-11.09964,8,990.289391
-27.845667,12,990.306725
-22.089839,9,990.32109
-10.261998,7,990.330707
-29.453658,13,990.351773
-14.118102,14,990.373144
-16.283857,8,990.383542
-60.981793,22,990.418686
-15.245763,9,990.433141
-17.345679,12,990.44978
-22.670913,10,990.464903
-52.930889,24,990.500803
-12.253335,11,990.516688
-43.08222,17,990.540936
-60.545871,27,990.582106
-25.827645,9,990.596551
-32.95852,14,990.615119
-12.558139,13,990.636382
-45.069769,18,990.664077
-16.035337,12,990.681107
-17.916287,15,990.703394
-25.032781,11,990.719186
-49.16829,20,990.749311
-18.964747,7,990.76149
-14.517958,10,990.776678
-12.448688,8,990.786965
-13.076135,16,990.811096
-41.648148,15,990.847208
-33.2812,21,990.883065
-16.241674,9,990.894866
-18.201038,9,990.908651
-14.924313,7,990.920692
-30.716034,14,990.939701
-21.503724,8,990.952734
-24.680447,9,990.967077
-48.117791,19,990.99664
-18.764826,13,991.016994
-36.521027,13,991.037786
-20.189794,10,991.052798
-27.003078,10,991.067536
-12.304053,8,991.078203
-32.334383,20,991.107523
-36.119167,12,991.127419
-12.407681,8,991.137509
-23.833154,9,991.15165
-14.843963,7,991.16398
-48.971225,27,991.202466
-9.619929,13,991.223793
-44.185083,18,991.24878
-47.347453,17,991.275331
-37.242153,20,991.304319
-22.433569,8,991.314956
-14.609015,19,991.343848
-25.381429,9,991.357878
-26.106101,11,991.374164
-22.252367,10,991.389502
-19.924903,9,991.404129
-30.148095,28,991.444043
-19.544378,8,991.45733
-35.13401,14,991.478757
-106.257671,46,991.546226
-14.10585,7,991.555401
-21.637275,9,991.56968
-34.130644,12,991.588943
-15.185604,9,991.614565
-16.524129,10,991.629887
-41.522558,15,991.652809
-18.519215,10,991.668671
-27.769637,14,991.690107
-72.178249,40,991.750089
-48.33548,19,991.778418
-44.647363,14,991.799702
-20.159209,9,991.813958
-21.579299,10,991.829074
-37.485337,24,991.862719
-34.081479,12,991.882234
-51.692044,19,991.911025
-23.800141,12,991.927871
-69.518462,28,991.970569
-41.483888,15,991.994289
-19.47444,14,992.012787
-14.102174,11,992.031096
-23.025633,12,992.047857
-20.753843,10,992.062574
-20.984088,8,992.075482
-29.598361,26,992.113382
-29.278149,9,992.127323
-15.046434,11,992.143419
-19.618424,11,992.159273
-47.545155,26,992.197727
-48.148368,24,992.234412
-71.00324,37,992.287236
-12.133039,9,992.301881
-32.062212,13,992.322256
-31.417647,23,992.35488
-20.509573,12,992.38875
-43.129283,29,992.434855
-71.8621,41,992.494099
-27.287736,10,992.509022
-46.279648,20,992.53812
-21.642635,8,992.548643
-22.671079,14,992.570471
-25.408226,19,992.59972
-24.317215,10,992.614952
-13.116418,8,992.628174
-24.823768,13,992.645532
-40.80992,17,992.672002
-7.77249,9,992.683072
-26.57556,9,992.697439
-22.291511,9,992.712157
-33.109995,24,992.74903
-25.652681,12,992.766099
-69.486674,21,992.796917
-21.947428,11,992.815727
-18.66563,9,992.827031
-41.659376,22,992.861332
-58.207458,20,992.891159
-41.929939,14,992.912573
-52.142585,26,992.950431
-51.328963,26,992.988995
-20.247181,8,993.002484
-22.201906,11,993.018265
-31.459316,13,993.03598
-85.308704,36,993.090442
-39.559283,15,993.112901
-64.474627,28,993.16951
-57.82545,18,993.198304
-41.952971,17,993.222939
-62.249824,22,993.25758
-50.166818,19,993.283074
-42.234364,19,993.311565
-23.616553,12,993.331386
-26.971816,13,993.349053
-56.646178,22,993.383547
-22.245957,9,993.394729
-39.995796,15,993.41758
-20.297477,9,993.431849
-35.055162,16,993.454777
-125.197161,51,993.531541
-19.002128,8,993.541868
-117.140124,36,993.594457
-71.737911,22,993.628935
-21.354422,8,993.638752
-60.09518,22,993.673377
-19.258034,8,993.683487
-59.120991,19,993.711666
-17.3632,8,993.72455
-23.09522,13,993.742474
-22.753405,8,993.75556
-104.681985,29,993.799087
-53.950374,22,993.830154
-12.37413,12,993.849534
-40.864021,21,993.894556
-31.439681,13,993.912666
-21.6081,11,993.931987
-16.680314,8,993.942301
-16.801927,9,993.955874
-30.158972,10,993.970933
-53.47683,23,994.005863
-18.692098,8,994.016128
-14.266508,8,994.0298
-26.758143,16,994.053077
-50.10888,27,994.092291
-20.336454,8,994.105473
-73.48884,20,994.135009
-26.166453,15,994.157192
-37.258771,21,994.187285
-78.90758,30,994.232958
-23.244412,9,994.247088
-38.473814,19,994.276276
-12.16113,7,994.285658
-20.218083,8,994.298766
-34.262493,20,994.328391
-15.736219,9,994.342457
-17.779345,7,994.353598
-31.018302,21,994.385187
-20.028631,11,994.400712
-24.684881,11,994.419346
-36.649173,15,994.442534
-36.406236,12,994.459006
-33.87791,14,994.48067
-24.990719,9,994.494686
-49.202682,15,994.51673
-18.996096,7,994.526199
-24.714421,12,994.542864
-38.16406,17,994.570357
-51.296661,22,994.602804
-61.299208,27,994.648831
-25.367648,11,994.665718
-19.493853,8,994.677047
-19.226545,11,994.696637
-22.181431,8,994.706923
-28.195962,19,994.73695
-66.364346,22,994.768739
-35.663493,15,994.792434
-18.097652,9,994.806216
-136.966605,73,994.917218
-28.212225,14,994.938725
-18.672693,8,994.948864
-17.819562,10,994.964224
-16.609256,7,994.976427
-38.307426,27,995.016329
-67.02373,28,995.05993
-47.215507,19,995.085686
-106.282217,33,995.135659
-21.318078,14,995.157673
-22.593588,9,995.172109
-39.259256,15,995.19424
-41.50588,15,995.216365
-88.34011,26,995.254285
-19.022992,9,995.268531
-36.346247,13,995.286159
-20.658272,11,995.301657
-34.742819,13,995.322534
-23.856721,10,995.337564
-29.560007,24,995.373351
-42.917444,15,995.396248
-75.16104,26,995.448758
-38.567612,18,995.477913
-55.001543,27,995.51716
-24.217318,12,995.533758
-28.205783,16,995.560433
-18.146616,7,995.569602
-28.913997,14,995.590839
-57.227799,18,995.616814
-29.613275,12,995.636775
-77.789333,37,995.689901
-25.941376,9,995.703732
-21.451897,8,995.718003
-23.694492,14,995.736815
-15.182185,9,995.750952
-68.434466,17,995.777762
-46.269014,15,995.799468
-81.782108,24,995.833695
-43.393517,19,995.862307
-15.034025,12,995.881389
-93.051981,37,995.935127
-88.207539,40,995.994639
-86.476837,24,996.032027
-22.142631,10,996.046859
-23.245084,10,996.062185
-55.473691,28,996.101542
-38.072514,18,996.13031
-22.600628,9,996.144435
-64.916758,26,996.187338
-44.260331,15,996.211872
-20.675934,8,996.225327
-24.280485,10,996.240818
-17.929992,12,996.258709
-20.576469,8,996.272105
-19.924471,9,996.283336
-80.10619,31,996.332226
-18.414635,9,996.34377
-19.301779,8,996.356911
-18.752949,10,996.372062
-16.702196,10,996.387489
-20.410389,10,996.402857
-82.221209,18,996.43182
-35.228889,19,996.459717
-18.843226,8,996.472614
-15.449069,12,996.488989
-33.051707,15,996.511705
-49.726295,15,996.534531
-31.886251,11,996.553698
-39.186788,19,996.580713
-58.446609,20,996.611369
-33.761308,12,996.631862
-25.658951,9,996.646369
-30.2017,13,996.664737
-20.836034,10,996.680104
-37.114344,19,996.709044
-44.883758,15,996.732688
-34.526814,13,996.753859
-14.63459,8,996.764535
-26.99057,11,996.780622
-25.822522,12,996.800575
-24.301713,9,996.816904
-19.775062,8,996.827826
-20.158164,10,996.842453
-67.898314,39,996.900762
-20.077688,8,996.914232
-28.188961,15,996.950828
-26.502715,11,996.968371
-55.334125,19,996.998169
-85.758954,25,997.036145
-33.03596,16,997.059838
-16.132644,9,997.074106
-19.132712,10,997.089308
-37.164585,14,997.10825
-21.019084,8,997.121585
-37.743268,13,997.143138
-19.068384,8,997.153136
-20.64798,8,997.166704
-25.953666,9,997.180752
-19.760514,8,997.191146
-28.42752,11,997.206933
-62.327731,22,997.242307
-26.249902,16,997.2655
-29.436896,12,997.281579
-18.976996,7,997.294242
-15.452744,7,997.303534
-27.617861,14,997.32567
-30.293264,11,997.341419
-123.496784,39,997.39989
-40.897839,14,997.421669
-47.504668,15,997.444079
-12.141918,6,997.452295
-22.945933,8,997.465572
-22.150978,8,997.47595
-32.121422,12,997.495494
-24.658885,8,997.505399
-24.061578,9,997.519477
-23.6814,10,997.534577
-33.585574,26,997.573109
-15.938694,6,997.581629
-22.480297,11,997.60029
-20.641239,9,997.611496
-44.588064,20,997.64143
-23.370327,8,997.65444
-20.439887,9,997.668723
-15.94601,15,997.691454
-45.352205,15,997.730334
-19.585482,8,997.740858
-40.675673,14,997.763008
-15.734319,8,997.776317
-36.007602,18,997.802031
-20.993253,13,997.823786
-19.052225,7,997.833459
-27.15184,11,997.85252
-42.026785,17,997.877431
-18.329207,8,997.891053
-19.311311,8,997.901261
-39.432531,15,997.923993
-15.181229,7,997.936118
-21.871355,9,997.947682
-85.804776,34,997.99956
-19.351941,8,998.012824
-23.198512,9,998.026916
-20.468814,10,998.042423
-21.534739,8,998.052824
-21.414037,8,998.065808
-18.413642,7,998.075086
-17.498184,8,998.088497
-26.469165,9,998.102682
-29.954519,10,998.117343
-18.654791,7,998.127285
-14.800353,7,998.136448
-27.409509,9,998.150791
-16.206189,10,998.165573
-21.624411,9,998.179808
-25.34713,10,998.194792
-19.342675,8,998.207798
-12.704548,8,998.218025
-18.480543,7,998.230416
-16.620481,7,998.240415
-18.966408,7,998.249855
-15.121595,7,998.262006
-11.929522,7,998.271361
-14.642245,7,998.284222
-13.122641,7,998.293827
-17.112913,7,998.30324
-18.214364,7,998.315898
-18.413703,7,998.325384
-19.703189,8,998.339684
-17.948689,7,998.349811
-21.189342,8,998.362845
-12.476833,13,998.380408
-23.810419,9,998.394349
-15.030817,7,998.406511
-18.215092,8,998.416644
-17.007154,7,998.429379
-25.781527,9,998.440151
-22.342356,10,998.454934
-18.62718,8,998.468192
-24.956563,16,998.505336
-25.415825,9,998.520661
-24.438761,9,998.535093
-16.337666,7,998.544773
-21.547916,9,998.559235
-18.516066,7,998.568451
-17.186789,8,998.581893
-18.721389,9,998.595965
-23.8497,8,998.605925
-17.513876,9,998.619869
-11.859097,7,998.63227
-19.057621,11,998.648002
-17.99773,7,998.657059
-46.697719,20,998.694646
-35.061199,14,998.716684
-18.028331,7,998.726824
-13.792312,7,998.739105
-25.957044,10,998.755922
-17.824845,8,998.767052
-76.326913,31,998.819075
-15.984252,7,998.83004
-14.738505,9,998.845731
-16.143887,7,998.855973
-20.030161,10,998.873205
-16.252098,7,998.887042
-22.158696,9,998.898599
-23.391537,9,998.913934
-26.545456,10,998.929682
-19.464832,8,998.943981
-40.719509,20,998.975365
-29.394297,15,998.99971
-16.232802,8,999.010322
-21.812467,10,999.025625
-25.838721,10,999.041268
-22.177868,15,999.064355
-21.154211,9,999.079508
-21.025245,9,999.093982
-80.657993,26,999.134099
-78.284443,35,999.18979
-16.913468,7,999.202862
-17.048124,8,999.213304
-16.981551,8,999.227321
-16.965953,8,999.238287
-41.080185,19,999.268013
-18.907451,7,999.280653
-18.90367,8,999.354346
-19.921979,9,999.370343
-23.114736,9,999.386704
-25.686235,15,999.411969
-19.782132,9,999.426968
-22.267128,8,999.437437
-24.919847,9,999.452281
-16.577152,7,999.461954
-23.375446,9,999.476503
-20.421233,7,999.48928
-14.773161,7,999.499316
-16.714749,8,999.512975
-19.192343,8,999.524013
-71.460907,31,999.571964
-25.572121,16,999.59949
-19.935643,9,999.610554
-25.081122,10,999.625783
-17.046792,7,999.637865
-24.410862,10,999.653205
-16.242368,7,999.663553
-12.537701,8,999.677708
-22.700798,10,999.693562
-17.430891,7,999.702978
-19.271075,9,999.717754
-62.649399,29,999.762351
-10.270699,7,999.771657
-20.735515,9,999.785494
-15.938523,7,999.794942
-15.17105,7,999.807023
-37.714178,16,999.831155
-10.719156,9,999.845725
-17.37383,7,999.855122
-18.315532,9,999.869512
-22.24653,9,999.883556
-21.44953,10,999.898816
-21.425159,8,999.909089
-27.028326,11,999.927827
-20.10756,11,999.944197
-17.95592,8,999.9553
-19.39853,8,999.969113
-24.594646,9,999.983701
-51.127696,20,1000.014145
-29.804257,23,1000.047506
-19.766233,8,1000.061297
-22.288052,9,1000.075682
-19.668618,9,1000.09013
-14.25338,7,1000.09969
-20.075001,8,1000.11317
-33.119125,13,1000.144407
-17.373952,8,1000.15821
-20.653763,9,1000.172988
-54.810188,17,1000.199535
-17.520653,8,1000.213089
-14.828328,8,1000.223713
-19.003652,12,1000.243845
-32.372805,17,1000.269316
-21.606539,9,1000.283705
-26.88643,15,1000.306264
-14.846552,7,1000.315614
-33.596007,14,1000.337227
-19.647417,10,1000.352618
-14.370381,8,1000.366211
-22.635235,9,1000.377433
-14.865235,10,1000.392601
-20.258155,9,1000.406752
-61.165891,26,1000.445886
-18.88226,9,1000.460013
-40.414549,17,1000.487671
-21.807402,8,1000.498544
-34.723539,11,1000.514801
-19.013625,8,1000.528085
-16.040765,7,1000.537809
-19.096089,9,1000.561802
-24.624618,11,1000.577532
-19.525583,8,1000.590366
-23.514598,9,1000.60437
-16.45113,9,1000.618659
-24.958725,13,1000.636532
-33.854973,15,1000.659149
-25.950015,10,1000.674093
-46.884049,21,1000.704784
18.471618,42,1000.770827
-16.411413,7,1000.780539
-13.008559,8,1000.794152
-18.620191,8,1000.804284
-27.280423,10,1000.819714
-19.443386,8,1000.833088
-10.889339,9,1000.847505
-22.489039,9,1000.861819
-31.244918,12,1000.879259
-62.15562,25,1000.930219
-14.319048,7,1000.941231
-18.013151,8,1000.955098
-16.595003,8,1000.96873
-17.219888,8,1000.979624
-16.811102,8,1000.992421
-43.608646,16,1001.016718
-21.529265,9,1001.030954
-15.677791,7,1001.040006
-39.178241,18,1001.068357
-22.779004,8,1001.080101
-29.490231,10,1001.095792
-33.832053,13,1001.116358
-14.4853,9,1001.130169
-18.562583,9,1001.144255
-37.565695,18,1001.169549
-35.523613,23,1001.205257
-15.222321,9,1001.219187
-14.839229,9,1001.230825
-19.804177,8,1001.244142
-22.757981,9,1001.2585
-19.430536,9,1001.272079
-18.819749,9,1001.283585
-63.067311,41,1001.346227
-20.903908,11,1001.362079
-37.100086,30,1001.40568
-22.304863,9,1001.419769
-18.813564,8,1001.430517
-19.017521,10,1001.445526
-67.877104,33,1001.497198
-23.408762,14,1001.51843
-53.674609,27,1001.557311
-17.651661,8,1001.570375
-19.628855,7,1001.579632
-80.210175,34,1001.631258
-21.176443,9,1001.645338
-18.811574,8,1001.654896
-27.383933,10,1001.670022
-99.473562,44,1001.786075
-36.570621,15,1001.808486
-17.463198,7,1001.817468
-20.340611,8,1001.831082
-21.429593,9,1001.845269
-48.481563,15,1001.868135
-22.244147,8,1001.878631
-48.089864,19,1001.909539
-16.490386,8,1001.922212
-23.699388,10,1001.937567
-138.072184,48,1002.007857
-16.73304,8,1002.020733
-24.679161,10,1002.036361
-67.173351,21,1002.067313
-64.736824,22,1002.104367
-11.384421,7,1002.114408
-18.235173,7,1002.123492
-158.021688,51,1002.201908
-17.969019,8,1002.212196
-18.845175,8,1002.225778
-19.943295,9,1002.239955
-19.451353,13,1002.258095
-12.665477,8,1002.271112
-49.431579,22,1002.303414
-20.163757,9,1002.317404
-14.324586,8,1002.33059
-12.816696,7,1002.34001
-14.972094,7,1002.34997
-45.923415,20,1002.380248
-15.571015,8,1002.393303
-16.876264,9,1002.408087
-50.110349,22,1002.440656
-45.785628,21,1002.471268
-19.322184,9,1002.485568
-42.321925,15,1002.523246
-16.116945,7,1002.535988
-42.520424,31,1002.583034
-23.214762,15,1002.605314
-46.662008,16,1002.62953
-16.633141,8,1002.642966
-25.100676,10,1002.65767
-20.945304,9,1002.668687
-260.126019,120,1002.851152
-15.101914,8,1002.86431
-80.030075,35,1002.916112
-15.372409,7,1002.926018
-22.750661,9,1002.940077
-64.400157,26,1002.978663
-48.407335,24,1003.014096
-11.982018,8,1003.027386
-12.14352,7,1003.03666
-17.479392,9,1003.050609
-62.039316,28,1003.094484
-13.773625,7,1003.103999
-14.831879,7,1003.113358
-45.528971,22,1003.148286
-14.208484,8,1003.158447
-22.665243,9,1003.172669
-16.661676,8,1003.185609
-50.85856,26,1003.223574
-37.540012,27,1003.275748
-20.19707,8,1003.289584
-14.203782,8,1003.30442
-16.906792,29,1003.346477
-38.2782,16,1003.373692
-36.027094,15,1003.3967
-17.931763,8,1003.40714
-19.874185,8,1003.420234
-13.674451,9,1003.434483
-33.157583,17,1003.461593
-23.265232,9,1003.476593
-25.512209,9,1003.491042
-15.593656,8,1003.501457
-1447.165429,704,1004.673713
-15.615108,9,1004.688269
-105.047771,75,1004.800229
-13.508301,9,1004.814029
-29.627812,10,1004.828856
-15.760086,7,1004.837816
-19.180281,10,1004.85274
-27.606009,11,1004.868957
-30.569082,13,1004.889676
-30.128227,11,1004.920469
-18.256235,8,1004.934617
-741.050053,335,1005.446658
-20.494542,9,1005.457832
-25.061182,16,1005.483531
-19.216307,12,1005.500453
-25.255509,10,1005.515609
-83.574827,35,1005.568279
-67.093657,49,1005.641651
-21.830561,11,1005.657586
-17.844974,8,1005.683851
-22.065997,9,1005.69662
-27.062059,10,1005.712772
-285.567288,107,1005.874038
-18.938476,7,1005.883044
-68.216471,46,1005.951447
-21.368814,9,1005.965394
-17.67227,8,1005.978747
-36.319505,21,1006.010746
-84.626289,25,1006.048094
-16.708908,8,1006.061586
-23.878165,10,1006.07658
-184.148134,86,1006.203302
-35.605006,22,1006.23455
-15.347298,7,1006.246704
-15.79642,7,1006.256252
-65.308503,28,1006.299001
-19.954102,8,1006.309406
-23.262684,8,1006.322429
-18.987628,9,1006.336789
-25.891642,8,1006.347276
-18.77176,7,1006.359619
-23.382028,9,1006.370706
-15.418547,7,1006.383363
-18.385065,9,1006.397515
-16.029212,7,1006.406965
-15.949189,8,1006.420599
-15.208408,7,1006.429963
-24.24764,8,1006.457769
-32.836015,14,1006.476884
-14.0171,6,1006.488161
-13.359166,7,1006.498479
-19.992416,13,1006.518487
-20.169386,9,1006.530035
-54.398013,30,1006.574642
-21.829715,8,1006.587625
-108.723304,33,1006.637797
-41.90388,21,1006.668841
-24.040567,8,1006.679301
-21.453545,7,1006.692051
-15.413017,8,1006.70203
-21.79385,8,1006.715187
-22.606041,8,1006.728388
-42.6539,15,1006.750896
-22.527137,9,1006.76284
-56.085871,21,1006.796403
-61.765041,28,1006.83568
-16.684608,7,1006.848093
-27.102462,14,1006.866536
-27.087334,10,1006.881825
-22.518679,8,1006.894789
-49.155038,17,1006.919137
-15.399093,7,1006.931665
-52.633781,16,1006.955228
-16.236718,7,1006.964695
-134.819927,39,1007.021353
-18.991107,7,1007.033252
-17.646971,7,1007.04267
-58.984484,19,1007.070999
-86.260927,32,1007.116206
-21.76388,13,1007.135601
-17.818483,7,1007.145079
-23.631044,10,1007.159315
-19.497695,7,1007.171736
-21.538763,9,1007.182756
-23.21453,9,1007.210288
-16.635727,7,1007.222655
-20.004091,7,1007.232771
-20.918277,9,1007.247797
-46.134792,22,1007.279503
-55.845951,21,1007.310746
-16.835899,7,1007.322833
-17.390748,7,1007.332528
-17.193572,8,1007.345619
-18.022125,7,1007.354992
-34.985429,16,1007.382241
-31.688254,14,1007.403694
-59.472611,21,1007.434652
-17.254944,7,1007.446846
-17.383434,7,1007.456449
-17.631288,7,1007.468847
-26.491228,10,1007.483613
-17.16376,7,1007.492491
-21.674583,20,1007.522554
-55.285318,15,1007.545954
-59.285715,19,1007.574968
-20.620698,8,1007.585175
-58.676097,19,1007.614295
-57.996789,18,1007.642154
-17.327068,7,1007.651117
-20.206258,9,1007.665455
-16.799615,7,1007.674942
-26.29123,9,1007.689052
-46.553189,23,1007.724245
-15.165629,7,1007.733681
-75.824435,21,1007.764037
-14.327587,6,1007.775579
-56.04913,20,1007.80471
-11.855433,7,1007.814466
-82.646237,33,1007.865484
-18.155948,7,1007.87499
-28.385744,11,1007.89039
-13.793128,7,1007.902723
-55.607065,19,1007.928548
-94.094482,27,1007.985147
-83.391915,31,1008.031573
-37.956201,15,1008.054507
-47.459717,23,1008.090127
-63.633151,20,1008.119686
-17.656459,8,1008.130138
-69.879472,20,1008.159776
-23.158527,8,1008.173086
-18.360792,8,1008.183408
-111.430997,32,1008.231916
-20.75944,9,1008.246099
-29.28641,9,1008.257013
-17.35714,7,1008.269171
-17.685349,7,1008.278726
-20.598406,10,1008.294011
-18.007724,7,1008.30612
-15.717026,8,1008.316472
-77.632457,21,1008.347542
-15.607129,8,1008.361032
-14.639037,6,1008.369141
-15.009245,6,1008.377832
-18.480567,7,1008.389523
-20.424549,9,1008.403418
-18.171754,7,1008.413121
-107.307965,34,1008.464569
-25.445769,12,1008.481478
-14.816205,8,1008.494489
-21.38517,13,1008.511586
-32.473978,11,1008.530377
-14.461333,6,1008.538945
-17.499706,7,1008.54828
-55.262578,16,1008.571164
-41.227247,15,1008.593318
-98.612976,34,1008.644347
-19.183372,8,1008.657019
-29.418514,13,1008.674781
-17.24853,8,1008.687795
-16.007696,7,1008.697398
-181.711132,50,1008.776638
-14.778376,8,1008.789844
-17.674481,7,1008.799963
-16.352719,7,1008.812776
-18.465753,7,1008.822156
-15.862395,8,1008.835177
-17.284191,7,1008.844694
-16.013071,7,1008.85673
-16.264692,8,1008.867075
-29.06187,13,1008.887785
-20.078576,9,1008.90181
-19.376347,7,1008.911131
-40.740365,28,1008.95455
-22.977962,8,1008.964888
-16.95301,7,1008.977268
-20.482108,7,1008.986626
-22.725101,10,1009.001449
-42.861925,29,1009.04554
-42.921382,16,1009.068926
-16.78962,7,1009.078325
-16.87398,7,1009.090394
-19.718003,7,1009.100088
-17.200264,7,1009.114386
-17.622457,9,1009.125795
-21.329409,7,1009.137836
-16.74799,7,1009.147017
-25.971378,8,1009.160336
-13.343912,7,1009.169748
-17.823422,8,1009.183347
-38.946487,17,1009.207349
-19.740386,9,1009.221352
-14.290521,7,1009.23079
-15.463588,7,1009.24307
-18.21715,7,1009.253095
-17.252454,7,1009.265493
-20.36233,8,1009.27612
-25.147791,10,1009.290977
-25.479452,9,1009.305181
-14.685434,7,1009.315053
-30.779879,16,1009.341586
-15.43143,7,1009.351476
-34.418791,14,1009.373002
-87.497711,34,1009.424362
-22.693327,9,1009.43579
-20.353833,8,1009.448822
-71.535065,21,1009.480199
-39.453192,15,1009.517901
-20.919913,8,1009.531831
-55.064173,19,1009.56178
-17.654298,7,1009.570935
-18.78396,8,1009.584436
-47.940222,22,1009.616513
-19.781173,9,1009.630617
-23.718703,9,1009.644717
-14.524025,7,1009.654032
-25.742798,9,1009.667768
-2325.324844,1000,1011.206605
-26.916594,15,1011.229291
-2516.932875,1000,1012.775314
-109.77363,43,1012.841561
-27.119406,11,1012.861197
-68.905007,30,1012.908427
-55.220763,26,1012.947932
-17.445562,7,1012.957312
-42.194338,19,1012.987016
-51.029517,20,1013.017424
-19.59423,8,1013.030566
-66.586128,30,1013.075982
-39.186304,15,1013.098253
-28.532258,13,1013.11596
-15.966672,7,1013.128105
-17.20242,7,1013.137526
-14.91164,7,1013.14744
-21.916221,8,1013.16076
-21.002404,8,1013.173596
-36.436387,14,1013.192342
-89.192991,40,1013.253053
-1627.290054,692,1014.353803
-16.454668,7,1014.364699
-15.24154,8,1014.378989
-22.787325,10,1014.395607
-40.519496,17,1014.422697
-323.03711,146,1014.65603
-52.389136,28,1014.701757
-15.773628,7,1014.711643
-24.100727,8,1014.725012
-20.550019,8,1014.738671
-23.71033,10,1014.75404
-51.475632,21,1014.786574
-23.995313,9,1014.801241
-26.44984,12,1014.81847
-67.195064,19,1014.848213
-15.807963,7,1014.857982
-28.759694,9,1014.871907
-16.041311,9,1014.886297
-12.218785,7,1014.89624
-16.505283,7,1014.908663
-22.375954,9,1014.919977
-27.420426,11,1014.989379
-21.729077,8,1015.000545
-38.082648,13,1015.022922
-23.46228,12,1015.041897
-32.413045,32,1015.094589
-16.116915,8,1015.105229
-16.968313,7,1015.118105
-68.939124,32,1015.166161
-21.194362,9,1015.180108
-25.794647,10,1015.195345
-28.241902,11,1015.211859
-18.014175,7,1015.221266
-15.352255,6,1015.233271
-16.609648,7,1015.242769
-61.341233,25,1015.280788
-17.304222,7,1015.290082
-16.655477,7,1015.302248
-22.969455,8,1015.313499
-16.877216,7,1015.325961
-16.883469,8,1015.336308
-41.91411,18,1015.365235
-16.420255,7,1015.37509
-17.930925,7,1015.387939
-17.086637,7,1015.397506
-23.696116,12,1015.416978
-21.281913,9,1015.428604
-39.165633,17,1015.456545
-17.227529,7,1015.466203
-22.778441,8,1015.479618
-34.855953,15,1015.503512
-27.746078,9,1015.518242
-24.051226,8,1015.528854
-25.404255,14,1015.551712
-16.743683,9,1015.566043
-14.794978,9,1015.580952
-25.185103,9,1015.592117
-27.885128,17,1015.618931
-52.151817,18,1015.644527
-18.392793,7,1015.656511
-137.925055,65,1015.759051
-38.694641,15,1015.796548
-29.64836,14,1015.819104
-71.5805,32,1015.868725
-45.628188,16,1015.892535
-2866.981023,1000,1017.440288
-43.481795,15,1017.463034
-18.071219,7,1017.475684
-25.616188,11,1017.491267
-19.549602,7,1017.500585
-46.926689,16,1017.523914
-27.431794,9,1017.53829
-16.868096,7,1017.550536
-29.362635,9,1017.561634
-28.431638,10,1017.576406
-590.239328,230,1017.923558
-80.0467,33,1017.974823
-47.852236,18,1018.003317
-69.229868,28,1018.044031
-26.656354,11,1018.060013
-64.033613,25,1018.112651
-40.513609,16,1018.13979
-2867.755272,1000,1019.690149
-20.8334,9,1019.701669
-2915.483892,1000,1021.248152
-3000.023714,1000,1022.795927
-2997.483262,1000,1024.342759
-35.540374,12,1024.363365
-41.858518,14,1024.38504
-19.61328,7,1024.394087
-34.060803,16,1024.417588
-40.54603,19,1024.447058
-25.252364,8,1024.461931
-22.442953,8,1024.472194
-2954.081805,1000,1026.024461
-29.40192,9,1026.038717
-2628.306565,1000,1027.579313
-104.159567,35,1027.632173
-23.066013,8,1027.645259
-77.199934,22,1027.677503
-44.866945,33,1027.727849
-118.549808,49,1027.798346
-15.673264,6,1027.810047
-714.258851,274,1028.238997
-14.147017,9,1028.252954
-19.499274,8,1028.266298
-25.238428,10,1028.281151
-20.338927,8,1028.290995
-29.949779,12,1028.310701
-92.23605,27,1028.350526
-20.761972,7,1028.363279
-32.266457,13,1028.381483
-17.726406,7,1028.394455
-15.090038,8,1028.405035
-77.480977,25,1028.442182
-20.267014,7,1028.454049
-22.370127,8,1028.464583
-16.630643,7,1028.477068
-42.225096,20,1028.507269
-20.821427,8,1028.517943
-21.386611,8,1028.531016
-16.200213,6,1028.539466
-74.816068,34,1028.590498
-19.559258,7,1028.600204
-41.005742,16,1028.623665
-14.340775,6,1028.635005
-24.782716,8,1028.645785
-34.6814,16,1028.669111
-711.917808,308,1029.150985
-125.869998,34,1029.204231
-44.138596,17,1029.2296
-34.385051,16,1029.254169
-22.091142,9,1029.268721
-30.325575,15,1029.290941
-47.001804,21,1029.322353
-49.177375,18,1029.35174
-37.383658,15,1029.373831
-77.130173,23,1029.410015
-32.121955,14,1029.428637
-72.719536,24,1029.464849
-18.964456,9,1029.479308
-26.122658,8,1029.492519
-24.330503,8,1029.502686
-72.859186,23,1029.538498
-23.784127,8,1029.548991
-39.725455,17,1029.576171
-35.660533,16,1029.599508
-17.027099,7,1029.60904
-31.677122,15,1029.631012
-40.282092,16,1029.656812
-31.004777,13,1029.675061
-19.706409,7,1029.701478
-58.144694,21,1029.73402
-36.47207,14,1029.75577
-24.869056,9,1029.767023
-48.69236,14,1029.788759
-19.543583,7,1029.801158
-59.500142,21,1029.831682
-17.394711,7,1029.840802
-35.554886,29,1029.884458
-20.385105,7,1029.89909
-23.853441,9,1029.914129
-18.115541,7,1029.928929
-51.795957,15,1029.976008
-45.385184,17,1030.036599
-32.67556,15,1030.061856
-20.13234,7,1030.071203
-18.434729,7,1030.084363
-24.986712,8,1030.096397
-33.83865,13,1030.119365
-51.897047,14,1030.140992
-16.71798,7,1030.15046
-21.028595,7,1030.162901
-43.385688,18,1030.188569
-19.464214,7,1030.201271
-33.444896,9,1030.212732
-35.113856,14,1030.235313
-28.60642,10,1030.251219
-22.022241,7,1030.26384
-26.679249,10,1030.278962
-22.607055,9,1030.290144
-28.923942,15,1030.312891
-16.68182,8,1030.326154
-31.425382,15,1030.34901
-38.040343,12,1030.365964
-17.358565,8,1030.379466
-24.462086,9,1030.393465
-28.367698,9,1030.407919
-47.794901,14,1030.426982
-21.997014,8,1030.440503
-19.571762,7,1030.449866
-21.921773,9,1030.464194
-19.112224,8,1030.477975
-19.18204,7,1030.487292
-66.538896,28,1030.531601
-17.091337,7,1031.374507
-18.890688,7,1031.389615
-41.616584,14,1031.413466
-28.089525,10,1031.430871
-156.956481,48,1031.505512
-20.464627,7,1031.514933
-41.298753,16,1031.535643
-82.993759,34,1031.575004
-23.357419,8,1031.585634
-23.037567,8,1031.596213
-21.849667,8,1031.604689
-23.689282,9,1031.616176
-21.207339,8,1031.627249
-21.966115,7,1031.634933
-18.794924,7,1031.642675
-22.883644,9,1031.653945
-26.311623,10,1031.666428
-19.883307,8,1031.677524
-21.70679,8,1031.6861
-18.456417,7,1031.69644
-19.778445,7,1031.703798
-20.01493,7,1031.713697
-17.815581,7,1031.721473
-20.702279,10,1031.734316
-17.675054,7,1031.742697
-24.92117,8,1031.75382
-18.789661,8,1031.765046
-24.521332,9,1031.774438
-20.976767,8,1031.785423
-20.826458,8,1031.79728
-15.588534,7,1031.805078
-43.657218,17,1031.826011
-26.079096,8,1031.837153
-42.96737,17,1031.85822
-53.803932,19,1031.88291
-20.86766,8,1031.89512
-21.271771,8,1031.904339
-23.693332,13,1031.922421
-25.575452,13,1031.940315
-18.307786,7,1031.94892
-23.651756,8,1031.96056
-18.498244,7,1031.968709
-17.865974,8,1031.980134
-21.685166,8,1031.989136
-17.926138,7,1032.000237
-21.521016,7,1032.008512
-19.754904,8,1032.019702
-47.769072,18,1032.055091
-18.678641,7,1032.067178
-47.753068,18,1032.090377
-66.140479,23,1032.122432
-147.854382,52,1032.192066
-40.552798,16,1032.213965
-64.379385,22,1032.246308
-17.249545,8,1032.255501
-21.261123,8,1032.26782
-14.095216,6,1032.275697
-73.984177,25,1032.30961
-44.341072,17,1032.334037
-426.975451,172,1032.574377
-36.381987,14,1032.595092
-18.0496,7,1032.603606
-24.004688,9,1032.616398
-22.470968,8,1032.628816
-24.820253,8,1032.638131
-38.54925,16,1032.660221
-20.834332,7,1032.671514
-27.249053,9,1032.68491
-17.990012,7,1032.693693
-25.497293,8,1032.705698
-17.680023,7,1032.714788
-24.214996,8,1032.727266
-50.853997,19,1032.765664
-130.343747,53,1032.84716
-20.031968,7,1032.855935
-16.777058,7,1032.868201
-31.73114,15,1032.889791
-94.336716,32,1032.934034
-76.419498,24,1032.969378
-16.955229,8,1032.981969
-62.183704,19,1033.006734
-19.016692,7,1033.01898
-16.675911,7,1033.028389
-19.230383,7,1033.039837
-57.544191,23,1033.071593
-18.533529,7,1033.083541
-31.678901,16,1033.106601
-19.05362,8,1033.116477
-33.075348,15,1033.137732
-18.907346,7,1033.149755
-45.751251,17,1033.173156
-19.011435,8,1033.185668
-27.364481,9,1033.198999
-56.079648,21,1033.228819
-22.409454,8,1033.238267
-18.775412,8,1033.251774
-137.717973,51,1033.334455
-16.542851,8,1033.347649
-150.873469,66,1033.446249
-64.348309,25,1033.483001
-20.324861,8,1033.4964
-17.278389,7,1033.518836
-34.084502,14,1033.541904
-24.05695,8,1033.552474
-18.133439,9,1033.566894
-16.691057,8,1033.580655
-16.355122,7,1033.589784
-22.236284,8,1033.603365
-46.160795,19,1033.631187
-24.849131,9,1033.642072
-93.282284,36,1033.696313
-19.319145,8,1033.706083
-31.831979,15,1033.728371
-181.98365,80,1033.847991
-22.887682,8,1033.861297
-34.929876,15,1033.883458
-20.079848,8,1033.893073
-19.459592,7,1033.905146
-52.586137,19,1033.934067
-28.921646,15,1033.956444
-16.759767,7,1033.966065
-20.206083,8,1033.979194
-32.895865,14,1033.996991
-17.505843,7,1034.009249
-20.573267,7,1034.017717
-20.733493,8,1034.030772
-19.470152,8,1034.040843
-55.873764,19,1034.069433
-675.418541,298,1034.532989
-18.869425,8,1034.543447
-90.293004,34,1034.594033
-33.517348,14,1034.616404
-18.005949,9,1034.634928
-33.052412,14,1034.656177
-21.145634,8,1034.66677
-19.05334,7,1034.679049
-38.190275,16,1034.702109
-15.175677,6,1034.710811
-54.833226,21,1034.741495
-29.927187,10,1034.756077
-21.771688,9,1034.770428
-20.790875,7,1034.780216
-44.047788,21,1034.813696
-30.503465,14,1034.832443
-21.692796,7,1034.844613
-26.776239,10,1034.859372
-46.777285,16,1034.88278
-39.206806,15,1034.904717
-21.039728,11,1034.92011
-19.775228,8,1034.933109
-19.517827,7,1034.942483
-37.336198,18,1034.969839
-46.050711,16,1034.993091
-33.672923,13,1035.013663
-18.22044,8,1035.023831
-36.410409,14,1035.060278
-20.640282,8,1035.073243
-27.167203,9,1035.084718
-39.319884,19,1035.115247
-59.573254,24,1035.152701
-42.805224,15,1035.175628
-50.182476,24,1035.211703
-19.011552,8,1035.221787
-26.169245,10,1035.237241
-36.524094,13,1035.258297
-19.19615,7,1035.267913
-17.782056,7,1035.280434
-506.209857,214,1035.608334
-21.349797,8,1035.618319
-33.984705,11,1035.634384
-18.767621,7,1035.646587
-21.037166,9,1035.660404
-21.284699,8,1035.670475
-20.081886,8,1035.683837
-19.259616,9,1035.697984
-33.146226,14,1035.716965
-22.024442,9,1035.730658
-35.431224,16,1035.754107
-58.70656,20,1035.784331
-23.218503,9,1035.798688
-21.521908,8,1035.826306
-49.793634,17,1035.850947
-66.037794,27,1035.895304
-29.249471,13,1035.913688
-18.782459,8,1035.926762
-59.716959,24,1035.962799
-39.560074,11,1035.978754
-21.213358,8,1035.994739
-42.457584,13,1036.015714
-33.318576,12,1036.032847
-50.78466,15,1036.05924
-30.071781,12,1036.078846
-17.734547,7,1036.087971
-56.93819,22,1036.122823
-34.856377,11,1036.139034
-48.530022,19,1036.168783
-65.380278,23,1036.201473
-26.356003,10,1036.216326
-24.878962,10,1036.231647
-22.450143,10,1036.247345
-15.986719,6,1036.255949
-22.943581,8,1036.269152
-16.491816,7,1036.278981
-32.681133,13,1036.299836
-404.906838,166,1036.548873
-32.866956,13,1036.569565
-39.275765,16,1036.608131
-18.595102,8,1036.622685
-19.095895,7,1036.632497
-126.813323,44,1036.70074
-21.969651,8,1036.71121
-25.61935,9,1036.72538
-19.179338,7,1036.737776
-52.287185,27,1036.776949
-77.094148,21,1036.806978
-62.018737,21,1036.838578
-31.793678,12,1036.858803
-16.432972,7,1036.867745
-25.371615,9,1036.882077
-25.068095,8,1036.895339
-19.359801,8,1036.905619
-24.373576,9,1036.920411
-36.456586,11,1036.93664
-46.344982,13,1036.95761
-31.012943,10,1036.972119
-21.2737,7,1036.981639
-51.607869,17,1037.008559
-18.064874,8,1037.018699
-18.106974,10,1037.03354
-34.009523,10,1037.048335
-23.404516,8,1037.061883
-18.181017,7,1037.071537
-19.07561,7,1037.084017
-16.910644,7,1037.093782
-21.139382,9,1037.10778
-21.373601,9,1037.122176
-20.841898,8,1037.132425
-36.024448,14,1037.153579
-22.973791,8,1037.16662
-21.230122,7,1037.176153
-40.008068,15,1037.198242
-22.693635,12,1037.214978
-24.223899,9,1037.228952
-19.056377,8,1037.242289
-19.30053,8,1037.252542
-208.179446,76,1037.378126
-22.209152,8,1037.389334
-59.189863,22,1037.425176
-29.972282,16,1037.449192
-21.71479,9,1037.463152
-23.866878,8,1037.473103
-25.017154,8,1037.486174
-28.350378,9,1037.50132
-51.358925,16,1037.524923
-18.793102,7,1037.534174
-17.817646,8,1037.547194
-22.677763,7,1037.556348
-36.090126,10,1037.571173
-59.93105,23,1037.607349
-46.441497,14,1037.628948
-27.277488,9,1037.639507
-48.111665,20,1037.669553
-15.352686,6,1037.681039
-19.163757,8,1037.690995
-29.167799,11,1037.706505
-40.266161,15,1037.729261
-27.074659,11,1037.74787
-22.418217,8,1037.758478
-20.012057,8,1037.771198
-18.887046,7,1037.780535
-35.83577,15,1037.802577
-25.379589,8,1037.815509
-80.673793,21,1037.846265
-19.310453,9,1037.859845
-36.291071,13,1037.877837
-63.020139,16,1037.904418
-23.467218,8,1037.915054
-40.691725,18,1037.943312
-19.281555,7,1037.952266
-30.534535,12,1037.971864
-18.580615,8,1037.98218
-22.432366,8,1037.995274
-34.802474,12,1038.012212
-35.156524,18,1038.039787
-63.412765,15,1038.063181
-21.891224,8,1038.073026
-17.724702,8,1038.08588
-67.694609,31,1038.147018
-35.997263,15,1038.169626
-20.694433,8,1038.183551
-16.723982,7,1038.193322
-53.898941,16,1038.216722
-23.268237,9,1038.230454
-22.954135,9,1038.244102
-17.367178,8,1038.257321
-32.537078,15,1038.279782
-47.219975,20,1038.30931
-27.160865,11,1038.325049
-18.814482,8,1038.33517
-197.4675,68,1038.441877
-44.880952,15,1038.464258
-18.769238,8,1038.478098
-30.233447,15,1038.500951
-20.45267,8,1038.511354
-18.891727,8,1038.523727
-112.771718,31,1038.568875
-19.190098,8,1038.582007
-19.622027,8,1038.592316
-41.557088,17,1038.619055
-24.554239,8,1038.62913
-23.150689,9,1038.643158
-87.753728,30,1038.68805
-21.323456,7,1038.697457
-24.263829,8,1038.710708
-23.123321,9,1038.726112
-20.985534,8,1038.736416
-30.876504,10,1038.751514
-21.612353,8,1038.764443
-21.428664,7,1038.773568
-23.153779,10,1038.78837
-18.270067,9,1038.802392
-25.235672,9,1038.816403
-51.232876,20,1038.845839
-50.346162,15,1038.867806
-25.707605,9,1038.895066
-46.008043,15,1038.917985
-24.219176,8,1038.928909
-70.505105,20,1038.958292
-66.354943,21,1038.991871
-53.278366,19,1039.017419
-70.495445,22,1039.05207
-45.55617,16,1039.075705
-33.950041,14,1039.096846
-19.460213,8,1039.10679
-30.626845,11,1039.12565
-24.377059,8,1039.135889
-32.990485,11,1039.151358
-41.243247,13,1039.171627
-18.740793,8,1039.185194
-24.384925,8,1039.195492
-247.763771,83,1039.320326
-44.920608,16,1039.344261
-19.220025,8,1039.357646
-18.794774,7,1039.367501
-34.214195,12,1039.38453
-19.065412,8,1039.397485
-23.201669,8,1039.410588
-32.739929,13,1039.428348
-64.16659,30,1039.472464
-21.120333,8,1039.486103
-24.513647,8,1039.497345
-20.128306,9,1039.512008
-25.447468,8,1039.524708
-53.79431,14,1039.546283
-18.350063,8,1039.556552
-32.050855,13,1039.577636
-18.834211,9,1039.591984
-22.424739,8,1039.601981
-34.334346,13,1039.622543
-99.595298,29,1039.681457
-22.035459,8,1039.692586
-40.556729,15,1039.714878
-52.271932,17,1039.741941
-77.206729,27,1039.781067
-25.103439,10,1039.795844
-41.806194,18,1039.823488
-18.905712,7,1039.833258
-18.147207,8,1039.846763
-55.347448,21,1039.877589
-43.938252,18,1039.90171
-34.634623,13,1039.922318
-27.052223,10,1039.936571
-39.577364,13,1039.956898
-19.967602,7,1039.966711
-32.407812,12,1039.983598
-21.851612,7,1039.995841
-39.221114,14,1040.017144
-43.525838,13,1040.03506
-64.047146,16,1040.059204
-25.988535,11,1040.079237
-78.826243,21,1040.118766
-43.974132,16,1040.142784
-39.707244,16,1040.165888
-29.923649,18,1040.194104
-26.323235,9,1040.207629
-102.405928,33,1040.254951
-42.955941,20,1040.284999
-30.811169,16,1040.308343
-52.460594,17,1040.335692
-19.324315,7,1040.345111
-17.961534,8,1040.358562
-98.656195,27,1040.398458
-23.479932,9,1040.412579
-19.743747,8,1040.439206
-59.320698,18,1040.466567
-30.146703,12,1040.486687
-33.110634,14,1040.506311
-23.415919,9,1040.520726
-17.9237,8,1040.534295
-40.622927,13,1040.55196
-30.474774,10,1040.566688
-19.615612,9,1040.580313
-77.895425,23,1040.616826
-35.48304,14,1040.638699
-19.05827,8,1040.649103
-33.63329,12,1040.668898
-46.778138,15,1040.692411
-16.112047,7,1040.701842
-19.948293,8,1040.715226
-32.457699,18,1040.739958
-18.414546,7,1040.752577
-19.655338,8,1040.763628
-44.629588,20,1040.794077
-16.509886,8,1040.80683
-30.765697,11,1040.82269
-28.280047,12,1040.840572
-52.312387,15,1040.863264
-21.058379,8,1040.87658
-30.064546,13,1040.897436
-31.849772,14,1040.916297
-42.511949,14,1040.937538
-68.607484,20,1040.967705
-29.227527,13,1040.987893
-31.984719,10,1041.00316
-44.105728,17,1041.027574
-44.84626,17,1041.054533
-24.456495,8,1041.064828
-56.483753,16,1041.087728
-40.520568,13,1041.108688
-96.899006,37,1041.160837
-44.963095,15,1041.183388
-21.75158,9,1041.212388
-62.912521,19,1041.242953
-60.388503,20,1041.272556
-25.254189,9,1041.287241
-43.624394,16,1041.311017
-82.665014,32,1041.357081
-20.912187,8,1041.370945
-29.566957,10,1041.385768
-22.196777,10,1041.400505
-16.788125,7,1041.40985
-33.662392,14,1041.43116
-33.040422,16,1041.455339
-69.339452,42,1041.521076
-20.355532,7,1041.53062
-32.120224,12,1041.550661
-22.088128,8,1041.561131
-19.368386,7,1041.573057
-86.216173,25,1041.610526
-16.875403,6,1041.619156
-20.921531,8,1041.629543
-31.624221,13,1041.649914
-33.057306,14,1041.671624
-16.802145,7,1041.681295
-32.514145,15,1041.7038
-15.954074,8,1041.716913
-80.145007,27,1041.7558
-33.698182,16,1041.779703
-33.391394,14,1041.800593
-21.723519,8,1041.813595
-20.561299,8,1041.823558
-18.02614,8,1041.83672
-20.184202,9,1041.85102
-19.975041,8,1041.861336
-35.364654,13,1041.881635
-31.147085,12,1041.898536
-23.088942,9,1041.912767
-95.601476,35,1041.980764
-58.470805,31,1042.027372
-26.342033,9,1042.04172
-25.211589,8,1042.054829
-16.94364,7,1042.064388
-38.262227,15,1042.086813
-17.987882,7,1042.098915
-16.082757,7,1042.108428
-22.437712,9,1042.122303
-60.17696,36,1042.175961
-19.303898,7,1042.185059
-15.361872,6,1042.19687
-84.066828,22,1042.228311
-209.954986,85,1042.357387
-66.513998,23,1042.392307
-25.60407,8,1042.402322
-17.247909,10,1042.41727
-42.786709,19,1042.446429
-17.800322,7,1042.456236
-460.030616,187,1042.759048
-33.292819,14,1042.781081
-19.64146,11,1042.797373
-28.36419,8,1042.807929
-43.245319,16,1042.836916
-27.704133,9,1042.848396
-61.72827,25,1042.885715
-19.693206,9,1042.900043
-27.785997,10,1042.915419
-61.65377,27,1042.95838
-22.915311,8,1042.96892
-41.228133,15,1042.991516
-19.343797,7,1043.003657
-27.889649,17,1043.0283
-51.121432,24,1043.065443
-115.470437,40,1043.125432
-28.568864,16,1043.148962
-17.745372,8,1043.162501
-33.828749,15,1043.18547
-21.260662,10,1043.200381
-21.325586,8,1043.210807
-43.771755,33,1043.260818
-29.428415,12,1043.277883
-29.076208,13,1043.298606
-64.715308,25,1043.335923
-19.662636,9,1043.349975
-29.735997,15,1043.372246
-84.064163,27,1043.410851
-61.460964,15,1043.433345
-53.22094,18,1043.4616
-31.552878,13,1043.47964
-17.523717,7,1043.492133
-31.139144,13,1043.523654
-29.245837,9,1043.538966
-49.582472,17,1043.563785
-88.4741,21,1043.597161
-56.496024,19,1043.623226
-52.965788,15,1043.645218
-119.031128,33,1043.695517
-55.687653,19,1043.724371
-41.890446,21,1043.755193
-90.079667,26,1043.793678
-38.585923,14,1043.814684
-51.992752,15,1043.83664
-18.388277,8,1043.849945
-90.503295,24,1043.883047
-21.459,9,1043.897182
-29.108713,11,1043.9129
-26.890691,13,1043.933197
-54.582025,13,1043.953862
-16.301261,7,1043.963417
-59.991088,19,1043.992649
-21.405536,9,1044.006553
-47.718095,19,1044.032466
-66.638379,18,1044.060117
-15.46201,7,1044.069126
-39.840248,16,1044.095097
-18.219856,8,1044.10548
-28.264991,8,1044.118405
-37.491429,15,1044.140475
-49.03893,21,1044.171844
-48.477419,20,1044.205181
-85.319071,22,1044.237366
-39.184255,17,1044.277034
-51.035284,14,1044.300689
-79.968359,27,1044.340605
-106.405927,25,1044.379153
-73.51161,25,1044.416063
-54.485287,14,1044.437809
-27.307113,9,1044.452024
-117.823485,38,1044.506707
-57.900189,16,1044.530991
-16.734802,7,1044.543137
-53.873415,19,1044.571756
-86.040508,30,1044.616029
-47.589136,17,1044.639792
-43.998432,13,1044.660295
-57.253744,19,1044.685969
-48.937164,22,1044.719948
-74.619429,34,1044.769658
-26.688972,8,1044.780183
-17.684045,8,1044.79326
-63.185434,26,1044.831376
-42.226227,14,1044.852741
-27.662454,9,1044.866745
-74.999425,22,1044.898499
-32.132603,11,1044.914611
-63.48484,15,1044.936486
-20.197584,8,1044.949999
-24.641358,9,1044.964069
-39.534595,16,1044.987426
-82.717917,25,1045.036639
-17.583501,8,1045.047793
-27.4844,9,1045.062504
-20.939676,8,1045.076488
-78.891091,26,1045.116511
-20.545455,7,1045.126837
-88.007464,27,1045.169841
-110.321966,50,1045.243154
-35.840421,15,1045.265383
-46.146084,14,1045.286433
-28.5168,10,1045.301231
-25.321029,9,1045.312731
-39.438876,14,1045.33415
-22.502674,8,1045.347528
-33.088877,13,1045.365122
-39.354501,16,1045.395603
-21.99948,8,1045.407706
-38.185416,17,1045.446874
-35.056719,14,1045.471694
-43.764286,17,1045.508736
-32.82502,12,1045.531183
-77.381595,24,1045.572783
-44.416955,16,1045.599993
-32.086123,14,1045.62465
-19.936438,9,1045.640488
-22.438162,9,1045.656059
-35.411167,13,1045.677131
-23.871188,9,1045.693096
-38.980874,13,1045.716696
-49.379694,14,1045.737383
-38.207867,13,1045.755964
-74.714809,18,1045.781876
-24.105558,9,1045.792102
-14.833357,7,1045.803115
-42.677033,17,1045.825562
-17.942835,8,1045.838594
-31.890239,18,1045.876509
-23.186904,9,1045.889326
-18.388892,8,1045.902688
-35.556977,15,1045.927565
-20.813695,8,1045.936958
-82.570512,27,1045.978206
-19.852978,8,1045.987638
-170.989119,47,1046.059438
-64.961746,23,1046.090887
-20.704043,8,1046.103406
-48.624681,16,1046.126011
-21.897669,8,1046.138361
-22.040775,8,1046.148245
-15.413941,6,1046.15929
-84.712545,21,1046.188035
-35.230854,15,1046.21157
-113.681075,35,1046.261933
-44.706743,13,1046.279176
-37.38215,13,1046.298965
-20.511787,8,1046.311709
-42.860473,18,1046.3354
-24.655525,9,1046.348728
-41.632894,14,1046.370638
-72.704588,28,1046.40941
-41.129881,20,1046.438273
-17.940458,8,1046.450828
-42.68689,20,1046.479806
-60.977273,22,1046.509796
-163.016019,52,1046.657573
-56.072547,15,1046.681995
-20.187538,8,1046.692666
-50.153008,17,1046.720441
-20.349143,8,1046.731192
-16.159213,8,1046.744552
-82.542736,24,1046.779739
-65.765838,25,1046.816468
-86.6984,28,1046.855201
-21.539272,14,1046.876821
-39.960694,13,1046.898148
-33.636996,15,1046.925097
-58.028011,21,1046.955952
-55.888514,26,1046.994008
-24.264536,9,1047.008166
-30.283778,15,1047.030561
-13.790231,8,1047.043952
-42.144136,16,1047.068363
-18.727756,8,1047.079316
-54.851288,27,1047.120447
-51.431057,25,1047.158779
-33.130319,14,1047.179777
-51.765772,16,1047.202717
-19.661993,8,1047.213472
-23.242531,10,1047.228317
-55.170008,16,1047.255491
-17.28595,8,1047.266184
-39.649876,13,1047.286799
-20.52287,8,1047.297387
-18.644883,8,1047.310182
-31.362567,13,1047.33085
-33.190893,16,1047.353538
-23.410735,9,1047.367754
-17.323616,6,1047.376122
-29.299696,16,1047.398932
-20.207562,7,1047.408657
-14.837914,9,1047.436532
-49.530186,15,1047.460512
-80.528115,23,1047.495871
-65.796484,19,1047.525956
-26.192182,13,1047.54356
-23.590888,8,1047.556922
-77.956289,27,1047.596062
-51.391111,17,1047.622658
-35.525092,13,1047.63998
-39.394637,14,1047.662091
-147.414416,43,1047.726441
-46.429588,14,1047.744852
-45.118006,22,1047.7795
-43.891486,20,1047.809737
-53.14315,20,1047.838995
-95.589998,31,1047.884118
-108.16795,33,1047.936713
-49.574632,37,1047.990242
-71.768615,24,1048.026155
-21.617011,8,1048.036599
-46.731243,13,1048.057501
-53.094064,23,1048.093574
-19.749661,8,1048.103454
-33.316558,14,1048.125116
-17.836905,9,1048.139273
-49.783406,18,1048.164287
-40.423412,21,1048.213453
-24.533442,9,1048.225789
-31.122232,15,1048.247828
-25.909444,10,1048.264136
-15.335615,7,1048.276936
-28.350676,10,1048.292204
-27.013362,10,1048.307156
-23.669828,9,1048.321615
-21.901229,20,1048.351674
-37.293857,13,1048.369741
-19.803304,27,1048.412811
-33.654961,13,1048.43045
-44.198136,20,1048.460998
-29.694787,14,1048.48263
-36.570699,13,1048.503268
-28.578645,15,1048.526629
-45.844148,12,1048.543387
-24.935587,12,1048.560159
-36.546134,16,1048.586135
-57.865865,25,1048.623058
-37.151827,13,1048.640265
-26.325413,14,1048.661983
-65.897256,19,1048.690948
-16.091967,8,1048.701203
-39.584358,13,1048.721995
-31.686812,14,1048.743771
-112.216031,44,1048.80877
-35.464524,18,1048.833497
-61.979506,20,1048.863479
-49.204334,19,1048.892953
-167.597978,46,1048.974349
-37.227946,15,1048.997066
-60.930184,19,1049.026737
-144.20008,46,1049.094669
-25.351439,21,1049.12526
-79.557487,33,1049.175021
-32.927665,19,1049.204625
-18.130537,8,1049.215731
-24.256403,20,1049.24833
-35.120332,13,1049.268712
-31.457885,12,1049.286169
-81.067363,27,1049.328282
-35.525329,19,1049.357057
-26.057109,12,1049.373952
-30.951037,16,1049.398126
-15.818195,7,1049.410549
-31.178266,16,1049.434167
-34.927146,15,1049.45722
-13.585969,7,1049.466737
-16.573951,7,1049.479602
-14.736498,7,1049.489013
-24.039923,10,1049.504083
-29.41498,13,1049.525971
-32.273094,13,1049.543781
-49.075137,13,1049.564704
-19.097689,9,1049.578786
-37.327549,16,1049.602509
-44.82738,16,1049.62628
-23.652062,8,1049.638946
-20.298283,8,1049.649728
-642.585007,270,1050.080109
-86.52283,29,1050.125162
-14.736592,7,1050.134448
-17.057918,7,1050.146976
-20.98248,8,1050.157748
-22.19922,8,1050.171263
-54.285328,26,1050.209817
-15.773455,6,1050.218498
-33.630339,16,1050.244881
-31.667178,15,1050.267027
-79.744622,30,1050.312466
-21.463946,7,1050.321556
-19.555181,11,1050.337403
-15.360165,8,1050.350791
-201.850102,90,1050.490304
-17.477903,8,1050.51478
-55.592895,23,1050.552479
-31.325047,13,1050.57299
-12.94503,8,1050.583646
-13.947907,9,1050.598053
-19.104608,7,1050.607287
-72.924656,28,1050.650983
-16.50741,8,1050.663828
-22.484282,9,1050.675091
-48.872693,24,1050.711577
-23.254538,8,1050.724647
-20.129534,8,1050.734585
-35.230393,15,1050.757388
-22.182142,10,1050.772386
-41.659715,18,1050.808298
-17.665514,8,1050.821403
-47.260283,23,1050.854018
-22.719791,8,1050.867168
-19.308048,9,1050.881525
-17.938286,8,1050.892002
-39.577275,16,1050.914934
-18.808497,9,1050.929981
-21.194785,9,1050.943646
-21.786411,9,1050.957599
-102.794913,40,1051.019475
-19.063317,8,1051.030258
-18.586631,9,1051.044065
-69.680942,28,1051.086252
-19.213791,9,1051.100268
-70.317323,27,1051.139682
-15.539041,8,1051.152677
-18.498944,9,1051.163483
-55.792209,20,1051.193092
-50.568906,14,1051.214284
-25.63454,9,1051.22858
-17.806881,8,1051.242014
-22.898152,9,1051.253012
-19.129306,8,1051.266693
-28.727197,11,1051.297504
-98.283105,29,1051.34329
-16.778378,9,1051.357481
-56.36278,22,1051.389877
-37.910381,15,1051.411912
-17.234373,9,1051.426112
-50.590294,20,1051.456316
-29.072253,10,1051.471448
-86.000346,42,1051.533655
-18.709204,7,1051.545771
-56.031129,25,1051.583168
-16.010985,9,1051.597203
-65.484468,25,1051.635017
-38.931878,18,1051.660661
-60.024314,20,1051.690156
-80.043158,35,1051.743432
-139.366161,59,1051.83311
-19.778588,8,1051.84619
-14.999775,7,1051.855604
-30.639911,21,1051.886513
-53.03527,20,1051.917015
-20.630192,9,1051.930844
-25.918901,11,1051.946958
-16.188494,7,1051.959313
-50.431035,20,1051.987962
-16.413313,8,1051.998686
-90.650091,43,1052.079853
-15.462557,7,1052.08908
-19.158687,8,1052.102655
-62.49916,24,1052.140197
-60.836954,21,1052.170694
-20.529104,9,1052.185343
-16.861075,8,1052.196288
-17.214102,8,1052.20984
-94.885908,38,1052.265712
-40.358061,15,1052.288195
-37.395847,20,1052.317456
-20.106826,8,1052.331091
-53.679167,24,1052.368026
-20.461602,11,1052.383987
-23.611323,9,1052.398575
-23.332069,11,1052.415124
-20.355493,8,1052.428864
-36.747412,14,1052.447658
-18.093885,7,1052.460397
-18.099077,8,1052.470604
-52.375769,25,1052.507776
-26.100848,11,1052.526661
-46.394489,22,1052.558978
-18.914611,8,1052.572531
-59.384086,25,1052.610722
-83.664835,36,1052.664452
-28.818825,11,1052.681054
-21.780365,8,1052.694073
-62.513867,19,1052.71961
-22.048552,9,1052.733668
-50.093956,21,1052.764931
-76.177862,25,1052.802529
-13.423449,6,1052.826809
-53.277667,28,1052.868428
-21.635793,9,1052.882999
-22.22532,9,1052.897753
-21.46982,15,1052.920826
-18.113523,8,1052.93151
-22.931788,14,1052.952631
-36.327688,10,1052.968686
-19.189737,9,1052.98302
-20.58109,9,1052.997339
-87.052567,30,1053.042491
-16.674343,7,1053.051616
-76.029557,27,1053.092832
-30.283847,11,1053.10888
-46.072209,18,1053.133561
-15.655449,7,1053.146082
-22.331545,9,1053.160102
-77.047341,32,1053.208141
-17.605126,8,1053.221582
-36.177517,15,1053.244185
-15.085061,7,1053.253885
-16.897166,7,1053.263843
-13.915394,9,1053.278449
-63.453579,24,1053.31508
-33.586765,17,1053.338993
-18.910563,9,1053.35298
-41.094878,14,1053.374382
-23.522832,8,1053.387433
-21.812897,8,1053.397711
-22.362072,8,1053.410951
-63.509395,24,1053.447102
-35.267575,15,1053.469227
-38.868334,12,1053.486156
-19.717803,8,1053.499303
-18.859215,8,1053.509406
-18.505632,8,1053.522644
-13.893451,8,1053.533977
-35.183054,16,1053.560573
-71.173391,28,1053.604045
-53.878597,23,1053.642784
-20.114024,9,1053.65711
-17.859949,7,1053.666532
-27.117882,13,1053.687966
-48.237057,17,1053.712832
-24.064584,9,1053.727158
-13.760442,9,1053.741259
-49.783195,19,1053.767223
-49.103976,16,1053.793828
-20.838102,8,1053.804436
-18.338981,8,1053.817732
-21.84787,8,1053.828031
-17.857206,10,1053.843141
-14.545499,9,1053.856881
-17.873518,7,1053.869025
-35.458858,18,1053.8949
-32.951503,14,1053.916543
-15.158182,8,1053.930109
-24.523644,9,1053.941093
-19.169618,8,1053.954184
-24.769137,9,1053.968394
-20.7682,8,1053.979298
-17.094361,8,1053.992673
-25.161947,9,1054.006573
-34.94301,13,1054.024512
-15.969306,8,1054.037764
-22.869669,9,1054.051816
-20.435603,8,1054.062055
-38.029556,17,1054.089463
-17.25653,8,1054.099928
-22.201927,8,1054.113377
-17.0764,8,1054.126425
-16.301761,7,1054.135586
-23.823397,17,1054.16051
-16.548445,7,1054.172742
-31.040197,10,1054.188002
-18.00994,8,1054.198493
-35.061321,14,1054.219537
-16.261911,9,1054.2337
-17.662345,7,1054.243042
-102.637178,34,1054.29558
-20.171576,8,1054.308918
-38.590096,11,1054.325294
-16.926303,7,1054.334719
-17.268458,7,1054.361554
-20.329484,8,1054.372199
-21.214911,10,1054.38789
-85.243298,33,1054.439799
-15.702039,7,1054.449289
-21.457427,8,1054.462849
-27.008744,9,1054.47679
-16.141752,7,1054.486331
-14.648466,8,1054.500341
-59.620423,14,1054.52187
-77.114378,36,1054.577886
-20.089996,8,1054.58823
-24.190522,9,1054.602601
-59.680088,20,1054.632467
-28.618323,12,1054.652097
-19.518769,8,1054.662729
-22.998041,9,1054.676499
-18.070258,7,1054.685737
-20.613478,9,1054.699528
-19.373576,8,1054.713013
-48.629169,21,1054.744356
-20.902822,9,1054.758408
-56.952796,24,1054.795835
-22.013645,8,1054.80608
-44.151996,18,1054.834714
-67.492816,31,1054.881697
-70.447306,28,1054.925737
-28.854623,13,1054.943623
-143.67496,61,1055.045352
-82.585796,36,1055.147085
-2597.847705,1000,1056.691415
-20.355555,8,1056.701813
-22.277644,10,1056.716636
-24.155545,8,1056.744484
-92.945409,41,1056.808083
-16.376245,7,1056.818781
-18.487968,7,1056.831307
-18.304597,7,1056.840902
-17.229156,8,1056.853586
-22.723378,8,1056.864443
-17.639834,7,1056.876924
-61.732755,27,1056.917471
-15.74935,8,1056.93061
-47.369413,20,1056.96146
-24.576065,9,1056.975524
-21.901737,9,1056.987001
-17.455558,7,1056.99949
-16.477775,8,1057.010292
-23.629993,8,1057.023543
-19.275747,8,1057.036496
-19.77981,9,1057.04787
-22.657642,8,1057.061221
-18.448721,7,1057.070714
-26.623541,10,1057.085386
-18.263322,7,1057.097833
-19.032424,7,1057.107025
-19.893072,8,1057.1207
-16.921647,8,1057.131145
-14.614024,7,1057.143085
-24.861327,9,1057.156724
-18.764683,8,1057.167505
-24.849877,9,1057.181622
-30.356765,10,1057.196045
-18.577304,7,1057.205377
-17.516449,7,1057.217592
-27.028139,9,1057.232042
-16.081784,8,1057.242672
-23.580134,10,1057.257327
-24.612763,9,1057.271174
-19.74335,8,1057.284594
-19.667233,9,1057.296065
-15.721472,7,1057.308154
-16.590065,7,1057.317622
-20.059844,9,1057.331749
-25.83375,9,1057.34567
-23.833159,8,1057.355893
-24.213292,9,1057.370036
-17.783281,8,1057.383504
-22.94317,9,1057.39788
-24.06811,9,1057.409264
-19.931249,7,1057.421714
-20.934383,8,1057.432209
-21.800195,8,1057.445394
-39.224993,15,1057.467213
-94.767167,28,1057.52538
-15.062439,7,1057.534935
-17.160143,7,1057.544952
-17.237989,7,1057.557562
-24.202776,9,1057.571481
-18.489538,7,1057.580957
-19.049092,7,1057.59044
-23.975847,9,1057.604682
-16.988241,7,1057.617393
-18.882902,7,1057.627273
-15.43426,8,1057.639834
-17.565916,7,1057.64939
-20.207317,9,1057.663446
-61.225866,25,1057.701671
-20.679059,8,1057.711807
-26.095428,10,1057.726655
-21.372486,9,1057.740681
-25.003185,11,1057.756073
-22.938566,7,1057.768655
-24.651587,8,1057.778936
-20.787728,7,1057.790665
-62.867431,26,1057.829905
-16.920989,7,1057.838939
-43.850305,15,1057.862136
-108.539873,36,1057.917897
-19.39054,7,1057.927792
-28.745403,11,1057.943509
-16.323841,7,1057.955622
-32.131401,13,1057.972995
-24.744543,9,1057.986699
-28.48333,9,1058.000936
-28.436193,9,1058.015546
-22.675074,8,1058.026039
-19.765535,10,1058.041263
-17.824059,9,1058.05518
-35.188444,14,1058.077043
-18.791439,7,1058.086194
-58.310894,20,1058.11593
-19.886354,7,1058.127999
-19.903829,7,1058.136783
-25.061146,10,1058.151343
-115.985433,39,1058.209842
-18.744604,7,1058.21909
-18.839093,7,1058.231551
-20.516297,7,1058.240996
-19.982708,7,1058.24991
-17.565513,7,1058.276564
-22.061151,9,1058.29106
-17.469415,8,1058.301461
-26.598582,9,1058.316531
-54.793456,20,1058.346421
-22.320969,7,1058.358836
-24.317027,10,1058.375116
-20.006155,8,1058.38833
-15.623036,9,1058.402691
-23.509137,8,1058.412542
-24.547082,8,1058.425887
-21.236448,8,1058.43926
-14.557385,7,1058.448864
-21.79906,8,1058.46229
-23.87661,9,1058.472869
-25.452007,9,1058.488416
-96.25878,41,1058.552452
-24.923627,8,1058.565776
-18.147854,8,1058.57922
-65.796951,20,1058.609887
-15.574633,7,1058.619327
-22.972774,8,1058.63272
-16.447595,7,1058.641974
-24.909402,9,1058.655774
-16.619637,8,1058.666309
-18.680834,9,1058.68049
-19.494716,8,1058.693886
-28.346018,9,1058.707596
-20.480263,7,1058.717607
-18.368555,8,1058.731566
-20.552206,8,1058.742071
-24.388722,9,1058.757992
-25.647579,13,1058.781138
-114.271938,36,1058.840105
-23.20495,8,1058.85137
-253.116615,92,1058.998841
-16.450652,8,1059.009318
-29.899768,10,1059.024514
-25.434779,9,1059.038237
-30.135628,10,1059.053829
-47.404701,14,1059.090441
-110.082181,56,1059.178057
-16.742673,7,1059.190583
-27.578087,10,1059.205978
-19.875862,8,1059.216383
-62.826356,18,1059.245581
-51.695544,21,1059.277711
-20.238083,7,1059.287591
-23.904356,9,1059.301972
-25.532999,10,1059.317467
-101.167914,33,1059.369365
-32.055215,15,1059.392421
-17.321753,7,1059.401984
-17.620644,7,1059.414784
-19.524397,8,1059.424845
-42.530261,15,1059.447068
-53.868219,27,1059.489007
-17.458782,7,1059.498506
-63.770789,35,1059.552055
-22.377884,8,1059.565634
-26.056149,10,1059.580655
-18.745923,7,1059.590022
-18.87387,7,1059.599595
-19.339742,8,1059.613061
-18.181,7,1059.622416
-22.005524,7,1059.635175
-18.208855,7,1059.644604
-18.196677,7,1059.656887
-96.300024,42,1059.71995
-21.540159,8,1059.733626
-155.325246,69,1059.837807
-18.303567,7,1059.865216
-17.506489,8,1059.876382
-19.126081,7,1059.888633
-21.785375,7,1059.8988
-75.008159,20,1059.929052
-18.238823,7,1059.941859
-29.119376,10,1059.956893
-17.33054,8,1059.967587
-48.972553,20,1059.998383
-21.664291,8,1060.012118
-44.300751,17,1060.036894
-19.97972,9,1060.051633
-85.328816,36,1060.109158
-21.616853,8,1060.122104
-39.702569,13,1060.141122
-35.931139,13,1060.161763
-29.806359,10,1060.177174
-45.382392,19,1060.207413
-21.607112,9,1060.221308
-20.324134,7,1060.230902
-18.809874,7,1060.240247
-25.126846,9,1060.254822
-17.720727,7,1060.267631
-26.233815,8,1060.278003
-36.185021,14,1060.299872
-25.06258,10,1060.31537
-48.460396,20,1060.346001
-16.606928,7,1060.354938
-30.580899,14,1060.376726
-42.751199,18,1060.404996
-40.268468,15,1060.428136
-33.291143,15,1060.450539
-45.028984,19,1060.47992
-44.671184,17,1060.504351
-120.588408,51,1060.583998
-39.980182,17,1060.612387
-84.330473,26,1060.665603
-51.582873,21,1060.697798
-21.81938,7,1060.707088
-22.447083,9,1060.721483
-24.808276,9,1060.766783
-40.816608,17,1060.791602
-24.486967,9,1060.805612
-107.549149,34,1060.858629
-42.057716,16,1060.882297
-34.115348,15,1060.90499
-40.13364,15,1060.92761
-41.950666,16,1060.95185
-77.155028,32,1061.004234
-123.405771,49,1061.08055
-25.660264,9,1061.091724
-17.186878,7,1061.104344
-17.521863,9,1061.119474
-26.107684,9,1061.130824
-31.445435,14,1061.152421
-25.992908,12,1061.173389
-42.829308,16,1061.197533
-37.441635,14,1061.219785
-40.708915,18,1061.24614
-21.413647,8,1061.259744
-17.45007,7,1061.269372
-51.957169,20,1061.299089
-24.107724,10,1061.314355
-40.920799,16,1061.337958
-37.830848,15,1061.36024
-29.059775,13,1061.381679
-35.575701,14,1061.404522
-35.244956,14,1061.426881
-33.597695,13,1061.459454
-32.567829,13,1061.481257
-22.684661,8,1061.491358
-36.292748,15,1061.514596
-40.970172,16,1061.541226
-46.898444,17,1061.566179
-19.985188,7,1061.575975
-67.436888,20,1061.605508
-34.629669,15,1061.628413
-58.052051,33,1061.679301
-22.26783,9,1061.693956
-19.708731,8,1061.703941
-18.461115,8,1061.717363
-105.274276,47,1061.788371
-26.780357,9,1061.80251
-43.702538,16,1061.826572
-40.471425,16,1061.85304
-60.459399,23,1061.885596
-65.24582,23,1061.926843
-27.155571,9,1061.941402
-19.744803,8,1061.951271
-41.253205,16,1061.975151
-22.758319,9,1061.989427
-15.901041,11,1062.005446
-126.512254,50,1062.082922
-21.198283,8,1062.096021
-16.934062,7,1062.105474
-16.539701,7,1062.117878
-17.067933,9,1062.132092
-24.696993,10,1062.14766
-30.346793,11,1062.164111
-15.140379,7,1062.173816
-15.626963,7,1062.186355
-26.919255,9,1062.197683
-18.393113,7,1062.209908
-22.611718,9,1062.270766
-27.586881,10,1062.2867
-18.730447,8,1062.298374
-30.073236,10,1062.314015
-30.30643,10,1062.329748
-35.400346,12,1062.349538
-374.055094,151,1062.582855
-108.208263,40,1062.643758
-21.256982,7,1062.653204
-20.550984,8,1062.666255
-20.286787,8,1062.676421
-26.606276,11,1062.694884
-21.751563,8,1062.704779
-18.289827,7,1062.717003
-32.293285,11,1062.732799
-24.847116,9,1062.746514
-49.28572,21,1062.777428
-174.018241,71,1062.885945
-19.954324,8,1062.899398
-26.853649,10,1062.914794
-24.094314,9,1062.926032
-30.758654,11,1062.944802
-19.382738,8,1062.955036
-16.249593,7,1062.967138
-18.845356,8,1062.977611
-16.017648,7,1062.989847
-20.4814,8,1063.000433
-25.807533,10,1063.015515
-62.220082,29,1063.075135
-20.585733,8,1063.088776
-39.697546,16,1063.112448
-27.813244,9,1063.126343
-120.245938,46,1063.196822
-22.498966,9,1063.211298
-16.273113,8,1063.221662
-19.065016,9,1063.2377
-21.980022,8,1063.251425
-23.938564,9,1063.26276
-21.4167,9,1063.277178
-29.138862,10,1063.292274
-21.762927,9,1063.306216
-16.84919,7,1063.315909
-74.351561,25,1063.353289
-26.647215,9,1063.367769
-20.873071,8,1063.380927
-18.845137,7,1063.390493
-18.450723,8,1063.403813
-27.334492,10,1063.418809
-43.581645,17,1063.443718
-18.537338,8,1063.456761
-22.361464,8,1063.46715
-26.189174,10,1063.482968
-21.583722,8,1063.497715
-35.179514,15,1063.521462
-23.360985,10,1063.536479
-19.275221,9,1063.551668
-24.715615,8,1063.562442
-19.426641,9,1063.576523
-17.430158,7,1063.589057
-21.132602,8,1063.599504
-52.783513,18,1063.62714
-43.069531,15,1063.650442
-24.929212,9,1063.664657
-34.376044,15,1063.686908
-39.073987,16,1063.710534
-41.134971,18,1063.735964
-33.878415,14,1063.757771
-71.88732,27,1063.800425
-32.713811,16,1063.83779
-22.504864,8,1063.849696
-44.214682,18,1063.878156
-30.883178,15,1063.900916
-21.234741,9,1063.915175
-12.503908,8,1063.925733
-19.451163,7,1063.937644
-28.433678,10,1063.952886
-33.778926,10,1063.967982
-44.210563,18,1063.993275
-20.343358,8,1064.006281
-42.190391,14,1064.028175
-26.362655,14,1064.050251
-25.161399,10,1064.065529
-16.515564,7,1064.074949
-17.856233,8,1064.08795
-385.612688,156,1064.32768
-74.578517,27,1064.366794
-35.553378,16,1064.390211
-84.634268,21,1064.424257
-24.171434,9,1064.435934
-80.472874,34,1064.488348
-19.76918,8,1064.501598
-17.789984,7,1064.511415
-50.265179,22,1064.546589
-43.061819,17,1064.571212
-38.157409,16,1064.609412
-19.885509,8,1064.622762
-20.103215,9,1064.638267
-32.304504,15,1064.662194
-39.595186,15,1064.685786
-42.00537,18,1064.711772
-748.805304,330,1065.210044
-15.39934,6,1065.218513
-19.239095,8,1065.231621
-14.360631,7,1065.240576
-22.715658,9,1065.254479
-26.715488,8,1065.268285
-36.981929,16,1065.292141
-29.264715,10,1065.306898
-109.413542,44,1065.389893
-38.471048,17,1065.415625
-39.273531,17,1065.443966
-33.113795,16,1065.468139
-63.858271,27,1065.507191
-27.79185,14,1065.529422
-21.332798,9,1065.543517
-31.583749,14,1065.565861
-22.444174,8,1065.576477
-31.917054,15,1065.598786
-22.839157,8,1065.612086
-30.496335,9,1065.626943
-41.082621,17,1065.651368
-18.65782,7,1065.660795
-27.408692,9,1065.675101
-25.371738,9,1065.689722
-55.913371,28,1065.732687
-32.239043,10,1065.748076
-23.221375,8,1065.757957
-21.513217,8,1065.771177
-31.953118,10,1065.786329
-20.162322,7,1065.795954
-31.607984,30,1065.839687
-33.501495,13,1065.861118
-18.356149,7,1065.870198
-22.942655,9,1065.884516
-18.98923,7,1065.893919
-24.869754,8,1065.906397
-26.009285,9,1065.920228
-23.047901,9,1065.934238
-23.221393,8,1065.944434
-42.292446,17,1065.972514
-36.101914,17,1066.001598
-27.163259,9,1066.016039
-18.634207,8,1066.026391
-17.469252,7,1066.039115
-22.646263,8,1066.050159
-21.724631,8,1066.063518
-47.403429,20,1066.093518
-44.332532,14,1066.114848
-51.54382,15,1066.137417
-30.291096,9,1066.166504
-17.149385,7,1066.17665
-21.454008,8,1066.189906
-21.895537,8,1066.200654
-18.144191,7,1066.213753
-17.511817,7,1066.223556
-83.593465,29,1066.26799
-18.327613,7,1066.277407
-32.692941,11,1066.293568
-18.128364,7,1066.306016
-22.563902,8,1066.316348
-23.350996,9,1066.330466
-20.889352,10,1066.345324
-23.723815,9,1066.359297
-23.714281,9,1066.373181
-21.848875,8,1066.383708
-21.390027,8,1066.397255
-22.530507,9,1066.411674
-20.405113,8,1066.42163
-17.847674,7,1066.43429
-28.499678,10,1066.449671
-29.80072,11,1066.465373
-18.172962,8,1066.479006
-120.812982,45,1066.545075
-20.785193,8,1066.555776
-34.789197,11,1066.571357
-28.61427,10,1066.586649
-17.500786,9,1066.600874
-25.510312,8,1066.614253
-28.628425,11,1066.630152
-56.376849,20,1066.659737
-25.36264,9,1066.674233
-27.625885,9,1066.68808
-17.580772,8,1066.698573
-18.415951,8,1066.711747
-21.691335,8,1066.721704
-24.491847,9,1066.735832
-20.70953,9,1066.749679
-25.931461,9,1066.764102
-19.856199,9,1066.778166
-27.994863,9,1066.789219
-28.761021,12,1066.809218
-43.91665,17,1066.833396
-21.303297,8,1066.846311
-19.329852,8,1066.856337
-26.699877,9,1066.870514
-13.311972,7,1066.88286
-26.312063,9,1066.894437
-17.184904,9,1066.908615
-18.559711,8,1066.936018
-16.436029,7,1066.945953
-34.550119,11,1066.962256
-21.849977,9,1066.976961
-18.235539,10,1066.991839
-17.73941,7,1067.004436
-17.857397,7,1067.013867
-26.247022,10,1067.029112
-23.462346,9,1067.043274
-23.351604,8,1067.053404
-19.416672,8,1067.06667
-23.447544,8,1067.079643
-15.645488,8,1067.089808
-21.761206,8,1067.103207
-26.916321,10,1067.118632
-18.432524,8,1067.12922
-23.503224,8,1067.143032
-18.179066,8,1067.155897
-18.731671,8,1067.166103
-21.185422,8,1067.179067
-18.129545,8,1067.189178
-20.6305,8,1067.202562
-26.968117,11,1067.219129
-24.861308,8,1067.232588
-42.731101,20,1067.263239
-25.414052,8,1067.273673
-21.894093,8,1067.287038
-22.978973,8,1067.300369
-27.363472,11,1067.316066
-23.116052,10,1067.331056
-26.133877,11,1067.355451
-45.798076,17,1067.380542
-22.462083,8,1067.393862
-21.037992,10,1067.409026
-85.632516,36,1067.464837
-23.836211,8,1067.477857
-19.544246,7,1067.486968
-30.290515,10,1067.5019
-23.81442,10,1067.516614
-22.848525,8,1067.530108
-25.187325,8,1067.540444
-21.619731,8,1067.554431
-16.511123,7,1067.564673
-22.401065,8,1067.578699
-17.989747,7,1067.58809
-26.395884,9,1067.602506
-23.528628,9,1067.616475
-28.872499,9,1067.630314
-21.797255,10,1067.645761
-20.94493,8,1067.655845
-18.334125,9,1067.671074
-17.092408,7,1067.683406
-27.588124,11,1067.713062
-21.543036,8,1067.72403
-23.131264,8,1067.739729
-26.051552,9,1067.756695
-19.500062,8,1067.771298
-26.912047,12,1067.802378
-22.477204,8,1067.816522
-19.498994,7,1067.832119
-20.593733,8,1067.845035
-22.257888,9,1067.859341
-24.034633,10,1067.873949
-29.381203,9,1067.887617
-24.385137,9,1067.901421
-16.320516,7,1067.910841
-84.143084,23,1067.947421
-20.388586,8,1067.95749
-46.039652,15,1067.980743
-19.672857,8,1067.993572
-21.925618,11,1068.010404
-21.909194,9,1068.030089
-27.033905,9,1068.055895
-18.865498,8,1068.079975
-20.611282,8,1068.098792
-15.909685,8,1068.116559
-21.957755,9,1068.129593
-22.305446,8,1068.145134
-25.757658,8,1068.160626
-21.138109,8,1068.171731
-23.253369,8,1068.186709
-21.725105,8,1068.198454
-19.840923,8,1068.213817
-17.69653,8,1068.228703
-24.475875,8,1068.240568
-50.335458,20,1068.273784
-22.983951,9,1068.287777
-28.778433,10,1068.305368
-26.490364,9,1068.320857
-288.934206,126,1068.499733
-28.414577,10,1068.514176
-20.632644,9,1068.52744
-28.458584,10,1068.541137
-23.795592,10,1068.570054
-23.363723,8,1068.580494
-24.253814,8,1068.593533
-26.178269,11,1068.608189
-18.97511,8,1068.62068
-24.637111,9,1068.634077
-29.313912,9,1068.64458
-93.360388,37,1068.702364
-17.856875,7,1068.711576
-308.247212,130,1068.908546
-79.282739,29,1068.952754
-2413.427005,1000,1070.538507
-2220.119487,1000,1072.156172
-86.188945,35,1072.210056
-2225.765865,1000,1073.82071
-2121.223865,944,1075.332034
-2358.572365,1000,1076.93585
-2291.0622,1000,1081.98238
-2270.25997,1000,1083.099578
-2144.64316,1000,1084.574916
-2120.091376,1000,1086.185903
-2109.071894,1000,1087.812255
-2074.254291,1000,1089.425916
-2075.60161,1000,1091.025794
-2068.012717,1000,1092.678977
-2043.678649,1000,1094.332107
-2059.329687,1000,1095.96497
-2031.553933,1000,1100.708609
-1594.806671,785,1101.593845
-209.831238,109,1101.72999
-1299.81637,713,1102.71922
-83.588829,49,1102.792208
-43.304091,24,1102.827997
-37.720541,17,1102.850856
-29.708238,13,1102.869657
-32.952403,19,1102.897555
-30.154933,14,1102.915907
-25.413771,13,1102.935899
-21.258028,12,1102.965615
-20.699752,11,1102.985434
-19.620872,12,1103.001971
-14.869832,12,1103.017828
-49.31326,20,1103.047918
-32.431459,15,1103.070116
-18.493748,8,1103.083292
-65.0985,24,1103.118485
-48.867869,15,1103.140856
-25.4978,11,1103.156122
-32.80879,14,1103.177557
-31.954236,13,1103.194978
-23.415535,10,1103.209627
-22.626673,9,1103.223057
-41.205567,19,1103.251695
-28.7142,15,1103.273547
-39.306807,18,1103.301941
-26.820924,10,1103.31654
-101.507058,37,1103.370622
-19.85948,8,1103.383629
-35.37259,15,1103.405591
-17.820008,9,1103.416782
-30.877876,13,1103.436736
-44.368141,18,1103.465831
-32.859392,14,1103.484268
-18.041272,10,1103.498468
-21.664379,9,1103.511945
-38.625341,17,1103.538514
-16.922782,9,1103.549793
-24.503586,10,1103.564705
-28.10864,13,1103.584653
-22.467782,11,1103.60041
-35.636648,16,1103.624638
-34.36246,16,1103.650662
-19.681677,9,1103.661655
-28.022268,13,1103.682091
-25.861758,10,1103.70993
-49.224526,17,1103.735334
-43.382397,12,1103.75564
-12.159319,7,1103.765476
-30.379783,13,1103.785982
-23.989796,11,1103.802344
-26.263329,10,1103.817167
-29.631797,13,1103.837476
-26.082071,13,1103.855248
-70.372964,28,1103.897784
-28.763077,12,1103.914208
-22.068822,12,1103.934857
-31.294822,16,1103.9582
-44.605675,18,1103.983265
-42.149996,14,1104.005019
-35.456055,17,1104.032355
-32.827946,16,1104.05591
-32.8302,11,1104.071718
-15.540544,16,1104.095862
-24.295301,10,1104.111108
-23.088215,10,1104.127291
-30.851402,12,1104.147512
-26.767658,12,1104.167751
-31.838337,14,1104.189157
-32.611641,16,1104.212958
-18.037786,8,1104.226236
-22.653446,10,1104.24112
-44.337153,22,1104.273686
-22.961511,9,1104.288113
-18.944315,10,1104.303597
-37.403591,16,1104.326671
-26.886998,13,1104.347091
-29.726778,13,1104.364956
-32.194442,14,1104.385824
-126.087896,34,1104.437441
-66.047765,27,1104.488958
-20.755299,9,1104.504309
-25.714774,13,1104.52683
-105.922905,35,1104.580313
-26.063791,10,1104.594911
-25.519798,13,1104.613425
-24.537708,11,1104.629611
-30.435969,13,1104.650723
-21.861861,12,1104.66788
-73.616762,23,1104.703184
-30.689088,12,1104.7202
-18.91313,11,1104.739158
-24.705928,11,1104.755442
-27.695575,12,1104.772613
-29.687864,12,1104.792702
-64.730056,26,1104.831962
-21.762548,12,1104.848556
-27.758153,11,1104.864706
-16.745599,7,1104.8772
-105.620733,32,1104.923776
-65.843256,33,1104.97472
-54.86848,24,1105.011468
-33.88844,11,1105.027071
-19.016407,9,1105.041022
-49.048661,13,1105.0593
-96.740734,27,1105.101675
-65.407401,24,1105.135501
-11.832259,13,1105.156349
-37.457892,12,1105.173105
-26.421231,11,1105.19169
-56.944915,22,1105.223646
-31.960196,15,1105.261498
-33.319135,10,1105.277173
-610.437687,262,1105.677527
-38.830196,12,1105.697107
-23.527942,12,1105.713783
-39.509527,12,1105.733455
-25.846939,11,1105.749284
-16.452439,11,1105.765285
-64.56238,23,1105.800968
-117.99213,40,1105.86174
-138.854984,42,1105.924173
-47.796804,21,1105.955273
-19.354796,10,1105.970979
-12.295613,7,1105.983754
-26.790804,11,1106.000222
-38.175588,12,1106.031352
-64.22413,27,1106.07671
-27.296354,11,1106.093166
-74.444111,27,1106.13372
-29.016986,14,1106.155135
-22.702177,10,1106.170329
-32.910148,13,1106.191103
-36.026889,20,1106.221592
-48.195775,17,1106.246462
-112.518569,64,1106.343186
-33.74435,18,1106.368627
-24.481045,14,1106.39042
-22.290789,13,1106.411661
-48.296339,17,1106.436543
-19.229329,11,1106.452663
-18.784366,12,1106.472744
-36.261241,13,1106.490494
-29.62058,13,1106.511754
-16.679743,10,1106.52672
-48.947845,17,1106.55148
-24.780914,12,1106.571951
-25.152216,12,1106.5893
-52.396328,18,1106.61812
-39.03954,12,1106.634911
-28.167664,12,1106.654748
-43.936896,21,1106.686077
-32.723584,12,1106.702898
-28.515642,11,1106.718777
-79.930029,24,1106.755347
-39.799948,15,1106.778411
-33.808653,15,1106.81679
-86.852361,38,1106.876838
-20.674465,18,1106.901498
-18.210978,10,1106.916655
-63.900501,20,1106.947109
-27.59681,12,1106.966669
-38.314001,14,1106.988702
-21.90811,11,1107.005012
-27.47332,12,1107.022043
-32.033029,13,1107.043459
-23.296107,11,1107.059606
-40.66866,12,1107.076313
-33.996558,13,1107.097296
-26.693438,10,1107.113094
-25.840116,11,1107.129328
-28.11092,11,1107.145529
-79.637488,25,1107.183602
-25.905361,11,1107.202471
-18.675921,13,1107.220577
-52.814566,18,1107.248724
-28.05525,13,1107.266428
-34.655448,13,1107.287706
-102.436803,36,1107.341625
-22.898204,11,1107.357342
-22.501127,11,1107.376288
-15.150352,10,1107.391493
-25.541781,12,1107.408818
-66.164942,20,1107.438114
-34.742563,13,1107.459407
-50.436282,31,1107.505216
-23.600156,11,1107.521877
-15.106053,11,1107.538174
-32.584423,13,1107.558947
-49.675718,20,1107.604517
-16.825454,13,1107.623251
-47.561754,15,1107.647221
-23.674608,12,1107.668227
-24.061984,11,1107.684278
-37.543884,13,1107.704424
-24.231285,13,1107.722481
-36.759854,15,1107.74575
-88.620194,25,1107.783521
-38.74833,18,1107.812451
-24.147589,13,1107.830727
-16.907967,13,1107.851866
-30.362555,13,1107.872788
-27.210152,13,1107.891215
-19.223932,11,1107.907234
-24.347682,14,1107.92955
-44.537943,19,1107.959134
-26.910903,11,1107.976309
-23.391929,11,1107.992711
-22.7966,14,1108.014841
-34.407385,12,1108.034315
-25.269653,15,1108.056811
-24.431637,12,1108.074117
-39.087569,34,1108.127203
-30.473536,11,1108.143576
-30.364485,14,1108.165063
-18.563671,14,1108.187201
-27.459242,12,1108.204149
-27.505272,12,1108.220988
-30.114947,12,1108.241289
-28.436846,12,1108.259783
-108.907398,43,1108.326417
-32.862697,12,1108.344158
-50.37556,26,1108.395279
-49.744925,20,1108.426571
-42.844641,16,1108.453531
-34.405235,13,1108.471367
-38.244043,15,1108.494067
-22.476785,14,1108.515619
-33.07753,13,1108.536284
-34.540974,13,1108.554397
-31.298752,13,1108.575396
-70.265912,27,1108.615155
-28.697456,11,1108.631331
-38.823764,18,1108.660057
-105.23216,38,1108.718902
-29.735114,13,1108.736616
-19.671312,10,1108.752573
-29.861103,13,1108.773299
-34.160224,14,1108.79499
-29.459267,12,1108.812752
-34.585037,14,1108.834587
-24.172278,13,1108.853016
-28.100021,11,1108.871913
-28.627951,12,1108.889351
-63.710139,28,1108.932851
-35.474611,13,1108.951017
-23.860177,11,1108.967134
-30.178965,13,1108.987951
-42.09159,16,1109.011887
-38.373491,16,1109.035814
-56.343885,19,1109.064904
-40.688933,16,1109.087963
-34.857862,13,1109.108916
-66.31992,27,1109.16521
-14.93884,11,1109.184145
-27.485967,11,1109.20004
-38.81226,11,1109.216368
-65.734249,30,1109.261845
-46.798662,18,1109.289777
-14.967076,11,1109.306083
-19.336953,12,1109.322777
-42.594597,17,1109.3506
-20.068908,13,1109.368852
-28.809542,14,1109.391881
-21.057064,9,1109.40725
-28.777059,12,1109.426048
-15.972525,14,1109.448416
-27.676543,13,1109.469622
-37.611722,24,1109.503633
-21.271562,11,1109.522848
-11.799656,12,1109.53989
-24.958224,13,1109.560898
-20.796955,14,1109.580118
-30.017791,13,1109.600522
-26.970675,13,1109.624826
-14.662322,11,1109.64147
-28.77549,13,1109.659701
-35.81096,14,1109.681572
-58.668078,21,1109.712459
-35.120682,16,1109.73957
-30.414881,12,1109.756701
-34.955023,12,1109.773704
-50.412945,18,1109.80231
-28.62692,9,1109.816507
-20.740138,7,1109.825966
-37.188215,11,1109.842146
-37.883722,13,1109.863719
-32.375472,12,1109.881366
-39.504363,16,1109.921654
-43.908404,15,1109.946473
-38.792236,17,1109.971265
-66.584848,24,1110.008894
-31.56457,13,1110.026711
-31.380694,12,1110.046461
-33.872314,13,1110.064772
-37.354755,13,1110.085705
-31.91757,14,1110.107291
-32.86195,13,1110.125111
-30.006657,14,1110.148897
-26.010571,11,1110.165138
-26.122576,12,1110.185575
-30.380133,12,1110.20278
-31.558389,13,1110.224192
-35.839708,15,1110.247778
-28.070994,11,1110.264942
-31.004001,13,1110.285392
-32.748082,12,1110.302852
-28.920125,12,1110.319743
-35.577356,15,1110.342935
-27.815458,11,1110.362157
-36.146032,16,1110.386176
-51.020078,16,1110.409598
-30.550211,14,1110.431614
-37.507148,13,1110.449699
-52.663454,20,1110.479913
-59.10453,21,1110.51401
-32.878936,15,1110.536317
-62.316467,23,1110.568951
-34.623756,15,1110.591319
-38.965426,15,1110.613834
-34.079012,13,1110.634826
-26.276064,11,1110.651367
-32.857522,12,1110.668335
-28.459957,13,1110.691931
-39.396563,15,1110.716368
-31.293537,13,1110.738188
-26.412116,12,1110.755502
-1213.963454,541,1111.599063
-46.21861,17,1111.626963
-35.511065,15,1111.649528
-33.001302,12,1111.666565
-45.726598,14,1111.688384
-31.104382,15,1111.712046
-34.170239,14,1111.733766
-35.345099,15,1111.756578
-21.400264,11,1111.772827
-42.294661,15,1111.795923
-39.683138,20,1111.827087
-30.824039,13,1111.845141
-34.148615,13,1111.866095
-74.77575,31,1111.913226
-25.449799,11,1111.929237
-21.079734,8,1111.943108
-31.167649,14,1111.964612
-38.378316,15,1111.986976
-77.404062,28,1112.027813
-53.034612,19,1112.057087
-28.092686,13,1112.078176
-53.779771,21,1112.110003
-89.075153,27,1112.148889
-29.812748,12,1112.169506
-31.396149,12,1112.186569
-29.551535,12,1112.206742
-23.063661,13,1112.224688
-68.219602,24,1112.27715
-30.798184,12,1112.294524
-34.364789,10,1112.309636
-33.495625,14,1112.331869
-31.270271,14,1112.353634
-31.108129,12,1112.370804
-29.162253,13,1112.392338
-42.278151,16,1112.415914
-26.590017,12,1112.435716
-32.867768,13,1112.453371
-25.575485,11,1112.469652
-101.867716,35,1112.522864
-597.323146,233,1112.883172
-24.976812,11,1112.899728
-36.128499,14,1112.92137
-21.277045,7,1112.930756
-32.921517,12,1112.950766
-36.349357,12,1112.968565
-1178.699022,486,1113.719848
-40.433704,11,1113.738957
-38.588059,13,1113.756897
-37.142783,13,1113.777981
-36.467856,14,1113.812526
-20.04491,8,1113.822579
-33.512609,15,1113.847687
-23.422232,11,1113.8638
-86.26382,35,1113.917084
-38.349414,15,1113.939428
-29.883383,11,1113.958877
-21.525177,12,1113.975776
-69.490867,29,1114.020399
-27.545451,12,1114.037606
-29.562701,14,1114.06028
-24.075154,13,1114.081475
-37.149397,14,1114.099938
-30.998712,13,1114.120434
-39.14404,15,1114.143448
-37.841365,13,1114.164311
-22.523097,8,1114.174237
-29.786483,13,1114.194847
-25.57566,11,1114.211103
-27.832252,12,1114.228401
-58.900305,23,1114.26394
-24.469141,9,1114.278142
-23.680298,8,1114.2887
-27.412415,11,1114.307379
-35.977393,10,1114.321974
-32.327571,11,1114.338513
-42.473911,15,1114.360831
-28.167194,9,1114.375185
-29.570115,20,1114.405009
-26.01438,8,1114.415609
-28.024805,9,1114.429765
-25.267033,8,1114.443178
-26.607562,8,1114.452951
-26.708386,13,1114.473769
-22.31651,11,1114.489629
-49.47396,15,1114.512139
-29.836945,12,1114.529503
-24.755988,8,1114.542771
-31.608606,13,1114.57814
-25.332605,8,1114.588825
-31.300858,12,1114.609398
-19.824608,13,1114.62757
-36.003098,13,1114.649354
-18.042455,10,1114.665672
-55.716937,32,1114.715422
-40.909242,16,1114.73897
-120.229172,28,1114.783656
-26.092981,9,1114.797536
-24.434146,10,1114.813135
-29.889522,9,1114.827416
-22.90356,14,1114.846633
-24.150439,9,1114.860857
-66.421429,31,1114.906249
-22.418848,8,1114.920034
-23.357581,8,1114.933405
-26.375242,9,1114.944842
-29.425857,11,1114.963433
-27.591276,13,1114.981498
-23.258486,12,1115.001263
-21.941041,9,1115.012541
-22.928996,9,1115.026494
-24.594203,11,1115.042356
-30.595615,13,1115.073433
-22.543211,10,1115.088953
-22.147578,9,1115.102963
-30.990855,12,1115.120023
-40.171773,17,1115.147279
-24.608153,9,1115.158516
-29.423375,10,1115.173282
-24.112653,9,1115.187707
-45.470661,18,1115.216318
-46.2317,18,1115.242043
-26.019306,10,1115.25746
-32.346797,12,1115.278035
-24.532633,9,1115.291872
-29.322784,10,1115.306637
-31.969557,14,1115.325529
-21.632391,9,1115.339392
-36.390729,14,1115.412196
-26.273401,9,1115.427424
-27.256126,10,1115.443613
-31.153328,12,1115.460755
-22.788793,9,1115.475403
-27.020012,9,1115.489382
-24.651782,8,1115.49964
-74.596873,24,1115.536222
-24.499001,12,1115.556086
-30.299575,9,1115.567586
-22.629345,8,1115.581112
-20.682102,9,1115.595362
-27.726461,15,1115.618053
-41.932293,14,1115.63994
-42.93781,15,1115.66297
-55.070614,17,1115.68707
-28.762953,15,1115.710846
-25.433848,10,1115.726085
-39.690321,14,1115.748079
-47.936063,15,1115.770738
-85.586094,27,1115.811905
-27.213962,11,1115.827863
-70.533632,22,1115.862675
-25.279562,9,1115.877008
-30.293347,11,1115.893002
-27.316139,12,1115.909705
-51.629565,26,1115.94834
-31.056869,10,1115.963483
-38.870819,15,1115.985879
-20.392355,8,1115.999103
-23.832244,8,1116.014806
-24.588026,9,1116.025909
-37.441596,13,1116.046579
-22.692373,9,1116.061026
-31.529429,13,1116.078915
-27.416386,9,1116.093163
-22.846418,8,1116.105682
-30.121052,11,1116.121413
-30.606584,12,1116.137995
-24.773492,10,1116.153143
-22.216877,9,1116.181983
-35.117627,12,1116.202673
-35.091007,11,1116.219384
-27.151759,9,1116.233996
-24.641636,9,1116.245161
-26.216696,11,1116.264504
-24.675991,9,1116.276082
-22.88332,9,1116.28982
-85.560678,24,1116.326706
-32.527962,11,1116.343083
-25.912616,9,1116.356811
-26.991365,11,1116.373108
-20.797884,9,1116.387845
-24.514393,8,1116.401354
-23.431066,8,1116.41225
-21.395301,8,1116.430661
-28.011506,13,1116.448447
-19.290656,9,1116.462705
-20.692124,8,1116.475805
-20.294843,7,1116.485097
-23.327443,8,1116.498806
-27.558813,8,1116.509753
-25.66617,11,1116.528858
-13.249096,11,1116.545375
-26.75063,9,1116.559586
-20.90479,9,1116.570982
-22.513009,8,1116.584768
-20.229826,8,1116.598157
-24.42563,10,1116.613402
-20.992919,8,1116.623713
-24.961005,8,1116.637413
-26.304824,8,1116.648403
-19.873745,8,1116.661745
-23.878631,11,1116.677925
-22.098205,9,1116.69249
-23.999843,9,1116.706071
-23.10761,8,1116.716674
-21.86109,9,1116.730861
-23.934786,9,1116.745319
-17.21349,10,1116.760676
-20.630622,8,1116.773874
-640.14951,278,1117.212281
-23.213218,8,1117.226128
-23.227206,8,1117.236328
-25.389733,8,1117.249593
-27.521065,8,1117.26356
-25.295498,8,1117.273824
-23.977415,10,1117.289082
-24.310168,8,1117.302765
-22.576891,8,1117.313604
-22.584667,8,1117.32672
-21.680279,9,1117.340779
-23.836282,9,1117.354946
-25.794536,8,1117.365514
-18.457142,9,1117.379716
-24.24415,8,1117.393343
-24.783209,8,1117.403507
-22.695723,9,1117.417733
-23.628083,8,1117.431094
-22.508445,10,1117.446458
-23.82442,8,1117.456233
-21.367519,8,1117.469635
-21.175515,8,1117.480116
-16.400455,9,1117.494241
-21.320879,9,1117.508802
-19.245857,8,1117.521994
-24.429078,8,1117.53251
-17.0817,10,1117.548002
-22.435491,8,1117.561363
-24.754119,8,1117.5711
-30.070314,9,1117.586073
-22.12729,7,1117.598577
-53.122695,20,1117.628303
-22.520707,8,1117.638391
-22.020502,9,1117.653232
-22.871026,8,1117.666212
-25.310409,8,1117.676573
-30.676879,9,1117.690501
-18.246795,9,1117.704454
-23.906461,9,1117.718639
-19.79399,8,1117.743385
-22.514699,8,1117.757632
-24.431254,8,1117.768377
-24.59687,8,1117.781957
-20.508062,9,1117.796244
-22.911711,8,1117.8064
-18.959833,10,1117.8219
-24.310311,8,1117.835888
-23.497485,8,1117.849289
-24.982788,8,1117.861065
-24.447224,8,1117.875089
-22.936752,8,1117.885621
-20.971111,8,1117.898801
-21.770333,11,1117.914481
-20.87985,8,1117.927968
-21.101938,8,1117.938066
-21.904753,9,1117.952209
-18.669195,10,1117.967787
-24.787507,9,1117.982673
-25.186974,8,1117.99615
-21.335209,10,1118.011723
-16.513697,10,1118.027413
-20.052658,8,1118.037719
-23.693534,8,1118.05117
-21.443263,8,1118.06226
-23.929373,9,1118.076817
-25.724643,9,1118.09093
-28.517677,11,1118.1072
-18.426901,8,1118.121091
-22.67419,9,1118.135134
-21.010189,9,1118.146408
-23.783594,8,1118.159854
-28.616415,12,1118.176649
-23.916134,8,1118.189856
-24.638052,8,1118.202814
-28.932121,11,1118.218982
-25.40281,8,1118.229286
-22.061038,8,1118.242658
-19.74107,9,1118.256875
-24.938643,11,1118.273075
-19.537467,9,1118.287084
-26.462251,8,1118.297693
-39.764475,16,1118.324283
-29.313176,13,1118.342684
-22.120358,8,1118.355649
-20.63373,9,1118.369963
-32.628059,13,1118.388799
-20.44984,9,1118.403033
-18.724246,8,1118.416863
-18.772449,8,1118.427155
-24.878784,9,1118.44116
-24.355943,9,1118.455022
-20.177345,7,1118.464694
-28.21844,10,1118.479819
-20.530184,10,1118.494964
-22.66256,10,1118.523405
-19.703406,8,1118.538081
-25.744256,9,1118.552223
-23.94286,8,1118.563088
-28.482723,8,1118.582112
-32.209888,16,1118.607847
-24.044222,11,1118.625756
-53.846518,16,1118.718513
-22.773655,8,1118.7431
-25.962475,8,1118.759596
-40.828903,15,1118.785854
-24.111519,9,1118.798743
-29.951939,11,1118.819578
-22.787985,9,1118.831534
-21.842252,11,1118.853123
-24.351036,22,1118.888178
-24.427887,9,1118.903544
-20.362183,8,1118.914284
-27.708029,8,1118.928076
-19.698361,10,1118.942738
-24.424053,8,1118.955675
-19.587581,7,1118.965501
-26.48106,8,1118.978742
-25.294601,8,1118.989139
-23.553664,8,1119.002724
-23.754994,10,1119.017894
-29.61957,10,1119.035067
-23.726922,9,1119.052154
-24.610832,9,1119.063987
-22.786504,9,1119.07942
-27.824405,11,1119.097849
-23.076136,9,1119.11485
-28.663549,13,1119.138446
-73.902431,23,1119.180289
-25.744239,10,1119.197063
-25.635986,9,1119.211761
-24.655757,9,1119.226365
-35.832871,18,1119.255196
-25.238282,9,1119.266955
-24.991279,8,1119.281225
-27.946854,11,1119.29766
-40.078725,14,1119.320191
-28.258056,12,1119.337586
-27.583607,10,1119.353623
-22.238121,10,1119.369015
-34.88751,10,1119.385244
-25.746826,11,1119.4051
-1619.915123,648,1120.451947
-35.813217,13,1120.473346
-21.400903,7,1120.483296
-45.871578,25,1120.52258
-33.125943,12,1120.5434
-25.794875,11,1120.5598
-44.365861,13,1120.578102
-39.192796,14,1120.600219
-20.034982,7,1120.612541
-36.003293,15,1120.635569
-43.726512,15,1120.657591
-36.397637,13,1120.675435
-31.650219,12,1120.695835
-64.447749,18,1120.722032
-33.431891,14,1120.745085
-19.755224,7,1120.754258
-60.360158,15,1120.77734
-29.470693,13,1120.797902
-156.617271,38,1120.85656
-42.913971,14,1120.87577
-51.617327,17,1120.903472
-40.170791,15,1120.926535
-36.952656,15,1120.949663
-45.327738,18,1120.974733
-43.393027,16,1121.000839
-54.638018,15,1121.038187
-52.809193,18,1121.064146
-24.811041,11,1121.080732
-26.099519,12,1121.100993
-49.305148,13,1121.119257
-33.738309,13,1121.142147
-34.164158,14,1121.164011
-86.021106,30,1121.209569
-188.199481,44,1121.276338
-35.170513,13,1121.295062
-27.036887,11,1121.311688
-41.668792,15,1121.333857
-28.021425,15,1121.356113
-33.543066,14,1121.379562
-86.150945,22,1121.414494
-51.053945,16,1121.438274
-47.244041,15,1121.461103
-32.36616,15,1121.48388
-73.645065,24,1121.521206
-53.477434,16,1121.544964
-19.928773,12,1121.562302
-40.32395,16,1121.586081
-52.412149,21,1121.620028
-38.168063,14,1121.63948
-29.242775,13,1121.660511
-41.669627,14,1121.682306
-33.9861,11,1121.698478
-25.441593,11,1121.714866
-33.558421,13,1121.735724
-21.445891,12,1121.75259
-42.381671,16,1121.776094
-35.69497,13,1121.812922
-30.167791,12,1121.830349
-35.200107,13,1121.852301
-43.937094,13,1121.87326
-31.68384,12,1121.890224
-35.524607,15,1121.912651
-36.354652,13,1121.934066
-39.618476,14,1121.952922
-27.839629,8,1121.966455
-37.114695,13,1121.987401
-37.508484,14,1122.006263
-32.141012,16,1122.032856
-64.633434,23,1122.066973
-41.760995,14,1122.088432
-31.093781,13,1122.108867
-41.257395,12,1122.125989
-43.188655,14,1122.148524
-34.883224,12,1122.165915
-28.239544,13,1122.187114
-31.882907,14,1122.208946
-30.073563,12,1122.225796
-69.634452,26,1122.264336
-58.413075,21,1122.296018
-28.884116,12,1122.316498
-33.099184,13,1122.334165
-22.059342,12,1122.354233
-39.119075,13,1122.372272
-31.02506,13,1122.393988
-33.474601,13,1122.414218
-42.688137,13,1122.431772
-24.492756,14,1122.452923
-25.322475,14,1122.475336
-96.48292,27,1122.514194
-33.959425,13,1122.53514
-48.280829,18,1122.56054
-38.143021,12,1122.59538
-37.78314,13,1122.614846
-22.278878,7,1122.627373
-83.616632,30,1122.672698
-38.053184,12,1122.689739
-56.906133,21,1122.721829
-47.772484,18,1122.750149
-31.864114,13,1122.77034
-38.017076,13,1122.788352
-78.0552,22,1122.823495
-79.791053,27,1122.863349
-28.263723,12,1122.88011
-29.039716,12,1122.900039
-24.865078,8,1122.910161
-130.916841,47,1122.98226
-92.218367,29,1123.027932
-17.125644,6,1123.036571
-128.324694,37,1123.0895
-38.422727,13,1123.110142
-31.757549,13,1123.127757
-93.714517,25,1123.164942
-30.761174,13,1123.185435
-59.991554,16,1123.209053
-18.522915,7,1123.22157
-143.999952,45,1123.296192
-27.484845,11,1123.312195
-31.685315,13,1123.329624
-20.058954,7,1123.354966
-24.291341,8,1123.36612
-35.028747,13,1123.390208
-47.585981,16,1123.416302
-76.023992,22,1123.451838
-24.465724,8,1123.462185
-31.844554,9,1123.47641
-27.5011,9,1123.490634
-48.667448,15,1123.513626
-28.659229,9,1123.528096
-19.198417,14,1123.547874
-21.55834,8,1123.562659
-46.014825,13,1123.584373
-21.57201,9,1123.595895
-37.123959,14,1123.617189
-81.755812,30,1123.661763
-45.092028,12,1123.681316
-31.549289,13,1123.70024
-24.010249,8,1123.713583
-25.867921,9,1123.727835
-77.360713,22,1123.759732
-21.488105,8,1123.772814
-28.498782,10,1123.788028
-25.752893,9,1123.809272
-72.685723,21,1123.844288
-25.239042,8,1123.856988
-18.886738,7,1123.873903
-25.156581,10,1123.894925
-26.981011,10,1123.914958
-22.604277,9,1123.928086
-24.9566,9,1123.945401
-33.660146,13,1123.965962
-22.384057,9,1123.98003
-126.553343,40,1124.037651
-23.78318,9,1124.048895
-19.5944,7,1124.060972
-27.017168,8,1124.070769
-45.920556,15,1124.092893
-40.283776,15,1124.115134
-17.761223,7,1124.127248
-22.151772,9,1124.141213
-24.444869,8,1124.165227
-22.441686,9,1124.179838
-23.704525,12,1124.196391
-26.502375,9,1124.210301
-24.821592,10,1124.225227
-23.229594,8,1124.23788
-20.91378,11,1124.254184
-31.634884,13,1124.275552
-76.972069,26,1124.313012
-41.28339,15,1124.340118
-18.621898,7,1124.349659
-37.013284,17,1124.37725
-25.513999,10,1124.392927
-51.011684,18,1124.417736
-54.337519,15,1124.441767
-24.347211,9,1124.456535
-33.975426,12,1124.474179
-53.227336,15,1124.497061
-27.942695,9,1124.512101
-36.387061,14,1124.534315
-22.343903,8,1124.547721
-25.369745,9,1124.559333
-30.822032,9,1124.573105
-17.896885,7,1124.586328
-15.639955,7,1124.596511
-59.591088,18,1124.624811
-25.537574,9,1124.635823
-34.994933,12,1124.655558
-19.54067,8,1124.665832
-21.684522,7,1124.678024
-25.424104,11,1124.694407
-29.213589,13,1124.715288
-30.397666,12,1124.732573
-77.468481,20,1124.762779
-23.82626,8,1124.776186
-30.820587,16,1124.80092
-23.928855,8,1124.811347
-33.917743,12,1124.831712
-28.139789,12,1124.848898
-20.322422,8,1124.861996
-28.800623,13,1124.879756
-20.718682,8,1124.892625
-24.510134,8,1124.905616
-22.451426,8,1124.915948
-21.330541,8,1124.943142
-28.880246,12,1124.973513
-39.104008,14,1125.017174
-22.754919,8,1125.031117
-25.362835,8,1125.041746
-19.811843,8,1125.055476
-24.01649,8,1125.065859
-19.332986,7,1125.077912
-25.113841,8,1125.088322
-22.515585,8,1125.102215
-20.971604,12,1125.118823
-22.028197,7,1125.131094
-23.031909,8,1125.14146
-23.624144,8,1125.155126
-22.289734,8,1125.169234
-24.291897,8,1125.180123
-68.915954,24,1125.216904
-24.032943,8,1125.231224
-23.384706,8,1125.241816
-23.819592,9,1125.255919
-20.636228,7,1125.266359
-22.768944,9,1125.281302
-24.880918,8,1125.294879
-23.060685,10,1125.30983
-29.032064,8,1125.320195
-22.714546,9,1125.334472
-24.050755,8,1125.348349
-23.460411,8,1125.35918
-22.140259,8,1125.372627
-22.912779,8,1125.386235
-22.15311,9,1125.397644
-27.774458,10,1125.412909
-22.78523,9,1125.426859
-24.809942,8,1125.440387
-61.593555,23,1125.473123
-24.700454,8,1125.486472
-26.79572,8,1125.499968
-23.042657,9,1125.511353
-25.37723,9,1125.525778
-20.788753,8,1125.538519
-21.445534,8,1125.548923
-24.381395,8,1125.562127
-20.900531,8,1125.575125
-25.049677,8,1125.585471
-23.212505,8,1125.598114
-18.246244,9,1125.612075
-20.975757,9,1125.623062
-26.319732,10,1125.637929
-29.132492,8,1125.651373
-25.256933,9,1125.665606
-23.180117,8,1125.676142
-36.608256,15,1125.698361
-24.095814,8,1125.712252
-15.828125,12,1125.72928
-19.884382,8,1125.755194
-55.244965,18,1125.784745
-82.945762,30,1125.830281
-23.375901,8,1125.840758
-23.110516,8,1125.854292
-22.370146,9,1125.86883
-23.620759,9,1125.880059
-23.836737,11,1125.899052
-22.544556,8,1125.909352
-21.841556,9,1125.923762
-23.112163,8,1125.936868
-36.792907,14,1125.955762
-22.269528,9,1125.970193
-27.846749,10,1125.985729
-22.615481,10,1126.000785
-24.163827,8,1126.013934
-21.957637,8,1126.02417
-19.580092,8,1126.037519
-22.388389,8,1126.051224
-24.324848,8,1126.061654
-21.227425,7,1126.073882
-38.225973,10,1126.089056
-27.414598,8,1126.099313
-27.182229,8,1126.112369
-23.750491,8,1126.122291
-26.007712,8,1126.135581
-25.777717,9,1126.149516
-36.252704,10,1126.164533
-21.893089,8,1126.175304
-18.294348,8,1126.188533
-54.217717,24,1126.224696
-21.990104,8,1126.235465
-18.687867,8,1126.248658
-22.471203,8,1126.261829
-19.160085,8,1126.271698
-22.193944,8,1126.28518
-21.541848,8,1126.295867
-19.949056,9,1126.310067
-21.927233,9,1126.324324
-25.556492,8,1126.337581
-26.360634,9,1126.34896
-22.871017,11,1126.368176
-19.577038,7,1126.377689
-20.370783,8,1126.390935
-17.788606,8,1126.401455
-21.544768,8,1126.414675
-20.674739,8,1126.425201
-20.648387,8,1126.438279
-22.954669,8,1126.451886
-21.666681,8,1126.461999
-22.699107,10,1126.47708
-20.230305,8,1126.489953
-27.084995,8,1126.500536
-26.869566,8,1126.526604
-23.105883,8,1126.540593
-23.202496,8,1126.552268
-21.248917,8,1126.566028
-29.028553,14,1126.587854
-23.606687,9,1126.599286
-20.648438,9,1126.613114
-24.993307,9,1126.62739
-23.694914,8,1126.640056
-24.314893,9,1126.651318
-24.418952,8,1126.664618
-109.581984,34,1126.716536
-22.205295,8,1126.727132
-22.6875,8,1126.740318
-27.807354,8,1126.75353
-25.682237,9,1126.764864
-21.996993,8,1126.778073
-23.730118,10,1126.793339
-24.54451,9,1126.807109
-19.753002,8,1126.817313
-25.252518,8,1126.830249
-26.827705,8,1126.84306
-19.872477,9,1126.854246
-24.05292,8,1126.867722
-21.524911,8,1126.88126
-22.427079,8,1126.891665
-31.750606,10,1126.906488
-22.801463,9,1126.920704
-22.886026,8,1126.933917
-24.086391,8,1126.944144
-24.34992,8,1126.957414
-29.098785,8,1126.968083
-20.621538,8,1126.981656
-28.14463,8,1126.994801
-22.672713,10,1127.010003
-19.391061,7,1127.019432
-23.159969,8,1127.032726
-23.821757,8,1127.043424
-25.456502,8,1127.055917
-18.687321,8,1127.066118
-27.455216,8,1127.079273
-25.930961,11,1127.095287
-25.295793,8,1127.107934
-22.795527,8,1127.118603
-21.857221,8,1127.132423
-17.134597,9,1127.146708
-20.294279,8,1127.156829
-19.617372,7,1127.169107
-21.305916,8,1127.179853
-23.507661,8,1127.193615
-24.539422,9,1127.207308
-22.420199,8,1127.217857
-27.92752,11,1127.236362
-26.060056,8,1127.247245
-20.232899,8,1127.261071
-20.15435,9,1127.274861
-23.721802,9,1127.298781
-26.437123,8,1127.314023
-28.62322,13,1127.33537
-20.734854,8,1127.346142
-25.326732,8,1127.360125
-22.376124,8,1127.370957
-20.370219,8,1127.385755
-19.871053,8,1127.399662
-21.73074,8,1127.409755
-19.476259,9,1127.424096
-18.764458,7,1127.43378
-25.084703,8,1127.447109
-26.54534,8,1127.460843
-22.207141,8,1127.47091
-32.094856,9,1127.484616
-23.013096,8,1127.498049
-25.904013,8,1127.508027
-24.4094,8,1127.521113
-23.210078,9,1127.535888
-22.518154,8,1127.54677
-21.864156,8,1127.560296
-27.709941,8,1127.570195
-21.044905,8,1127.583723
-23.690182,8,1127.597192
-23.529192,8,1127.607488
-21.348001,10,1127.622481
-27.271426,8,1127.636089
-23.470033,8,1127.646494
-22.988007,8,1127.659301
-23.932584,8,1127.672651
-21.850438,8,1127.682724
-22.848741,8,1127.696014
-20.854042,8,1127.706992
-19.598805,8,1127.720416
-26.908853,9,1127.734369
-26.276143,8,1127.745005
-21.080639,9,1127.759089
-20.475085,8,1127.771786
-23.698858,8,1127.781985
-24.529454,8,1127.794964
-19.898289,8,1127.808524
-22.518752,8,1127.819023
-41.843515,19,1127.847782
-34.523765,21,1127.879003
-22.930478,8,1127.892456
-50.599001,22,1127.923945
-21.115254,8,1127.937443
-25.667188,9,1127.951601
-31.717008,10,1127.96681
-23.196452,8,1127.977304
-22.610755,8,1127.990403
-21.125759,8,1128.000729
-41.277559,12,1128.020804
-25.048019,8,1128.031356
-25.652885,8,1128.045039
-18.38711,7,1128.054482
-23.926022,8,1128.07045
-23.057448,8,1128.085318
-22.29766,8,1128.096046
-19.594164,10,1128.111401
-19.377032,11,1128.127613
-25.12684,8,1128.141351
-21.45326,8,1128.154847
-29.349916,10,1128.169788
-21.478052,8,1128.180432
-21.275786,8,1128.19362
-19.072292,10,1128.209015
-25.166505,10,1128.223791
-17.241572,8,1128.234641
-20.612854,8,1128.248372
-25.124082,8,1128.262045
-18.096167,8,1128.272193
-24.031603,9,1128.28677
-23.008071,11,1128.302998
-21.255065,9,1128.316978
-27.329318,8,1128.330325
-24.855127,8,1128.340513
-18.531855,8,1128.353956
-69.811612,22,1128.385554
-26.895429,9,1128.40079
-21.018765,9,1128.415435
-23.02194,8,1128.425697
-22.935569,8,1128.438622
-25.864828,8,1128.452125
-21.567464,8,1128.462613
-27.523504,8,1128.475955
-25.660273,9,1128.490263
-22.669779,8,1128.500823
-20.675283,9,1128.515094
-29.34107,13,1128.536101
-24.39001,8,1128.546919
-25.433513,8,1128.559896
-29.04855,9,1128.57365
-37.46653,17,1128.597942
-52.8998,24,1128.634463
-211.08928,85,1128.76706
-28.506656,9,1128.780966
-24.321474,8,1128.79149
-25.218707,9,1128.805254
-21.70582,10,1128.820251
-22.991144,9,1128.8473
-21.648737,8,1128.857916
-16.861236,8,1128.871932
-46.576035,18,1128.901319
-33.274273,10,1128.916126
-29.554268,12,1128.933914
-22.902985,12,1128.950884
-254.378069,108,1129.12538
-22.704826,8,1129.138498
-31.443017,11,1129.154685
-25.142293,10,1129.170223
-29.727654,9,1129.185162
-19.606463,8,1129.195851
-27.44048,10,1129.211521
-22.224905,8,1129.224908
-23.890272,8,1129.23505
-22.441761,8,1129.248727
-25.69834,8,1129.261636
-21.056245,8,1129.271915
-42.949862,17,1129.299833
-36.978334,16,1129.323739
-23.611004,8,1129.334225
-25.604545,10,1129.349053
-25.628547,9,1129.36329
-16.961947,9,1129.377587
-31.299855,10,1129.392482
-23.244556,8,1129.405628
-21.459426,8,1129.415982
-24.981711,8,1129.429544
-20.106025,8,1129.43969
-28.047687,9,1129.453717
-22.209268,8,1129.466839
-31.841247,12,1129.483611
-22.450081,9,1129.497727
-18.789031,8,1129.511541
-21.425596,8,1129.5215
-30.14545,11,1129.537744
-17.512376,7,1129.55039
-19.962427,8,1129.561195
-26.7022,8,1129.57432
-24.151345,8,1129.587551
-59.183255,19,1129.628391
-22.949882,8,1129.642542
-24.76879,8,1129.65592
-25.347438,8,1129.666751
-23.964175,8,1129.680086
-22.462922,8,1129.690193
-21.469339,8,1129.70424
-22.070592,8,1129.717824
-25.514965,9,1129.729504
-18.907091,8,1129.743323
-24.681013,8,1129.756122
-23.987332,8,1129.766531
-23.523873,8,1129.779826
-39.355971,12,1129.796435
-23.901896,8,1129.809354
-17.516355,8,1129.819717
-31.633561,11,1129.838698
-28.558561,8,1129.849469
-27.202805,8,1129.862781
-29.187223,10,1129.877835
-37.068382,16,1129.901259
-20.414016,8,1129.9139
-20.071516,7,1129.923238
-20.35896,10,1129.938745
-25.741876,9,1129.952975
-25.345555,8,1129.963445
-24.838986,8,1129.977045
-29.799742,10,1129.99218
-22.563579,8,1130.005099
-25.198034,9,1130.017279
-23.918499,8,1130.030769
-22.94716,8,1130.055195
-23.499082,8,1130.06571
-30.742369,11,1130.08178
-24.006007,10,1130.09679
-24.505511,10,1130.111592
-25.166935,8,1130.124857
-26.497924,8,1130.138281
-20.614835,8,1130.149028
-25.594644,8,1130.162432
-20.738054,8,1130.172699
-29.209296,10,1130.18855
-23.8641,8,1130.202226
-24.151128,8,1130.216229
-23.468722,8,1130.227535
-20.733103,7,1130.240704
-26.374309,8,1130.25107
-19.299896,8,1130.26492
-22.032791,8,1130.275891
-22.451816,8,1130.289277
-24.469145,8,1130.302454
-22.750517,9,1130.313828
-24.277552,8,1130.327143
-20.894114,8,1130.340123
-23.680672,8,1130.350673
-25.575341,8,1130.364191
-26.869048,8,1130.374868
-19.596006,8,1130.388755
-21.868944,8,1130.415318
-21.888896,8,1130.426765
-23.049437,8,1130.440281
-25.978689,8,1130.45109
-23.535926,8,1130.464578
-25.16358,8,1130.477836
-36.650662,12,1130.495662
-18.296518,8,1130.508733
-20.621722,7,1130.518107
-26.24181,8,1130.53164
-26.233668,8,1130.542518
-24.815606,8,1130.555843
-24.771809,9,1130.570074
-24.95282,8,1130.580912
-25.508171,8,1130.594532
-29.614563,9,1130.608209
-94.192481,34,1130.656757
-23.083946,8,1130.670445
-25.376467,8,1130.683949
-23.324694,8,1130.694707
-23.182746,8,1130.70785
-21.207809,8,1130.717864
-41.25764,24,1130.754401
-38.381898,15,1130.777
-22.343273,8,1130.790287
-20.472017,8,1130.800386
-21.253657,8,1130.813453
-26.084572,8,1130.826707
-21.912444,8,1130.836816
-24.279054,8,1130.850286
-25.811167,12,1130.866569
-50.451439,19,1130.895778
-21.29163,8,1130.908814
-23.066622,8,1130.919179
-22.967489,8,1130.932725
-21.313619,8,1130.943138
-17.689944,9,1130.957206
-25.752246,8,1130.97061
-27.154322,8,1130.981171
-25.451044,8,1130.994334
-24.170794,8,1131.007388
-21.668337,8,1131.01777
-42.081549,18,1131.045902
-23.355778,8,1131.056126
-25.44797,8,1131.069838
-35.099507,15,1131.092766
-22.491587,8,1131.105574
-19.698625,7,1131.115215
-23.834634,8,1131.128425
-19.699607,8,1131.138469
-26.185958,8,1131.151911
-21.852232,8,1131.1625
-23.568559,8,1131.223009
-21.381622,8,1131.237512
-27.669711,8,1131.248966
-22.860664,8,1131.263168
-23.762941,8,1131.273532
-28.911243,12,1131.294286
-24.77438,8,1131.304634
-25.985516,8,1131.31787
-22.25983,8,1131.331069
-22.027311,8,1131.341325
-26.570619,9,1131.35548
-21.683872,8,1131.368988
-38.369699,13,1131.386935
-25.84441,8,1131.400627
-24.875579,8,1131.410967
-24.003947,8,1131.424151
-27.729014,10,1131.43914
-23.913186,8,1131.452292
-24.391847,8,1131.462703
-22.746623,8,1131.475631
-22.420368,8,1131.485668
-19.101632,8,1131.499154
-21.987852,8,1131.512543
-26.526566,8,1131.522553
-23.186183,8,1131.5354
-22.645557,8,1131.546391
-19.620064,8,1131.559222
-70.787279,23,1131.595208
-24.04136,8,1131.605468
-24.168862,9,1131.619806
-26.721539,8,1131.63346
-22.55946,8,1131.64394
-49.064229,22,1131.678288
-22.045406,8,1131.687985
-24.811196,8,1131.701783
-22.301288,8,1131.712309
-20.940732,8,1131.725299
-24.421811,8,1131.738127
-24.106931,8,1131.748684
-23.066055,8,1131.762138
-32.517118,23,1131.794533
-23.3943,8,1131.808176
-27.965746,9,1131.822268
-22.428332,8,1131.832379
-22.52476,8,1131.845534
-21.857718,8,1131.858621
-23.420692,8,1131.869207
-25.489945,8,1131.882458
-24.690321,8,1131.893358
-21.252223,7,1131.905376
-128.268197,48,1131.97507
-25.321361,8,1132.003012
-24.61165,8,1132.017329
-27.678157,8,1132.028141
-25.542325,9,1132.043505
-22.158087,7,1132.052775
-25.178198,8,1132.06622
-21.915344,8,1132.080122
-26.268342,8,1132.090324
-24.744021,8,1132.103534
-44.732739,14,1132.124963
-19.288742,8,1132.135183
-21.599767,9,1132.149502
-19.823364,8,1132.162779
-23.393142,8,1132.173058
-26.085022,8,1132.186355
-20.481867,8,1132.196922
-30.123141,10,1132.21227
-24.287547,9,1132.22681
-24.18815,8,1132.239852
-25.386862,8,1132.250314
-19.032316,8,1132.263771
-24.135892,9,1132.277994
-23.421711,8,1132.288411
-21.184559,9,1132.302319
-25.476337,8,1132.315589
-28.617347,10,1132.330965
-21.826669,8,1132.341163
-22.006056,8,1132.354298
-29.00391,8,1132.367386
-23.450123,8,1132.377745
-23.670916,8,1132.390535
-27.822572,8,1132.400747
-23.47017,8,1132.413962
-23.054446,8,1132.427243
-24.479348,8,1132.437459
-21.699533,8,1132.451256
-18.721757,8,1132.461613
-72.836596,22,1132.496624
-22.982152,8,1132.506791
-26.830245,9,1132.520836
-29.153375,12,1132.540432
-21.135881,10,1132.555931
-22.449379,8,1132.565888
-245.475304,69,1132.669715
-23.884219,8,1132.683017
-22.886202,8,1132.693541
-24.837901,8,1132.70697
-22.982348,8,1132.717045
-19.503514,8,1132.729916
-24.087724,8,1132.742949
-25.917339,8,1132.766559
-20.172781,9,1132.781505
-30.595612,10,1132.797047
-22.393047,8,1132.810598
-23.976265,8,1132.820908
-23.444122,8,1132.833961
-21.587547,7,1132.84346
-21.74355,8,1132.856787
-23.576932,8,1132.867382
-23.553941,8,1132.880864
-22.787618,8,1132.894016
-24.403409,8,1132.904113
-25.190059,8,1132.917572
-23.20942,8,1132.927636
-23.5169,8,1132.940631
-23.696185,8,1132.953637
-26.970334,8,1132.964215
-22.446792,8,1132.977887
-58.717808,31,1133.023348
-22.890179,8,1133.037708
-29.405225,8,1133.048652
-22.266572,9,1133.062603
-24.104434,8,1133.07582
-27.555032,8,1133.085976
-22.359929,8,1133.099382
-27.248614,10,1133.114265
-21.767007,8,1133.124423
-22.122613,8,1133.137669
-24.600028,8,1133.151136
-25.105792,8,1133.161583
-24.473224,8,1133.174023
-26.134452,8,1133.184562
-22.657522,9,1133.198623
-313.989251,134,1133.399641
-24.83519,8,1133.412957
-22.705241,8,1133.423367
-25.049047,8,1133.436651
-22.245931,8,1133.447267
-28.427207,8,1133.460719
-20.482323,7,1133.469621
-20.650876,7,1133.48168
-23.987105,7,1133.491031
-48.395752,22,1133.539733
-25.322498,8,1133.550969
-22.176854,7,1133.564102
-25.982572,8,1133.574731
-19.70005,11,1133.590717
-27.481353,8,1133.603955
-22.13691,8,1133.617327
-25.713894,8,1133.627449
-25.397332,8,1133.640537
-28.694984,8,1133.650936
-26.62301,8,1133.664147
-20.950981,8,1133.677162
-24.900239,8,1133.687174
-28.544943,8,1133.700777
-21.155985,7,1133.710093
-23.94625,8,1133.723267
-23.591276,8,1133.733664
-26.089702,8,1133.746645
-19.686699,9,1133.760797
-22.628813,8,1133.770566
-19.564701,8,1133.784101
-24.500652,8,1133.796908
-24.520833,8,1133.806759
-27.046396,8,1133.819926
-45.203027,22,1133.851177
-43.452259,16,1133.875214
-19.448337,8,1133.888478
-19.324922,8,1133.901813
-25.079915,8,1133.911954
-25.531248,8,1133.92483
-25.284863,8,1133.935007
-25.98571,8,1133.948163
-23.414052,8,1133.961241
-24.718297,8,1133.971341
-23.114865,8,1133.984817
-22.012126,8,1133.995558
-29.157531,10,1134.010338
-26.501968,8,1134.023721
-178.669319,61,1134.115253
-25.080004,8,1134.128527
-24.864826,8,1134.139106
-24.526358,8,1134.156719
-24.201757,8,1134.170086
-20.194089,7,1134.179544
-28.199244,11,1134.195277
-27.120125,8,1134.208392
-23.630856,9,1134.2223
-21.918298,8,1134.232725
-22.908026,8,1134.251932
-22.683202,8,1134.262803
-22.496724,8,1134.276098
-23.765989,8,1134.289724
-26.802207,8,1134.313711
-22.860422,8,1134.327228
-20.712076,8,1134.336935
-17.845928,7,1134.350298
-28.071984,8,1134.360877
-19.545908,8,1134.374376
-22.68484,9,1134.38921
-25.090594,8,1134.400068
-20.992736,8,1134.413639
-23.049281,8,1134.426771
-33.817667,13,1134.444793
-27.161483,8,1134.457738
-25.602644,8,1134.467722
-28.333852,9,1134.482202
-22.150568,8,1134.49471
-21.382969,7,1134.504327
-20.688691,8,1134.518058
-24.246067,8,1134.528535
-25.416645,8,1134.541976
-27.166895,13,1134.562825
-21.430164,8,1134.572707
-25.348601,8,1134.586101
-22.529863,8,1134.596444
-22.574579,8,1134.609027
-22.183811,8,1134.621966
-24.028547,8,1134.632427
-27.213607,9,1134.646324
-56.247075,23,1134.681446
-26.686396,8,1134.691556
-21.81514,8,1134.704989
-23.115548,8,1134.715784
-22.781263,8,1134.728801
-22.60986,8,1134.741568
-25.450615,8,1134.751533
-24.881509,8,1134.765292
-24.774408,8,1134.775656
-19.889977,9,1134.789181
-23.55579,8,1134.802604
-17.947964,7,1134.812176
-23.358705,8,1134.82552
-21.847124,8,1134.835574
-25.122996,8,1134.848804
-24.546064,8,1134.861617
-48.587288,16,1134.885387
-22.847801,9,1134.899771
-24.955728,8,1134.910232
-23.333393,8,1134.92307
-22.30459,8,1134.933256
-24.621374,8,1134.946807
-23.421046,9,1134.961157
-25.98328,8,1134.971189
-15.687838,8,1134.984921
-20.447691,7,1134.994351
-24.769127,8,1135.007257
-18.398633,8,1135.021014
-29.018831,9,1135.032311
-20.418348,8,1135.046055
-25.583611,8,1135.059275
-100.613652,24,1135.106891
-26.184804,8,1135.120833
-25.730099,8,1135.133998
-23.615567,8,1135.144611
-29.680045,9,1135.158474
-25.279604,10,1135.173619
-38.819635,21,1135.203663
-20.787267,8,1135.216751
-22.140612,8,1135.227166
-24.558821,8,1135.239828
-24.589711,8,1135.254957
-39.674463,18,1135.280927
-67.864121,22,1135.316158
-20.557762,8,1135.326492
-23.930415,8,1135.339888
-21.182174,8,1135.350221
-24.912143,8,1135.363422
-23.230392,8,1135.376581
-25.029854,8,1135.387382
-21.710985,10,1135.402575
-43.593777,24,1135.439477
-23.081527,8,1135.452339
-26.379941,9,1135.463831
-27.997833,8,1135.476994
-29.397415,8,1135.490237
-26.229267,8,1135.500859
-23.943844,8,1135.519908
-23.089617,7,1135.5297
-23.367928,8,1135.542935
-25.857179,8,1135.553185
-22.343739,8,1135.566359
-25.056349,10,1135.582132
-21.888697,8,1135.59533
-23.802335,9,1135.606047
-27.927007,9,1135.620075
-99.666667,30,1135.665428
-22.986394,8,1135.679013
-28.239909,9,1135.693193
-27.496765,10,1135.708249
-24.815108,8,1135.718256
-29.731526,10,1135.733695
-24.775842,8,1135.747236
-23.96375,8,1135.757119
-23.910816,10,1135.772279
-20.700913,8,1135.785692
-23.206782,8,1135.799221
-21.63436,8,1135.8092
-25.007302,8,1135.822089
-26.006976,8,1135.832261
-23.994485,8,1135.859238
-26.957267,10,1135.87564
-65.337006,23,1135.912935
-24.626579,8,1135.923166
-25.083816,8,1135.936727
-20.631485,8,1135.947913
-22.600314,8,1135.961346
-23.03614,8,1135.9746
-24.722857,8,1135.98501
-28.583825,8,1135.998425
-27.212107,8,1136.008547
-23.648781,8,1136.021315
-21.823395,8,1136.034459
-22.487141,8,1136.044845
-27.771541,9,1136.059005
-27.984801,9,1136.072723
-22.244293,8,1136.083324
-23.984606,8,1136.096938
-25.676611,10,1136.112153
-26.017902,9,1136.126403
-25.129138,8,1136.136787
-29.738761,9,1136.150551
-23.331951,8,1136.164249
-50.601006,25,1136.202508
-23.015606,8,1136.213143
-33.789848,9,1136.227216
-21.997941,9,1136.241033
-23.733225,8,1136.254352
-23.735383,8,1136.264634
-19.501911,8,1136.278164
-24.485849,8,1136.288441
-22.234738,8,1136.30185
-24.578855,8,1136.315549
-20.759718,9,1136.326398
-18.784072,8,1136.339345
-24.286007,8,1136.35229
-30.06611,10,1136.367301
-24.10269,10,1136.382724
-26.988348,9,1136.394076
-23.334638,8,1136.407095
-30.234985,10,1136.421994
-30.315036,9,1136.436465
-26.074335,9,1136.45077
-30.168189,9,1136.462404
-24.621287,8,1136.475721
-22.542866,8,1136.488991
-26.749261,10,1136.503881
-26.837563,9,1136.51515
-30.86162,10,1136.529851
-29.036557,9,1136.543753
-25.387841,8,1136.556689
-28.091856,8,1136.566902
-33.561977,10,1136.582322
-24.769048,8,1136.596061
-36.0232,10,1136.611379
-22.539657,8,1136.638828
-31.180208,10,1136.65478
-22.129132,8,1136.666104
-22.959469,9,1136.680357
-28.518654,9,1136.694886
-26.948802,9,1136.709696
-23.34199,8,1136.720187
-28.52614,9,1136.73456
-24.654132,8,1136.747474
-19.641597,8,1136.758123
-23.440802,10,1136.773086
-29.414305,12,1136.79341
-22.649521,8,1136.80351
-26.469603,9,1136.818532
-24.834028,9,1136.833669
-24.194732,8,1136.844008
-26.857862,9,1136.858541
-23.728023,8,1136.872005
-24.399302,9,1136.886281
-28.073993,10,1136.901293
-24.013455,9,1136.912636
-26.963899,9,1136.92715
-26.854846,9,1136.941473
-27.038,10,1136.956402
-23.548465,9,1136.970468
-24.749014,8,1136.981433
-43.489722,22,1137.016267
-24.896375,10,1137.03226
-26.823345,11,1137.048647
-23.553839,8,1137.062208
-20.948615,8,1137.072438
-19.934498,9,1137.086887
-25.690781,9,1137.101117
-65.832684,29,1137.145676
-25.135157,9,1137.156369
-24.033205,8,1137.169426
-21.79859,8,1137.182564
-57.685798,18,1137.207929
-22.997803,8,1137.220963
-76.373895,25,1137.257545
-17.597148,10,1137.272484
-27.14904,9,1137.286233
-16.881741,9,1137.297209
-22.873075,8,1137.310531
-35.060939,13,1137.331507
-192.737599,66,1137.448364
-70.702135,22,1137.480351
-30.47314,15,1137.503439
-26.95512,9,1137.517601
-24.305869,8,1137.531056
-25.355786,9,1137.542045
-100.20402,35,1137.595119
-22.113554,11,1137.614264
-52.252933,17,1137.638667
-27.046523,10,1137.653763
-28.176578,10,1137.668795
-21.667674,8,1137.681909
-18.496429,11,1137.698169
-96.384341,47,1137.76694
-61.418819,25,1137.805251
-26.848677,10,1137.820319
-46.184303,16,1137.8445
-34.173135,12,1137.864526
-35.286131,10,1137.879634
-30.118912,10,1137.894388
-64.398784,28,1137.933851
-28.645996,13,1137.954575
-38.00738,12,1137.971223
-307.616606,119,1138.153334
-45.839002,25,1138.20673
-24.890145,9,1138.221865
-23.777453,9,1138.236263
-51.479659,18,1138.261948
-27.362608,12,1138.281899
-25.782947,11,1138.297788
-83.577835,37,1138.352622
-27.893263,9,1138.367217
-25.428866,9,1138.381818
-22.080515,8,1138.395353
-21.947436,10,1138.410272
-25.43247,11,1138.426445
-33.369244,12,1138.443011
-26.134248,10,1138.4576
-66.326497,18,1138.487141
-87.430894,35,1138.539766
-26.208016,10,1138.554847
-393.855617,182,1138.826541
-27.01782,11,1138.842046
-111.79048,57,1138.929333
-37.573224,17,1138.968286
-40.273917,18,1138.997429
-23.419386,12,1139.014136
-24.611625,10,1139.029381
-56.653119,38,1139.087259
-35.741167,16,1139.110914
-27.319858,12,1139.127391
-21.983193,9,1139.14153
-51.999983,30,1139.18656
-136.27767,52,1139.265746
-21.123213,9,1139.276895
-21.979729,9,1139.290868
-31.496486,11,1139.306918
-28.965406,11,1139.326445
-60.79638,26,1139.364201
-16.891216,9,1139.378814
-20.445251,10,1139.39363
-80.81044,38,1139.449114
-49.826118,16,1139.479925
-51.420889,17,1139.5093
-117.832881,39,1139.585899
-19.250805,10,1139.606673
-291.035075,119,1139.793786
-23.636215,11,1139.812091
-2060.666434,808,1141.053331
-94.74165,72,1141.161623
-1285.373475,525,1141.963565
-143.502454,55,1142.061501
-84.234735,31,1142.108703
-33.559236,18,1142.133958
-21.725898,9,1142.148068
-17.832182,9,1142.162475
-71.210437,27,1142.201558
-24.986875,9,1142.216717
-20.127647,9,1142.231214
-35.030111,18,1142.259443
-24.85034,9,1142.270532
-28.225691,10,1142.285929
-27.176101,11,1142.304419
-28.662463,11,1142.320645
-28.00851,9,1142.335416
-21.985597,8,1142.345869
-21.661006,8,1142.359127
-163.158529,74,1142.471037
-23.026741,9,1142.482478
-116.565767,52,1142.562181
-26.603509,10,1142.576785
-87.425337,37,1142.630834
-78.867274,30,1142.675347
-26.494385,10,1142.690434
-53.305404,22,1142.725576
-117.914871,35,1142.77789
-34.741965,15,1142.800617
-203.030787,85,1142.943846
-18.353841,8,1142.954036
-135.218057,45,1143.022281
-57.071728,26,1143.061671
-189.940895,63,1143.160999
-56.413417,20,1143.19178
-20.380107,8,1143.205167
-26.401441,11,1143.222043
-18.985546,9,1143.236494
-25.559519,10,1143.251807
-18.684851,9,1143.263399
-15.509235,8,1143.276565
-14.643482,8,1143.289427
-23.683546,10,1143.304476
-20.481135,8,1143.314801
-18.710406,8,1143.328026
-22.909506,10,1143.343776
-50.557225,21,1143.375351
-28.581878,13,1143.396275
-19.323326,9,1143.407599
-17.6526,9,1143.42178
-21.077937,9,1143.436105
-18.789642,8,1143.449331
-65.985374,28,1143.488885
-21.517749,9,1143.503291
-13.071543,8,1143.51689
-26.361158,10,1143.531616
-27.080292,11,1143.547214
-18.438994,9,1143.561378
-21.737217,9,1143.572052
-21.289423,9,1143.599934
-27.600057,10,1143.616001
-127.932731,47,1143.692869
-24.856571,9,1143.704185
-19.261596,8,1143.717948
-21.251161,8,1143.731236
-20.040135,8,1143.741633
-22.989671,10,1143.756546
-18.338916,9,1143.770699
-23.577723,9,1143.7853
-20.374559,9,1143.799185
-24.860566,10,1143.814215
-21.338948,8,1143.824591
-59.804179,25,1143.863179
-23.463092,9,1143.877506
-19.173887,9,1143.89238
-24.896154,9,1143.90653
-18.719491,8,1143.917023
-20.830865,8,1143.930829
-27.232782,12,1143.947614
-19.879968,8,1143.960984
-20.981179,8,1143.970931
-18.088443,8,1143.984174
-21.765384,9,1143.9985
-63.710207,28,1144.037305
-20.316952,8,1144.050649
-20.636606,9,1144.065152
-20.508811,8,1144.075158
-24.479772,9,1144.089254
-17.540417,8,1144.102553
-22.389492,8,1144.112848
-18.203066,8,1144.1263
-23.92315,13,1144.146818
-21.868318,8,1144.156625
-18.754074,8,1144.170433
-17.120274,8,1144.181123
-24.822857,10,1144.195967
-20.252155,8,1144.209465
-18.911544,8,1144.222601
-72.459033,27,1144.2612
-19.134354,8,1144.274172
-17.485818,9,1144.285713
-18.673337,8,1144.29894
-18.217322,8,1144.311849
-19.427378,8,1144.321704
-20.120221,8,1144.334694
-15.41892,8,1144.345254
-28.095439,11,1144.378889
-16.543198,8,1144.389421
-17.851384,8,1144.40338
-19.839189,8,1144.414361
-21.753053,9,1144.429362
-39.198585,20,1144.460546
-16.352195,8,1144.474146
-19.030111,8,1144.484731
-17.760621,8,1144.498092
-20.823118,8,1144.511502
-17.061314,8,1144.521558
-19.990125,8,1144.535216
-19.766755,8,1144.546112
-19.693369,8,1144.559867
-18.847491,8,1144.573026
-18.518075,8,1144.583477
-17.887215,8,1144.596823
-17.205128,10,1144.61186
-26.452959,9,1144.626108
-18.002055,8,1144.636264
-20.227323,8,1144.649324
-21.275211,8,1144.6592
-20.663859,9,1144.673376
-22.549435,9,1144.687757
-32.699194,23,1144.723684
-20.193661,8,1144.734238
-18.080163,8,1144.747635
-106.796886,38,1144.804295
-21.575593,9,1144.818503
-39.248351,13,1144.83892
-27.532592,12,1144.856116
-22.826063,9,1144.870077
-647.592325,282,1145.308226
-19.429883,9,1145.321978
-22.98234,8,1145.335172
-22.760097,8,1145.345529
-25.729307,11,1145.36473
-19.971426,8,1145.37501
-22.636056,8,1145.388337
-21.787988,8,1145.398791
-26.944681,9,1145.412851
-24.887197,9,1145.426852
-88.209388,29,1145.471565
-25.960078,9,1145.486237
-21.55938,8,1145.496711
-24.902083,9,1145.510562
-25.798281,9,1145.524834
-24.03059,8,1145.534971
-21.174747,8,1145.548659
-22.678245,8,1145.562123
-21.868374,10,1145.577973
-38.409365,27,1145.616427
-21.025961,8,1145.629503
-25.320894,9,1145.64019
-22.999555,8,1145.653463
-21.763059,8,1145.666809
-19.763379,8,1145.677332
-22.769304,8,1145.690564
-108.831533,50,1145.766367
-19.890292,9,1145.780627
-26.187106,9,1145.791571
-21.244402,8,1145.80451
-22.089504,8,1145.817683
-22.778423,8,1145.827772
-42.219423,27,1145.868789
-18.944715,8,1145.879063
-23.401073,8,1145.892036
-25.07546,16,1145.930081
-36.055344,17,1145.955341
-19.970471,8,1145.969151
-21.632033,8,1145.982511
-22.439474,8,1145.992453
-21.135026,8,1146.006399
-23.126729,11,1146.022451
-26.576998,9,1146.036323
-21.379283,8,1146.047196
-20.498106,8,1146.061027
-19.236296,8,1146.073862
-20.307477,8,1146.084658
-51.198055,19,1146.113595
-23.157402,8,1146.126556
-24.842111,8,1146.137021
-20.453731,8,1146.15054
-17.392413,8,1146.160897
-18.205167,9,1146.174735
-23.982713,8,1146.187901
-19.487398,8,1146.198438
-23.834122,9,1146.212791
-20.619462,9,1146.226975
-26.703792,18,1146.256254
-21.737544,8,1146.267047
-22.727752,8,1146.280104
-21.006243,8,1146.29003
-23.379329,10,1146.304701
-20.636881,8,1146.317772
-36.618497,14,1146.339006
-19.747636,8,1146.349286
-18.606673,8,1146.362754
-19.328474,8,1146.376245
-30.382613,12,1146.393346
-22.213048,10,1146.419123
-16.252027,9,1146.433387
-72.040418,24,1146.469468
-17.914925,9,1146.480829
-18.714039,8,1146.493946
-21.535867,9,1146.50787
-26.569288,10,1146.522646
-19.629329,9,1146.536806
-21.373293,9,1146.548287
-16.896437,8,1146.561322
-18.573226,9,1146.575306
-37.859352,23,1146.60782
-139.659538,50,1146.734099
-16.145817,8,1146.748986
-18.622235,9,1146.764515
-18.708575,8,1146.775083
-21.60354,9,1146.788798
-19.333265,8,1146.803164
-19.092937,8,1146.813684
-22.170208,8,1146.827363
-18.835818,8,1146.840278
-19.214447,8,1146.850658
-24.012043,10,1146.865999
-18.809222,9,1146.880457
-25.584011,9,1146.894491
-45.898339,38,1146.95017
-50.552367,22,1146.985075
-20.471719,9,1146.999196
-16.80907,9,1147.010853
-27.77785,10,1147.025465
-49.062775,18,1147.053317
-17.20129,8,1147.067422
-14.389789,10,1147.082814
-24.289871,10,1147.097631
-17.053401,9,1147.108914
-18.185938,8,1147.121839
-32.849363,13,1147.142543
-22.9653,10,1147.157058
-16.480388,9,1147.1687
-19.756694,9,1147.182914
-18.301679,8,1147.196141
-96.381763,44,1147.263527
-24.088925,9,1147.27428
-17.863586,10,1147.289647
-23.119695,12,1147.309931
-16.811785,13,1147.327634
-14.799207,8,1147.340348
-16.727597,8,1147.3535
-17.033944,8,1147.363792
-17.423829,8,1147.376931
-16.974194,9,1147.391284
-23.338705,9,1147.402432
-14.944967,8,1147.415997
-21.10876,8,1147.4292
-19.528002,9,1147.43986
-19.608808,11,1147.458686
-17.534574,9,1147.469677
-18.704129,8,1147.48256
-15.686681,8,1147.510899
-19.480829,8,1147.521613
-21.068418,9,1147.535854
-27.274992,12,1147.553502
-10.942636,13,1147.574314
-22.152743,9,1147.588819
-19.049673,8,1147.599223
-15.128355,8,1147.612404
-17.44234,10,1147.627391
-49.203332,19,1147.656298
-15.191973,8,1147.666949
-51.501678,23,1147.702233
-18.252057,8,1147.715814
-16.840712,8,1147.726643
-20.345403,10,1147.741223
-16.178583,8,1147.754029
-20.635839,9,1147.768591
-12.668031,10,1147.783799
-16.072073,8,1147.794514
-86.485329,35,1147.847955
-16.195779,8,1147.861816
-33.318876,14,1147.882971
-17.986924,8,1147.893356
-20.069673,10,1147.908249
-17.118133,8,1147.921069
-18.907572,8,1147.93126
-167.959709,67,1148.035243
-20.79347,8,1148.045617
-17.019468,8,1148.058451
-18.913342,8,1148.071833
-20.649283,8,1148.081965
-55.237259,25,1148.118954
-18.708592,8,1148.132143
-20.009725,8,1148.142662
-24.78869,13,1148.163191
-18.2681,8,1148.17652
-35.25145,13,1148.194175
-30.883472,13,1148.214525
-19.994339,9,1148.228704
-75.997403,31,1148.290234
-32.729714,13,1148.308626
-21.570188,8,1148.322553
-16.479551,9,1148.336705
-32.051877,13,1148.354246
-14.955486,8,1148.368428
-43.681506,18,1148.397653
-29.484289,12,1148.41469
-16.710478,9,1148.429148
-16.062108,9,1148.443246
-38.364661,17,1148.467411
-18.31027,9,1148.481766
-22.181409,9,1148.495792
-18.400969,8,1148.505989
-16.953656,8,1148.519259
-18.205789,8,1148.529236
-60.715536,21,1148.563483
-24.101637,10,1148.578515
-16.588554,7,1148.587688
-17.847291,9,1148.602381
-23.516805,9,1148.616501
-47.907021,19,1148.642604
-42.04645,19,1148.671684
-23.177231,10,1148.686504
-17.715042,8,1148.699704
-131.178116,52,1148.777997
-39.128696,15,1148.80035
-57.978893,23,1148.834888
-21.480215,9,1148.848987
-19.507221,9,1148.859951
-67.366398,27,1148.902387
-18.951483,10,1148.917561
-15.517721,8,1148.927962
-16.171836,7,1148.939876
-17.054627,7,1148.949617
-44.026272,17,1148.976862
-20.305044,8,1148.986829
-29.07371,11,1149.002601
-18.881956,8,1149.015651
-24.807667,9,1149.043956
-22.982486,12,1149.061559
-24.463625,10,1149.077322
-73.613454,26,1149.115388
-19.240442,10,1149.131431
-23.582132,10,1149.146549
-118.952549,58,1149.235243
-31.45761,14,1149.25667
-33.628159,16,1149.280588
-27.055004,13,1149.300733
-27.087038,12,1149.317889
-32.969535,13,1149.338597
-2734.835083,1000,1150.905234
-22.026714,9,1150.91635
-37.329432,15,1150.940075
-34.767526,15,1150.963137
-16.928595,8,1150.976275
-16.714079,7,1150.985114
-24.274304,13,1151.005298
-27.357847,19,1151.034185
-40.725649,24,1151.069908
-28.011112,11,1151.085901
-97.884768,39,1151.14807
-25.614638,12,1151.165283
-22.436687,9,1151.179547
-48.130546,19,1151.209457
-39.146598,14,1151.227476
-19.019756,9,1151.241417
-27.584152,11,1151.256838
-52.875239,21,1151.289467
-18.504681,8,1151.299787
-20.367019,9,1151.314423
-67.532453,25,1151.351485
-19.688211,10,1151.379702
-33.871431,11,1151.39708
-47.850092,20,1151.427873
-82.317686,23,1151.464259
-34.126252,14,1151.485861
-34.711764,20,1151.516464
-15.937979,10,1151.531091
-122.784247,35,1151.583953
-40.976345,17,1151.607933
-38.43689,17,1151.632169
-54.051351,22,1151.668333
-59.972375,28,1151.708476
-13.983451,7,1151.721098
-15.082273,7,1151.730743
-16.422165,8,1151.744174
-22.704692,9,1151.758654
-27.240517,11,1151.774243
-18.984031,9,1151.788063
-17.103478,8,1151.79866
-33.707444,11,1151.81428
-66.053252,24,1151.850271
-21.398004,9,1151.866385
-19.834895,8,1151.879885
-65.47305,28,1151.920259
-38.293283,18,1151.948415
-19.506174,8,1151.95866
-24.588156,10,1151.973254
-2683.626296,1000,1153.525933
-19.290316,8,1153.538874
-41.799672,15,1153.561381
-19.341713,9,1153.575417
-18.194773,8,1153.585382
-14.85681,7,1153.598091
-22.408228,8,1153.608675
-16.888422,8,1153.621624
-38.289341,15,1153.64417
-16.65581,8,1153.657488
-19.394486,8,1153.667686
-18.042698,8,1153.681191
-20.419912,9,1153.710439
-52.872167,24,1153.74491
-23.719989,9,1153.759473
-23.217386,10,1153.774502
-24.496765,10,1153.790181
-20.631375,10,1153.805553
-83.124689,39,1153.865881
-19.179114,9,1153.880501
-25.938478,10,1153.895705
-432.464576,182,1154.166731
-25.623583,11,1154.182445
-48.016783,23,1154.217725
-25.687751,9,1154.231721
-21.134265,8,1154.242009
-17.305403,8,1154.254795
-20.351667,8,1154.268357
-17.306214,8,1154.278707
-30.253519,11,1154.29452
-18.469382,8,1154.307614
-22.671535,9,1154.321946
-19.311862,9,1154.335729
-19.129389,9,1154.346769
-20.262891,8,1154.359662
-19.456383,9,1154.373455
-69.26594,25,1154.410921
-18.477067,8,1154.421269
-20.471467,8,1154.434413
-25.617884,10,1154.449491
-18.124558,8,1154.477387
-22.474111,9,1154.488795
-16.454193,8,1154.503071
-27.002911,10,1154.518394
-18.531817,8,1154.532407
-16.899537,9,1154.544807
-18.04735,9,1154.561611
-18.538363,8,1154.575681
-19.385383,8,1154.586164
-25.990807,10,1154.601536
-125.237931,32,1154.651612
-19.343,9,1154.665874
-25.112833,9,1154.677075
-60.607501,24,1154.714122
-20.715357,8,1154.727464
-20.827363,10,1154.742628
-20.661932,8,1154.75326
-19.888583,8,1154.768033
-18.219823,8,1154.782084
-18.570658,8,1154.792898
-27.166819,18,1154.821153
-25.53998,10,1154.836639
-23.005777,9,1154.851127
-18.769673,8,1154.861278
-16.621821,9,1154.875112
-23.028575,10,1154.890108
-42.66786,21,1154.920691
-25.979433,10,1154.935932
-29.797749,12,1154.955506
-32.717651,11,1154.971206
-20.968964,8,1154.981714
-17.754999,7,1154.994236
-18.366348,8,1155.004091
-21.208265,9,1155.018278
-27.562705,10,1155.033312
-22.011665,9,1155.047482
-22.408699,9,1155.061771
-28.005787,13,1155.079568
-35.48011,14,1155.101018
-16.447766,8,1155.114466
-21.231089,8,1155.124731
-16.690904,10,1155.139656
-18.937878,8,1155.152877
-20.608146,8,1155.165981
-17.894105,8,1155.176391
-22.238624,9,1155.190019
-17.661464,8,1155.203583
-18.813213,9,1155.215157
-18.033091,8,1155.228612
-29.835739,12,1155.261578
-24.181964,11,1155.281456
-15.324704,9,1155.2938
-33.281089,14,1155.315458
-29.419643,12,1155.33568
-35.099286,26,1155.373281
-23.810209,12,1155.390323
-104.445603,55,1155.472842
-33.953665,13,1155.49385
-37.381145,15,1155.516002
-29.695268,11,1155.531729
-30.619454,12,1155.548436
-75.000832,30,1155.593558
-31.863431,12,1155.6136
-34.355571,12,1155.630661
-29.527956,12,1155.650223
-21.035764,9,1155.661547
-34.102847,13,1155.682269
-20.081138,8,1155.6953
-27.271807,10,1155.710112
-43.200942,25,1155.746789
-19.105737,9,1155.757497
-17.035688,8,1155.771807
-18.545565,8,1155.785139
-18.66654,9,1155.79604
-16.176462,8,1155.809284
-18.438474,8,1155.822143
-18.266058,8,1155.83274
-19.730351,8,1155.846061
-20.50022,8,1155.856616
-20.953857,8,1155.870189
-17.937117,8,1155.88312
-16.882178,8,1155.893643
-29.832232,10,1155.908715
-16.725912,8,1155.921604
-23.485426,8,1155.932162
-37.049605,12,1155.961576
-18.789246,8,1155.971585
-33.232585,13,1155.992419
-40.636787,16,1156.028085
-38.436073,15,1156.056649
-33.774905,13,1156.078604
-32.329865,12,1156.095146
-20.027738,8,1156.109149
-15.877556,8,1156.119614
-25.380525,8,1156.133544
-19.401072,8,1156.146886
-23.053355,9,1156.158125
-17.173302,8,1156.171399
-21.009551,8,1156.184348
-23.506306,8,1156.194869
-18.013439,8,1156.207574
-21.222343,9,1156.221691
-22.770333,9,1156.233066
-19.018943,8,1156.246316
-22.779409,8,1156.259579
-22.691923,8,1156.269639
-18.518056,8,1156.282982
-21.529733,8,1156.293418
-19.827996,9,1156.307112
-18.391516,8,1156.3204
-15.69037,8,1156.331221
-22.47001,8,1156.34454
-15.06933,8,1156.35747
-21.243354,8,1156.368293
-22.304536,10,1156.383324
-22.742988,8,1156.396411
-18.55763,8,1156.406688
-22.102031,8,1156.419954
-25.342058,9,1156.434724
-22.794001,8,1156.445939
-68.977998,27,1156.487561
-16.817896,8,1156.498013
-22.414484,8,1156.511169
-17.853957,8,1156.523925
-21.933972,8,1156.53418
-53.447542,19,1156.563311
-22.729479,8,1156.576555
-24.17207,8,1156.586725
-23.166075,9,1156.600799
-26.403245,8,1156.614151
-22.571132,8,1156.62462
-24.370654,8,1156.63777
-30.778181,9,1156.651808
-50.199279,19,1156.67823
-19.521327,8,1156.691942
-22.248392,8,1156.705075
-17.808348,7,1156.714583
-21.166311,8,1156.727524
-19.483428,8,1156.737795
-21.753564,10,1156.752839
-24.440626,8,1156.766854
-25.185038,8,1156.777428
-23.914933,8,1156.804311
-20.32195,9,1156.819638
-23.62948,8,1156.830709
-22.028594,8,1156.844309
-36.02476,13,1156.865328
-37.610539,14,1156.884529
-23.568124,8,1156.898172
-23.734087,9,1156.912698
-25.532661,8,1156.922612
-16.092598,9,1156.936554
-28.132066,8,1156.949537
-26.861791,9,1156.963745
-19.848024,7,1156.972809
-18.625514,8,1156.985691
-24.377471,8,1156.996208
-51.48034,20,1157.025896
-15.170831,10,1157.041447
-26.349565,8,1157.055492
-33.111613,13,1157.074178
-20.238671,8,1157.087524
-18.549093,9,1157.103161
-36.058175,14,1157.125019
-20.335128,8,1157.135638
-24.677075,9,1157.150124
-20.871268,8,1157.163765
-22.294225,8,1157.174139
-36.534431,16,1157.197701
-23.832519,9,1157.212012
-21.797666,8,1157.224756
-22.846105,9,1157.239011
-21.042069,8,1157.249589
-22.996984,8,1157.263049
-17.030631,9,1157.277468
-33.887057,13,1157.295084
-21.519513,8,1157.308911
-28.858086,9,1157.322634
-25.918836,9,1157.334334
-20.311168,8,1157.347881
-38.081274,14,1157.370002
-111.567526,41,1157.432847
-36.840491,14,1157.454432
-20.356558,8,1157.465253
-39.921107,16,1157.492193
-17.466282,10,1157.507466
-18.370236,8,1157.517888
-17.298433,9,1157.532428
-29.269674,11,1157.548373
-36.256413,13,1157.583382
-35.177998,11,1157.600983
-36.391076,13,1157.622026
-24.78978,10,1157.637351
-22.663792,8,1157.64772
-19.23972,9,1157.661892
-20.745793,8,1157.675066
-19.603123,8,1157.68557
-29.511358,11,1157.701861
-17.131463,8,1157.71517
-31.85316,12,1157.732432
-25.020775,11,1157.751222
-17.617228,10,1157.766342
-34.024554,12,1157.783312
-42.481994,16,1157.806937
-19.541229,8,1157.821323
-35.802972,13,1157.839606
-18.813931,8,1157.853079
-23.112587,10,1157.86881
-21.712647,8,1157.882384
-23.574399,9,1157.893631
-36.479269,13,1157.914552
-23.320925,11,1157.931132
-34.844826,13,1157.951896
-20.988524,8,1157.962857
-21.512336,8,1157.976162
-18.238015,8,1157.989501
-27.854901,12,1158.006223
-18.396143,8,1158.019312
-33.413608,14,1158.056715
-21.15745,8,1158.083098
-20.480154,8,1158.106082
-19.29495,8,1158.120019
-31.175734,12,1158.147279
-22.810965,8,1158.159437
-21.580666,9,1158.176806
-17.87437,8,1158.192528
-20.56433,8,1158.203547
-39.541052,15,1158.229499
-25.584888,8,1158.244571
-37.981352,15,1158.269407
-42.582743,14,1158.294446
-22.23801,9,1158.306116
-48.850103,21,1158.343443
-29.779378,12,1158.361172
-20.888994,13,1158.380166
-39.425355,15,1158.400841
-23.320728,8,1158.410293
-32.983301,13,1158.445104
-19.474405,8,1158.454857
-17.885642,10,1158.469131
-22.447305,8,1158.481934
-32.877671,11,1158.496578
-34.384407,14,1158.517054
-34.20478,13,1158.536215
-19.048567,9,1158.546577
-68.828414,44,1158.608366
-91.202911,31,1158.651602
-35.417315,13,1158.671434
-20.765781,8,1158.688114
-36.215852,12,1158.70337
-35.295712,14,1158.724264
-38.378934,14,1158.745774
-36.897421,14,1158.763995
-43.44181,17,1158.790253
-43.886003,16,1158.812305
-48.247832,17,1158.835305
-37.834073,14,1158.85545
-24.58405,13,1158.874787
-34.232724,13,1158.891705
-35.51314,14,1158.911593
-21.916695,9,1158.924797
-19.189297,9,1158.937932
-142.163129,60,1159.022137
-96.259046,40,1159.079355
-44.97726,27,1159.116051
-35.849991,14,1159.136818
-35.280209,12,1159.168198
-19.891581,9,1159.182692
-18.361846,9,1159.196309
-24.722149,9,1159.209573
-37.508092,15,1159.231458
-34.170299,12,1159.24769
-17.085231,10,1159.262453
-19.497315,9,1159.276231
-39.336584,14,1159.297112
-17.59268,8,1159.306724
-33.476511,14,1159.328457
-39.637295,14,1159.348846
-17.571011,8,1159.361465
-35.877532,14,1159.380399
-33.293486,14,1159.401537
-22.964358,8,1159.414953
-36.101485,13,1159.432312
-18.459775,8,1159.44502
-18.362214,8,1159.457383
-35.641693,15,1159.479853
-20.219103,9,1159.49088
-18.995983,8,1159.503888
-31.605777,12,1159.520769
-21.728448,8,1159.533382
-18.708248,8,1159.546365
-18.0391,8,1159.556432
-28.87012,11,1159.57217
-33.793963,18,1159.599994
-21.012383,12,1159.616585
-19.69196,8,1159.629422
-25.035764,8,1159.642399
-21.173801,8,1159.652254
-16.301833,9,1159.665815
-26.555414,11,1159.681285
-21.307021,8,1159.694209
-22.646224,9,1159.707979
-23.532406,8,1159.718219
-20.361971,9,1159.732177
-25.147194,9,1159.745895
-22.940883,8,1159.755634
-34.582204,13,1159.776914
-33.397912,12,1159.793466
-18.885902,8,1159.805875
-45.455709,15,1159.828145
-22.958249,9,1159.842163
-24.321228,8,1159.852168
-62.808508,21,1159.88503
-22.586606,8,1159.908852
-29.331434,11,1159.925149
-23.98831,8,1159.938511
-35.919706,13,1159.95941
-21.100747,8,1159.969632
-33.982556,13,1159.995854
-34.451825,13,1160.013821
-52.926076,21,1160.04783
-19.860351,8,1160.057552
-41.442273,16,1160.080664
-24.040479,8,1160.093569
-21.234465,10,1160.10773
-22.15323,8,1160.120422
-18.863286,8,1160.130658
-36.405443,13,1160.150689
-22.027417,9,1160.164439
-20.941354,8,1160.174045
-22.216728,8,1160.187376
-20.973631,8,1160.19744
-26.992238,10,1160.212119
-34.62503,13,1160.233278
-42.44949,16,1160.257046
-23.017991,8,1160.270228
-21.591452,10,1160.28523
-24.044464,8,1160.295634
-23.083042,8,1160.309092
-15.281722,10,1160.324103
-20.171436,11,1160.339364
-19.530884,8,1160.352914
-19.565783,8,1160.363292
-24.674154,9,1160.377015
-36.587894,16,1160.399588
-21.212824,12,1160.418552
-19.96755,9,1160.432133
-24.387651,8,1160.442162
-22.238631,8,1160.454802
-19.475633,9,1160.468637
-22.057968,8,1160.478928
-28.459332,9,1160.493031
-22.81419,9,1160.507399
-24.884513,8,1160.51743
-20.077756,8,1160.530291
-19.600194,9,1160.544419
-68.466708,26,1160.581625
-21.301155,8,1160.594703
-23.784703,8,1160.604928
-19.587408,7,1160.61748
-21.25381,8,1160.628028
-150.016283,47,1160.703354
-29.976062,9,1160.71742
-22.062406,8,1160.730726
-19.76054,8,1160.744149
-22.254561,8,1160.754446
-22.661262,8,1160.767576
-23.099216,8,1160.777814
-74.370185,42,1160.842839
-21.582372,8,1160.853937
-22.337947,8,1160.867738
-22.401558,8,1160.881852
-24.343399,8,1160.892293
-22.575315,8,1160.905579
-23.468144,8,1160.916341
-21.253412,8,1160.931843
-25.470199,8,1160.94532
-54.46422,18,1160.969808
-23.963355,8,1160.983328
-63.058062,30,1161.029319
-21.903302,8,1161.039223
-16.51953,10,1161.054085
-24.554241,8,1161.067345
-24.205597,8,1161.080747
-18.088503,10,1161.095556
-17.585356,10,1161.110771
-22.939763,8,1161.121155
-26.873479,8,1161.135408
-23.863318,8,1161.14597
-23.912903,8,1161.159343
-24.609019,9,1161.173324
-26.015034,8,1161.183679
-24.166076,8,1161.19699
-21.027541,8,1161.210302
-20.431541,9,1161.221254
-22.788651,8,1161.234313
-24.475043,8,1161.247735
-20.731091,8,1161.257641
-26.238816,9,1161.271696
-21.475584,8,1161.284723
-22.035046,8,1161.295087
-23.915302,8,1161.308105
-25.286014,8,1161.318216
-20.532563,8,1161.331443
-23.227231,8,1161.344574
-23.708205,10,1161.35968
-35.670926,17,1161.383812
-23.205468,8,1161.39776
-77.521793,26,1161.442286
-24.30106,8,1161.45321
-25.432288,8,1161.466664
-25.008937,8,1161.480373
-26.688675,8,1161.490816
-21.787907,8,1161.504548
-22.399056,8,1161.514872
-18.0376,8,1161.528435
-19.731182,8,1161.541863
-20.663128,8,1161.552432
-21.680646,8,1161.566212
-21.348411,8,1161.576933
-23.895754,8,1161.590419
-24.152974,8,1161.604082
-20.176977,8,1161.614222
-18.771927,9,1161.628454
-20.646149,8,1161.642029
-18.387727,9,1161.653334
-18.43981,8,1161.66712
-25.56963,8,1161.680644
-18.500726,8,1161.691434
-25.528133,8,1161.70474
-23.298523,8,1161.715455
-20.321015,8,1161.728816
-18.030524,10,1161.743371
-20.142997,8,1161.756905
-25.304019,8,1161.767312
-20.491089,8,1161.781748
-17.637648,9,1161.79628
-19.269708,8,1161.806896
-22.800853,8,1161.819942
-19.7725,8,1161.830522
-21.810207,8,1161.843582
-15.407975,10,1161.858624
-25.700319,8,1161.871854
-21.654416,8,1161.88246
-19.917361,8,1161.895933
-23.424649,8,1161.906063
-663.181917,282,1162.389145
-19.974091,8,1162.399736
-18.294539,8,1162.412883
-18.906467,8,1162.426776
-23.446045,8,1162.436721
-22.973531,8,1162.450369
-18.344627,8,1162.460622
-14.885927,9,1162.474444
-25.58134,8,1162.487827
-14.786837,10,1162.503366
-19.005877,8,1162.513913
-21.818637,11,1162.533175
-19.27521,8,1162.543211
-29.953619,12,1162.564098
-27.710437,11,1162.579848
-17.812858,8,1162.589686
-18.283895,9,1162.604171
-26.499824,11,1162.61997
-17.81733,8,1162.632975
-17.93487,8,1162.64602
-21.566284,8,1162.656075
-19.570814,9,1162.670413
-18.807238,9,1162.684321
-22.598512,8,1162.694432
-17.354811,8,1162.707633
-18.626276,8,1162.7213
-21.372621,9,1162.732792
-18.060021,9,1162.747139
-20.523531,8,1162.760965
-19.012799,8,1162.771752
-20.365432,8,1162.785855
-16.97045,9,1162.800541
-31.155639,25,1162.838143
-19.458121,8,1162.848477
-16.229173,8,1162.861837
-18.272791,9,1162.87586
-27.246152,10,1162.890786
-13.624722,9,1162.904893
-17.329558,11,1162.920995
-19.049681,9,1162.935212
-14.703183,9,1162.946685
-18.019953,8,1162.960257
-19.144383,8,1162.973347
-20.530413,8,1162.983808
-17.323854,8,1162.996853
-18.451609,9,1163.024992
-16.573579,8,1163.036101
-16.621219,8,1163.049843
-16.963977,9,1163.065001
-24.203712,8,1163.075879
-18.796485,8,1163.088839
-18.293607,8,1163.099549
-18.322341,9,1163.113396
-16.590882,8,1163.126892
-15.013969,8,1163.137469
-20.819472,8,1163.150839
-21.167567,9,1163.165757
-30.626139,12,1163.182729
-36.435947,14,1163.204093
-34.733467,14,1163.226522
-32.260472,13,1163.24511
-18.307332,8,1163.258911
-17.786773,8,1163.272825
-18.617795,9,1163.284096
-20.287062,10,1163.299574
-19.947498,9,1163.313607
-20.592528,8,1163.327406
-23.977028,12,1163.344241
-20.281106,8,1163.357345
-18.888556,8,1163.367905
-20.550593,8,1163.381967
-21.38563,9,1163.396034
-20.697277,8,1163.406082
-21.344003,8,1163.419549
-19.62386,9,1163.434349
-21.240881,8,1163.444722
-21.882258,8,1163.457688
-23.245658,8,1163.470713
-18.733465,8,1163.481598
-16.4077,8,1163.495005
-19.75715,10,1163.510637
-19.286082,8,1163.520894
-21.262661,8,1163.534275
-19.054209,10,1163.549118
-17.811999,8,1163.562281
-18.640621,8,1163.572516
-17.387017,8,1163.585874
-19.851002,8,1163.596653
-19.623738,9,1163.610667
-41.691781,19,1163.638708
-19.626547,8,1163.652021
-19.696346,8,1163.662585
-20.382607,9,1163.676664
-18.333896,8,1163.690304
-22.417639,9,1163.701465
-18.995403,8,1163.714361
-16.510958,8,1163.727602
-19.722748,8,1163.737674
-23.707401,9,1163.751869
-18.078947,8,1163.765212
-21.712301,8,1163.775142
-23.24557,13,1163.812147
-31.368474,13,1163.830806
-21.882738,8,1163.844303
-17.4063,9,1163.85894
-19.303829,9,1163.873225
-34.977544,14,1163.893542
-27.701104,14,1163.916488
-17.091421,9,1163.931212
-17.788616,8,1163.944712
-29.018926,12,1163.961456
-32.488279,13,1163.982466
-34.533133,15,1164.005115
-29.393916,13,1164.022958
-55.445895,25,1164.062676
-14.559355,9,1164.077416
-30.541447,14,1164.099406
-24.513696,11,1164.11629
-27.886513,12,1164.141647
-64.41391,31,1164.192094
-19.248996,8,1164.20263
-20.432625,9,1164.217042
-16.623896,9,1164.231441
-16.757421,8,1164.241758
-20.147009,8,1164.25535
-15.005103,8,1164.268377
-16.403265,8,1164.279277
-16.202227,8,1164.292604
-18.716143,8,1164.302493
-23.10074,10,1164.31782
-19.018235,8,1164.331066
-17.720738,8,1164.344243
-21.119897,8,1164.354534
-20.787394,9,1164.369148
-20.314908,8,1164.382318
-21.052137,9,1164.393223
-25.482494,11,1164.412403
-18.750893,8,1164.422391
-15.916768,8,1164.43611
-20.832283,8,1164.446292
-15.962251,8,1164.45981
-18.383594,8,1164.47247
-18.109062,8,1164.482814
-18.478385,8,1164.496482
-21.589586,9,1164.510632
-21.157679,9,1164.52159
-18.244277,8,1164.535313
-20.791253,9,1164.549367
-19.113866,8,1164.559827
-16.324531,8,1164.585001
-14.279182,8,1164.599944
-20.689872,10,1164.615852
-21.276514,9,1164.628405
-18.444958,8,1164.641742
-15.280491,8,1164.65536
-15.311487,8,1164.665758
-16.023667,8,1164.679338
-16.304198,8,1164.689683
-18.196215,8,1164.702841
-18.973763,8,1164.716271
-19.824471,8,1164.726443
-15.232221,8,1164.739684
-20.046363,9,1164.754144
-19.395882,8,1164.764851
-18.176092,8,1164.778964
-16.206125,8,1164.789617
-17.776168,9,1164.804043
-18.602336,8,1164.818095
-20.075308,8,1164.828634
-15.707602,8,1164.841698
-21.268913,8,1164.854503
-19.662629,9,1164.865927
-18.580063,8,1164.879183
-18.464071,8,1164.891846
-19.539366,8,1164.901953
-22.130301,9,1164.915537
-19.651533,8,1164.929137
-19.677114,8,1164.939597
-17.028685,8,1164.9524
-22.306706,11,1164.968407
-19.383382,9,1164.98238
-17.098068,9,1164.996454
-24.759888,10,1165.011848
-36.598252,18,1165.036166
-20.469649,8,1165.049892
-21.257993,9,1165.063489
-21.512668,8,1165.073622
-18.586632,8,1165.086682
-42.099664,16,1165.110403
-21.709617,9,1165.124295
-20.436863,9,1165.138594
-17.226156,8,1165.149248
-19.516375,8,1165.162455
-22.961862,10,1165.177391
-36.665768,14,1165.198946
-13.754011,7,1165.208048
-23.61376,9,1165.222165
-16.521194,8,1165.232381
-17.85132,8,1165.2455
-18.014255,8,1165.258576
-19.536937,8,1165.268327
-17.966964,8,1165.281706
-28.316412,10,1165.2968
-19.567082,8,1165.306986
-19.549917,8,1165.320661
-19.002803,8,1165.33415
-19.995305,8,1165.363035
-22.183559,9,1165.377421
-625.756551,279,1165.798019
-19.318841,8,1165.808076
-33.88091,13,1165.829862
-35.111917,15,1165.852229
-22.888601,10,1165.867171
-18.493255,8,1165.880232
-16.388162,8,1165.890006
-17.742432,8,1165.90307
-26.399187,11,1165.918842
-20.902881,8,1165.932289
-17.450799,8,1165.942579
-17.648073,8,1165.956175
-16.750762,8,1165.966604
-18.601609,8,1165.979801
-21.93379,9,1165.993808
-16.971024,9,1166.007689
-13.491832,8,1166.018008
-16.609376,8,1166.031274
-19.149427,8,1166.041362
-16.710659,8,1166.054463
-23.378217,9,1166.068839
-17.997297,8,1166.079124
-16.619739,9,1166.093338
-1267.404978,530,1166.930673
-15.746882,8,1166.94467
-13.519371,10,1166.959541
-15.417474,10,1166.974414
-13.915577,9,1166.988991
-30.420085,13,1167.006895
-18.847351,8,1167.020031
-77.10734,41,1167.080755
-40.312527,18,1167.109958
-8.269199,9,1167.121063
-28.370552,15,1167.144728
-25.29341,12,1167.164707
-14.803039,9,1167.179166
-28.556642,14,1167.19833
-16.757427,11,1167.217877
-13.175342,10,1167.233367
-59.751329,26,1167.272402
-14.777414,8,1167.28315
-62.242739,24,1167.320158
-60.993412,31,1167.366148
-15.402598,9,1167.380273
-60.635706,28,1167.4234
-19.74262,9,1167.437396
-14.066439,8,1167.447387
-18.583594,10,1167.462697
-84.772121,45,1167.532024
-21.497074,11,1167.54837
-15.797927,8,1167.561723
-16.550076,8,1167.57474
-18.991108,12,1167.591746
-19.327973,11,1167.607104
-71.431364,32,1167.65772
-43.802263,22,1167.70435
-37.184525,19,1167.734785
-22.931428,9,1167.748547
-47.47672,21,1167.779949
-34.106058,16,1167.803942
-64.017442,29,1167.848599
-36.861153,17,1167.873171
-79.564524,34,1167.926196
-37.537712,18,1167.954323
-16.63676,8,1167.964462
-49.404743,21,1167.995352
-20.3664,9,1168.00936
-38.318254,18,1168.037605
-16.598588,8,1168.048137
-17.813975,8,1168.062086
-21.055576,9,1168.076914
-24.207248,9,1168.091097
-108.529385,67,1168.190684
-18.279913,8,1168.204156
-22.262499,11,1168.220019
-15.01812,13,1168.241343
-22.509855,12,1168.261922
-18.767064,8,1168.272176
-29.85577,13,1168.293888
-28.636413,12,1168.310986
-23.828548,9,1168.324744
-15.470943,8,1168.337937
-75.903844,34,1168.389998
-51.013876,24,1168.424067
-69.978373,53,1168.519059
-19.270774,9,1168.533341
-1851.653524,1000,1170.088659
-78.140936,42,1170.15162
-67.440259,31,1170.198211
-24.255988,10,1170.213825
-1717.879002,977,1171.708083
-32.058665,16,1171.731893
-20.05196,11,1171.747794
-46.603415,24,1171.784969
-25.412249,16,1171.808966
-74.435391,35,1171.862781
-21.820583,12,1171.882907
-19.797816,12,1171.899443
-17.132423,12,1171.91622
-24.478736,13,1171.93698
-21.373645,12,1171.954224
-34.988864,18,1171.982287
-66.533959,35,1172.034336
-36.284877,17,1172.058719
-13.410967,11,1172.078108
-17.409141,9,1172.088678
-22.455341,12,1172.108765
-13.26639,9,1172.122801
-24.300589,16,1172.146705
-11.123292,10,1172.162071
-18.183032,9,1172.176308
-12.785799,12,1172.19302
-18.362063,10,1172.207658
-34.099552,17,1172.231617
-82.98409,41,1172.302474
-33.608562,15,1172.32667
-28.286985,14,1172.34606
-18.661396,8,1172.359009
-17.095442,10,1172.374045
-18.79333,8,1172.387336
-21.798295,8,1172.397481
-19.699127,8,1172.410706
-23.677861,9,1172.424868
-17.977417,8,1172.434661
-16.909415,8,1172.44802
-16.406889,8,1172.458149
-19.138951,8,1172.471311
-18.461613,8,1172.484535
-42.972783,16,1172.507399
-18.359829,8,1172.518293
-17.572423,11,1172.536897
-114.577326,36,1172.590199
-19.091661,9,1172.604191
-30.16822,18,1172.629101
-16.898068,8,1172.642464
-13.265148,10,1172.657285
-8.216416,10,1172.67244
-20.714288,9,1172.685924
-28.160031,14,1172.704142
-17.983562,8,1172.717651
-20.167345,9,1172.73168
-23.1568,13,1172.749518
-19.177407,8,1172.76279
-24.503745,9,1172.777102
-19.507085,8,1172.787568
-17.127035,9,1172.801452
-19.52278,8,1172.815139
-17.049582,11,1172.831109
-37.691934,19,1172.859293
-16.671452,8,1172.869585
-16.694771,8,1172.883079
-16.483924,8,1172.896384
-12.27432,9,1172.907364
-14.494566,8,1172.92054
-16.965468,9,1172.934707
-18.931944,9,1172.94864
-18.819297,8,1172.959251
-19.581153,8,1172.972057
-18.89266,8,1172.982598
-18.320193,8,1172.995914
-16.828703,8,1173.008943
-18.103313,16,1173.033277
-15.921363,8,1173.043668
-23.385011,13,1173.067545
-18.050136,10,1173.084514
-20.021518,8,1173.098173
-16.930598,9,1173.110281
-18.357306,9,1173.124421
-23.826311,12,1173.144389
-33.191859,21,1173.175585
-19.651428,10,1173.19086
-27.762913,22,1173.221971
-37.165173,18,1173.250047
-21.195025,14,1173.271629
-30.932261,14,1173.290749
-19.995342,12,1173.310874
-29.210303,11,1173.326571
-17.539054,8,1173.339601
-27.513878,13,1173.357106
-18.362058,9,1173.371092
-16.782686,9,1173.385391
-25.90969,10,1173.400805
-28.07957,14,1173.422559
-14.732315,7,1173.431825
-23.658665,10,1173.44679
-60.782145,28,1173.489589
-16.587717,7,1173.498962
-52.015739,20,1173.528445
-15.006725,7,1173.537487
-11.610029,7,1173.549989
-23.499987,9,1173.564272
-13.007016,7,1173.573528
-17.023785,7,1173.582965
-19.59602,8,1173.596345
-22.12282,9,1173.610946
-16.291807,7,1173.62008
-18.444871,9,1173.634429
-67.873245,28,1173.678654
-45.058866,20,1173.709763
-14.454574,7,1173.718759
-19.90918,9,1173.732944
-24.198126,19,1173.762191
-20.081754,10,1173.777355
-17.047868,8,1173.787738
-16.252034,9,1173.801886
-15.745106,8,1173.827819
-18.657483,9,1173.83976
-16.121636,8,1173.854311
-20.05953,11,1173.870506
-14.619773,8,1173.884763
-15.549194,11,1173.901245
-12.740715,8,1173.915325
-17.146981,8,1173.926134
-16.513385,8,1173.939535
-18.185256,9,1173.953453
-17.567217,9,1173.964575
-19.434334,8,1173.978085
-15.713131,9,1173.992496
-17.637618,9,1174.006344
-32.917288,14,1174.025304
-18.412287,8,1174.038663
-21.948446,9,1174.052927
-13.716902,8,1174.063614
-86.003996,32,1174.112842
-20.355548,10,1174.127952
-18.564908,8,1174.137976
-17.845152,8,1174.151377
-19.350344,8,1174.164933
-20.50163,8,1174.175524
-18.15139,8,1174.1882
-27.30641,12,1174.204796
-51.149559,21,1174.235112
-19.35193,10,1174.249931
-28.441254,13,1174.270787
-26.287749,13,1174.291515
-16.547252,7,1174.300984
-29.635982,14,1174.322252
-49.123215,22,1174.353344
-74.007367,27,1174.394976
-18.429677,8,1174.405175
-15.070819,7,1174.417689
-30.868166,14,1174.436239
-25.721257,9,1174.450299
-16.956322,7,1174.462014
-49.266736,17,1174.485574
-25.427923,9,1174.499735
-53.184972,23,1174.532132
-16.846333,7,1174.543953
-150.329829,42,1174.619458
-16.198603,7,1174.632339
-57.859979,18,1174.657364
-93.824873,34,1174.709449
-33.853816,12,1174.726233
-19.455321,8,1174.7404
-33.56251,14,1174.763181
-68.366652,19,1174.794076
-27.615241,13,1174.813215
-42.099917,15,1174.836096
-161.39692,43,1174.902065
-53.143356,20,1174.931831
-26.479409,9,1174.946255
-74.280437,24,1174.981981
-150.243542,44,1175.050006
-60.44719,19,1175.078956
-36.483159,16,1175.10237
-31.336209,11,1175.118623
-18.119834,8,1175.131911
-26.436324,9,1175.146482
-19.373348,7,1175.156072
-59.644512,16,1175.179731
-33.020591,10,1175.194766
-36.320772,11,1175.213861
-26.206899,8,1175.223826
-21.873839,8,1175.23752
-32.873031,14,1175.259603
-74.915396,40,1175.319469
-16.239196,7,1175.329018
-47.528445,20,1175.373298
-70.740464,32,1175.422423
-17.278237,7,1175.434746
-40.922019,18,1175.461015
-42.171072,15,1175.483711
-60.654333,16,1175.510251
-21.766511,13,1175.527808
-45.127325,19,1175.556833
-35.162931,10,1175.572041
-47.827481,14,1175.593996
-76.891709,26,1175.631904
-17.251143,7,1175.640981
-31.36835,10,1175.655818
-21.517347,7,1175.668025
-97.432882,36,1175.721249
-20.827914,8,1175.734533
-52.122523,19,1175.760079
-48.546872,21,1175.793117
-24.193928,9,1175.803989
-28.329109,11,1175.823627
-99.940597,26,1175.86184
-73.459202,22,1175.893353
-22.155262,7,1175.90573
-16.946805,7,1175.915363
-27.532734,8,1175.928561
-42.818173,13,1175.945917
-32.091324,12,1175.965916
-31.456783,13,1175.983346
-39.134876,14,1176.004677
-47.767105,24,1176.040767
-44.262003,18,1176.065689
-103.733583,32,1176.115858
-36.228229,13,1176.14844
-49.336814,18,1176.177528
-30.956855,10,1176.192326
-63.762628,20,1176.222865
-46.163949,16,1176.246154
-22.356385,9,1176.260004
-22.184794,8,1176.272804
-38.206082,14,1176.291387
-29.67482,9,1176.305468
-72.843142,25,1176.342762
-25.890245,9,1176.356708
-21.025532,7,1176.366108
-63.933843,19,1176.396924
-20.740422,8,1176.4106
-142.33188,43,1176.473653
-18.851364,7,1176.486333
-26.607826,8,1176.496684
-93.111993,24,1176.533652
-21.845816,7,1176.545702
-19.137268,7,1176.555123
-108.198869,40,1176.615534
-64.486534,17,1176.639741
-17.70243,7,1176.652044
-52.43334,16,1176.675002
-21.201766,8,1176.688168
-18.05136,7,1176.697563
-20.724702,7,1176.706772
-112.292081,34,1176.758691
-56.609009,19,1176.78752
-24.858375,8,1176.801156
-172.34292,39,1176.858185
-28.729344,11,1176.87732
-74.474428,21,1176.922465
-21.981685,8,1176.933399
-29.718286,10,1176.949407
-75.675656,20,1176.980237
-20.862794,7,1176.992593
-25.697591,8,1177.002871
-22.407376,7,1177.0154
-28.484791,8,1177.02551
-97.424663,21,1177.059813
-26.442086,9,1177.07096
-267.550285,68,1177.17591
-22.974191,9,1177.189458
-26.161561,8,1177.199913
-44.69819,13,1177.220256
-27.675728,9,1177.235062
-28.812039,8,1177.245249
-25.05119,8,1177.259187
-23.718285,7,1177.268363
-52.602472,16,1177.294958
-54.999654,17,1177.319605
-41.997957,11,1177.335568
-26.022259,9,1177.349987
-21.352711,8,1177.363056
-104.990015,32,1177.411177
-21.358324,7,1177.420585
-30.739954,9,1177.434905
-64.607507,20,1177.465818
-29.87073,10,1177.481049
-24.346658,9,1177.495565
-144.060468,32,1177.540773
-39.315848,13,1177.561177
-26.625211,7,1177.57065
-59.441547,17,1177.597681
-27.246288,10,1177.612644
-25.709301,9,1177.626645
-22.8303,8,1177.636857
-73.339326,20,1177.714092
-22.971009,9,1177.729568
-25.998905,10,1177.746752
-25.312085,9,1177.762127
-21.706652,8,1177.772718
-45.768101,15,1177.795657
-29.355132,10,1177.810623
-25.035924,9,1177.825378
-16.458144,7,1177.837386
-24.162473,10,1177.853148
-22.639484,8,1177.863706
-49.170948,25,1177.901707
-20.28534,8,1177.915304
-24.845007,8,1177.92541
-28.152884,9,1177.939529
-23.623207,8,1177.953555
-14.918125,7,1177.96347
-58.868045,28,1178.007355
-12.682469,8,1178.017987
-21.284505,9,1178.032096
-21.615268,8,1178.045609
-22.665855,8,1178.055362
-22.802115,8,1178.068326
-24.121156,9,1178.083358
-30.399933,14,1178.105507
-245.566008,80,1178.22534
-20.514799,8,1178.235714
-26.344609,10,1178.250799
-23.715837,8,1178.263844
-24.365958,8,1178.274
-59.771382,22,1178.308384
-22.289991,9,1178.32228
-22.670295,11,1178.338204
-26.091075,12,1178.355172
-15.725801,8,1178.368778
-20.459741,10,1178.383933
-22.671367,8,1178.395239
-22.516795,9,1178.410231
-20.706604,8,1178.427102
-23.722606,8,1178.437597
-14.288609,10,1178.452662
-21.767698,8,1178.466053
-39.717526,12,1178.486184
-105.732907,50,1178.563737
-33.84043,18,1178.592733
-23.853155,10,1178.608446
-23.899999,10,1178.624157
-25.198662,8,1178.638049
-19.698962,8,1178.648625
-22.066332,8,1178.661779
-29.95624,9,1178.67574
-23.205053,10,1178.691296
-20.525064,8,1178.70182
-71.69143,23,1178.739478
-22.7609,9,1178.755382
-30.94562,9,1178.767438
-51.613609,30,1178.816577
-20.946511,10,1178.833989
-27.38064,10,1178.851219
-28.685771,11,1178.871927
-29.612678,10,1178.88754
-144.345794,46,1178.958449
-22.696389,10,1178.973609
-41.128759,27,1179.013665
-26.483717,10,1179.028863
-49.97995,25,1179.068381
-39.788764,15,1179.093761
-16.922078,10,1179.11072
-32.296694,17,1179.144474
-24.271862,8,1179.155417
-25.003629,9,1179.17128
-26.216573,9,1179.186296
-32.980064,10,1179.202077
-24.200522,7,1179.212456
-29.006569,9,1179.227432
-20.963035,8,1179.240937
-128.283394,34,1179.304892
-28.834063,11,1179.32651
-20.102776,8,1179.337136
-31.341233,10,1179.35341
-37.267319,12,1179.374554
-22.401479,8,1179.385545
-21.237534,8,1179.399246
-21.006978,8,1179.40972
-23.444922,9,1179.424047
-54.128911,22,1179.460039
-22.958529,9,1179.471798
-31.026825,10,1179.48725
-22.137064,9,1179.502288
-31.233461,9,1179.516888
-21.693127,8,1179.530142
-21.926265,8,1179.540789
-21.806028,8,1179.554612
-29.195508,8,1179.565235
-54.893233,16,1179.592409
-22.122543,9,1179.604194
-20.203834,8,1179.617804
-28.723623,9,1179.633334
-19.544784,7,1179.6433
-104.019823,27,1179.68648
-24.240607,10,1179.701807
-18.952145,8,1179.712512
-20.540777,11,1179.728761
-26.121082,9,1179.74365
-24.95789,8,1179.756916
-20.485082,8,1179.767243
-77.502605,35,1179.821089
-57.389291,18,1179.850396
-27.902864,11,1179.866231
-28.165736,10,1179.881797
-20.39225,8,1179.89529
-20.076364,9,1179.909477
-21.720643,11,1179.926325
-40.658053,17,1179.950671
-28.846122,9,1179.965153
-16.835566,10,1179.98038
-19.99578,7,1179.98972
-20.463832,7,1180.002032
-22.376565,9,1180.02178
-19.388165,10,1180.037842
-71.228361,17,1180.062777
-65.504929,22,1180.110131
-12.190898,8,1180.12401
-16.121448,9,1180.13886
-16.839269,9,1180.15378
-22.98551,10,1180.1694
-29.488378,9,1180.181263
-29.73485,9,1180.196071
-21.43376,9,1180.210438
-27.596883,10,1180.225884
-31.527069,10,1180.240392
-36.653078,11,1180.256999
-28.376254,11,1180.272999
-62.422457,22,1180.308587
-23.55276,8,1180.31866
-26.907591,9,1180.333148
-26.137424,9,1180.34764
-21.695208,8,1180.360818
-22.679,8,1180.370771
-33.035055,12,1180.390653
-13.962488,8,1180.401141
-25.213925,9,1180.415502
-29.843596,11,1180.431349
-113.690409,37,1180.490016
-26.079926,10,1180.505315
-21.966601,8,1180.516075
-17.612636,9,1180.530635
-21.161994,8,1180.543997
-76.611216,23,1180.576073
-23.339782,9,1180.589969
-23.457558,9,1180.603863
-40.785829,17,1180.628375
-58.972,17,1180.654939
-30.028251,9,1180.665958
-16.851836,10,1180.680983
-31.37067,11,1180.699747
-73.90668,20,1180.730345
-39.295079,14,1180.749271
-25.581159,9,1180.764014
-26.721613,9,1180.778136
-38.78752,16,1180.801371
-27.967415,10,1180.816927
-19.609243,10,1180.832165
-41.626579,24,1180.885029
-35.538569,26,1180.924242
-27.19849,9,1180.93884
-49.398417,19,1180.968365
-26.053604,9,1180.982353
-25.754359,12,1180.999199
-19.422474,11,1181.015339
-25.750033,10,1181.03183
-47.272832,18,1181.060391
-13.274698,8,1181.070548
-24.719823,15,1181.093448
-24.6129,13,1181.113965
-39.243066,11,1181.130119
-20.277731,9,1181.144937
-22.124633,11,1181.162836
-26.625888,9,1181.177572
-89.403089,41,1181.239255
-27.580584,12,1181.259637
-14.512834,9,1181.270609
-23.515931,10,1181.286104
-15.606946,10,1181.301483
-17.723419,9,1181.315626
-25.669512,19,1181.344942
-22.40344,14,1181.366668
-29.797864,12,1181.383519
-34.427147,21,1181.414768
-15.505187,9,1181.429672
-25.976683,9,1181.444048
-20.116691,10,1181.488129
-56.694585,40,1181.551059
-24.092291,8,1181.564285
-25.447302,23,1181.596924
-25.363079,10,1181.612266
-52.183214,24,1181.649115
-83.324966,27,1181.702994
-15.37209,10,1181.718389
-41.188807,13,1181.739197
-25.549946,9,1181.753964
-77.844153,27,1181.793342
-18.61925,11,1181.809154
-17.367915,11,1181.828084
-30.432799,11,1181.845498
-32.858806,13,1181.863207
-24.965658,11,1181.882127
-31.185193,10,1181.897223
-13.670335,9,1181.90834
-49.572296,16,1181.934298
-29.678633,18,1181.959783
-17.934883,9,1181.97358
-23.358978,10,1181.989735
-24.01542,14,1182.011541
-59.601724,19,1182.040807
-32.100201,10,1182.05579
-69.473421,33,1182.102975
-19.783181,10,1182.118432
-30.885877,11,1182.13454
-19.478981,10,1182.15011
-24.962908,9,1182.16497
-18.834,12,1182.18523
-49.057134,19,1182.211756
-22.800947,9,1182.225724
-28.088238,11,1182.241304
-25.183185,12,1182.26126
-26.466782,12,1182.278072
-70.390941,24,1182.314436
-23.021273,11,1182.329832
-14.07384,14,1182.351013
-18.385679,9,1182.365484
-33.147065,12,1182.382084
-22.277556,10,1182.396862
-33.128402,18,1182.425823
-22.692998,11,1182.455866
-100.114167,35,1182.510715
-25.676897,9,1182.525409
-18.974536,8,1182.536623
-25.884842,10,1182.551882
-25.227706,9,1182.566177
-96.793507,33,1182.616782
-18.796508,8,1182.627151
-18.587235,9,1182.641169
-35.072982,11,1182.657286
-14.587075,10,1182.672413
-39.714451,17,1182.699929
-19.865052,9,1182.714179
-22.366963,9,1182.725409
-22.729871,10,1182.740833
-55.773524,24,1182.777419
-59.703845,19,1182.806494
-29.55228,14,1182.828202
-15.03319,8,1182.838299
-16.470925,10,1182.853635
-43.799603,17,1182.881524
-14.159935,10,1182.897026
-71.038365,34,1182.948649
-20.890538,8,1182.95936
-21.875663,10,1182.974316
-29.997339,24,1183.011163
-20.012386,10,1183.026045
-36.871824,29,1183.07031
-17.981292,9,1183.085057
-672.569288,281,1183.519611
-24.568845,10,1183.534738
-52.497229,17,1183.560055
-31.63129,13,1183.580906
-23.792965,10,1183.597783
-24.191889,8,1183.608786
-23.793058,10,1183.62351
-34.538799,13,1183.645074
-28.966047,10,1183.659989
-50.217755,16,1183.683388
-25.416261,13,1183.704366
-24.544138,9,1183.718185
-19.59515,12,1183.734717
-26.203406,12,1183.751897
-32.430166,11,1183.770415
-31.709631,13,1183.788537
-18.811369,10,1183.803427
-381.282779,161,1184.063108
-88.111736,40,1184.124837
-36.82808,15,1184.146662
-34.598028,11,1184.165448
-21.912437,10,1184.180168
-20.051721,9,1184.191879
-20.735342,11,1184.210741
-32.335566,18,1184.236653
-23.691242,11,1184.252557
-19.841464,10,1184.267522
-27.706218,10,1184.282861
-55.78824,20,1184.312568
-41.318358,12,1184.333153
-26.963142,11,1184.3492
-19.276395,9,1184.363669
-25.721172,9,1184.377643
-37.950366,15,1184.399585
-58.433993,19,1184.425637
-111.891062,27,1184.467473
-53.853373,21,1184.498212
-25.018133,9,1184.512573
-63.47519,20,1184.542337
-104.118645,34,1184.59485
-26.148594,10,1184.610232
-27.646474,9,1184.622091
-36.252442,12,1184.644534
-74.247827,23,1184.678458
-67.884133,24,1184.715447
-30.979377,10,1184.730691
-17.428123,9,1184.744931
-19.366188,14,1184.780916
-43.260222,16,1184.804485
-27.948387,10,1184.820286
-28.125288,8,1184.833522
-32.813968,12,1184.850679
-38.237151,10,1184.866066
-27.35163,10,1184.882989
-48.343416,18,1184.911697
-52.160677,17,1184.936087
-19.96216,10,1184.951562
-24.815699,10,1184.966812
-28.183716,12,1184.983953
-31.193386,12,1185.004469
-103.336463,37,1185.059616
-28.822852,9,1185.073786
-33.141749,9,1185.087958
-36.280047,17,1185.112824
-84.9271,36,1185.167732
-23.788148,10,1185.183298
-26.734376,9,1185.197259
-28.21916,9,1185.211807
-27.873447,9,1185.226221
-27.878931,10,1185.241068
-62.253289,24,1185.277878
-103.714479,32,1185.324116
-30.234838,10,1185.339525
-12.596466,10,1185.354822
-75.717933,26,1185.393688
-44.024138,17,1185.42093
-17.832965,10,1185.436437
-27.457604,9,1185.448347
-28.715877,12,1185.467867
-30.167575,10,1185.483034
-34.967154,11,1185.499043
-26.337568,10,1185.514213
-30.790479,13,1185.548979
-40.446921,14,1185.569021
-41.007369,18,1185.597366
-21.804611,10,1185.612536
-28.811643,10,1185.628062
-18.205395,10,1185.643254
-72.589463,33,1185.693309
-24.355592,9,1185.704346
-63.520725,27,1185.747152
-598.782733,234,1186.09785
-26.246941,9,1186.109102
-119.799472,47,1186.182395
-39.475859,13,1186.200339
-88.764494,27,1186.24325
-50.687484,17,1186.267319
-21.777,12,1186.286571
-22.359056,10,1186.316066
-116.540204,34,1186.3665
-88.231708,28,1186.409624
-75.869678,25,1186.44765
-53.693497,15,1186.470343
-29.937139,10,1186.485635
-19.726712,10,1186.500469
-31.986352,11,1186.516428
-26.333576,9,1186.531471
-31.364858,17,1186.555903
-60.450385,22,1186.59053
-14.654623,11,1186.606509
-39.376702,16,1186.630265
-23.030871,10,1186.64566
-19.254179,10,1186.660769
-72.895124,40,1186.720634
-51.557189,20,1186.750427
-27.069774,9,1186.764962
-23.678126,10,1186.780076
-135.700072,67,1186.878071
-26.435258,14,1186.899389
-33.571363,11,1186.915305
-31.26178,11,1186.934249
-24.270591,9,1186.945411
-34.226424,14,1186.966716
-25.436439,11,1186.982421
-35.082939,16,1187.008683
-18.95562,11,1187.024169
-23.481316,13,1187.04154
-54.843959,20,1187.085591
-42.126556,19,1187.115447
-95.357069,63,1187.212247
-43.731729,19,1187.241001
-50.333427,20,1187.270739
-1799.191325,766,1188.45013
-42.626964,20,1188.479774
-73.852784,26,1188.518294
-31.900003,10,1188.533013
-115.881219,44,1188.599575
-25.387647,9,1188.628272
-29.708605,14,1188.647713
-30.324916,10,1188.662897
-28.652225,10,1188.677924
-34.928237,11,1188.697418
-30.374336,14,1188.715923
-35.62722,12,1188.735801
-62.344147,18,1188.762263
-43.034207,16,1188.789026
-60.500894,26,1188.827772
-28.064437,9,1188.841788
-26.219312,10,1188.857502
-41.949467,16,1188.881491
-29.023927,11,1188.897405
-18.375217,10,1188.9124
-14.639439,11,1188.92819
-46.776908,17,1188.955742
-30.692902,10,1188.970748
-27.84998,9,1188.981898
-22.035604,12,1189.001232
-22.92879,8,1189.011934
-60.825178,45,1189.079658
-202.165835,59,1189.168916
-27.191659,10,1189.183725
-224.807428,60,1189.273476
-32.827713,10,1189.288569
-27.677984,9,1189.302383
-52.463762,18,1189.330902
-62.402492,21,1189.362302
-29.117796,9,1189.390003
-31.561555,10,1189.405605
-176.26677,37,1189.463528
-34.156171,11,1189.480305
-33.617711,13,1189.501415
-27.478576,10,1189.516362
-34.757314,11,1189.532148
-97.868792,32,1189.578485
-37.631136,17,1189.606144
-34.464905,11,1189.621911
-30.551515,10,1189.636982
-29.100865,9,1189.651103
-52.347723,22,1189.6827
-25.6432,10,1189.698085
-57.446928,18,1189.726534
-52.712918,17,1189.750904
-25.146277,8,1189.764177
-25.078188,9,1189.778298
-26.2461,8,1189.788414
-26.23888,9,1189.802219
-41.276798,16,1189.825792
-22.911631,8,1189.839244
-39.132377,17,1189.864405
-34.992481,10,1189.879887
-27.718968,10,1189.895178
-29.684818,10,1189.910069
-35.932132,14,1189.931656
-91.524889,35,1189.984511
-24.496377,14,1190.006216
-27.223269,9,1190.02057
-36.437143,11,1190.036832
-39.459806,13,1190.054758
-46.823577,17,1190.082297
-33.743146,12,1190.099131
-25.601528,9,1190.112835
-27.43342,10,1190.12828
-33.001593,11,1190.143859
-63.754959,23,1190.194464
-31.05716,11,1190.210489
-27.491897,9,1190.22456
-31.512401,11,1190.240083
-29.42704,10,1190.255533
-28.395629,9,1190.270845
-22.94425,9,1190.285076
-85.294024,37,1190.339244
-1026.684355,540,1191.17006
-42.095679,15,1191.192529
-29.55324,11,1191.207978
-28.098948,11,1191.223581
-21.219033,8,1191.236728
-167.006615,68,1191.339992
-60.734731,38,1191.395343
-52.705401,25,1191.433707
-33.768467,11,1191.449731
-33.163867,11,1191.468402
-653.606899,273,1191.892295
-26.093003,9,1191.906256
-15.496356,10,1191.921819
-32.85138,10,1191.936658
-72.892297,28,1191.97938
-37.038924,12,1191.995995
-31.049946,10,1192.010839
-31.038486,10,1192.025108
-29.102202,27,1192.065066
-78.412122,26,1192.105917
-32.788192,15,1192.127943
-26.992789,11,1192.144225
-267.43933,122,1192.324691
-33.863746,11,1192.34059
-29.180412,10,1192.355442
-63.638282,32,1192.405675
-78.329939,24,1192.44307
-86.770271,29,1192.49969
-47.905626,22,1192.53437
-123.532675,41,1192.595852
-39.816018,15,1192.618806
-33.907204,13,1192.639943
-246.970737,83,1192.762772
-133.445206,61,1192.853684
-197.438391,97,1193.006566
-23.640956,11,1193.022424
-23.939702,12,1193.039116
-33.34888,17,1193.066724
-41.344653,21,1193.098451
-23.378676,11,1193.114429
-182.764507,86,1194.022078
-81.925613,40,1194.084602
-75.86194,38,1194.137933
-29.418393,10,1194.15639
-49.593689,27,1194.194765
-32.61618,10,1194.207541
-30.76137,11,1194.223902
-29.098368,11,1194.237496
-63.040225,23,1194.266227
-34.260163,11,1194.282614
-30.752977,10,1194.29571
-37.225908,11,1194.309636
-127.04131,53,1194.377336
-29.376503,10,1194.390285
-124.256326,36,1194.439442
-32.513834,18,1194.462072
-24.665457,12,1194.479703
-33.46966,17,1194.501989
-37.481389,22,1194.531256
-57.303786,39,1194.585844
-38.023786,16,1194.60744
-985.231821,433,1195.261901
-39.417178,18,1195.289481
-50.588375,21,1195.320406
-48.741958,22,1195.352028
-27.295479,20,1195.382941
-43.613525,23,1195.41855
-77.951877,48,1195.504573
-90.227735,37,1195.564049
-63.226094,29,1195.607891
-80.166639,34,1195.656149
-188.351475,81,1195.781876
-398.996356,198,1196.077484
-27.044137,13,1196.097913
-19.993958,9,1196.111933
-38.731433,12,1196.128883
-22.438901,11,1196.145346
-22.401619,10,1196.161126
-44.120275,21,1196.191928
-24.840189,9,1196.20606
-25.775014,9,1196.220419
-36.949665,11,1196.249772
-82.455421,25,1196.288429
-33.419589,17,1196.316174
-20.662598,9,1196.328075
-19.860975,10,1196.343369
-28.048746,10,1196.358445
-43.149607,21,1196.39261
-25.114308,9,1196.403569
-17.982406,9,1196.417809
-18.09244,9,1196.432195
-18.740328,9,1196.44621
-24.111153,13,1196.464396
-29.565702,13,1196.485554
-35.429476,28,1196.528836
-18.915786,9,1196.540445
-23.73568,9,1196.555129
-23.601098,9,1196.569747
-30.533238,25,1196.608437
-19.143243,10,1196.62326
-26.262844,11,1196.63929
-59.098869,25,1196.676891
-22.342094,9,1196.690759
-29.512642,9,1196.704889
-35.96796,11,1196.720275
-53.277271,24,1196.757006
-58.20137,25,1196.79493
-121.468697,50,1196.870009
-78.774855,32,1196.916101
-82.255314,45,1196.983333
-32.623733,11,1197.012563
-36.794739,11,1197.03261
-18.914863,8,1197.04377
-1108.21079,507,1197.823312
-25.142224,9,1197.834615
-25.573275,10,1197.850703
-65.393103,28,1197.895284
-63.52882,28,1197.938194
-32.633195,25,1197.975611
-58.200424,27,1198.016257
-67.575143,35,1198.068942
-28.237342,14,1198.091027
-22.668787,10,1198.106037
-41.742496,17,1198.131188
-42.728797,18,1198.160001
-120.990876,34,1198.211649
-28.050685,10,1198.226578
-26.966592,8,1198.236734
-58.958099,26,1198.275293
-22.51331,9,1198.289716
-22.759517,9,1198.303782
-37.439044,25,1198.340849
-29.122775,15,1198.363687
-29.650785,20,1198.393832
-19.361603,10,1198.408923
-20.584925,9,1198.422939
-23.651191,9,1198.437109
-19.305004,10,1198.452897
-17.981159,15,1198.476253
-19.889764,9,1198.487217
-22.698671,10,1198.502247
-24.450417,9,1198.516288
-32.300883,12,1198.5493
-62.090492,22,1198.583055
-28.173755,9,1198.597327
-16.758472,9,1198.61182
-23.663911,9,1198.622719
-40.635469,17,1198.650892
-62.091089,38,1198.70601
-28.678656,9,1198.720415
-61.912114,24,1198.756987
-20.058916,9,1198.77205
-22.661285,9,1198.785902
-63.323668,31,1198.831731
-20.518476,10,1198.846852
-40.314481,26,1198.885942
-21.657558,15,1198.909502
-19.747448,9,1198.92406
-18.187848,10,1198.938976
-20.292974,11,1198.955159
-29.439152,10,1198.970025
-26.661178,10,1198.985053
-29.19502,11,1199.000818
-22.957687,23,1199.036036
-23.606261,12,1199.052964
-17.047362,10,1199.068492
-26.264234,10,1199.083373
-37.653233,17,1199.110789
-26.400229,11,1199.126823
-48.785791,25,1199.164272
-28.316458,9,1199.178114
-39.489545,17,1199.202563
-24.643906,9,1199.216645
-33.923329,13,1199.234114
-20.903005,10,1199.249244
-39.148844,17,1199.276096
-31.813454,12,1199.29269
-50.557596,20,1199.337537
-241.839985,65,1199.436665
-29.240345,9,1199.450784
-28.87164,10,1199.465554
-29.639386,10,1199.480646
-28.510396,10,1199.495998
-24.46772,11,1199.511661
-27.8624,10,1199.526424
-28.559537,9,1199.540389
-28.339765,14,1199.562062
-73.782335,47,1199.631171
-40.450946,11,1199.646796
-36.218654,12,1199.668906
-69.580456,22,1199.702333
-26.733691,11,1199.7183
-23.410465,11,1199.737605
-26.300243,9,1199.749197
-71.607432,30,1199.795051
-64.43173,24,1199.832354
-16.614058,9,1199.846784
-55.158632,18,1199.875875
-78.841197,21,1199.907699
-62.497664,25,1199.945411
-528.296302,247,1200.336771
-26.885567,9,1200.352071
-30.207033,13,1200.37301
-86.813024,42,1200.435698
-15.666775,10,1200.4507
-32.361946,18,1200.478758
-50.673416,23,1200.511768
-30.808794,10,1200.526966
-33.138755,10,1200.541855
-20.227072,10,1200.556956
-16.199582,8,1200.570294
-28.680208,12,1200.58707
-43.030154,19,1200.616212
-45.755974,25,1200.653587
-57.962029,18,1200.682433
-38.077856,15,1200.706081
-24.873668,10,1200.721002
-51.912402,21,1200.752599
-37.335375,21,1200.78398
-40.302992,15,1200.806887
-24.145612,9,1200.820945
-100.101846,32,1200.883777
-26.922023,10,1200.899583
-27.591463,10,1200.914842
-21.977548,9,1200.929332
-22.669753,9,1200.943439
-25.248246,10,1200.959025
-33.164509,16,1200.982629
-22.506471,9,1200.997203
-32.958613,19,1201.026356
-42.514305,14,1201.044989
-43.003295,13,1201.06561
-20.29197,12,1201.08202
-50.459647,21,1201.115644
-20.260893,9,1201.12694
-31.079612,11,1201.146294
-37.92709,14,1201.165117
-23.075527,10,1201.180411
-20.93631,9,1201.194579
-79.415436,25,1201.232899
-28.38608,9,1201.246945
-24.188104,9,1201.261188
-24.936098,10,1201.276055
-24.565828,10,1201.29081
-23.3714,10,1201.3063
-22.560839,10,1201.32091
-23.590771,11,1201.337046
-29.564051,12,1201.354464
-18.873562,9,1201.368636
-22.669235,9,1201.382367
-40.502821,13,1201.403222
-17.589456,9,1201.414052
-19.558772,8,1201.42771
-92.446215,42,1201.488889
-24.457933,10,1201.504115
-17.150805,11,1201.522765
-97.803716,28,1201.563279
-21.826401,8,1201.576174
-22.692825,9,1201.590659
-19.463752,8,1201.601087
-18.836961,8,1201.614239
-20.348981,10,1201.632503
-23.365774,8,1201.643633
-21.425692,9,1201.6586
-18.089858,9,1201.674114
-17.938323,8,1201.687894
-18.799762,8,1201.698848
-16.253802,8,1201.71228
-32.881941,11,1201.728457
-19.740021,8,1201.741992
-20.985546,9,1201.753087
-18.323049,9,1201.767549
-22.64779,8,1201.780837
-22.514303,11,1201.796359
-25.742487,9,1201.810783
-46.970206,17,1201.835032
-21.106082,8,1201.848394
-19.680363,9,1201.862334
-17.308266,8,1201.872706
-28.440547,9,1201.887914
-23.48658,9,1201.902106
-77.387073,24,1201.938246
-29.605981,9,1201.949438
-13.72098,8,1201.963022
-25.24993,10,1201.977958
-26.96008,9,1201.992008
-19.430594,8,1202.002129
-35.003322,14,1202.023951
-26.821592,11,1202.046592
-25.277094,8,1202.061038
-23.832577,9,1202.076917
-66.564414,24,1202.116209
-87.398712,28,1202.159677
-32.094038,11,1202.177357
-24.453273,8,1202.192175
-18.443147,9,1202.206602
-25.949675,9,1202.221669
-23.500566,9,1202.233772
-64.242336,24,1202.271912
-115.632517,29,1202.318076
-21.380573,8,1202.332036
-85.164052,25,1202.370439
-24.48902,8,1202.381235
-29.458314,9,1202.395866
-26.202748,9,1202.41059
-24.707106,10,1202.440299
-55.004323,19,1202.47161
-23.280057,10,1202.487389
-20.856611,8,1202.497866
-25.913664,8,1202.511582
-26.198017,8,1202.522086
-39.13556,11,1202.542238
-18.831079,8,1202.553022
-19.59765,8,1202.56689
-28.206431,9,1202.58122
-21.144999,10,1202.596913
-16.80362,9,1202.60848
-19.525621,8,1202.621799
-24.972515,8,1202.635723
-35.341031,11,1202.65253
-119.68867,45,1202.721519
-124.093474,44,1202.787474
-72.639481,35,1202.840128
-25.018084,13,1202.857809
-26.332064,9,1202.871745
-67.993922,26,1202.911004
-26.77531,10,1202.926518
-22.534253,9,1202.939975
-44.260807,22,1202.971496
-18.627206,8,1202.984478
-26.738652,9,1202.998573
-21.391475,8,1203.008493
-21.639486,8,1203.021851
-51.601995,24,1203.059627
-55.696735,16,1203.082649
-29.157479,9,1203.09807
-39.808551,15,1203.121793
-16.946098,8,1203.132089
-26.633745,9,1203.146435
-15.109783,10,1203.161929
-71.97521,30,1203.220218
-22.622214,9,1203.235725
-22.060074,11,1203.252545
-67.709777,37,1203.311945
-23.910593,12,1203.329423
-100.356356,38,1203.387693
-30.170741,13,1203.405838
-29.512848,13,1203.427717
-13.607659,8,1203.438068
-63.273603,23,1203.47435
-110.551831,37,1203.530488
-144.971635,44,1203.599142
-96.143067,41,1203.661416
-126.973877,42,1203.727591
-17.971909,8,1203.737704
-17.89385,11,1203.756345
-25.230473,13,1203.774522
-20.59904,11,1203.790356
-23.344882,8,1203.803844
-20.548299,10,1203.819093
-14.017858,8,1203.832766
-32.735121,14,1203.852011
-21.256452,10,1203.867496
-61.312104,25,1203.906409
-39.113531,14,1203.928437
-21.89502,9,1203.942451
-26.371178,9,1203.957042
-25.436568,9,1203.971167
-19.504298,8,1203.995064
-47.393417,12,1204.015864
-28.552326,10,1204.031676
-24.137459,9,1204.043432
-35.233556,16,1204.070263
-23.710294,8,1204.080796
-23.11064,8,1204.094368
-19.778884,8,1204.10434
-20.825887,8,1204.117489
-18.572304,8,1204.130847
-19.705573,8,1204.141049
-18.671562,8,1204.154595
-24.036741,8,1204.16516
-18.027107,9,1204.179416
-18.003131,8,1204.19312
-14.645601,8,1204.203393
-18.561571,10,1204.218354
-32.150704,11,1204.237072
-29.616933,9,1204.248682
-32.33493,10,1204.26386
-73.20225,25,1204.300615
-25.917342,10,1204.315652
-11.381986,8,1204.329523
-18.431292,8,1204.343202
-19.909262,9,1204.354573
-21.723766,8,1204.367855
-17.023519,8,1204.381516
-28.542735,24,1204.414559
-25.743614,9,1204.428322
-28.429377,9,1204.442879
-39.063675,18,1204.470921
-15.084374,8,1204.481182
-28.975571,9,1204.495791
-21.015257,8,1204.509064
-19.41897,8,1204.51932
-16.290556,11,1204.535425
-15.293903,8,1204.549881
-24.808628,11,1204.566155
-11.600955,8,1204.579532
-22.689195,13,1204.597438
-15.471982,8,1204.610868
-18.41975,9,1204.624849
-16.601676,8,1204.635194
-14.067661,8,1204.649065
-17.576959,8,1204.662444
-24.97803,10,1204.677524
-27.972194,10,1204.692874
-32.598472,14,1204.712105
-36.728799,22,1204.746696
-29.01684,12,1204.77769
-31.356886,13,1204.799413
-26.638536,9,1204.814295
-26.008938,13,1204.832757
-25.670617,11,1204.849684
-20.755654,8,1204.863341
-21.384037,8,1204.87631
-18.044436,9,1204.888286
-29.757541,12,1204.907877
-14.943033,9,1204.922116
-36.173832,15,1204.945037
-26.797038,12,1204.962327
-31.257292,13,1204.983303
-29.009576,12,1205.000572
-45.667965,18,1205.029822
-25.836835,12,1205.04671
-19.004525,9,1205.061428
-13.406365,8,1205.071609
-18.672058,9,1205.085858
-12.371136,8,1205.099593
-18.16929,8,1205.110053
-26.080194,13,1205.131013
-25.432613,12,1205.148007
-24.845696,12,1205.168369
-17.517072,8,1205.178941
-22.295179,12,1205.198557
-28.229302,13,1205.216567
-27.18934,10,1205.232229
-34.440661,14,1205.253153
-27.239115,12,1205.273267
-25.641615,12,1205.290226
-19.880483,9,1205.304455
-90.99167,27,1205.343509
-31.109601,12,1205.364055
-25.145348,13,1205.38201
-16.103577,8,1205.395464
-12.791621,8,1205.406109
-17.823681,9,1205.420894
-16.388956,9,1205.435191
-19.485482,8,1205.448452
-14.51071,8,1205.458528
-19.312641,8,1205.47181
-19.764134,8,1205.482177
-19.402548,8,1205.495802
-19.604927,8,1205.509081
-18.49034,9,1205.520375
-13.630013,8,1205.547832
-15.836647,8,1205.562096
-18.212361,8,1205.572464
-14.529809,8,1205.58592
-16.331097,8,1205.596437
-21.287752,9,1205.610797
-23.704749,10,1205.62626
-24.164789,8,1205.639707
-36.467171,11,1205.655832
-18.605595,9,1205.670079
-21.619044,8,1205.680816
-45.413214,17,1205.707863
-21.546801,8,1205.718591
-62.320556,17,1205.745924
-65.960351,23,1205.778741
-26.356028,10,1205.79408
-28.668016,10,1205.808697
-21.434722,10,1205.823258
-17.942292,10,1205.838485
-31.169552,16,1205.86463
-25.972869,13,1205.882882
-26.350944,14,1205.904664
-20.697474,10,1205.920111
-68.252885,32,1205.967769
-23.510022,12,1205.987662
-29.248436,13,1206.006016
-19.588749,10,1206.021207
-28.029386,13,1206.042521
-14.839986,9,1206.057261
-16.33381,8,1206.067489
-21.823609,11,1206.085917
-39.186441,17,1206.110271
-44.142209,15,1206.132601
-19.772694,8,1206.146325
-25.637654,10,1206.161421
-22.646945,10,1206.176426
-16.556416,11,1206.19159
-17.802651,9,1206.205699
-14.217346,10,1206.220628
-20.993597,11,1206.236537
-26.688826,13,1206.254097
-27.286699,14,1206.275681
-29.316485,13,1206.296183
-24.702136,12,1206.327926
-27.858704,12,1206.348524
-28.696221,13,1206.366423
-19.454024,9,1206.381018
-18.05888,9,1206.395207
-20.079284,9,1206.409287
-264.389134,82,1206.531157
-18.293709,10,1206.546098
-22.413928,9,1206.560245
-15.370281,10,1206.575866
-23.95801,9,1206.589818
-21.385333,10,1206.604961
-12.241775,11,1206.620954
-22.947219,9,1206.634875
-77.923017,25,1206.672507
-28.089089,10,1206.687927
-26.735032,10,1206.70308
-23.529476,9,1206.714424
-20.350926,9,1206.7284
-21.612778,9,1206.742802
-29.578186,12,1206.759759
-20.967728,7,1206.772164
-28.020216,10,1206.786821
-53.965045,25,1206.825486
-25.305071,9,1206.839364
-19.114536,9,1206.850667
-16.504038,9,1206.86515
-33.240048,10,1206.879439
-21.02023,9,1206.894672
-17.522783,9,1206.909024
-16.589869,9,1206.924662
-92.544307,50,1207.003285
-16.290021,9,1207.01812
-20.230389,12,1207.043877
-22.759143,12,1207.065468
-32.493034,14,1207.093534
-26.656763,13,1207.142629
-13.434004,9,1207.154592
-58.411515,35,1207.215824
-24.410759,13,1207.239313
-20.465017,11,1207.268288
-36.28426,22,1207.303914
-30.621568,15,1207.325331
-25.963364,14,1207.343347
-65.494841,46,1207.411485
-14.494415,8,1207.421288
-18.035502,8,1207.434668
-17.825268,8,1207.444386
-20.844753,14,1207.464836
-24.400204,20,1207.49359
-37.871803,25,1207.528675
-16.742202,8,1207.540768
-16.217544,8,1207.550358
-18.442386,9,1207.563566
-15.530829,8,1207.575913
-26.414666,13,1207.592484
-23.416796,9,1207.605261
-19.730459,9,1207.618569
-18.883639,10,1207.632601
-23.146999,12,1207.648379
-17.51894,9,1207.661891
-23.066969,11,1207.676753
-22.221897,18,1207.702818
-14.977791,9,1207.716253
-17.56771,10,1207.730875
-26.00441,14,1207.761889
-25.047626,13,1207.779341
-36.158824,16,1207.802274
-18.21148,11,1207.819921
-27.948684,13,1207.836781
-51.705523,24,1207.872014
-25.020284,11,1207.900297
-26.783558,14,1207.921899
-25.102595,10,1207.937031
-23.734601,10,1207.95164
-22.746878,12,1207.968049
-18.04495,8,1207.981089
-22.18025,11,1207.996642
-19.287925,10,1208.010962
-28.44048,14,1208.031909
-27.909228,14,1208.052593
-22.516004,10,1208.067137
-13.826474,10,1208.081782
-24.327116,12,1208.097709
-18.983198,8,1208.110445
-18.290263,9,1208.124663
-32.943122,15,1208.146948
-45.389669,21,1208.177433
-18.868762,12,1208.193809
-23.626174,13,1208.214609
-16.233321,8,1208.224324
-26.332519,11,1208.243326
-24.482709,11,1208.259365
-16.760003,8,1208.269425
-22.831507,11,1208.288323
-25.746796,12,1208.304922
-29.800387,24,1208.340745
-39.727515,20,1208.370701
-27.268019,12,1208.388036
-17.969536,10,1208.403143
-24.360232,9,1208.417229
-20.933905,10,1208.432441
-22.838206,13,1208.452546
-16.705851,8,1208.46292
-28.465155,14,1208.483848
-13.895571,8,1208.496912
-19.649349,8,1208.506611
-15.482346,8,1208.51991
-24.583984,13,1208.537133
-29.454947,12,1208.555845
-22.468513,13,1208.572979
-22.916653,11,1208.591782
-24.518316,14,1208.610317
-18.67898,12,1208.629921
-25.77999,15,1208.66661
-22.240198,10,1208.681664
-25.90951,12,1208.698441
-63.144873,37,1208.754849
-23.790623,12,1208.771325
-28.373961,15,1208.79371
-24.03102,13,1208.814051
-13.608189,10,1208.828794
-22.206191,11,1208.844373
-51.493314,23,1208.876136
-16.814814,11,1208.894852
-41.70273,18,1208.919436
-18.592214,10,1208.934744
-39.645023,19,1208.96355
-22.607318,11,1208.978901
-20.016643,10,1208.99304
-14.281778,9,1209.008473
-16.735469,8,1209.021674
-16.445156,10,1209.036885
-17.436871,11,1209.052479
-191.558531,71,1209.158729
-19.926992,11,1209.17436
-14.881471,11,1209.190679
-19.880065,9,1209.204822
-21.122176,9,1209.218967
-18.682245,8,1209.232218
-50.164979,27,1209.271291
-21.895726,11,1209.289248
-20.945675,9,1209.304025
-26.348948,14,1209.325408
-22.616953,17,1209.350136
-24.448386,14,1209.371068
-18.421805,9,1209.385104
-99.33356,38,1209.502012
-15.563271,9,1209.517256
-20.43055,9,1209.532242
-22.191373,10,1209.547722
-23.085366,11,1209.563902
-20.270085,9,1209.578064
-22.091736,11,1209.595181
-18.935508,9,1209.609019
-24.310154,11,1209.625175
-21.907339,11,1209.640669
-29.016641,13,1209.662062
-12.910503,11,1209.67824
-18.680279,9,1209.692585
-28.640959,15,1209.715137
-28.085249,12,1209.731914
-23.090761,11,1209.75083
-16.191605,10,1209.765876
-18.641821,11,1209.782326
-48.994074,19,1209.81146
-19.950405,11,1209.827945
-24.684157,10,1209.842901
-23.987589,11,1209.858997
-34.463787,12,1209.87592
-19.367941,11,1209.895947
-17.237731,11,1209.912178
-27.502993,14,1209.93408
-1072.12036,518,1210.739976
-23.690508,12,1210.759504
-47.465531,37,1210.813217
-30.866939,14,1210.834904
-23.20547,13,1210.852568
-1202.003309,576,1211.73368
-18.620754,9,1211.74508
-15.652751,9,1211.759498
-14.78704,9,1211.786672
-23.796599,9,1211.801862
-29.623993,11,1211.818736
-23.41325,10,1211.83499
-20.012184,9,1211.849396
-20.237476,8,1211.860318
-18.139235,8,1211.873583
-35.803119,12,1211.89063
-22.595606,9,1211.905372
-17.675222,8,1211.918902
-44.62561,14,1211.94048
-100.335828,44,1212.004475
-17.961523,9,1212.018645
-102.848941,36,1212.072214
-16.243401,9,1212.086531
-23.898019,9,1212.100693
-26.656003,9,1212.114906
-22.253162,10,1212.129767
-19.482511,8,1212.139948
-86.695151,46,1212.211978
-22.832548,9,1212.223107
-28.070262,13,1212.243781
-22.010007,9,1212.257387
-26.193433,9,1212.27174
-13.6189,8,1212.282013
-19.762939,8,1212.29553
-19.906591,9,1212.309449
-19.796278,8,1212.319709
-77.688367,35,1212.371324
-20.083279,8,1212.38507
-22.381569,9,1212.399066
-18.801903,9,1212.410295
-21.996922,10,1212.424721
-18.126463,9,1212.438958
-127.206391,47,1212.528448
-37.958418,16,1212.596906
-34.044201,15,1212.624063
-68.865887,26,1212.668244
-16.601047,8,1212.682419
-49.565879,20,1212.717724
-20.560117,8,1212.729416
-16.647678,9,1212.745339
-17.068823,8,1212.760604
-11.805963,8,1212.771437
-13.808622,8,1212.784236
-22.520306,11,1212.801795
-22.977612,9,1212.816036
-19.812258,8,1212.825462
-15.003252,8,1212.837603
-18.119772,11,1212.852275
-63.207681,21,1212.880307
-82.420756,24,1212.912937
-36.447565,14,1212.932973
-46.108899,17,1212.955322
-120.224669,58,1213.037375
-75.197956,35,1213.086608
-73.222271,28,1213.127034
-21.95703,12,1213.143214
-37.508217,16,1213.165022
-120.823343,60,1213.250479
-30.383302,18,1213.276665
-56.763211,30,1213.319344
-59.322461,19,1213.360489
-34.599859,14,1213.378817
-69.826984,24,1213.414414
-84.637126,35,1213.464983
-59.645155,15,1213.488172
-93.274167,28,1213.529725
-69.278592,42,1213.588533
-43.024074,22,1213.621691
-60.825974,19,1213.647151
-61.388696,24,1213.683542
-53.829898,20,1213.712198
-32.074466,12,1213.730918
-43.029982,22,1213.76144
-20.328204,9,1213.774555
-39.940354,18,1213.798957
-54.596753,23,1213.83326
-21.896974,7,1213.842327
-36.565969,25,1213.878277
-20.972501,10,1213.893393
-42.574719,16,1213.918744
-20.855276,10,1214.040826
-57.434752,20,1214.076646
-47.312684,19,1214.100589
-33.740582,19,1214.126928
-54.347473,30,1214.168957
-25.880369,21,1214.212236
-24.613306,11,1214.230242
-68.338395,38,1214.282172
-18.491604,8,1214.295029
-17.665657,8,1214.304525
-20.256026,10,1214.318528
-33.651974,11,1214.336608
-24.300441,13,1214.353289
-144.43554,45,1214.418686
-56.815175,28,1214.45935
-16.260604,13,1214.475597
-59.960141,15,1214.49646
-60.52312,25,1214.532566
-65.383803,26,1214.57374
-56.74592,23,1214.60485
-46.623967,21,1214.634517
-52.173843,20,1214.662962
-90.112612,38,1214.719799
-75.605658,24,1214.756928
-74.515707,28,1214.795889
-37.911986,12,1214.815406
-75.901525,30,1214.858994
-61.602071,21,1214.888394
-28.218276,12,1214.90522
-42.995004,22,1214.95376
-50.533432,15,1214.976511
-34.765687,12,1214.993412
-142.097294,52,1215.071151
-42.376678,16,1215.094505
-26.516133,9,1215.107812
-34.266687,12,1215.125011
-49.643012,19,1215.153618
-45.2027,25,1215.190582
-115.504152,37,1215.243869
-52.597813,29,1215.287018
-82.239646,27,1215.324367
-44.758649,18,1215.352875
-19.865087,9,1215.367371
-37.307303,19,1215.395917
-52.899766,16,1215.418822
-108.787469,45,1215.484883
-22.516209,8,1215.495429
-79.586994,35,1215.547504
-27.376851,9,1215.561839
-36.533901,24,1215.596897
-82.847426,32,1215.642699
-23.613869,9,1215.656514
-15.433289,8,1215.683936
-45.817837,18,1215.710948
-89.288597,40,1215.77033
-41.739746,19,1215.799376
-27.771769,10,1215.814839
-61.564997,23,1215.850203
-43.004517,16,1215.873783
-14.859776,7,1215.883312
-191.091519,69,1215.987217
-18.702417,11,1216.003026
-37.078396,22,1216.041296
-22.494823,8,1216.051805
-26.168749,8,1216.06548
-14.883864,8,1216.079048
-23.820898,8,1216.088914
-25.565528,9,1216.1027
-25.295655,8,1216.115942
-25.062663,10,1216.130851
-25.594522,11,1216.146962
-20.839583,9,1216.16143
-13.44631,8,1216.171554
-20.352707,9,1216.185944
-26.215472,14,1216.207891
-14.631589,7,1216.21732
-44.23217,18,1216.246001
-31.019162,15,1216.268178
-20.221484,10,1216.283277
-76.094835,33,1216.330157
-37.222519,15,1216.352765
-22.957722,9,1216.367012
-23.683112,9,1216.381121
-16.845409,8,1216.394128
-72.075725,21,1216.424147
-170.500592,44,1216.50589
-55.985425,17,1216.530214
-18.119738,8,1216.543984
-34.56088,14,1216.562641
-16.012183,8,1216.576281
-26.689206,10,1216.591203
-29.196578,9,1216.605525
-14.117191,8,1216.615858
-27.776951,9,1216.629864
-19.676245,8,1216.643442
-19.896707,8,1216.653398
-26.635589,9,1216.667486
-23.462125,9,1216.681607
-67.910558,20,1216.711976
-37.425746,18,1216.74045
-50.022092,18,1216.765596
-123.757054,33,1216.8152
-110.370704,33,1216.862062
-102.994157,36,1216.918952
-78.169542,47,1216.986919
-110.120507,43,1217.053478
-84.395125,25,1217.090551
-36.417706,19,1217.116974
-112.070661,38,1217.175351
-140.062755,42,1217.252359
-89.877477,29,1217.296381
-32.300693,14,1217.318355
-37.514267,14,1217.340418
-41.547379,16,1217.364156
-62.097816,20,1217.394188
-19.112433,10,1217.409446
-167.131033,43,1217.474116
-77.313975,23,1217.50692
-77.929219,27,1217.549478
-151.93792,65,1217.647782
-40.298425,13,1217.666185
-162.35582,50,1217.740778
-262.562182,100,1217.889161
-37.444649,16,1217.912569
-32.112307,12,1217.932117
-49.999278,14,1217.954238
-31.875919,10,1217.983248
-123.225716,39,1218.040695
-62.546683,23,1218.076949
-20.645488,10,1218.091705
-179.160397,45,1218.160052
-27.230329,9,1218.174035
-62.706886,17,1218.19955
-80.984889,20,1218.230279
-85.449316,30,1218.274973
-113.872647,47,1218.347533
-167.421511,54,1218.424656
-46.831845,34,1218.475298
-26.582498,14,1218.496666
-18.90575,7,1218.506096
-22.676461,8,1218.519657
-17.787625,9,1218.533443
-32.993707,12,1218.549988
-16.264518,8,1218.563323
-20.171079,10,1218.577936
-38.41684,15,1218.600726
-37.646654,15,1218.622951
-19.239936,9,1218.636745
-21.713616,9,1218.648011
-29.048418,16,1218.68487
-27.593428,14,1218.703227
-30.996217,12,1218.72295
-67.513859,22,1218.768409
-24.521323,15,1218.794219
-15.994005,8,1218.809309
-39.154854,14,1218.832536
-63.200896,26,1218.870844
-34.023627,12,1218.888182
-38.280002,44,1218.969467
-64.031425,20,1218.99911
-18.917111,9,1219.013246
-36.169999,11,1219.029695
-206.934828,79,1219.149523
-69.989103,34,1219.201341
-33.084181,16,1219.224906
-26.897032,27,1219.264003
-42.006121,23,1219.299041
-37.323169,22,1219.330774
-27.248657,13,1219.351294
-21.533189,9,1219.365726
-18.784964,9,1219.376833
-45.848615,18,1219.40468
-18.713671,10,1219.419421
-115.528027,45,1219.485472
-48.743824,38,1219.556928
-26.085136,11,1219.573934
-26.695928,12,1219.59093
-71.180201,29,1219.635581
-33.78591,34,1219.686851
-81.513717,26,1219.724597
-65.665926,23,1219.760354
-33.557423,13,1219.77825
-41.17639,19,1219.807155
-23.222447,13,1219.827692
-25.032876,11,1219.843219
-66.471422,32,1219.890314
-24.965053,11,1219.909944
-31.934155,13,1219.931479
-39.02922,14,1219.953309
-30.13241,13,1219.971079
-69.630072,29,1220.016051
-32.451958,13,1220.037455
-29.57122,14,1220.059639
-26.078933,13,1220.077318
-31.606862,13,1220.09774
-31.443519,14,1220.119371
-100.193951,36,1220.172792
-28.700883,14,1220.195481
-28.143711,12,1220.21285
-30.250481,11,1220.228771
-105.519788,79,1220.362695
-29.351548,13,1220.383528
-21.521802,11,1220.399867
-38.127613,17,1220.42606
-44.246937,31,1220.471963
-31.1895,16,1220.498773
-35.197302,12,1220.516388
-31.299793,12,1220.533007
-57.902573,25,1220.569613
-31.428348,13,1220.590834
-44.810725,17,1220.615565
-30.833401,15,1220.637382
-30.54214,12,1220.65747
-30.905314,12,1220.674131
-79.999514,34,1220.724903
-41.390428,17,1220.749238
-34.816837,13,1220.770144
-49.333427,22,1220.801771
-34.086163,11,1220.820206
-50.437584,22,1220.851893
-271.445621,115,1221.025464
-51.961151,20,1221.055207
-76.666739,30,1221.115535
-29.545617,18,1221.144279
-43.165117,18,1221.16976
-29.330487,13,1221.190301
-36.066222,16,1221.21395
-54.350902,31,1221.259778
-28.79691,35,1221.312131
-36.545272,18,1221.339873
-26.322527,11,1221.356111
-51.770805,24,1221.393206
-29.732596,13,1221.411303
-37.049662,15,1221.435014
-38.827441,15,1221.457892
-26.149692,13,1221.479653
-29.593931,10,1221.494976
-109.690337,31,1221.539614
-39.232144,14,1221.561575
-19.751363,11,1221.577018
-59.449599,19,1221.605759
-74.000145,27,1221.645476
-621.065662,259,1222.051238
-16.385647,8,1222.065009
-17.128025,8,1222.07576
-35.584088,13,1222.096412
-170.983987,60,1222.186377
-32.891545,14,1222.208453
-23.048525,8,1222.219077
-33.46835,13,1222.239565
-195.18519,88,1222.371273
-121.156079,50,1222.446252
-28.59997,10,1222.461706
-35.466575,12,1222.478611
-48.869495,19,1222.507663
-40.89462,21,1222.538296
-29.636117,10,1222.5536
-26.62023,13,1222.574061
-22.140809,13,1222.591835
-34.454176,19,1222.636504
-1603.990296,698,1223.743248
-198.896504,100,1223.895177
-19.154076,14,1223.91372
-17.626318,9,1223.928265
-18.42682,9,1223.943313
-18.932947,10,1223.958284
-20.416309,10,1223.974295
-23.632133,10,1223.989578
-18.564906,10,1224.005223
-89.507611,49,1224.081984
-36.35444,14,1224.106593
-27.155096,14,1224.13176
-18.905323,10,1224.154391
-24.223542,11,1224.185567
-78.494062,26,1224.256361
-25.888684,10,1224.280226
-55.897316,24,1224.3301
-84.830609,28,1224.379354
-24.481188,14,1224.404462
-54.466039,42,1224.464726
-13.074892,8,1224.477527
-14.885472,9,1224.49063
-13.678165,8,1224.500087
-417.836516,156,1224.720536
-47.309611,25,1224.755908
-14.704531,9,1224.766802
-28.27145,10,1224.781442
-44.608913,27,1224.821642
-41.597905,14,1224.842204
-109.644798,44,1224.90297
-84.69854,54,1224.982232
-21.749817,12,1225.122881
-16.474382,9,1225.134737
-18.726779,9,1225.149299
-21.143232,12,1225.169061
-91.947619,46,1225.236458
-44.64756,26,1225.276246
-29.15438,15,1225.297848
-52.393786,28,1225.339743
-17.891831,9,1225.350356
-10.990991,8,1225.363351
-11.611198,8,1225.376199
-25.988291,11,1225.392036
-35.121258,11,1225.407529
-211.120141,66,1225.504555
-16.542844,9,1225.517845
-95.951214,34,1225.568285
-14.263904,10,1225.58303
-18.083199,9,1225.596631
-15.403789,9,1225.606932
-41.848225,22,1225.640239
-23.597412,10,1225.654904
-29.210551,14,1225.676435
-24.026938,13,1225.693399
-13.673876,8,1225.706283
-63.181681,37,1225.759426
-12.707402,44,1225.822737
-112.934263,42,1225.898499
-49.987222,21,1225.931169
-48.500154,22,1225.963128
-24.900818,11,1225.979029
-37.433769,28,1226.024434
-29.758192,11,1226.040357
-21.361409,10,1226.055407
-19.193424,10,1226.07011
-17.567839,10,1226.084763
-18.067742,42,1226.145364
-14.118057,8,1226.158391
-17.809405,9,1226.172211
-18.481741,10,1226.186855
-41.1167,28,1226.227652
-17.994817,11,1226.246899
-21.720895,8,1226.257719
-41.386803,21,1226.288301
-19.570023,9,1226.30239
-21.881564,10,1226.317848
-20.09445,11,1226.333611
-34.372374,17,1226.360445
-14.181954,9,1226.375286
-87.096301,40,1226.435159
-72.06863,37,1226.488853
-65.974793,35,1226.542446
-18.487401,9,1226.556423
-16.180302,9,1226.570318
-108.113252,56,1226.669372
-46.265859,23,1226.702823
-20.225796,10,1226.718453
-22.187881,10,1226.733677
-21.937463,9,1226.747719
-55.212331,20,1226.777973
-19.82965,10,1226.792942
-27.737706,17,1226.820165
-25.611213,11,1226.836525
-46.443167,17,1226.861032
-17.743003,9,1226.8749
-25.49109,12,1226.891854
-17.871525,9,1226.906024
-16.516855,7,1226.91845
-38.595362,20,1226.949065
-35.538629,19,1226.975618
-40.107166,22,1227.010669
-126.904269,44,1227.078173
-16.754589,9,1227.089347
-124.122316,38,1227.147186
-15.389232,9,1227.161718
-70.140937,54,1227.244222
-18.646204,14,1227.263129
-16.095973,10,1227.278221
-25.272641,11,1227.297401
-21.269011,12,1227.314011
-16.015508,9,1227.327598
-26.428707,12,1227.344326
-108.574655,58,1227.446724
-47.463702,31,1227.493438
-24.891047,11,1227.510005
-22.076819,9,1227.523315
-27.590259,13,1227.543802
-42.204622,20,1227.573695
-61.8055,24,1227.607759
-77.722101,37,1227.665526
-21.878895,10,1227.680559
-128.456906,42,1227.741335
-38.964765,19,1227.770977
-38.413499,20,1227.800417
-15.942466,9,1227.814613
-15.749918,8,1227.824711
-28.091473,12,1227.844851
-19.559357,11,1227.860536
-32.139934,11,1227.876452
-31.4306,16,1227.899266
-30.477794,12,1227.91907
-27.044065,10,1227.934155
-99.596125,38,1227.988592
-72.930252,35,1228.041092
-37.076545,29,1228.085054
-11.230122,11,1228.100765
-75.683337,31,1228.149532
-132.185088,59,1228.252603
-105.534615,42,1228.317726
-12.091513,11,1228.334128
-59.341513,22,1228.36633
-25.701847,13,1228.387687
-37.854482,14,1228.410038
-26.933093,15,1228.433244
-104.486421,41,1228.493909
-67.009755,27,1228.533832
-28.419159,14,1228.554826
-24.180265,19,1228.583728
-108.061245,42,1228.64621
-32.655956,21,1228.679631
-116.537509,47,1228.748003
-30.220217,11,1228.764861
-85.369404,30,1228.809244
-28.858581,14,1228.831584
-23.425175,14,1228.855311
-60.685127,34,1228.911118
-346.815948,137,1229.135109
-65.240172,41,1229.194391
-110.371177,71,1229.297369
-137.840948,55,1229.378014
-69.194372,55,1229.458972
-110.207047,52,1229.536251
-211.114479,71,1229.641933
-25.217983,14,1229.663333
-109.254043,49,1229.75133
-26.808166,15,1229.775928
-526.320572,226,1230.117624
-41.068905,20,1230.147164
-234.57229,128,1230.336416
-54.4324,28,1230.380861
-164.323491,67,1230.494188
-32.340673,15,1230.516671
-56.105342,29,1230.562486
-65.747898,36,1230.614539
-30.144655,26,1230.6555
-52.356132,23,1230.688179
-16.528248,12,1230.707993
-44.431565,17,1230.732483
-41.336191,29,1230.775749
-108.533591,70,1230.88009
-31.80073,11,1230.89621
-45.799723,17,1230.920825
-8.427311,18,1230.955836
-17.753059,9,1230.969891
-55.815533,19,1230.999237
-55.455254,14,1231.017682
-34.68908,18,1231.045526
-69.221428,39,1231.10307
-44.457036,19,1231.132105
-51.437583,24,1231.165998
-27.139304,20,1231.195299
-182.29918,69,1231.312914
-49.514161,26,1231.351093
-131.391129,50,1231.424832
-88.5504,72,1231.534249
-16.525766,10,1231.549373
-23.373985,10,1231.564616
-15.5821,10,1231.579394
-59.565456,28,1231.619213
-28.939215,12,1231.63854
-113.161886,46,1231.706309
-24.936059,13,1231.72675
-103.910478,54,1231.804377
-170.660323,91,1231.942501
-49.719289,41,1232.018927
-33.262177,25,1232.05757
-20.343249,17,1232.0819
-51.058424,23,1232.117419
-52.366651,21,1232.148398
-31.201213,11,1232.163888
-34.032419,14,1232.184892
-19.701992,12,1232.20181
-55.353866,20,1232.232687
-107.684772,56,1232.318019
-17.073788,11,1232.33416
-16.444576,11,1232.349907
-22.255884,14,1232.370959
-19.030782,9,1232.385409
-41.379785,20,1232.415248
-33.678016,19,1232.441427
-51.576078,18,1232.469898
-94.941557,65,1232.567512
-108.384386,41,1232.628151
-58.255516,44,1232.693225
-21.716004,13,1232.713388
-20.268324,13,1232.731441
-24.597182,21,1232.777266
-101.883489,51,1232.856699
-24.876158,19,1232.882772
-71.126859,23,1232.917912
-67.741339,22,1232.949908
-53.321357,15,1232.971546
-125.869782,55,1233.054172
-44.878571,44,1233.120239
-35.908269,12,1233.139348
-75.361908,60,1233.229714
-32.61605,14,1233.248558
-63.761995,19,1233.285389
-34.177731,38,1233.349272
-26.381805,9,1233.364216
-7.091499,16,1233.389666
-19.759187,14,1233.413348
-486.836262,233,1233.796778
-87.019437,28,1233.84128
-38.301695,18,1233.867891
-33.55129,16,1233.895566
-32.116038,17,1233.920506
-32.161996,25,1233.960412
-50.764805,19,1233.990232
-53.535712,21,1234.021973
-22.654483,14,1234.045023
-240.05253,134,1234.250042
-51.452129,13,1234.26841
-139.917426,68,1234.382771
-34.42986,29,1234.429533
-32.938196,14,1234.449565
-20.131409,10,1234.465458
-34.934874,15,1234.489369
-28.849668,17,1234.518238
-27.379075,11,1234.534593
-52.899742,29,1234.580685
-46.552975,20,1234.611453
-30.060552,15,1234.634298
-22.344351,14,1234.656156
-34.952443,13,1234.674307
-24.390938,14,1234.696075
-73.271718,28,1234.739825
-90.499607,27,1234.779578
-64.92071,36,1234.834323
-330.749871,128,1235.02976
-29.62072,24,1235.066966
-39.169655,16,1235.090274
-28.654061,14,1235.125263
-44.209243,18,1235.152125
-29.583395,16,1235.176167
-35.210973,14,1235.197996
-14.699113,13,1235.218812
-75.211464,23,1235.251549
-54.278116,19,1235.280689
-24.559488,14,1235.302329
-116.904992,54,1235.384727
-22.083557,13,1235.402993
-1928.681795,1000,1236.942007
-22.030352,9,1236.957176
-29.409003,24,1236.993913
-49.003243,39,1237.053605
-35.259259,13,1237.071646
-36.840296,15,1237.095136
-98.34871,52,1237.176011
-13.575427,8,1237.185778
-21.314733,10,1237.200924
-43.721676,23,1237.23644
-40.505936,16,1237.260153
-21.276284,10,1237.275499
-33.720097,15,1237.298101
-17.831305,9,1237.311688
-38.053789,17,1237.336024
-20.953868,11,1237.354717
-26.713157,10,1237.36985
-63.363679,28,1237.411573
-44.997406,18,1237.444739
-41.911542,14,1237.467916
-24.820493,10,1237.483526
-21.769758,24,1237.517538
-35.408206,13,1237.538211
-28.373412,18,1237.566158
-106.762483,35,1237.618252
-269.840385,107,1237.779551
-168.967611,69,1237.883058
-79.296798,26,1237.921257
-106.367013,54,1238.003623
-52.974326,29,1238.047781
-23.361428,12,1238.064519
-40.273873,19,1238.09373
-18.696177,10,1238.107898
-20.347171,11,1238.123825
-20.364531,10,1238.138891
-51.281673,25,1238.177459
-19.449263,10,1238.20684
-56.593591,22,1238.239799
-51.247723,23,1238.276891
-79.44416,43,1238.342438
-25.897767,11,1238.358052
-26.843157,13,1238.376069
-56.489994,26,1238.419168
-31.458193,14,1238.438012
-116.976046,57,1238.654378
-28.942207,16,1238.699163
-33.690354,12,1238.721563
-80.046644,55,1238.831377
-101.357673,56,1238.919277
-113.473111,65,1239.015676
-34.931824,15,1239.037068
-17.59384,10,1239.051405
-80.402839,48,1239.120323
-27.030701,13,1239.144733
-60.566441,19,1239.174519
-32.879874,15,1239.19678
-30.879414,12,1239.212718
-23.552547,12,1239.229066
-42.085376,31,1239.275631
-28.750121,11,1239.290905
-35.720547,20,1239.319982
-45.482079,23,1239.351482
-156.789151,65,1239.447011
-165.841853,58,1239.532283
-124.530284,42,1239.592034
-36.002883,18,1239.619343
-185.66654,72,1239.723887
-30.222363,19,1239.753265
-17.612316,12,1239.772419
-41.1284,22,1239.803204
-28.361311,11,1239.818887
-89.705181,34,1239.881583
-23.97826,11,1239.897941
-56.858082,27,1239.939967
-56.009529,23,1239.973302
-50.29999,24,1240.010186
-82.248396,35,1240.193314
-75.50355,51,1240.290032
-255.847611,131,1240.484993
-21.994785,11,1240.50321
-63.124475,31,1240.547408
-43.907629,20,1240.575877
-43.264918,27,1240.612511
-22.426794,14,1240.632508
-20.815545,10,1240.64668
-38.127464,26,1240.683435
-25.653125,11,1240.699062
-22.8926,10,1240.713396
-49.545445,22,1240.746694
-44.24755,19,1240.861875
-21.283113,12,1240.890576
-61.131296,23,1240.943827
-16.150389,11,1240.960027
-40.19263,22,1240.990697
-22.249124,11,1241.00611
-70.89782,30,1241.050572
-79.899521,27,1241.091898
-65.343655,35,1241.145305
-19.53646,26,1241.18385
-16.519,11,1241.199847
-80.159842,45,1241.266357
-95.61007,39,1241.324598
-31.339132,20,1241.354455
-133.192174,59,1241.442579
-134.845502,49,1241.515455
-80.9123,33,1241.563745
-53.988018,25,1241.600688
-27.010767,11,1241.616364
-28.727523,24,1241.66877
-31.05364,14,1241.690674
-29.023983,11,1241.706659
-50.141592,23,1241.74115
-35.180431,24,1241.778218
-15.951637,10,1241.793131
-37.512673,17,1241.817775
-149.950336,62,1241.908329
-21.598113,10,1241.923187
-25.488738,21,1241.958576
-24.890438,11,1241.974413
-17.479818,9,1241.989375
-32.805858,18,1242.014702
-29.668571,13,1242.035397
-35.629883,20,1242.065221
-62.504015,19,1242.094167
-22.472279,12,1242.110498
-54.431504,23,1242.145571
-56.384567,18,1242.170182
-21.954022,10,1242.185701
-20.976865,8,1242.199153
-48.617007,29,1242.243275
-33.913565,16,1242.266674
-24.119784,10,1242.281752
-18.753685,9,1242.295966
-56.062003,29,1242.335634
-35.840234,15,1242.357145
-28.84857,11,1242.376292
-32.167253,15,1242.414265
-46.246441,25,1242.452315
-40.202207,24,1242.486486
-96.270871,46,1242.557674
-48.2897,20,1242.588069
-264.878121,77,1242.701159
-60.562562,21,1242.731588
-26.53738,10,1242.74729
-40.911177,17,1242.773671
-49.037202,19,1242.799629
-24.736286,11,1242.817787
-39.185256,16,1242.841253
-32.531374,11,1242.856879
-40.787907,21,1242.887767
-56.442145,25,1242.925305
-57.875527,22,1242.960376
-28.085787,14,1242.979637
-24.69032,9,1242.993405
-22.77169,9,1243.007139
-31.000135,16,1243.030305
-25.215494,9,1243.044213
-53.56105,19,1243.072746
-156.447798,54,1243.166946
-53.831164,17,1243.195145
-23.901864,9,1243.210215
-20.995365,9,1243.224193
-51.973213,18,1243.249804
-81.211726,34,1243.300925
-55.947417,24,1243.337737
-22.080668,9,1243.352094
-40.083478,13,1243.370058
-51.205335,24,1243.406634
-47.465367,17,1243.430741
-27.224814,11,1243.449546
-50.722772,25,1243.486902
-23.496883,9,1243.498527
-189.558056,70,1243.603064
-31.175808,11,1243.621627
-32.154263,13,1243.640938
-28.658114,11,1243.658798
-27.696887,12,1243.679162
-25.543422,9,1243.693249
-41.322479,15,1243.715381
-56.919426,21,1243.74882
-31.813291,13,1243.767797
-18.938918,8,1243.780818
-24.924491,12,1243.797914
-28.024702,12,1243.817404
-49.068409,18,1243.852112
-34.02213,15,1243.880448
-77.755462,33,1243.930922
-22.054837,10,1243.957799
-54.315355,23,1243.997704
-33.338973,14,1244.017391
-33.19887,14,1244.038305
-21.941889,10,1244.05427
-115.86487,42,1244.118053
-53.99609,30,1244.163038
-38.215005,18,1244.188083
-24.168495,10,1244.203375
-45.441598,18,1244.231213
-35.800212,20,1244.261205
-24.032624,10,1244.276608
-44.635555,28,1244.316664
-46.069407,25,1244.353017
-41.75879,20,1244.383123
-36.255828,13,1244.403587
-45.736877,19,1244.43239
-29.098147,13,1244.449641
-119.566486,46,1244.519907
-59.608175,28,1244.560859
-18.71154,9,1244.575233
-17.618639,8,1244.588689
-24.741975,10,1244.60354
-24.000841,14,1244.622198
-28.054996,10,1244.637256
-50.206727,17,1244.664275
-106.130134,40,1244.739872
-48.490119,19,1244.769958
-25.918713,14,1244.788552
-139.475705,49,1244.864763
-65.891487,33,1244.915814
-17.101745,9,1244.930481
-19.006954,9,1244.941217
-55.684348,26,1244.98248
-48.569535,21,1245.0135
-39.268339,14,1245.035066
-21.597492,9,1245.046671
-40.140852,17,1245.07429
-27.99957,10,1245.089461
-22.678141,9,1245.103775
-44.666058,19,1245.129216
-32.359937,13,1245.150433
-53.858636,20,1245.180086
-56.499035,19,1245.208857
-42.842171,19,1245.237871
-43.136479,16,1245.261244
-47.507541,18,1245.286646
-84.070146,42,1245.350309
-29.026241,11,1245.366114
-56.402153,22,1245.397884
-29.268214,11,1245.416802
-25.414345,9,1245.428112
-22.161751,9,1245.441859
-32.579194,12,1245.461964
-63.384472,21,1245.507877
-33.402888,16,1245.533045
-51.39706,17,1245.556904
-37.779873,20,1245.587808
-103.492656,32,1245.637465
-43.316337,32,1245.68463
-37.760982,15,1245.707488
-23.227884,9,1245.721455
-22.205266,8,1245.735223
-74.807027,32,1245.782363
-28.969423,10,1245.797045
-39.452084,14,1245.81794
-24.548231,10,1245.833159
-32.698147,13,1245.850487
-31.720713,12,1245.869632
-20.189421,9,1245.883602
-21.585301,9,1245.894492
-16.967688,8,1245.907639
-17.204945,8,1245.922774
-24.131192,9,1245.933811
-28.09474,10,1245.948699
-22.87533,9,1245.963009
-22.720048,10,1245.978582
-31.473482,11,1245.994061
-30.780565,14,1246.015394
-21.576109,10,1246.030542
-20.312875,8,1246.04377
-21.578952,8,1246.053681
-39.998301,14,1246.075562
-19.993861,8,1246.08933
-23.100146,8,1246.099666
-30.994859,16,1246.125518
-21.620574,8,1246.135448
-26.269484,10,1246.150765
-122.556979,51,1246.226055
-31.328145,11,1246.259389
-26.758325,9,1246.270965
-51.830462,23,1246.308559
-82.442709,28,1246.351966
-63.861385,24,1246.385964
-118.066962,38,1246.444468
-43.53708,26,1246.482712
-56.666513,20,1246.512636
-31.228139,12,1246.532084
-57.472811,20,1246.562224
-43.027657,19,1246.58886
-110.027443,49,1246.662805
-24.011889,9,1246.677005
-22.117364,9,1246.690895
-26.07955,9,1246.704936
-27.203269,11,1246.720602
-23.526484,9,1246.734459
-91.618841,39,1246.789711
-58.915817,35,1246.841825
-30.444225,11,1246.860791
-30.657373,11,1246.876419
-93.250005,45,1246.943109
-25.534458,9,1246.956566
-30.690026,9,1246.968201
-44.379285,21,1247.002357
-45.78596,26,1247.054589
-59.542339,20,1247.086025
-27.79085,10,1247.101735
-27.675513,10,1247.117232
-55.019913,22,1247.148525
-45.997175,18,1247.176419
-32.187188,11,1247.192341
-92.372676,34,1247.244831
-44.636524,15,1247.267823
-35.713365,15,1247.298007
-45.079854,23,1247.330982
-32.353574,14,1247.352255
-33.550824,14,1247.374996
-18.293091,9,1247.38911
-25.94479,10,1247.404224
-18.188848,9,1247.418369
-52.382805,44,1247.480972
-22.005829,11,1247.499403
-20.360346,9,1247.510789
-585.339505,246,1247.900439
-73.566612,38,1247.955139
-66.110788,24,1247.992824
-28.094799,10,1248.007725
-37.464741,16,1248.032121
-32.535827,12,1248.051965
-26.722506,9,1248.063825
-87.035094,39,1248.122464
-54.772533,18,1248.150924
-19.37142,9,1248.165175
-499.026982,205,1248.476009
-27.563261,10,1248.492214
-29.374944,12,1248.537642
-110.490864,32,1248.594611
-144.635657,50,1248.698951
-121.713401,34,1248.756229
-64.446123,26,1248.799146
-44.099507,18,1248.826267
-34.496161,15,1248.846776
-32.083526,10,1248.86069
-48.069562,18,1248.886552
-37.699915,14,1248.903626
-80.008587,31,1248.949285
-288.256682,104,1249.093641
-93.195248,36,1249.146186
-72.09725,36,1249.197227
-37.722427,10,1249.211103
-49.240258,22,1249.240987
-38.935779,14,1249.261621
-45.379323,21,1249.290132
-50.74572,23,1249.32355
-43.486395,18,1249.347597
-60.979791,39,1249.418183
-49.639412,20,1249.447056
-61.373719,23,1249.481041
-46.814652,14,1249.501957
-633.285682,265,1249.887699
-108.184122,33,1249.933544
-48.654414,27,1249.97529
-86.270583,36,1250.028094
-66.496881,34,1250.078424
-30.381682,12,1250.107536
-68.855838,33,1250.157639
-39.621283,21,1250.188357
-27.424927,13,1250.205925
-50.791666,15,1250.227924
-136.959564,44,1250.291757
-19.965453,10,1250.306692
-110.274489,35,1250.357606
-161.015463,78,1250.474462
-23.300513,10,1250.489693
-97.371365,35,1250.539964
-38.531646,11,1250.555145
-56.809303,23,1250.589593
-94.878654,37,1250.6434
-29.416638,13,1250.663168
-28.885167,10,1250.677881
-48.070971,18,1250.701849
-24.452693,10,1250.71704
-21.94219,14,1250.738029
-27.695404,13,1250.758053
-31.684791,13,1250.775593
-818.711068,372,1251.356162
-27.251593,13,1251.373821
-52.77336,24,1251.410104
-110.016885,47,1251.47887
-111.941739,34,1251.529598
-48.025644,24,1251.565861
-27.357734,10,1251.58109
-34.699119,16,1251.604091
-88.067178,26,1251.657274
-20.87684,10,1251.672323
-59.403702,18,1251.701156
-89.103641,40,1251.760147
-30.384938,10,1251.774969
-42.868182,16,1251.799003
-33.970962,13,1251.819392
-67.348989,31,1251.864653
-27.743596,13,1251.885219
-78.192214,27,1251.924219
-31.674609,16,1251.947931
-28.844985,10,1251.96277
-39.654295,17,1251.990301
-30.924463,15,1252.013457
-31.577303,10,1252.028313
-40.031748,16,1252.051672
-31.245985,12,1252.068527
-64.31112,24,1252.10535
-24.495958,10,1252.120289
-88.623693,46,1252.187844
-36.491399,14,1252.209569
-23.786542,12,1252.226277
-30.56464,10,1252.240869
-40.505236,22,1252.276079
-257.218182,113,1252.458096
-31.118687,14,1252.479519
-26.803163,10,1252.495228
-24.79893,10,1252.510241
-27.548252,12,1252.529558
-131.457849,52,1252.606793
-30.649408,11,1252.623093
-19.309859,8,1252.636913
-153.77584,52,1252.713337
-48.043078,16,1252.736931
-45.346099,22,1252.771937
-49.739417,21,1252.802641
-46.793444,16,1252.826371
-27.754592,11,1252.842019
-26.183882,9,1252.855846
-108.470165,30,1252.900765
-64.724654,26,1252.938435
-65.130881,29,1252.982769
-27.003414,11,1252.999026
-25.50021,12,1253.018498
-48.15412,26,1253.056466
-73.750411,28,1253.099485
-67.217709,27,1253.152124
-25.955626,10,1253.168142
-53.810985,21,1253.199908
-30.66436,10,1253.214897
-22.845674,9,1253.229434
-58.077409,19,1253.258013
-57.453435,22,1253.289103
-25.918974,11,1253.305117
-59.24185,24,1253.341151
-29.368248,12,1253.361198
-60.694537,26,1253.398851
-47.329839,19,1253.427888
-58.225478,31,1253.472705
-29.198935,11,1253.489148
-38.309668,20,1253.519094
-26.94162,10,1253.534315
-37.593306,14,1253.555879
-31.15752,10,1253.570595
-37.101699,14,1253.591926
-22.098723,12,1253.608301
-70.930189,26,1253.646172
-28.113683,12,1253.665662
-36.880552,17,1253.689845
-43.778544,19,1253.718586
-17.625895,11,1253.734625
-35.3204,14,1253.755924
-145.767895,65,1253.881184
-30.568337,10,1253.898995
-38.426434,15,1253.924162
-32.412831,12,1253.964276
-24.298915,9,1253.981057
-32.420071,12,1254.000053
-37.521569,12,1254.023319
-22.531747,10,1254.040474
-74.688799,26,1254.082639
-67.718193,20,1254.11506
-54.313545,18,1254.140398
-42.544365,19,1254.164938
-29.541261,10,1254.179498
-26.930904,15,1254.200231
-51.140568,21,1254.23112
-32.283336,10,1254.245242
-30.621657,11,1254.25983
-71.888071,26,1254.295374
-115.395122,39,1254.350561
-269.959488,107,1254.500835
-22.365607,9,1254.514001
-29.040254,11,1254.529279
-68.907832,17,1254.554726
-48.023998,25,1254.59046
-42.925327,14,1254.607818
-22.498695,10,1254.622554
-22.879384,10,1254.636914
-28.066471,11,1254.65457
-29.296724,11,1254.669866
-26.439066,9,1254.696686
-29.247533,15,1254.718582
-35.288187,16,1254.741004
-126.793549,61,1254.825098
-106.943969,37,1254.877159
-36.091928,18,1254.904041
-69.160803,23,1254.93831
-68.384004,22,1254.968598
-51.39166,20,1254.997943
-112.626057,48,1255.067499
-21.271416,9,1255.078043
-89.212427,25,1255.112914
-28.044463,18,1255.140313
-29.26022,10,1255.154483
-25.592048,11,1255.169765
-56.939296,24,1255.204995
-22.160548,9,1255.218391
-29.985,10,1255.232551
-17.852624,9,1255.246408
-27.291621,11,1255.261271
-22.782657,10,1255.275498
-63.675628,20,1255.304216
-25.024407,10,1255.318576
-44.566555,18,1255.342603
-27.914099,10,1255.356565
-77.820185,29,1255.398803
-27.371167,10,1255.428201
-157.237433,50,1255.502447
-26.206308,11,1255.518293
-33.96002,11,1255.536144
-86.385236,19,1255.561507
-39.209018,39,1255.618182
-85.144075,34,1255.667561
-98.755484,40,1255.724894
-26.254277,9,1255.738744
-65.110568,24,1255.774484
-27.585951,10,1255.789336
-30.055616,11,1255.805013
-47.944952,25,1255.840891
-25.749875,11,1255.85637
-34.575917,11,1255.872028
-61.174365,30,1255.915077
-25.894672,9,1255.929102
-21.631986,20,1255.957676
-33.997377,26,1255.995164
-29.550511,10,1256.009928
-46.427896,23,1256.043974
-56.751618,20,1256.072809
-75.544773,29,1256.115747
-37.589092,16,1256.138663
-155.731844,53,1257.121784
-115.219821,45,1257.188843
-124.68443,52,1257.254104
-22.336817,8,1257.262543
-33.848816,13,1257.278798
-22.295888,9,1257.289301
-60.511269,27,1257.320583
-30.053929,10,1257.332761
-22.628207,9,1257.344007
-74.975477,30,1257.381564
-24.497408,10,1257.393506
-24.532623,8,1257.405657
-22.966219,10,1257.418185
-23.918243,9,1257.427448
-24.660811,11,1257.442746
-99.971374,39,1257.489163
-69.386395,23,1257.519758
-152.262075,76,1257.616011
-19.113751,8,1257.627049
-39.646829,18,1257.64832
-1055.773674,461,1258.298678
-21.267315,10,1258.312642
-83.778039,28,1258.349952
-22.477319,10,1258.364169
-27.098313,9,1258.377475
-47.172803,23,1258.425168
-98.209285,33,1258.472015
-69.544522,21,1258.500852
-55.580968,25,1258.537462
-26.039612,9,1258.550848
-47.387603,18,1258.577976
-28.761804,10,1258.59234
-30.509239,11,1258.607208
-23.483199,8,1258.619934
-19.935925,8,1258.630161
-29.479184,10,1258.644593
-18.575922,8,1258.656891
-22.85254,8,1258.666842
-59.669049,25,1258.702584
-60.042583,27,1258.743191
-116.88206,42,1258.80313
-43.40925,19,1258.830932
-2871.013181,1000,1260.343943
-27.167623,11,1260.360041
-17.812992,8,1260.372768
-23.064323,10,1260.387338
-25.904113,10,1260.402905
-23.176617,10,1260.418087
-26.300106,10,1260.433311
-19.142018,10,1260.447934
-28.937047,10,1260.463187
-260.239366,96,1260.606318
-26.542602,11,1260.622231
-2379.082554,1000,1262.165864
-21.973813,9,1262.180893
-25.118634,15,1262.203313
-30.091395,10,1262.231645
-28.111225,12,1262.250417
-45.818325,19,1262.281262
-23.696895,10,1262.296029
-33.608872,10,1262.310949
-20.71205,9,1262.324738
-62.142934,22,1262.356456
-23.429704,11,1262.375381
-23.786338,11,1262.391553
-28.160598,13,1262.410228
-68.411766,20,1262.440155
-1228.358239,530,1263.252847
-40.159454,11,1263.27175
-22.219526,10,1263.286669
-24.245524,11,1263.302367
-81.907832,37,1263.356216
-24.736723,9,1263.370854
-22.65242,10,1263.386184
-146.793831,58,1263.47196
-21.506128,9,1263.483689
-37.764182,21,1263.516895
-44.371485,11,1263.533007
-18.955017,8,1263.54339
-43.737763,16,1263.568761
-49.497831,23,1263.601581
-32.12389,13,1263.622205
-106.687765,37,1263.676726
-56.76166,17,1263.703155
-104.90858,37,1263.770168
-38.361806,18,1263.799188
-44.369666,18,1263.824885
-24.677276,10,1263.840459
-51.026569,32,1263.890701
-430.561545,160,1264.130461
-23.511236,12,1264.147274
-71.469961,38,1264.204403
-623.651447,248,1264.591383
-19.303261,9,1264.605439
-21.374035,9,1264.62029
-22.067181,9,1264.634345
-31.834941,12,1264.651262
-34.073308,14,1264.672806
-55.418138,18,1264.697715
-99.388754,22,1264.73223
-57.487746,24,1264.768575
-42.927685,23,1264.801101
-22.450856,11,1264.816663
-24.261889,10,1264.831313
-34.906033,14,1264.852782
-41.853048,16,1264.875799
-21.12954,10,1264.890601
-59.169928,23,1264.927012
-134.905406,55,1265.008043
-60.719702,23,1265.043308
-92.35452,48,1265.113938
-55.307262,20,1265.144272
-67.192122,27,1265.186366
-31.656236,14,1265.204893
-57.371404,17,1265.232664
-15.895302,8,1265.243038
-34.216733,13,1265.263321
-112.478781,33,1265.330349
-68.634064,25,1265.367814
-27.791671,13,1265.385768
-22.231797,11,1265.401643
-74.687391,30,1265.447119
-47.920166,24,1265.48376
-67.394737,29,1265.527172
-30.362059,12,1265.544065
-39.438531,18,1265.572089
-80.653195,28,1265.615542
-191.315912,90,1265.750478
-36.865117,14,1265.769058
-19.386028,10,1265.783652
-92.873384,30,1265.827384
-527.241734,229,1266.185297
-40.362087,28,1266.22774
-30.240438,17,1266.25191
-28.301612,10,1266.267167
-115.957828,47,1266.339125
-2004.172606,866,1267.677767
-410.028962,177,1267.950175
-207.259226,93,1268.096247
-70.296636,45,1268.163432
-158.409902,66,1268.260976
-61.645672,24,1268.297861
-153.415205,49,1268.385569
-56.135017,20,1268.417447
-51.041519,18,1268.443032
-130.049105,64,1268.542267
-34.644183,15,1268.564798
-87.010609,40,1268.625235
-26.1869,10,1268.640604
-34.710183,14,1268.662256
-46.272025,20,1268.691369
-1765.279349,822,1269.94989
-56.122243,25,1269.987435
-134.482581,40,1270.048
-21.932143,9,1270.062258
-141.338796,52,1270.139659
-57.246827,27,1270.183354
-24.181685,9,1270.197796
-80.688253,26,1270.237028
-510.555689,218,1270.564561
-2351.464688,950,1272.023419
-34.686868,14,1272.04564
-59.120584,28,1272.088114
-53.170212,13,1272.106009
-2463.498037,1000,1273.939841
-19.00324,8,1273.953077
-26.825926,10,1273.96762
-29.204518,11,1273.983492
-30.666123,11,1273.998758
-21.525201,10,1274.013152
-22.260826,9,1274.039835
-20.853882,8,1274.053881
-19.316322,10,1274.068797
-31.689987,15,1274.09053
-20.187889,9,1274.103887
-1042.04045,426,1274.728649
-26.426465,9,1274.742351
-23.000022,8,1274.752203
-20.711628,8,1274.765048
-21.073641,8,1274.787559
-175.07346,66,1274.888218
-49.0815,22,1274.921365
-18.330651,9,1274.935215
-47.387846,16,1274.95795
-21.064057,9,1274.971761
-23.495248,8,1274.98171
-31.877452,16,1275.00702
-21.369697,9,1275.018304
-69.750387,26,1275.058255
-22.27633,8,1275.067885
-28.601862,11,1275.083492
-20.422157,8,1275.097121
-29.233974,12,1275.113909
-18.513139,9,1275.127093
-28.217208,10,1275.142183
-20.315244,9,1275.156013
-57.318056,21,1275.18669
-18.506661,10,1275.201498
-130.533248,57,1275.284859
-20.488625,8,1275.294794
-24.285145,9,1275.308834
-40.59191,15,1275.330564
-18.553881,8,1275.343343
-19.551147,8,1275.353111
-20.817475,10,1275.368265
-26.607057,9,1275.381947
-19.91814,8,1275.394885
-62.287669,31,1275.438635
-27.386951,10,1275.453737
-22.026932,8,1275.464014
-33.282428,21,1275.497323
-37.284462,19,1275.534893
-24.174525,9,1275.550006
-77.178453,48,1275.622528
-20.729471,9,1275.636273
-18.771209,8,1275.646578
-31.568546,15,1275.668403
-48.969543,18,1275.696176
-24.301639,9,1275.710399
-97.246447,35,1275.764502
-20.34871,8,1275.774473
-25.63082,13,1275.795276
-63.009608,23,1275.82738
-32.19102,17,1275.854188
-285.034713,129,1276.053372
-20.095806,8,1276.063862
-21.16898,9,1276.078023
-21.89203,9,1276.092779
-24.294266,9,1276.106789
-24.771495,9,1276.118291
-21.287323,8,1276.131792
-18.775072,8,1276.144981
-21.136162,8,1276.155012
-39.035578,14,1276.17653
-30.436338,10,1276.191847
-22.699835,8,1276.204626
-17.452909,9,1276.215955
-57.482601,27,1276.257405
-77.471605,36,1276.323998
-21.442919,8,1276.337484
-19.529234,8,1276.348164
-17.548885,8,1276.361451
-20.406768,8,1276.371561
-22.490987,8,1276.385699
-19.202985,8,1276.399115
-19.822361,8,1276.409273
-18.186676,9,1276.423193
-26.986417,10,1276.438751
-27.980875,10,1276.453861
-20.619212,9,1276.468536
-16.597055,8,1276.479033
-20.655091,10,1276.494301
-18.827298,8,1276.507103
-24.831681,9,1276.521179
-127.254245,42,1276.58184
-21.609413,8,1276.594928
-18.874846,13,1276.612539
-31.726523,17,1276.640066
-20.367525,8,1276.650295
-21.100417,8,1276.66383
-22.259411,8,1276.677176
-24.154314,10,1276.691965
-28.767086,9,1276.70304
-28.146532,16,1276.728663
-20.64321,8,1276.738778
-21.61918,8,1276.752299
-21.512691,8,1276.763241
-48.187762,27,1276.805451
-26.308275,9,1276.819314
-26.437531,8,1276.829822
-19.130669,8,1276.843052
-27.119192,10,1276.857589
-21.409534,8,1276.867561
-23.121717,8,1276.880495
-28.225345,14,1276.901849
-21.92703,8,1276.91235
-19.128348,8,1276.925273
-19.719798,8,1276.938262
-22.288043,9,1276.949381
-25.432508,9,1276.963225
-1167.972836,412,1277.595813
-21.124205,8,1277.605646
-27.371265,17,1277.632241
-24.07825,8,1277.641909
-23.106378,8,1277.654844
-24.696675,8,1277.665353
-33.720808,10,1277.680201
-34.227021,11,1277.698793
-32.104258,10,1277.713374
-22.561962,8,1277.722955
-25.05642,9,1277.736693
-23.126707,9,1277.750389
-22.745246,9,1277.764448
-24.953056,9,1277.774858
-22.142359,8,1277.787631
-23.475586,8,1277.801057
-24.491323,8,1277.82468
-37.505898,17,1277.852848
-23.28321,8,1277.863638
-37.911428,17,1277.891251
-26.216606,10,1277.906606
-25.754435,8,1277.917234
-23.112966,8,1277.930499
-431.6717,161,1278.167069
-17.547263,9,1278.180912
-29.308488,10,1278.196138
-31.056981,10,1278.211156
-24.264951,8,1278.221014
-73.515585,25,1278.258112
-120.530928,36,1278.313036
-24.340622,9,1278.323992
-24.159667,8,1278.337245
-23.210747,8,1278.350075
-20.783721,8,1278.360154
-16.469826,9,1278.373823
-21.820257,8,1278.387056
-29.261256,9,1278.398197
-23.504496,8,1278.411698
-28.801993,9,1278.42504
-300.879014,134,1278.63917
-25.775195,13,1278.656412
-18.314245,9,1278.670666
-22.729389,8,1278.684091
-22.109832,9,1278.695408
-21.123973,8,1278.70831
-21.065281,8,1278.721581
-21.001122,9,1278.732874
-193.573726,81,1278.855638
-27.434941,10,1278.870629
-27.508799,10,1278.885536
-23.258753,8,1278.895849
-38.179945,16,1278.918482
-29.032501,11,1278.937274
-32.573621,12,1278.953511
-45.647886,16,1278.9765
-39.0558,11,1278.99172
-22.201802,11,1279.010075
-19.205556,8,1279.020025
-29.573259,11,1279.036
-28.044834,10,1279.050605
-21.923831,8,1279.063759
-26.934397,10,1279.078402
-21.891085,9,1279.092516
-27.486935,10,1279.107269
-33.309835,11,1279.122811
-28.845347,18,1279.149976
-16.726238,8,1279.159878
-20.226033,9,1279.173303
-196.560006,72,1279.276504
-21.860532,9,1279.290482
-22.422379,8,1279.302861
-69.174271,28,1279.35608
-32.406717,12,1279.376719
-63.725733,28,1279.417238
-30.387741,10,1279.432382
-57.955616,18,1279.460681
-113.698666,35,1279.512468
-82.463472,36,1279.564987
-50.111465,25,1279.601443
-20.672852,8,1279.613983
-22.470377,9,1279.627274
-27.977461,12,1279.643479
-109.125005,31,1279.688968
-31.574098,11,1279.705127
-49.78325,18,1279.733231
-33.471632,30,1279.776219
-21.289286,8,1279.7891
-30.909099,13,1279.806334
-25.883642,9,1279.820409
-21.927893,8,1279.833389
-24.963299,8,1279.84382
-20.297902,8,1279.856477
-18.87164,8,1279.866643
-25.552637,10,1279.881562
-16.779238,9,1279.89628
-23.919815,8,1279.909913
-24.58601,9,1279.923
-21.728403,8,1279.933261
-21.185849,9,1279.947191
-24.491562,8,1279.959981
-22.194938,10,1279.974363
-22.51328,8,1279.984695
-128.974111,49,1280.056957
-23.808746,8,1280.082591
-1219.336516,478,1280.790616
-397.518662,161,1281.049112
-20.02762,11,1281.068063
-23.165077,8,1281.078418
-21.916874,10,1281.093496
-63.738011,29,1281.13795
-25.572129,8,1281.151017
-36.74756,11,1281.167252
-25.082977,9,1281.181973
-31.36552,12,1281.198758
-21.454465,9,1281.212877
-18.275339,8,1281.222813
-21.059785,8,1281.236125
-19.47124,9,1281.249961
-17.210232,8,1281.260683
-30.122882,9,1281.274357
-23.460489,8,1281.286895
-20.313799,8,1281.297474
-46.852837,16,1281.32318
-953.952498,346,1281.849202
-19.058223,8,1281.860236
-29.232759,10,1281.875248
-21.781064,8,1281.888518
-21.351631,8,1281.901701
-22.534789,8,1281.911682
-25.944043,10,1281.92705
-28.125274,11,1281.943692
-22.152324,8,1281.956462
-29.958108,10,1281.971025
-21.445531,9,1281.985166
-38.90651,16,1282.007671
-22.485202,8,1282.02079
-22.734252,8,1282.031225
-33.748446,12,1282.049911
-2815.98761,1000,1283.763663
-34.106694,13,1283.781032
-39.361612,14,1283.800737
-2963.58427,1000,1285.236878
-3066.09115,1000,1286.676104
-41.690626,17,1286.699746
-29.908069,13,1286.719728
-3017.703232,1000,1290.451063
-2983.613543,1000,1291.676401
-27.377152,11,1291.690452
-3020.247124,1000,1293.116903
-73.533664,23,1293.15202
-18.753991,11,1293.167986
-3035.304381,1000,1294.651224
-28.715646,11,1294.666944
-3047.247975,1000,1296.168948
-44.588382,15,1296.191523
-3030.741899,1000,1297.685386
-2979.62382,1000,1299.201468
-2943.914201,1000,1300.725394
-23.802014,10,1300.740504
-3004.950016,1000,1302.273906
-2987.534037,1000,1303.765188
-2640.303316,1000,1306.319816
-145.004838,56,1306.387682
-60.879228,25,1306.433839
-66.179943,26,1306.468072
-111.048395,48,1306.534005
-25.87332,10,1306.548618
-148.208198,55,1306.619558
-1243.045741,570,1307.406626
-35.255175,18,1307.433502
-28.33284,11,1307.44847
-83.638477,24,1307.482648
-37.033425,19,1307.509379
-55.871377,24,1307.539466
-103.922454,38,1307.593752
-29.443988,18,1307.620099
-17.994139,8,1307.630313
-30.395949,12,1307.648632
-24.640283,11,1307.663961
-44.349964,28,1307.701276
-78.529379,31,1307.748339
-42.621897,18,1307.772474
-25.889757,10,1307.786952
-27.456348,11,1307.816398
-25.586996,11,1307.835015
-25.513878,11,1307.85058
-82.885203,35,1307.901552
-18.076988,9,1307.915419
-79.334487,47,1307.98165
-106.078729,54,1308.060676
-45.62992,24,1308.096509
-26.684321,10,1308.110873
-20.479369,9,1308.121377
-23.738428,10,1308.135942
-37.75997,19,1308.164451
-20.091314,9,1308.178561
-23.668274,10,1308.192858
-26.244028,10,1308.206959
-44.261819,18,1308.234224
-24.611195,11,1308.249559
-26.361583,10,1308.26471
-19.985263,10,1308.279274
-37.19342,11,1308.294606
-22.475413,8,1308.307241
-31.225602,15,1308.329084
-20.598109,8,1308.339038
-22.454232,8,1308.352094
-53.03783,20,1308.381263
-28.54423,10,1308.395875
-22.643566,8,1308.405527
-23.585749,10,1308.420106
-23.657797,9,1308.434212
-1840.829217,846,1309.73731
-27.898006,11,1309.756112
-62.696192,27,1309.795523
-22.463526,9,1309.809712
-19.637797,8,1309.820012
-21.367769,10,1309.835205
-850.361626,366,1310.409217
-21.146298,10,1310.424659
-34.43691,14,1310.444035
-26.262756,9,1310.457812
-26.692602,11,1310.473722
-21.140669,10,1310.489544
-579.198434,244,1310.869489
-22.000001,9,1310.884546
-19.861003,9,1310.899478
-22.03685,10,1310.914609
-23.339746,9,1310.928616
-55.019544,28,1310.96858
-25.019565,9,1310.983052
-20.018306,9,1310.9973
-27.562496,10,1311.012082
-36.459535,15,1311.034495
-20.663304,9,1311.048187
-54.418677,21,1311.080215
-53.253521,19,1311.110094
-84.814999,32,1311.155986
-166.060219,57,1311.238648
-45.513491,19,1311.26732
-28.127559,10,1311.282358
-44.438282,16,1311.305698
-104.111473,37,1311.361985
-42.33946,17,1311.386463
-43.057006,13,1311.407079
-32.457498,14,1311.429028
-45.384726,16,1311.452928
-44.740422,20,1311.482664
-17.802876,9,1311.496865
-111.713592,44,1311.559697
-58.155547,21,1311.593665
-31.64207,17,1311.633278
-48.547087,20,1311.664387
-59.585275,19,1311.693759
-92.341516,38,1311.748596
-57.098165,20,1311.778975
-32.235839,12,1311.798243
-92.183526,32,1311.844513
-70.686399,31,1311.891185
-32.402299,15,1311.913865
-23.06863,15,1311.935947
-40.328766,31,1311.985261
-93.174725,31,1312.031468
-1927.151188,830,1313.303484
-111.204127,46,1313.37148
-22.405964,12,1313.388337
-47.23433,16,1313.415911
-82.092518,48,1313.485947
-230.596793,89,1313.619139
-40.226001,17,1313.644115
-113.482559,49,1313.716813
-62.248084,23,1313.752169
-85.555989,34,1313.803491
-2323.432787,1000,1315.363059
-294.714997,128,1315.571893
-70.569769,23,1315.609418
-35.987611,13,1315.627117
-48.420906,17,1315.655458
-221.328349,97,1315.802858
-98.836149,31,1315.850009
-1022.646435,459,1316.572424
-71.518684,32,1316.629728
-65.68492,23,1316.662977
-128.156095,63,1316.75854
-106.053012,66,1316.857414
-2280.217711,1000,1318.394401
-2281.290076,1000,1319.930021
-214.04852,80,1320.048691
-177.419394,59,1320.144593
-32.908762,13,1320.16288
-111.147738,51,1320.243959
-104.286045,38,1320.299338
-40.457157,16,1320.323462
-75.658548,30,1320.368127
-198.21882,85,1320.49563
-1645.967946,687,1321.678792
-62.186638,63,1321.783475
-34.958695,18,1321.811552
-34.318584,12,1321.828349
-2422.033746,1000,1323.356783
-75.195406,27,1323.399461
-116.419231,44,1323.464576
-72.172633,27,1323.503688
-74.544779,39,1323.562676
-33.059951,16,1323.585695
-109.692316,47,1323.654768
-178.191474,73,1323.766242
-100.213011,51,1323.841769
-205.899484,86,1323.968459
-150.410461,67,1324.084751
-77.849236,27,1324.125211
-48.81665,20,1324.156118
-57.423016,24,1324.192979
-22.005821,8,1324.206206
-178.909627,71,1324.310949
-44.934669,20,1324.340273
-151.274821,41,1324.403955
-50.550067,27,1324.443425
-88.577597,30,1324.488137
-36.666087,11,1324.506635
-232.056467,93,1324.645685
-25.053416,10,1324.660509
-54.361142,31,1324.705092
-22.7238,13,1324.726083
-41.429615,17,1324.750236
-61.479852,30,1324.795666
-57.837979,26,1324.851695
-18.759858,10,1324.867456
-160.14214,82,1324.990031
-87.452466,35,1325.049478
-442.417358,174,1325.310291
-290.38457,132,1325.5059
-39.703177,13,1325.527152
-72.233829,29,1325.57084
-24.036625,10,1325.600305
-82.029285,42,1325.663678
-80.15446,24,1325.700288
-122.387104,53,1325.77556
-50.20318,20,1325.805421
-254.151755,76,1325.921302
-179.685043,64,1326.014924
-32.215028,14,1326.035934
-75.670216,25,1326.072083
-56.765455,27,1326.113809
-81.782869,32,1326.160138
-58.020921,27,1326.199088
-111.741305,33,1326.248546
-29.778805,11,1326.264472
-33.852017,12,1326.283996
-40.752193,15,1326.30644
-76.237918,36,1326.363983
-23.542183,9,1326.37849
-188.202644,67,1326.477982
-273.794828,102,1326.628559
-34.98546,15,1326.650724
-324.290516,122,1326.831796
-115.344406,48,1326.901252
-85.269366,32,1326.950704
-25.676377,12,1326.967602
-122.060419,59,1327.055566
-69.173462,31,1327.106516
-70.903708,25,1327.1462
-36.690068,14,1327.167969
-29.67864,11,1327.184525
-296.460052,118,1327.36406
-331.570096,120,1327.540455
-101.08817,30,1327.585399
-50.282623,19,1327.613911
-157.415105,67,1327.712862
-64.755601,28,1327.755267
-65.986604,32,1327.801853
-2476.448088,1000,1329.333726
-89.939405,33,1329.397464
-77.454012,32,1329.44479
-71.160982,34,1329.49718
-31.62147,16,1329.520391
-55.994085,18,1329.548293
-33.353015,15,1329.570832
-38.201057,17,1329.595164
-74.242172,26,1329.633965
-99.010678,70,1329.737387
-48.370165,16,1329.760803
-33.051639,12,1329.780817
-60.310985,24,1329.817189
-98.651524,36,1329.870738
-136.908833,59,1329.959561
-46.696359,23,1329.991559
-2387.693217,1000,1331.517481
-65.550604,29,1331.560433
-25.796947,9,1331.574233
-61.296361,29,1331.617912
-84.675514,26,1331.65635
-58.729493,21,1331.702692
-2164.91873,869,1333.051358
-36.999629,14,1333.072459
-155.367935,56,1333.153835
-22.38882,9,1333.170167
-68.649136,36,1333.234785
-185.117842,82,1333.356646
-73.227435,28,1333.400413
-150.673526,61,1333.49042
-249.990544,112,1333.658769
-39.678935,22,1333.692721
-93.340176,50,1333.766439
-22.109538,10,1333.781395
-94.982446,36,1333.832609
-64.251234,27,1333.87009
-24.246273,10,1333.88452
-67.378665,34,1333.933606
-83.878264,40,1334.006458
-148.405978,47,1334.078726
-2434.891817,1000,1335.607974
-134.208239,49,1335.677837
-25.224383,15,1335.700545
-60.327026,20,1335.730813
-71.333766,33,1335.781345
-261.849029,102,1335.930724
-181.180058,80,1336.052091
-41.265334,17,1336.078973
-71.861182,20,1336.108214
-257.279507,113,1336.407382
-51.816514,25,1336.448406
-161.226022,70,1336.554342
-179.256766,60,1336.644487
-92.070425,36,1336.699185
-81.316297,47,1336.768122
-78.105245,25,1336.804471
-88.614221,32,1336.851361
-204.862129,63,1336.94516
-122.176135,50,1337.018238
-38.935183,16,1337.041097
-57.01243,29,1337.084499
-2369.088385,1000,1338.607091
-61.355066,23,1338.642826
-55.684425,24,1338.679273
-1007.172688,420,1339.312038
-422.465086,141,1339.538928
-81.641775,28,1339.578999
-2524.495732,1000,1341.114923
-27.660461,12,1341.13466
-146.942638,48,1341.205724
-603.789143,222,1341.541497
-74.505182,26,1341.580173
-130.403755,65,1341.677456
-75.504197,30,1341.735202
-372.435489,107,1341.895066
-40.19402,14,1341.917058
-70.713175,27,1341.956733
-50.676339,19,1341.98528
-26.69521,10,1342.000473
-55.070519,20,1342.02994
-69.111786,24,1342.066331
-288.335152,107,1342.225841
-57.489743,23,1342.261035
-135.736495,48,1342.335112
-60.303663,23,1342.368011
-88.14539,30,1342.412921
-75.253355,29,1342.456415
-83.173333,32,1342.518658
-85.091342,31,1342.568199
-74.682597,34,1342.616664
-146.667306,46,1342.686844
-42.523121,14,1342.705685
-157.277713,52,1342.793221
-62.578134,23,1342.825886
-71.417407,26,1342.868042
-89.207278,40,1342.928883
-54.06856,19,1342.954948
-141.744152,47,1343.027893
-161.7734,61,1343.11889
-101.056407,49,1343.192096
-74.175752,32,1343.239151
-1261.761079,504,1344.014711
-39.889443,15,1344.051623
-114.629599,44,1344.11994
-177.872272,70,1344.226487
-81.075046,36,1344.280755
-66.0082,25,1344.317927
-46.068526,16,1344.340839
-47.734457,17,1344.368271
-33.665728,12,1344.385748
-63.210715,23,1344.422061
-38.104049,13,1344.440177
-51.098668,20,1344.469698
-87.839511,30,1344.513891
-55.429706,17,1344.54026
-83.358591,38,1344.594925
-47.303333,20,1344.624474
-80.860792,37,1344.681045
-391.960041,117,1344.868707
-60.70813,29,1344.913302
-46.290961,13,1344.930462
-228.697446,85,1345.055117
-144.777505,44,1345.120669
-49.590132,18,1345.149258
-72.235255,26,1345.191197
-147.314573,57,1345.277482
-35.837419,14,1345.299383
-79.433088,32,1345.349245
-149.758108,63,1345.44301
-89.740358,32,1345.493184
-91.449096,30,1345.538436
-58.961035,26,1345.589802
-153.514449,61,1345.683312
-387.094409,151,1345.9105
-73.527861,49,1345.983745
-113.124802,51,1346.057715
-133.962675,52,1346.135882
-74.273925,32,1346.182288
-24.226516,10,1346.197356
-81.441489,28,1346.240321
-80.736009,37,1346.294027
-2686.294831,1000,1347.828479
-60.292827,22,1347.874346
-157.866391,57,1347.97032
-74.576825,41,1348.030647
-109.411817,43,1348.095428
-38.574546,15,1348.117771
-131.88079,55,1348.201153
-93.688881,34,1348.250712
-79.592502,33,1348.301142
-50.791369,25,1348.338339
-89.601381,37,1348.395984
-79.244918,27,1348.437961
-139.787704,63,1348.531611
-131.283943,45,1348.597564
-119.85282,59,1348.70125
-144.899448,65,1348.799674
-59.466032,31,1348.845693
-2455.450574,1000,1350.382025
-64.140554,24,1350.419165
-310.392636,128,1350.611376
-106.338486,41,1350.672226
-450.771313,155,1350.898974
-139.876479,57,1350.989054
-179.358113,47,1351.062319
-59.979335,23,1351.094686
-2871.665044,1000,1353.3636
-31.742866,13,1353.383579
-280.575688,113,1353.541209
-148.976654,52,1353.61441
-183.419785,74,1353.722669
-367.947247,141,1353.940997
-279.797511,115,1354.110548
-189.52085,72,1354.214879
-254.663927,93,1354.351898
-440.755928,169,1354.598279
-378.54812,150,1354.830904
-143.019822,60,1354.922448
-205.873051,67,1355.022601
-185.451875,65,1355.119457
-88.159497,39,1355.177842
-542.872582,236,1355.543049
-194.360118,78,1355.659623
-105.582665,38,1355.714249
-111.029758,42,1355.777767
-150.745957,56,1355.85958
-42.259635,14,1355.880814
-172.160014,69,1355.982736
-117.250061,45,1356.048114
-112.646682,38,1356.101821
-91.452508,46,1356.168535
-2573.654293,1000,1357.701097
-76.129726,31,1357.76504
-29.138123,13,1357.782723
-116.477677,46,1357.850777
-35.673545,17,1357.877954
-154.230712,63,1357.968917
-242.853942,93,1358.107471
-110.310208,45,1358.17406
-87.152622,34,1358.224977
-70.010393,22,1358.256485
-421.632582,154,1358.500778
-152.569271,48,1358.57445
-81.92502,30,1358.619024
-414.870362,152,1358.854265
-213.921018,67,1358.95709
-338.581878,114,1359.130217
-97.993372,34,1359.183293
-2512.513501,1000,1360.768654
-121.947452,42,1360.830096
-76.955171,26,1360.886557
-627.416327,222,1361.217716
-2608.78147,1000,1362.760538
-656.794158,264,1363.167261
-603.19632,224,1363.507222
-231.004339,107,1363.672939
-968.417065,382,1364.268194
-204.645483,76,1364.384008
-118.058404,57,1364.467988
-74.633644,28,1364.510795
-160.636184,58,1364.595919
-200.696965,84,1364.737912
-275.407823,125,1364.92451
-428.010314,168,1365.174385
-91.926127,35,1365.229831
-54.387027,25,1365.267759
-173.915948,84,1365.391835
-135.362027,48,1365.472198
-151.645,52,1365.550352
-40.798001,14,1365.572081
-195.88195,71,1365.678429
-252.845121,92,1365.820006
-162.007917,60,1365.910255
-106.672566,40,1365.97
-203.471019,87,1366.098758
-205.75128,69,1366.202367
-173.300436,73,1366.327463
-91.720122,44,1366.391153
-54.782212,26,1366.432838
-360.715785,166,1366.67714
-64.626089,24,1366.713144
-80.774659,46,1366.780486
-152.078812,77,1366.892864
-141.620933,46,1366.960732
-429.990722,150,1367.198465
-169.174384,68,1367.301577
-102.002306,46,1367.368644
-358.051886,117,1367.542346
-331.715198,140,1368.613181
-260.862379,94,1368.744221
-262.779883,99,1368.863119
-2933.431352,1000,1370.228541
-24.633593,10,1370.243327
-41.02501,13,1370.263205
-300.808747,133,1370.450901
-2739.482052,1000,1371.905085
-2635.628356,1000,1373.400893
-194.730755,81,1373.523259
-1678.020104,689,1374.574223
-245.112328,94,1374.713704
-132.377393,58,1374.801316
-151.851517,67,1374.898597
-38.681408,17,1374.925522
-218.060448,67,1375.024094
-394.339478,183,1375.308971
-24.444838,11,1375.324781
-145.877737,72,1375.431253
-52.005407,19,1375.460957
-493.876116,194,1375.749378
-136.662794,64,1375.844123
-37.189926,16,1375.88164
-520.719007,226,1376.215579
-78.514703,28,1376.258441
-49.92721,19,1376.284055
-245.552757,109,1376.445509
-24.9824,12,1376.465199
-31.061884,13,1376.483195
-141.12331,55,1376.562771
-119.669535,44,1376.640986
-105.954879,60,1376.731259
-46.593902,16,1376.755094
-32.84874,13,1376.7754
-2279.488817,1000,1378.280459
-239.777909,113,1378.447493
-328.527226,149,1378.666634
-126.008489,38,1378.723748
-106.14189,47,1378.792592
-689.773134,261,1379.190104
-844.890608,319,1379.670006
-2434.764158,1000,1381.193695
-142.785868,62,1381.308953
-91.245458,33,1381.354546
-908.789957,374,1381.877212
-151.829204,57,1381.970107
-110.930133,49,1382.0402
-23.488403,11,1382.05523
-25.026297,10,1382.069721
-163.80512,62,1382.15995
-203.090576,83,1382.279467
-28.884765,15,1382.30134
-24.811018,12,1382.320403
-26.251026,12,1382.336487
-46.13336,15,1382.358052
-188.228299,70,1382.45833
-85.531864,28,1382.500572
-1029.430213,467,1383.194055
-30.210468,11,1383.20929
-183.912195,62,1383.301332
-19.914601,9,1383.315257
-20.711298,11,1383.33047
-24.4832,10,1383.344729
-36.506933,25,1384.169161
-24.217092,11,1384.187517
-77.831968,32,1384.240756
-20.400246,10,1384.257628
-52.721644,20,1384.290251
-34.374875,15,1384.314844
-23.005839,9,1384.326391
-18.01512,9,1384.337808
-91.317911,51,1384.40001
-101.918437,52,1384.467379
-91.358656,47,1384.52572
-76.86537,32,1384.565843
-34.155428,18,1384.590467
-21.664237,10,1384.603724
-23.469493,10,1384.616952
-21.158854,10,1384.630196
-24.684598,12,1384.644228
-17.371896,10,1384.657069
-43.077623,19,1384.682675
-353.239406,160,1384.913347
-17.641025,10,1384.926959
-21.177804,11,1384.942719
-669.478055,290,1385.355695
-97.377722,35,1385.405182
-13.098516,9,1385.419029
-23.9177,9,1385.432657
-205.805874,80,1385.544961
-20.03135,8,1385.570123
-32.203136,20,1385.60037
-23.098273,9,1385.611335
-70.872283,36,1385.665282
-20.203228,11,1385.679897
-19.375077,18,1385.70417
-21.756706,16,1385.72959
-18.86624,10,1385.74401
-63.082232,28,1385.78283
-325.670515,127,1385.963239
-19.090439,10,1385.977811
-18.058143,10,1385.992316
-18.695947,8,1386.002487
-15.413484,10,1386.016939
-19.546465,9,1386.030616
-22.408348,8,1386.043172
-16.120934,8,1386.052665
-19.55311,10,1386.067266
-47.370502,21,1386.09747
-16.836964,8,1386.110474
-77.005992,32,1386.154761
-17.516419,8,1386.167598
-19.217529,19,1386.195309
-21.713511,8,1386.205248
-206.350511,80,1386.336286
-16.330994,8,1386.349676
-33.167691,14,1386.371059
-125.595722,39,1386.428668
-19.123274,9,1386.439309
-92.164888,47,1386.508241
-92.847235,38,1386.561818
-16.811604,8,1386.574204
-15.103285,9,1386.587845
-19.255629,8,1386.597945
-27.614773,14,1386.618549
-19.587493,9,1386.632309
-29.187391,12,1386.649048
-56.787588,43,1386.712107
-16.242034,8,1386.725226
-14.221454,8,1386.735272
-15.866771,8,1386.748521
-16.499958,8,1386.758335
-22.644577,10,1386.772907
-23.676312,10,1386.78719
-18.110064,9,1386.800685
-15.234604,8,1386.813709
-47.101981,19,1386.841813
-112.2077,33,1386.887837
-61.49308,22,1386.921991
-16.094067,8,1386.931892
-96.388103,29,1386.973651
-18.092629,11,1386.989215
-18.253601,8,1387.00201
-33.429586,15,1387.023924
-20.583373,10,1387.05277
-83.207713,35,1387.104867
-14.106548,6,1387.113295
-19.385892,7,1387.122583
-15.165457,9,1387.136662
-33.77264,58,1387.221451
-19.650016,8,1387.231858
-19.190918,8,1387.245154
-17.086335,8,1387.258335
-79.468454,36,1387.311269
-177.481708,80,1387.429463
-24.937619,10,1387.444254
-18.561073,8,1387.454255
-51.412515,35,1387.505421
-15.406184,7,1387.518592
-124.550499,61,1387.609334
-17.891275,8,1387.622698
-16.815317,15,1387.644894
-31.259531,14,1387.663174
-15.315833,8,1387.676699
-44.239987,22,1387.712992
-19.601976,8,1387.725807
-20.336287,9,1387.740036
-21.399861,9,1387.753912
-36.669737,23,1387.785869
-154.419364,51,1387.87769
-76.20714,45,1387.944456
-56.974933,20,1387.973433
-31.178181,18,1388.001686
-177.494798,80,1388.119565
-75.901628,32,1388.166265
-149.012185,59,1388.253602
-29.137688,11,1388.269473
-17.849768,9,1388.283795
-34.11779,14,1388.305346
-19.749723,8,1388.318819
-50.713312,25,1388.355707
-101.44343,43,1388.4183
-32.78715,12,1388.438164
-33.789889,13,1388.45624
-41.343714,24,1388.493695
-25.942421,15,1388.515926
-20.224158,8,1388.52941
-18.332957,8,1388.53976
-172.465141,59,1388.64299
-62.406923,22,1388.675026
-24.482803,11,1388.694129
-42.202683,24,1388.727396
-1813.170561,786,1389.929677
-43.391617,20,1389.959311
-16.71738,7,1389.968762
-20.760953,9,1389.983538
-70.193645,23,1390.015558
-16.760192,7,1390.028441
-65.47883,26,1390.066861
-47.106351,29,1390.126797
-51.570897,21,1390.157575
-18.013698,7,1390.166881
-40.12688,18,1390.195862
-22.432725,9,1390.210133
-19.520321,10,1390.225086
-28.282772,10,1390.240194
-22.678877,9,1390.25479
-24.359776,10,1390.269863
-15.792404,8,1390.280826
-20.980484,8,1390.294126
-120.302692,44,1390.359885
-17.781391,7,1390.369554
-31.326789,17,1390.39443
-22.626886,9,1390.415872
-25.001617,11,1390.432018
-29.680893,18,1390.460623
-98.252834,40,1390.520445
-18.207642,7,1390.529969
-40.301801,19,1390.559049
-19.14103,9,1390.572874
-17.399937,7,1390.582519
-23.109575,9,1390.597103
-54.85018,23,1390.633242
-26.793875,10,1390.649782
-159.21095,48,1390.718678
-65.251993,29,1390.762089
-45.836998,17,1390.788318
-37.062192,14,1390.80708
-91.336606,34,1390.857763
-85.719792,39,1390.930774
-17.275835,8,1390.944146
-128.265415,46,1391.01316
-18.176455,8,1391.023085
-15.33667,8,1391.036587
-18.529295,10,1391.051332
-48.575453,26,1391.089826
-19.539332,8,1391.103473
-21.310455,9,1391.117586
-25.8582,11,1391.133476
-86.739514,23,1391.165715
-31.16076,12,1391.185209
-174.777707,55,1391.268694
-132.576129,43,1391.331345
-64.225178,25,1391.368253
-19.545484,11,1391.386682
-72.527076,32,1391.432375
-33.347647,25,1391.468941
-24.317081,11,1391.484529
-59.893573,19,1391.513266
-87.860772,30,1391.557043
-58.30497,26,1391.595447
-92.331827,43,1391.676219
-25.060794,12,1391.693632
-23.53195,12,1391.713717
-88.508897,45,1391.78166
-76.777697,30,1391.827533
-140.839462,64,1391.920363
-43.440882,14,1391.942086
-47.418144,22,1391.977361
-27.107747,14,1391.996283
-59.646286,29,1392.039944
-19.030251,11,1392.055593
-49.789247,19,1392.083734
-64.991521,32,1392.133162
-21.832389,8,1392.143941
-91.540799,51,1392.219619
-50.669278,24,1392.256911
-197.270793,76,1392.369422
-78.973731,36,1392.439996
-71.994058,30,1392.485931
-38.255337,13,1392.504236
-32.267549,11,1392.520213
-21.550709,10,1392.535956
-67.507223,44,1392.601631
-107.401107,34,1392.652194
-272.194503,93,1392.789527
-94.276664,27,1392.829256
-51.137587,27,1392.867399
-66.933017,27,1392.909944
-18.823378,12,1392.926788
-30.468558,15,1392.949057
-116.801693,48,1393.02211
-120.887027,53,1393.098247
-38.288284,21,1393.13207
-24.214623,13,1393.151864
-74.428316,44,1393.220382
-33.754505,19,1393.250536
-28.297548,13,1393.268072
-223.745514,85,1393.399532
-78.056065,22,1393.436423
-58.298262,25,1393.478228
-53.754671,30,1393.525745
-32.38427,18,1393.553478
-34.866934,11,1393.575084
-27.177349,10,1393.59121
-31.128285,19,1393.61909
-49.272926,21,1393.653516
-31.764324,12,1393.670982
-31.203626,14,1393.693641
-36.3544,16,1393.718454
-55.162122,30,1393.764914
-31.66345,16,1393.78919
-35.774798,22,1393.824863
-20.57769,8,1393.835415
-20.027746,9,1393.850357
-39.619897,21,1393.881632
-53.721687,23,1393.918675
-19.407275,10,1393.948238
-22.788676,12,1393.967703
-21.246981,9,1393.982804
-873.487546,348,1394.515904
-42.958437,14,1394.534659
-111.328811,40,1394.595476
-45.294803,28,1394.638783
-112.093205,38,1394.697794
-25.302741,10,1394.721548
-16.956857,10,1394.737774
-13.958605,11,1394.754794
-26.294778,12,1394.772044
-58.320882,28,1394.815868
-20.937928,9,1394.829809
-21.941535,10,1394.84515
-71.632126,24,1394.878292
-22.728524,11,1394.896612
-35.418198,14,1394.915537
-225.255072,86,1395.045593
-90.415084,38,1395.101732
-20.534162,9,1395.116077
-70.750044,29,1395.160196
-15.619976,8,1395.17014
-21.649663,10,1395.185096
-88.666024,40,1395.245791
-18.508125,10,1395.260899
-18.914919,9,1395.275026
-20.612134,10,1395.290721
-69.821115,34,1395.345225
-19.44233,9,1395.359299
-16.702307,8,1395.369698
-18.637618,8,1395.383306
-93.818483,36,1395.436918
-18.625653,8,1395.450226
-53.262197,25,1395.500934
-19.438962,8,1395.512356
-78.734342,29,1395.55669
-357.277612,143,1395.772339
-1375.033825,594,1396.686785
-32.842602,35,1396.738626
-24.479007,11,1396.754501
-63.861528,25,1396.791002
-64.423613,34,1396.841347
-43.522892,24,1396.874635
-62.470007,26,1396.915269
-25.503474,12,1396.932058
-43.570648,28,1396.974041
-2406.702144,1000,1398.499498
-166.912641,81,1398.627003
-40.911292,17,1398.651144
-118.241788,39,1398.710316
-53.906471,17,1398.734658
-32.888582,11,1398.753717
-21.50055,11,1398.769776
-33.599242,11,1398.785263
-63.659555,17,1398.809592
-39.790308,16,1398.836634
-31.348509,11,1398.852881
-68.140206,37,1398.907821
-63.92521,25,1398.945396
-843.184941,321,1399.578618
-72.371909,29,1399.622643
-50.198813,15,1399.645109
-141.521533,56,1399.727677
-78.362641,35,1399.780028
-57.512469,25,1399.817253
-23.960565,10,1399.832287
-147.845051,74,1399.942076
-245.99395,115,1400.120667
-23.515089,10,1400.136111
-117.769827,55,1400.232969
-78.474883,35,1400.286776
-38.279831,15,1400.309798
-66.579223,31,1400.35535
-53.067391,18,1400.383535
-18.722774,7,1400.393034
-17.22627,7,1400.405105
-26.870536,11,1400.421596
-38.649004,16,1400.444676
-53.834696,33,1400.495316
-19.712875,7,1400.504531
-34.827943,14,1400.526854
-118.448623,48,1400.600084
-76.748217,25,1400.638061
-26.197563,12,1400.655825
-78.628028,29,1400.700407
-42.067638,29,1400.743965
-17.596909,7,1400.753187
-30.572211,13,1400.773677
-133.539952,50,1400.847437
-79.876282,41,1400.908532
-75.805259,44,1400.990728
-22.976288,10,1401.006746
-137.939968,58,1401.092036
-41.30194,17,1401.119859
-29.145743,9,1401.131063
-30.311743,12,1401.150684
-41.224061,15,1401.172737
-28.729666,19,1401.201903
-28.216819,12,1401.218737
-47.391628,18,1401.247046
-119.892027,60,1401.337176
-101.090865,35,1401.390255
-28.760174,10,1401.405413
-62.934061,26,1401.443769
-39.339032,15,1401.466256
-114.513675,44,1401.531125
-36.227616,14,1401.549541
-180.534118,85,1401.673884
-179.662254,70,1401.794251
-37.510042,15,1401.816584
-19.660672,11,1401.835643
-77.549652,23,1401.868084
-116.61175,40,1401.926944
-93.875559,32,1401.975891
-31.06798,14,1401.994793
-21.625249,8,1402.007715
-22.981192,8,1402.020903
-62.909099,22,1402.052554
-127.417253,50,1402.12728
-91.384961,34,1402.177752
-178.306594,65,1402.274378
-31.76148,14,1402.296305
-27.617351,14,1402.31457
-30.703059,12,1402.334113
-32.286883,14,1402.355675
-73.474494,27,1402.394399
-20.997223,8,1402.407294
-27.361992,13,1402.425214
-451.677327,188,1402.720686
-96.163114,23,1402.753067
-27.002511,10,1402.767844
-37.965619,28,1402.810423
-141.07014,47,1402.878192
-308.446313,99,1403.02481
-41.270147,14,1403.046385
-98.285259,34,1403.097966
-73.596287,39,1403.155851
-19.666582,8,1403.166431
-36.047972,15,1403.188992
-41.976966,20,1403.219144
-47.214501,21,1403.264384
-30.935579,13,1403.285881
-50.638579,19,1403.31591
-2492.788327,1000,1404.835821
-53.382622,24,1404.872464
-44.186118,19,1404.898863
-497.074734,182,1405.168599
-64.409161,25,1405.2055
-34.677943,11,1405.220976
-39.175113,14,1405.244503
-83.365617,32,1405.291121
-54.173869,28,1405.332987
-64.258725,25,1405.370534
-2444.712683,1000,1406.884377
-50.183874,26,1406.920395
-84.219122,32,1406.965551
-36.023546,10,1406.980262
-56.076962,23,1407.013707
-42.867872,18,1407.054246
-76.49456,26,1407.093265
-198.684124,89,1407.225139
-17.366629,11,1407.241214
-45.449379,26,1407.279455
-79.831855,37,1407.333323
-42.943591,24,1407.368718
-51.405559,24,1407.40522
-19.22845,9,1407.419422
-50.640096,18,1407.444514
-28.199776,10,1407.459137
-252.306228,75,1407.569659
-453.633927,183,1407.858037
-44.263204,14,1407.880517
-29.259828,9,1407.894589
-61.406948,43,1407.955436
-63.135165,25,1407.992393
-302.473795,149,1408.21363
-40.19313,19,1408.242074
-69.396965,29,1408.285479
-35.473316,18,1408.311589
-147.067696,65,1408.408538
-98.348149,51,1408.483164
-30.172274,13,1408.503843
-162.333405,46,1408.586043
-137.788862,56,1408.669262
-69.093982,40,1408.728977
-79.550699,27,1408.770642
-29.58421,11,1408.786196
-111.104252,51,1408.860876
-31.160579,11,1408.876766
-49.020978,23,1408.912963
-61.653639,27,1408.951982
-52.729597,24,1408.98798
-76.978195,44,1409.053594
-136.638178,54,1409.134515
-89.41005,34,1409.184612
-176.309612,76,1409.296272
-56.752239,32,1409.357537
-53.521487,44,1409.425215
-31.951882,10,1409.440002
-165.118485,65,1409.536549
-109.816115,54,1409.617501
-42.253752,14,1409.638523
-60.788697,20,1409.668789
-45.099269,17,1409.693201
-250.470376,74,1409.802148
-78.099876,38,1409.856659
-23.875793,13,1409.877358
-154.040828,75,1409.988953
-1025.037107,415,1410.629103
-44.078743,21,1410.658592
-37.429519,27,1410.702806
-36.444204,16,1410.725323
-27.028397,12,1410.743013
-44.901748,29,1410.786692
-31.50809,14,1410.807981
-181.695512,62,1410.915381
-154.950079,42,1410.979894
-46.595412,16,1411.003319
-32.860119,14,1411.024493
-197.137418,61,1411.115216
-190.446144,73,1411.221396
-64.945385,21,1411.254904
-235.831348,77,1411.367313
-32.800595,16,1411.390012
-123.57834,40,1411.448554
-164.206064,48,1411.519485
-74.084276,31,1411.564769
-27.343799,11,1411.580454
-121.121686,56,1411.677905
-37.827366,11,1411.696295
-52.309934,16,1411.7193
-47.081002,16,1411.742679
-49.646914,14,1411.763821
-29.521386,11,1411.779203
-44.40733,32,1411.825618
-167.364222,61,1411.91801
-24.470215,8,1411.928826
-137.288576,48,1411.999766
-27.3251,11,1412.015678
-111.243299,36,1412.06835
-116.834299,41,1412.129156
-135.318333,39,1412.187241
-37.153535,13,1412.207801
-53.745161,17,1412.232514
-52.264912,18,1412.261254
-128.76611,40,1412.320321
-86.978744,23,1412.367154
-77.273248,27,1412.41075
-58.588352,23,1412.443137
-38.096306,17,1412.46952
-173.770358,66,1412.567034
-46.754006,12,1412.583665
-28.637143,11,1412.602176
-33.338318,13,1412.620465
-22.383184,11,1412.636571
-38.823744,22,1412.670544
-61.69339,22,1412.702792
-42.971571,13,1412.72299
-42.92435,17,1412.746758
-37.289063,14,1412.767431
-33.807609,14,1412.788792
-87.716522,26,1412.827627
-22.678421,12,1412.844616
-93.073368,31,1412.893042
-115.290009,69,1412.992166
-89.464243,26,1413.032977
-36.793983,11,1413.049011
-50.824468,17,1413.073278
-44.054883,19,1413.115373
-45.030834,13,1413.137292
-46.80797,16,1413.161254
-133.411628,61,1413.250325
-41.765612,11,1413.266228
-52.347467,15,1413.287891
-126.263119,43,1413.354328
-184.907357,45,1413.420704
-127.564508,50,1413.495218
-33.021444,11,1413.511242
-487.33759,180,1413.779691
-73.114288,29,1413.82305
-169.499181,54,1413.919557
-235.00538,91,1414.052902
-1072.979716,402,1414.879545
-69.008635,22,1414.915732
-61.76607,27,1414.956162
-85.292286,26,1415.00027
-48.095524,20,1415.03305
-64.999579,22,1415.069837
-46.928117,20,1415.101077
-85.335443,37,1415.162022
-166.035137,59,1415.253754
-34.921017,12,1415.271077
-171.225489,71,1415.380924
-343.487078,136,1415.590304
-50.932835,22,1415.622004
-55.157883,24,1415.675567
-183.413375,63,1415.77145
-73.604079,25,1415.808466
-43.115662,22,1415.84355
-33.266275,14,1415.865236
-39.748549,13,1415.883126
-100.581033,46,1415.951591
-37.468872,14,1415.973469
-327.953063,119,1416.155094
-243.075361,82,1416.275881
-32.220137,11,1416.295211
-192.720633,63,1416.389643
-34.46602,12,1416.422111
-118.244938,52,1416.500367
-145.928025,62,1416.591207
-58.138263,18,1416.619392
-117.440259,44,1416.685442
-478.716034,187,1416.964143
-96.401069,38,1417.022205
-38.407691,14,1417.044273
-89.645256,42,1417.105612
-177.161074,66,1417.210152
-225.277951,90,1417.344038
-67.821155,24,1417.38079
-108.173121,49,1417.455072
-68.732939,38,1417.510753
-87.973145,44,1417.577276
-82.468641,34,1417.628685
-120.038033,48,1417.701801
-69.077095,22,1417.733881
-135.935947,49,1417.808019
-61.644099,25,1417.844773
-90.358091,35,1417.89681
-54.59692,27,1417.951609
-104.74937,37,1418.010509
-264.479467,107,1418.168479
-30.012884,12,1418.185954
-400.415932,140,1418.393463
-192.295779,70,1418.499123
-179.742143,71,1418.605864
-55.350469,20,1418.635647
-49.605422,17,1418.659934
-28.455535,22,1418.748852
-364.096649,132,1418.965533
-232.032565,71,1419.07248
-75.511854,25,1419.110662
-115.730358,32,1419.158545
-35.092361,12,1419.1798
-35.865317,12,1419.197155
-30.287791,11,1419.214179
-30.256867,12,1419.234864
-294.82717,124,1419.42285
-67.806634,26,1419.461294
-108.809505,44,1419.544384
-51.704494,17,1419.568228
-71.817854,26,1419.607207
-232.360468,77,1419.724625
-93.020904,29,1419.766237
-249.710414,92,1419.90522
-67.399758,31,1419.951061
-46.562648,15,1419.972899
-188.66076,78,1420.090348
-199.722201,63,1420.183536
-206.825308,57,1420.27085
-147.72012,54,1420.365513
-173.918942,61,1420.460364
-292.574574,111,1420.624713
-289.580025,106,1420.78483
-90.409883,33,1420.83451
-128.839906,44,1420.896051
-102.656797,32,1420.945312
-56.174567,21,1420.975636
-262.800814,92,1421.125474
-223.010966,87,1421.256491
-108.076324,48,1421.327434
-275.086654,94,1421.466447
-131.261507,41,1421.527447
-331.12832,117,1421.70225
-176.399702,71,1421.811349
-57.640828,22,1421.844713
-168.9747,72,1421.952806
-74.120234,27,1421.991506
-32.192603,10,1422.006311
-194.788554,81,1422.125514
-165.492954,45,1422.192494
-81.969747,32,1422.242698
-2852.76419,1000,1423.78517
-332.98807,129,1423.976921
-117.971551,39,1424.032826
-247.261317,83,1424.173155
-77.960437,24,1424.209937
-96.22558,47,1424.278384
-71.378322,25,1424.316834
-81.08762,37,1424.373513
-308.263228,90,1424.508085
-213.764234,104,1424.660552
-63.192999,30,1424.704951
-228.528247,72,1424.814072
-151.714448,59,1424.918349
-154.242222,72,1425.031422
-390.169005,126,1425.234839
-109.343154,35,1425.289051
-116.884176,46,1425.360045
-240.446853,117,1425.546117
-31.710345,11,1425.562683
-113.716968,41,1425.624222
-100.886257,52,1425.721474
-164.115644,61,1425.81617
-64.959605,28,1425.856838
-96.859195,38,1425.915912
-86.128627,36,1425.969729
-127.340014,32,1426.01995
-107.951695,32,1426.068662
-63.131879,20,1426.099965
-152.023277,82,1426.224663
-87.597632,37,1426.2825
-165.76503,62,1426.376051
-237.671844,103,1426.552262
-250.039234,84,1426.679807
-85.705681,37,1426.732883
-161.028964,75,1426.845754
-184.915039,64,1426.941326
-32.9165,15,1426.964212
-75.719973,34,1427.015598
-79.614899,27,1427.054379
-164.391901,53,1427.133968
-344.226371,98,1427.294111
-123.089828,40,1427.353529
-78.808597,46,1427.42428
-110.326636,37,1427.48178
-147.109611,73,1427.587086
-46.432708,13,1427.606738
-73.642223,29,1427.650223
-296.446964,108,1427.807014
-100.704922,46,1427.877386
-45.666932,15,1427.899095
-49.758133,17,1427.923217
-179.190004,55,1428.020195
-117.684709,40,1428.080434
-94.739796,45,1428.147709
-198.701388,84,1428.272674
-242.833094,76,1428.384988
-100.593242,42,1428.446258
-85.216442,32,1428.495593
-2599.529631,1000,1430.029277
-173.366248,73,1430.1364
-111.257324,37,1430.192925
-71.331802,21,1430.223055
-181.297352,66,1430.470792
-98.015628,41,1430.531461
-37.736122,13,1430.553236
-24.186271,9,1430.567396
-91.08163,39,1430.625608
-34.304383,15,1430.648364
-171.71367,47,1430.717735
-69.48066,31,1430.764569
-43.365426,18,1430.791661
-56.072986,29,1430.835143
-1777.069787,692,1431.892439
-109.583347,30,1431.951872
-117.605966,47,1432.022232
-48.267389,31,1432.070303
-94.929808,32,1432.116324
-92.225102,39,1432.174818
-120.382448,32,1432.22015
-75.182322,33,1432.269646
-124.051541,53,1432.347454
-192.469341,67,1432.44847
-189.536171,65,1432.544956
-30.749038,12,1432.56198
-135.927459,56,1432.643812
-62.428234,20,1432.674564
-33.369177,11,1432.69696
-64.600769,34,1432.747555
-32.754556,14,1432.769392
-78.876641,26,1432.806855
-34.683013,11,1432.825721
-42.761612,26,1432.863632
-142.538146,44,1432.929201
-38.026669,13,1432.946621
-192.483689,76,1433.058939
-121.41875,39,1433.117151
-104.102124,55,1433.199905
-54.816585,18,1433.227916
-21.521407,11,1433.243655
-268.543045,108,1433.405691
-37.29402,14,1433.423854
-60.339161,27,1433.481373
-36.281767,16,1433.505562
-18.918196,8,1433.51892
-79.474733,31,1433.564581
-160.484859,58,1433.649185
-100.647257,46,1433.718926
-25.747964,13,1433.736639
-103.125831,36,1433.789541
-45.116411,16,1433.815948
-154.240266,66,1433.913148
-53.439049,22,1433.944034
-147.863361,65,1434.040757
-24.218413,9,1434.05488
-26.032638,11,1434.070304
-30.036028,13,1434.090651
-52.723321,21,1434.121066
-72.189335,43,1434.198678
-134.11818,43,1434.264667
-67.351382,21,1434.295108
-28.738473,11,1434.313601
-120.749973,41,1434.373583
-27.028953,14,1434.395751
-147.628079,52,1434.471073
-35.259224,15,1434.493772
-100.106284,41,1434.553723
-206.682347,69,1434.657421
-51.254972,23,1434.693442
-103.863951,24,1434.726243
-154.877398,81,1434.847998
-33.921052,13,1434.866075
-31.166182,12,1434.885178
-25.674678,14,1434.90305
-19.740525,11,1434.921811
-95.925108,35,1434.988883
-66.600014,28,1435.030315
-93.250725,31,1435.075337
-52.163506,16,1435.101476
-60.858962,25,1435.137898
-63.169257,25,1435.174354
-163.666954,73,1435.28049
-27.945036,11,1435.296623
-100.385505,42,1435.361026
-100.976837,32,1435.407854
-281.191381,137,1435.611183
-148.050342,68,1435.724127
-58.527593,22,1435.75863
-2736.946002,1000,1437.277785
-103.168817,35,1437.330578
-85.567571,31,1437.376228
-133.123708,52,1437.452382
-32.864837,9,1437.46643
-60.658257,30,1437.510967
-176.99804,89,1437.642193
-105.613118,39,1437.7004
-201.916609,83,1437.820473
-27.243479,10,1437.835138
-42.253621,14,1437.856076
-37.089325,18,1437.884439
-37.835796,20,1437.914044
-28.542231,11,1437.929768
-99.150006,34,1437.995305
-97.438178,39,1438.051087
-24.698587,9,1438.065155
-215.497749,79,1438.183753
-34.522999,12,1438.201032
-33.992725,11,1438.219887
-373.618026,120,1438.396832
-30.974793,11,1438.412958
-26.754123,10,1438.42768
-119.08485,44,1438.494184
-30.869451,10,1438.509282
-24.55971,12,1438.526462
-115.349838,34,1438.577469
-43.819097,10,1438.592054
-33.960201,11,1438.607836
-26.864445,11,1438.623637
-46.460909,18,1438.651626
-24.392913,10,1438.666663
-109.305994,45,1438.746239
-60.32348,18,1438.772766
-165.558384,66,1438.875685
-56.188775,24,1438.908868
-56.84941,15,1438.9315
-47.413299,18,1438.960126
-33.455385,11,1438.975715
-33.82534,10,1438.990587
-73.981262,26,1439.028274
-175.831214,71,1439.134717
-53.614542,16,1439.157808
-101.801861,38,1439.212824
-79.5677,35,1439.264268
-2663.00106,1000,1440.791602
-397.456179,138,1440.998395
-231.252292,105,1441.173565
-149.860315,48,1441.246727
-99.874336,27,1441.285831
-314.199613,101,1441.435722
-249.145099,101,1441.582185
-98.567112,46,1441.651996
-164.24051,65,1441.74842
-354.134468,124,1441.94625
-137.070434,41,1442.009214
-67.524055,29,1442.049955
-41.189403,17,1442.076406
-36.779743,10,1442.091524
-59.718007,40,1442.15051
-142.252076,66,1442.248492
-207.836998,73,1442.357463
-165.819777,59,1442.443134
-30.259698,11,1442.461724
-204.293536,72,1442.571852
-86.224733,20,1442.601931
-42.545742,12,1442.61881
-176.027061,58,1442.707616
-25.658465,10,1442.722761
-45.29816,22,1442.754343
-2611.001589,1000,1444.28519
-42.426298,18,1444.313622
-192.608533,76,1444.425328
-39.424514,13,1444.44593
-30.964997,10,1444.460698
-215.652973,76,1444.573008
-2512.190615,1000,1447.027865
-63.472221,19,1447.054837
-180.588428,94,1447.176586
-69.729322,34,1447.219234
-113.049049,40,1447.287559
-33.335311,27,1447.326128
-190.619779,102,1447.46296
-2652.784943,1000,1448.922976
-170.931175,46,1448.989275
-139.975096,64,1449.083879
-83.612727,33,1449.13355
-30.372035,11,1449.14949
-98.691078,46,1449.215269
-102.838958,44,1449.27993
-97.865282,59,1449.367533
-73.616188,22,1449.398661
-184.930932,72,1449.523163
-91.293414,43,1449.584803
-121.406168,51,1449.659486
-26.819837,11,1449.677656
-58.126113,39,1449.732471
-176.971494,74,1449.843566
-42.505743,20,1449.873401
-24.402368,12,1449.893208
-53.57552,19,1449.918716
-81.126512,31,1449.96705
-160.722961,55,1450.048906
-44.681655,24,1450.082277
-24.172661,10,1450.097093
-310.388653,116,1450.285933
-46.558774,18,1450.311062
-98.849224,65,1450.407953
-60.734419,26,1450.445842
-57.206611,28,1450.488302
-105.793983,53,1450.568278
-151.049399,60,1450.656975
-180.209352,65,1450.753417
-145.816469,39,1450.808947
-35.72604,16,1450.835435
-108.883201,34,1450.884039
-51.355539,22,1450.917489
-34.436841,25,1450.969182
-210.231442,91,1451.104894
-36.593794,21,1451.135618
-2453.379943,1000,1452.676631
-109.703763,64,1452.773652
-53.902153,15,1452.796756
-27.832268,17,1452.821346
-129.833199,60,1452.913204
-24.094539,15,1452.935929
-45.12725,20,1452.966423
-41.236648,30,1453.011044
-75.158147,31,1453.059073
-41.921051,20,1453.088762
-206.519289,102,1453.240906
-260.756402,110,1453.421298
-48.742712,26,1453.459532
-188.400076,57,1453.548741
-33.105698,13,1453.566322
-214.850911,79,1453.68553
-160.999426,56,1453.767566
-60.730311,16,1453.790322
-129.057087,59,1453.878184
-51.602468,39,1453.937052
-28.26986,12,1453.953394
-42.298677,12,1453.972622
-69.533924,38,1454.041714
-22.100475,9,1454.056531
-20.303845,11,1454.072745
-22.244475,10,1454.088207
-150.454544,51,1454.167953
-49.372344,34,1454.215729
-24.88223,21,1454.249042
-119.784259,50,1454.322345
-52.866175,15,1454.344826
-81.422553,27,1454.38484
-96.362695,39,1454.442319
-116.96431,31,1454.488978
-43.828559,15,1454.511591
-25.212594,10,1454.526278
-39.052686,12,1454.543119
-50.948614,35,1454.593915
-18.100955,22,1454.627869
-137.730322,47,1454.697383
-20.961606,11,1454.713048
-254.045665,125,1454.9141
-187.84876,68,1455.016233
-78.890258,49,1455.08974
-155.290072,57,1455.173328
-60.873612,17,1455.200555
-32.823342,15,1455.222267
-72.011353,32,1455.268957
-585.931311,247,1455.642451
-41.73123,18,1455.67119
-173.284563,81,1455.790696
-93.868926,33,1455.842027
-59.845513,16,1455.866284
-73.058804,25,1455.904778
-31.534734,13,1455.925841
-377.401438,128,1456.138682
-68.004865,17,1456.164972
-37.021023,16,1456.187134
-61.450542,32,1456.232242
-39.225798,12,1456.251549
-59.751576,22,1456.281698
-242.368898,97,1456.43713
-144.119816,68,1456.53958
-221.700212,77,1456.65168
-48.615491,14,1456.673499
-46.677172,21,1456.704077
-34.504932,14,1456.725285
-163.732245,47,1456.795914
-54.354632,16,1456.818793
-127.601992,50,1456.891548
-69.938362,26,1456.929415
-76.336639,29,1456.972381
-26.602136,10,1456.987781
-88.076536,30,1457.032103
-191.95206,58,1457.132325
-161.239146,45,1457.200058
-154.185314,58,1457.287223
-179.632298,43,1457.351193
-121.809762,36,1457.404173
-223.426289,94,1457.550965
-195.035888,72,1457.656475
-39.342695,10,1457.671729
-121.695918,36,1457.723866
-129.012017,41,1457.783953
-1639.096987,547,1458.621802
-40.951344,14,1458.644894
-625.152407,223,1458.977126
-93.704341,26,1459.014756
-34.195394,12,1459.034049
-49.17942,38,1459.089004
-113.386973,42,1459.153247
-92.416817,30,1459.199258
-27.917668,10,1459.213836
-56.283738,24,1459.249892
-194.868647,72,1459.370394
-29.257154,10,1459.385444
-42.034664,19,1459.414876
-107.537519,42,1459.476929
-60.092338,26,1459.514627
-39.389278,13,1459.535165
-138.189304,51,1459.610519
-97.647917,33,1459.660823
-31.74241,11,1459.67652
-148.307237,57,1459.76131
-57.710158,18,1459.789382
-102.023665,46,1459.856512
-107.186025,26,1459.894969
-59.461815,16,1459.921044
-123.242077,27,1459.960499
-78.87664,33,1460.011236
-92.268574,30,1460.055981
-75.361536,35,1460.121063
-120.158277,49,1460.194624
-29.329983,11,1460.214336
-2459.712665,1000,1461.829157
-908.823543,364,1462.372049
-29.873054,12,1462.391534
-25.56112,10,1462.406047
-29.950687,10,1462.420718
-111.332638,50,1462.508036
-213.039659,94,1462.649896
-32.864979,10,1462.665613
-78.741948,22,1462.698044
-62.701319,31,1462.743943
-105.501757,47,1462.815602
-32.180968,10,1462.831191
-48.210344,18,1462.856143
-27.994606,11,1462.872237
-104.425003,42,1462.935368
-82.109044,34,1462.986145
-24.39736,9,1462.997059
-58.94421,30,1463.041082
-37.414497,12,1463.061091
-111.212847,35,1463.113194
-66.42859,35,1463.164883
-30.288396,11,1463.180551
-46.715653,19,1463.209109
-216.656922,81,1463.3448
-31.353395,12,1463.361676
-53.468498,17,1463.388818
-64.26737,29,1463.432758
-2582.676584,1000,1464.952062
-72.841556,29,1464.993168
-67.780841,32,1465.041638
-78.661693,23,1465.074065
-246.753007,87,1465.204412
-119.118175,51,1465.279499
-252.598649,79,1465.398194
-229.36544,83,1465.530931
-187.606816,67,1465.633595
-24.254849,10,1465.6489
-36.962999,16,1465.672025
-120.75032,48,1465.744696
-150.288181,40,1465.804254
-32.168613,10,1465.819603
-207.513357,65,1465.915539
-81.66008,26,1465.953418
-55.787432,16,1465.976064
-99.106409,46,1466.042861
-104.38668,38,1466.099625
-59.659867,17,1466.123517
-32.011367,11,1466.13913
-37.667565,15,1466.161599
-2627.106497,1000,1467.692325
-72.766235,32,1467.740844
-27.17069,10,1467.755693
-114.889617,48,1467.837916
-118.636077,49,1467.911872
-40.006948,17,1467.938494
-36.512102,16,1467.967659
-99.52852,35,1468.023867
-35.836901,21,1468.056067
-221.95266,80,1468.184275
-105.263001,33,1468.235878
-28.549205,12,1468.253685
-116.49325,41,1468.316481
-25.242259,10,1468.332267
-24.72479,10,1468.347881
-139.187037,67,1468.452649
-56.151697,25,1468.491223
-218.953182,62,1468.58517
-104.622071,35,1468.653486
-102.92109,31,1468.700778
-90.949627,38,1468.759243
-226.277746,76,1468.874354
-131.196909,55,1468.959745
-160.141186,73,1469.070746
-43.65438,13,1469.088319
-24.916242,10,1469.104297
-193.203964,69,1469.209135
-113.951321,34,1469.259479
-191.723695,75,1469.387892
-59.787995,20,1469.420675
-136.775365,39,1469.481889
-130.530888,42,1469.544216
-36.50139,14,1469.566415
-136.124429,50,1469.639973
-26.013151,10,1469.655343
-148.799857,68,1469.755504
-32.163788,11,1469.774109
-173.61589,62,1469.865166
-153.910537,46,1469.93353
-104.974948,40,1469.993026
-59.430813,21,1470.023748
-117.436205,48,1470.0967
-2520.966691,1000,1471.640934
-25.421774,11,1471.656652
-47.856177,18,1471.699866
-245.419491,93,1471.835926
-164.196966,61,1471.927383
-53.669985,19,1471.952808
-54.541455,20,1471.982671
-42.910449,16,1472.008485
-53.970613,21,1472.039653
-35.547388,15,1472.061764
-1496.110196,528,1472.863655
-139.857556,42,1472.926851
-125.815767,45,1472.993375
-682.276037,264,1473.42803
-39.386248,15,1473.45119
-55.537539,27,1473.491203
-33.689297,12,1473.508242
-79.009837,37,1473.568144
-236.572079,91,1473.708583
-35.867923,13,1473.730334
-21.589002,10,1473.745793
-66.223963,33,1473.79504
-25.890535,11,1473.811555
-52.409141,15,1473.834483
-56.40668,21,1473.868779
-99.748047,33,1473.916399
-2079.723929,790,1475.187092
-35.676909,14,1475.208596
-40.393212,17,1475.233537
-608.579957,228,1475.578121
-133.359294,56,1475.674909
-27.563574,10,1475.689507
-30.316652,12,1475.709308
-49.727293,20,1475.739455
-46.651676,20,1475.770838
-36.294472,11,1475.78782
-23.915892,12,1475.804981
-47.294769,14,1475.826677
-138.78895,40,1475.887141
-53.825379,14,1475.908863
-50.08556,18,1475.934906
-173.908569,63,1476.030247
-107.604508,35,1476.083529
-82.506725,25,1476.120604
-43.455053,18,1476.14926
-65.21167,19,1476.175393
-38.671775,15,1476.198168
-124.929471,51,1476.276429
-58.952625,20,1476.312926
-42.917246,14,1476.330988
-26.794692,13,1476.351685
-38.28506,15,1476.390374
-24.443677,21,1476.421951
-44.611407,17,1476.449069
-139.361596,52,1476.525805
-69.934146,17,1476.549498
-36.860704,16,1476.575874
-52.028634,27,1476.615969
-110.464606,48,1476.68884
-23.55632,10,1476.704223
-48.729997,24,1476.738181
-85.562596,40,1476.797633
-119.686062,37,1476.853483
-74.521223,33,1476.900162
-26.174703,12,1476.920242
-43.480602,15,1476.943251
-104.422897,35,1476.995134
-62.133581,26,1477.033139
-66.566409,27,1477.071663
-160.657726,68,1477.248174
-97.791182,52,1477.324708
-78.509231,35,1477.376394
-29.794238,11,1477.396149
-30.414026,11,1477.41229
-50.982338,22,1477.444884
-33.743243,11,1477.460918
-84.88305,43,1477.528228
-39.132825,15,1477.551581
-27.349389,11,1477.567956
-29.003187,12,1477.587675
-256.248205,101,1477.736796
-183.820632,65,1477.832779
-22.022432,12,1477.849526
-55.001268,27,1477.89308
-55.096466,14,1477.912062
-45.545887,24,1477.963439
-82.677487,35,1478.017191
-179.50812,67,1478.118775
-29.037396,11,1478.134616
-75.058922,32,1478.181023
-87.397564,32,1478.230047
-81.611922,36,1478.281417
-210.766633,92,1478.421957
-49.98842,20,1478.451651
-27.123847,12,1478.4712
-33.049097,11,1478.486779
-78.267017,32,1478.534851
-51.481248,28,1478.5794
-245.398832,96,1478.737503
-110.629068,29,1478.786089
-27.839062,16,1478.812787
-51.029558,17,1478.839114
-36.04702,12,1478.861217
-41.111354,16,1478.886414
-34.520264,17,1478.911654
-26.879817,10,1478.928629
-48.812237,24,1478.967807
-26.876459,12,1478.987674
-143.945854,60,1479.080196
-54.589069,29,1479.122427
-40.053905,19,1479.15205
-73.67195,22,1479.186459
-79.789126,26,1479.225437
-26.907168,11,1479.241926
-41.202923,26,1479.280711
-18.561271,10,1479.29588
-143.659475,46,1479.364325
-128.53278,48,1479.439407
-45.752164,15,1479.462545
-44.605951,13,1479.482838
-51.578138,23,1479.531952
-2560.226002,1000,1481.071112
-115.200146,56,1481.154247
-29.243131,10,1481.168984
-44.654312,22,1481.203704
-97.146339,34,1481.256829
-38.938146,15,1481.280254
-209.933061,70,1481.382884
-136.393388,38,1481.437288
-41.195434,22,1481.471865
-37.679153,16,1481.495311
-112.117972,49,1481.56821
-109.493679,35,1481.62341
-130.202586,41,1481.684053
-36.934209,12,1481.701331
-29.63354,15,1481.723257
-115.781525,48,1481.796459
-32.568539,16,1481.833091
-31.544661,11,1481.849626
-173.875247,35,1481.903475
-77.092052,22,1481.939208
-50.224887,19,1481.966754
-67.555397,29,1482.01004
-122.688815,42,1482.074538
-84.209881,35,1482.125966
-88.470709,25,1482.163838
-76.213093,30,1482.208288
-45.000196,17,1482.231718
-34.845402,11,1482.248108
-28.04896,15,1482.270213
-26.420139,9,1482.284001
-124.197831,45,1482.351203
-93.92007,63,1482.448378
-101.303918,39,1482.50381
-1503.928134,605,1483.440807
-31.971138,16,1483.467676
-33.538145,20,1483.497617
-180.318671,70,1483.602874
-80.981864,41,1483.668839
-27.961351,14,1483.690914
-274.803724,87,1483.823115
-124.080776,43,1483.888134
-39.628259,16,1483.911859
-25.485259,10,1483.926803
-104.300957,32,1483.973835
-22.308876,10,1483.988803
-51.529089,39,1484.048527
-24.953177,10,1484.063368
-50.968734,26,1484.101943
-23.485171,11,1484.131816
-37.60797,18,1484.163148
-81.352439,29,1484.207338
-129.166836,61,1484.298443
-24.378723,9,1484.312806
-21.37506,9,1484.327066
-23.519304,9,1484.337882
-68.020829,26,1484.379213
-30.61232,14,1484.397762
-26.270368,10,1484.413048
-18.965289,9,1484.427492
-76.787965,27,1484.469903
-23.091553,12,1484.487256
-101.271831,48,1484.561362
-55.571651,33,1484.608798
-101.007433,32,1484.658366
-26.565388,11,1484.673922
-28.323026,11,1484.690002
-157.586166,56,1484.772501
-48.99095,23,1484.807803
-38.965319,25,1484.844972
-30.691925,10,1484.859378
-46.162109,20,1484.903348
-103.889329,65,1485.001632
-66.856396,26,1485.040847
-45.316459,30,1485.086197
-28.607141,11,1485.102202
-116.026071,48,1485.174915
-222.599649,91,1485.308587
-22.959989,9,1485.322201
-76.818515,30,1485.366827
-23.117566,16,1485.389632
-29.299016,11,1485.405571
-28.108807,37,1485.46226
-32.538024,10,1485.477036
-56.258625,16,1485.500925
-32.435629,12,1485.518435
-20.005311,9,1485.533776
-24.273671,9,1485.548988
-25.024622,16,1485.572195
-36.908742,10,1485.586897
-73.513993,33,1485.637119
-268.726774,108,1485.816895
-96.27174,34,1485.870685
-108.585738,42,1485.932196
-25.422895,9,1485.946527
-35.77879,10,1485.961685
-21.787001,9,1485.976415
-56.854171,18,1486.004114
-34.472477,14,1486.022479
-50.771447,23,1486.058728
-26.568393,9,1486.072674
-86.293592,32,1486.119482
-30.046323,11,1486.135061
-137.72277,50,1486.210557
-27.683165,8,1486.223833
-46.219107,18,1486.251793
-54.911452,15,1486.274683
-57.089656,27,1486.31365
-47.194747,15,1486.335731
-106.680562,34,1486.38589
-35.235162,12,1486.402402
-33.645644,17,1486.444462
-124.073431,46,1486.513914
-100.443528,31,1486.560118
-84.006162,26,1486.598146
-60.90193,20,1486.627381
-159.860227,54,1486.708143
-103.567322,48,1486.780523
-45.376636,21,1486.81071
-74.650721,38,1486.86495
-21.76582,11,1486.883911
-20.215736,9,1486.895053
-27.498641,10,1486.909785
-52.586207,19,1486.938359
-20.458994,10,1486.953353
-43.493391,21,1486.984583
-67.512971,25,1487.021824
-23.375854,9,1487.036046
-145.152551,44,1487.102139
-22.424504,8,1487.116504
-107.22205,39,1487.173148
-125.754723,47,1487.262076
-111.460442,34,1487.313609
-17.53388,9,1487.324622
-74.431951,33,1487.374867
-23.003312,11,1487.390803
-31.652994,15,1487.413121
-33.107385,21,1487.444873
-125.929631,38,1487.502722
-26.702752,11,1487.518502
-35.152886,14,1487.540391
-41.237908,14,1487.56184
-31.84204,19,1487.591169
-24.602675,10,1487.60606
-26.629813,9,1487.617271
-2573.944193,1000,1489.152152
-35.285151,15,1489.174561
-25.129773,10,1489.189567
-27.466645,10,1489.204696
-91.468276,40,1489.264397
-43.883902,16,1489.294549
-68.130992,25,1489.332217
-153.511606,60,1489.420352
-28.703422,11,1489.436259
-38.01419,22,1489.468315
-29.143832,10,1489.497045
-63.604524,48,1489.571671
-1142.050234,482,1490.305874
-114.662444,53,1490.386106
-146.238104,60,1490.477205
-113.388217,43,1490.539247
-725.420878,276,1490.953542
-78.330593,26,1490.99188
-200.821869,92,1491.144041
-45.05152,19,1491.173006
-48.510581,14,1491.195366
-65.224715,40,1491.254985
-42.044137,25,1491.291981
-39.338195,20,1491.3227
-28.414194,10,1491.337939
-99.791746,34,1491.390047
-35.70848,15,1491.413002
-21.438989,10,1491.428293
-34.142191,14,1491.446782
-36.032009,11,1491.465044
-73.251828,26,1491.503091
-43.55945,25,1491.541289
-50.830964,24,1491.578079
-230.353963,104,1491.729447
-31.911618,12,1491.748875
-44.742688,16,1491.785774
-81.581167,31,1491.832688
-66.135068,25,1491.870266
-80.392271,33,1491.920976
-20.268616,10,1491.936364
-31.2528,11,1491.952362
-69.761507,26,1491.990228
-22.375184,8,1492.003236
-32.588481,11,1492.019819
-25.152968,10,1492.035641
-83.100184,41,1492.095001
-47.891544,24,1492.132023
-54.571461,23,1492.167244
-21.547025,9,1492.178402
-66.505165,33,1492.228695
-26.238097,9,1492.243106
-58.939148,21,1492.273283
-27.567603,12,1492.290046
-84.541171,41,1492.353002
-22.742472,9,1492.364089
-19.532662,8,1492.377315
-32.729823,13,1492.397955
-103.059841,34,1492.445847
-23.116187,9,1492.459557
-133.0653,54,1492.622776
-180.859747,58,1492.714146
-71.144559,28,1492.754585
-44.751354,16,1492.777446
-2548.066789,1000,1494.295426
-22.119624,9,1494.30975
-83.381883,23,1494.345467
-110.469189,62,1494.435455
-45.909095,18,1494.463956
-40.005231,16,1494.486969
-62.439706,21,1494.517772
-20.496196,8,1494.530785
-55.584636,26,1494.568975
-34.085758,10,1494.583791
-31.008816,12,1494.600852
-30.113081,10,1494.61623
-19.831834,8,1494.629566
-57.136588,29,1494.67239
-151.780239,44,1494.738112
-68.188871,20,1494.767781
-30.467781,10,1494.783492
-31.633659,11,1494.799784
-39.052241,11,1494.815386
-36.825894,11,1494.831251
-41.599614,16,1494.854401
-44.783422,16,1494.894525
-22.459234,11,1494.911568
-71.244635,23,1494.944778
-66.442786,19,1494.973514
-72.127246,23,1495.01037
-25.70989,9,1495.023764
-38.396697,16,1495.047462
-39.193714,17,1495.071446
-22.784252,9,1495.085574
-26.308559,10,1495.100799
-46.432036,22,1495.13331
-46.24905,26,1495.174517
-56.423471,27,1495.213562
-34.313532,19,1495.242943
-99.180479,31,1495.288516
-40.445995,13,1495.309192
-28.562291,9,1495.320649
-80.895677,25,1495.357741
-27.775805,14,1495.380479
-71.670185,33,1495.430719
-263.33043,86,1495.557864
-33.24113,10,1495.572904
-28.898464,12,1495.590106
-28.733812,13,1495.610695
-21.961394,9,1495.625066
-70.074169,25,1495.676892
-83.224548,32,1495.725033
-67.459574,30,1495.769344
-30.349729,11,1495.785388
-34.964802,11,1495.804025
-26.150465,10,1495.818574
-113.292042,42,1495.879874
-82.035891,29,1495.922915
-30.215068,12,1495.940031
-119.057178,52,1496.017547
-191.858841,64,1496.108969
-59.94953,24,1496.145456
-54.205451,22,1496.179853
-27.020763,17,1496.204329
-76.195356,33,1496.254764
-40.220698,16,1496.277986
-61.394749,23,1496.310256
-146.210704,73,1496.43172
-59.705491,24,1496.468587
-46.164292,22,1496.50032
-2328.032277,882,1497.829301
-39.832591,22,1497.865026
-30.893327,12,1497.881733
-45.945315,20,1497.912267
-66.707418,27,1497.968805
-36.249751,16,1497.993112
-26.747621,11,1498.008834
-109.091447,48,1498.080802
-229.911567,54,1498.162058
-29.294418,12,1498.178184
-33.073415,20,1498.207503
-43.111003,18,1498.23537
-64.495248,29,1498.276401
-49.263263,32,1498.325593
-74.481529,29,1498.369614
-41.085596,28,1498.409344
-28.776462,13,1498.430355
-38.603654,21,1498.461708
-50.708596,14,1498.482745
-85.988648,30,1498.526704
-111.98425,37,1498.581273
-443.637039,171,1498.85333
-36.441478,11,1498.872215
-34.058356,15,1498.894593
-59.14458,22,1498.925928
-74.573722,24,1498.962859
-39.558332,20,1498.992434
-29.868137,11,1499.008834
-138.743606,43,1499.074989
-58.392148,18,1499.105961
-57.852364,20,1499.136961
-51.951345,16,1499.160777
-33.317793,10,1499.175964
-45.820061,20,1499.20575
-82.807702,27,1499.24837
-121.543349,32,1499.295352
-64.099376,27,1499.337796
-38.383914,13,1499.355822
-25.728568,10,1499.371147
-27.00177,9,1499.385761
-39.83907,22,1499.416958
-63.379279,22,1499.452522
-55.495886,19,1499.490261
-22.215215,8,1499.50218
-34.873707,10,1499.517751
-23.613549,9,1499.532024
-61.473177,22,1499.564879
-41.794783,21,1499.599494
-51.953028,15,1499.622214
-24.407064,10,1499.637637
-135.085655,36,1499.692018
-21.009773,8,1499.702768
-84.84834,28,1499.74604
-43.30434,23,1499.782068
-42.550508,11,1499.798321
-41.304728,17,1499.822124
-92.438507,30,1499.866591
-76.173273,22,1499.9011
-34.680618,16,1499.924285
-35.113157,12,1499.941357
-34.282455,13,1499.961687
-105.145585,29,1500.004586
-25.53683,11,1500.020935
-73.33835,26,1500.058933
-21.753036,9,1500.073036
-32.474871,11,1500.088946
-70.615284,20,1500.119497
-102.056552,52,1500.195413
-73.054519,36,1500.266077
-118.202567,39,1500.323885
-29.707879,13,1500.344425
-33.249174,11,1500.360431
-56.820881,23,1500.395799
-24.428732,9,1500.409605
-39.055188,15,1500.43232
-44.562609,21,1500.464075
-85.105662,28,1500.50352
-33.350228,15,1500.52548
-24.193581,9,1500.539972
-20.16955,8,1500.553196
-25.02525,10,1500.56794
-18.780449,8,1500.578477
-39.404913,12,1500.598374
-61.210863,32,1500.643877
-28.781872,12,1500.663822
-31.334687,12,1500.681289
-57.453054,23,1500.718599
-29.41796,14,1500.739007
-191.42565,48,1500.812709
-94.54552,33,1500.871909
-86.42154,36,1500.925918
-253.952156,77,1501.058709
-27.748164,11,1501.074994
-66.462294,24,1501.112404
-31.01295,12,1501.131911
-31.847658,14,1501.150471
-75.753173,33,1501.200546
-23.381412,10,1501.215968
-71.245194,18,1501.244226
-30.155617,11,1501.260302
-194.969377,63,1501.35367
-69.992994,28,1501.397155
-97.68982,45,1501.465688
-19.650055,9,1501.47997
-32.055507,11,1501.495947
-131.879642,47,1501.565308
-31.855682,11,1501.583763
-98.970915,41,1501.643895
-40.675221,13,1501.661884
-50.660272,21,1501.694995
-29.785849,13,1501.713006
-91.169999,31,1501.758667
-38.369002,24,1501.81071
-25.033909,11,1501.827508
-127.429758,40,1501.88723
-41.371448,11,1501.90611
-78.420227,32,1501.953066
-244.618626,79,1502.071132
-46.423412,17,1502.095227
-148.041564,77,1502.211575
-39.470942,16,1502.234493
-103.521125,45,1502.302565
-147.052572,56,1502.385837
-89.574043,36,1502.438322
-118.654389,41,1502.498914
-292.969059,129,1502.708165
-25.760284,10,1502.723219
-19.197753,25,1502.760616
-24.603528,10,1502.775456
-28.661412,11,1502.79161
-33.239991,11,1502.810469
-25.838826,10,1502.825665
-142.223721,58,1502.909526
-39.148565,11,1502.925164
-124.879485,35,1502.977943
-2606.475649,1000,1504.540255
-48.725722,19,1504.569785
-1578.453521,615,1505.512733
-138.866545,48,1505.58424
-41.252344,13,1505.602089
-126.309889,40,1505.676671
-48.551103,15,1505.69967
-67.660115,34,1505.75228
-36.860678,17,1505.77979
-29.301687,10,1505.795142
-32.654629,10,1505.809947
-39.334376,26,1505.849119
-44.195326,19,1505.878185
-91.931319,35,1505.929445
-26.678129,11,1505.945174
-35.233959,14,1505.96651
-43.327622,11,1505.982627
-109.856052,23,1506.014408
-108.319446,47,1506.08659
-114.297078,35,1506.138277
-108.078102,32,1506.185148
-60.011618,36,1506.237616
-39.599242,11,1506.256111
-91.553471,43,1506.318605
-28.979412,11,1506.334439
-65.362004,27,1506.375949
-29.796356,11,1506.404577
-69.458067,27,1506.444835
-139.149691,51,1506.524155
-98.450531,25,1506.561686
-43.450985,18,1506.586528
-40.227857,11,1506.602618
-35.76768,11,1506.623046
-98.316459,30,1506.669598
-119.015057,40,1506.729231
-28.747884,10,1506.744899
-150.741072,56,1506.827045
-40.784443,19,1506.856269
-52.803603,28,1506.895545
-118.774246,49,1506.970058
-24.317115,10,1506.984924
-23.836917,10,1506.999975
-277.408103,58,1507.087737
-51.409064,21,1507.118451
-150.082414,37,1507.186435
-30.048738,11,1507.202719
-35.654261,13,1507.224372
-26.033346,10,1507.23961
-25.706989,12,1507.256298
-46.478408,31,1507.304429
-26.216634,12,1507.32172
-41.285763,11,1507.338176
-39.919835,18,1507.367726
-31.47679,11,1507.384158
-69.225901,20,1507.414411
-115.949349,33,1507.464493
-63.762278,20,1507.494659
-85.861646,47,1507.562786
-73.362484,33,1507.613697
-37.532842,22,1507.646791
-29.817756,12,1507.663641
-31.221018,10,1507.678667
-49.811028,23,1507.7145
-93.528321,29,1507.756915
-24.033275,10,1507.771759
-2351.458354,1000,1509.448948
-31.696095,12,1509.466317
-59.27667,14,1509.488541
-28.59252,11,1509.504345
-95.531532,35,1509.555643
-28.000174,10,1509.570827
-37.74387,29,1509.629385
-29.006265,14,1509.65147
-43.661846,14,1509.673326
-46.038939,16,1509.696903
-37.432206,20,1509.727087
-26.792527,10,1509.741879
-45.495456,21,1509.772436
-19.566872,10,1509.787268
-111.654066,58,1509.875978
-44.14406,16,1509.899907
-27.004289,10,1509.915323
-78.98538,26,1509.953937
-33.332672,11,1509.96978
-58.74136,18,1509.997959
-53.358791,21,1510.029096
-33.076349,13,1510.049694
-37.330524,18,1510.075075
-25.176969,9,1510.089426
-120.377705,46,1510.172705
-29.848246,21,1510.204059
-26.962696,11,1510.225368
-63.327288,22,1510.266607
-49.559251,21,1510.300349
-78.400818,32,1510.34969
-40.346191,17,1510.374458
-62.377973,18,1510.405743
-37.606097,16,1510.431002
-56.002522,25,1510.469742
-29.704009,12,1510.486531
-105.950259,28,1510.530507
-158.561936,51,1510.605912
-72.500042,32,1510.652588
-23.606089,9,1510.666677
-58.354125,15,1510.688385
-31.139909,11,1510.70454
-142.255112,32,1510.754715
-43.040862,21,1510.786134
-29.202305,14,1510.807442
-159.87532,73,1510.916864
-51.830892,27,1510.957851
-162.201917,70,1511.063197
-41.474801,17,1511.086771
-113.441017,29,1511.130349
-93.913575,32,1511.19181
-56.967169,12,1511.21294
-84.476478,20,1511.242271
-112.977828,44,1511.309842
-29.332158,22,1511.340985
-65.089754,21,1511.371935
-113.618844,44,1511.439566
-36.853928,18,1511.470094
-97.392426,41,1511.531048
-120.958037,51,1511.605898
-87.542827,35,1511.658285
-104.277355,31,1511.703114
-28.888727,12,1511.723289
-61.247998,28,1511.771731
-99.37118,23,1511.807317
-304.819252,76,1511.918771
-117.815875,37,1511.988084
-80.921556,31,1512.037493
-28.563621,10,1512.053157
-47.597579,16,1512.076476
-21.434982,10,1512.091502
-22.23037,9,1512.105908
-45.016233,16,1512.129047
-86.724472,23,1512.161682
-24.155728,11,1512.1808
-29.203795,11,1512.196284
-41.059854,15,1512.218822
-114.032675,34,1512.269808
-28.320136,11,1512.286255
-32.203049,11,1512.302026
-51.198768,16,1512.325018
-27.796212,10,1512.339651
-48.316554,16,1512.362837
-37.686417,11,1512.381597
-77.581463,31,1512.427088
-55.16842,15,1512.44887
-42.446499,14,1512.470451
-62.440961,27,1512.510668
-42.745643,22,1512.542105
-33.538082,10,1512.55739
-66.028491,26,1512.598967
-27.601862,15,1512.621495
-25.377178,14,1512.639677
-20.716348,10,1512.654552
-53.376337,15,1512.676586
-84.359592,41,1512.755813
-27.92297,11,1512.771442
-71.938524,37,1512.825812
-50.879559,37,1512.882454
-56.044282,16,1512.905387
-53.999835,16,1512.930036
-31.577083,13,1512.950837
-58.38888,24,1512.984751
-21.719728,9,1512.999297
-27.937051,12,1513.019084
-43.627899,13,1513.036664
-45.340628,21,1513.067266
-30.850227,10,1513.083178
-26.822856,10,1513.107781
-30.998848,12,1513.128209
-36.101303,17,1513.152426
-33.836883,12,1513.174114
-30.957969,11,1513.194017
-21.763777,10,1513.208847
-170.348774,39,1513.268415
-125.849758,37,1513.323159
-37.474438,15,1513.346601
-25.148784,11,1513.362308
-32.590393,27,1513.403905
-42.079819,18,1513.429277
-24.837102,11,1513.444989
-46.231311,15,1513.468242
-119.263224,33,1513.534595
-49.741018,20,1513.566272
-40.440176,11,1513.582543
-38.472713,11,1513.598529
-72.659162,18,1513.627672
-26.266875,9,1513.641377
-22.458448,13,1513.659489
-92.611112,28,1513.702186
-39.714989,11,1513.718078
-52.862188,26,1513.757143
-42.805072,17,1513.785118
-36.38377,12,1513.802302
-61.449843,24,1513.839381
-23.658529,9,1513.853453
-42.040922,21,1513.885144
-103.437474,27,1513.924193
-45.563956,20,1513.954568
-35.686938,23,1513.990854
-24.225637,10,1514.005798
-46.632936,20,1514.035009
-29.483862,12,1514.051664
-64.829398,21,1514.085526
-48.273126,21,1514.116281
-73.954273,19,1514.145285
-27.31757,10,1514.161265
-34.648548,22,1514.192927
-25.777899,11,1514.209448
-24.239334,10,1514.223918
-44.027136,18,1514.266871
-33.682905,11,1514.28409
-102.98733,45,1514.352045
-216.409448,64,1514.451656
-32.309211,15,1514.481823
-32.602142,15,1514.504479
-34.245998,10,1514.519387
-36.655575,11,1514.53628
-27.065914,10,1514.55213
-171.421987,40,1514.613445
-38.420134,11,1514.629927
-27.589156,10,1514.644892
-206.735314,60,1514.7358
-191.41575,78,1514.854518
-39.478788,18,1514.879202
-52.542789,16,1514.904931
-73.284449,27,1514.943603
-26.298536,10,1514.95852
-22.895187,11,1514.974094
-161.61092,48,1515.062351
-27.343501,10,1515.078438
-28.435016,10,1515.094016
-112.840954,41,1515.173197
-34.922304,13,1515.195007
-32.503736,16,1515.217858
-43.495773,12,1515.23539
-47.368768,23,1515.271332
-25.044348,20,1515.302151
-33.213835,11,1515.317774
-26.705517,10,1515.33292
-31.68898,11,1515.349127
-64.448951,23,1515.385031
-73.988043,44,1515.45257
-142.965065,50,1515.527618
-36.265248,14,1515.54683
-27.790638,10,1515.562385
-41.05341,16,1515.587923
-25.594137,9,1515.599754
-79.64779,26,1515.640589
-98.203471,35,1515.693781
-23.689742,10,1515.708628
-37.016157,16,1515.731855
-32.55898,15,1515.75477
-25.310092,11,1515.771987
-22.148995,9,1515.786719
-37.019372,12,1515.80376
-75.023866,30,1515.854013
-23.144886,9,1515.869041
-24.537248,10,1515.884624
-25.219092,11,1515.90073
-26.429657,10,1515.917126
-28.45361,12,1515.936493
-158.167864,50,1516.011222
-152.976932,32,1516.059914
-40.70663,28,1516.102972
-34.208251,10,1516.120269
-27.533697,17,1516.145316
-130.267156,49,1516.221353
-38.137166,22,1516.253094
-108.961478,51,1516.329253
-39.652707,13,1516.350307
-40.996879,11,1516.366545
-54.87588,14,1516.387869
-76.999221,20,1516.418452
-21.837359,10,1516.433917
-103.21033,39,1516.494619
-30.458918,10,1516.509162
-55.402469,19,1516.537851
-100.644845,23,1516.570575
-40.162849,16,1516.60857
-46.641632,17,1516.636965
-38.063465,16,1516.660819
-54.131194,16,1516.684997
-82.223145,24,1516.721784
-128.349196,47,1516.791493
-43.066504,11,1516.810837
-23.773729,12,1516.827546
-32.365874,10,1516.84272
-24.948053,11,1516.85848
-31.657732,11,1516.874528
-84.902872,22,1516.910665
-145.818657,41,1516.970987
-49.4417,19,1516.999478
-51.929901,29,1517.043399
-44.046826,12,1517.060258
-35.764463,24,1517.096361
-29.613541,16,1517.119257
-63.54937,16,1517.143447
-37.445015,13,1517.164161
-22.26902,9,1517.178319
-45.762041,15,1517.205063
-33.497463,12,1517.221949
-308.298753,96,1517.377882
-37.208327,12,1517.398768
-33.527825,14,1517.417937
-22.489764,15,1517.44095
-35.801237,12,1517.461818
-98.009959,36,1517.515491
-113.956093,41,1517.575776
-37.032653,11,1517.591787
-37.622524,12,1517.612544
-83.234096,29,1517.655808
-21.097091,12,1517.672716
-70.992182,23,1517.708676
-33.823924,16,1517.731988
-137.434892,44,1517.797606
-1490.192096,539,1518.623187
-62.50099,23,1518.660763
-97.424553,22,1518.692051
-25.027433,10,1518.707092
-131.317182,43,1518.772669
-80.532911,32,1518.819449
-99.585307,32,1518.868664
-32.655673,12,1518.885425
-32.962018,14,1518.922719
-22.88193,10,1518.938769
-33.427845,11,1518.955232
-32.316743,11,1518.971482
-90.995336,38,1519.032109
-22.4121,9,1519.046632
-20.074173,10,1519.061965
-24.074439,10,1519.077347
-30.907615,11,1519.092614
-33.284218,10,1519.107673
-32.534898,14,1519.130093
-18.14335,12,1519.147076
-29.246196,11,1519.163175
-80.084251,31,1519.315084
-49.884881,14,1519.337437
-35.916273,15,1519.369707
-23.638962,22,1519.418266
-87.083121,30,1519.469864
-30.927009,9,1519.486959
-36.376936,22,1519.523876
-35.08382,11,1519.538475
-41.436469,21,1519.568229
-64.388828,40,1519.624517
-79.969864,25,1519.66028
-31.471958,12,1519.679084
-35.609441,10,1519.693099
-36.741539,11,1519.708357
-40.076986,11,1519.724262
-37.852221,16,1519.746797
-165.278775,41,1519.82199
-75.667054,26,1519.859712
-54.409159,22,1519.890247
-68.557225,36,1519.943322
-28.533213,10,1519.957887
-32.936155,12,1519.977442
-44.249488,21,1520.007154
-27.876631,9,1520.020887
-42.507206,13,1520.038472
-35.634705,23,1520.073673
-46.393504,17,1520.097486
-32.195566,10,1520.112017
-24.071176,10,1520.126814
-125.470849,26,1520.167075
-71.649497,22,1520.197745
-36.692223,13,1520.218939
-90.473109,26,1520.25553
-54.503365,15,1520.27723
-30.33959,10,1520.291554
-32.844072,11,1520.306805
-41.188891,16,1520.329744
-60.778331,29,1520.372278
-30.759712,11,1520.388158
-31.897891,18,1520.417834
-35.535841,13,1520.435165
-55.144624,17,1520.461679
-83.401329,25,1520.49806
-158.423765,43,1520.573604
-165.337855,52,1520.65287
-63.378616,40,1520.711812
-33.133556,15,1520.734206
-20.717614,10,1520.749146
-147.781397,40,1520.80716
-25.543618,10,1520.822087
-109.910359,28,1520.860817
-208.017529,77,1520.985198
-34.339545,11,1521.000947
-41.843928,32,1521.045524
-138.361001,49,1521.116812
-25.28949,15,1521.139085
-18.395437,13,1521.160038
-24.722708,14,1521.181878
-75.017849,23,1521.215351
-105.348317,31,1521.261494
-25.26841,20,1521.293235
-47.771724,17,1521.324956
-73.252921,17,1521.350129
-65.386908,26,1521.388345
-59.535598,36,1521.445307
-106.865246,31,1521.490516
-47.708894,24,1521.527082
-93.7606,23,1521.558577
-10.641883,10,1521.573321
-47.598923,13,1521.593986
-26.641227,11,1521.609599
-41.624698,15,1521.631986
-29.077457,10,1521.647176
-99.079559,26,1521.685765
-59.965824,18,1521.714291
-104.209922,33,1521.761735
-42.19305,35,1521.81333
-19.372998,13,1521.833922
-58.377577,26,1521.872307
-29.289746,13,1521.892771
-141.47274,42,1521.953807
-92.084513,34,1522.005196
-37.758196,14,1522.02643
-72.828567,19,1522.069542
-149.072212,41,1522.132131
-88.98671,39,1522.191418
-89.538428,33,1522.238565
-22.28993,10,1522.253714
-63.26844,19,1522.282916
-86.578011,47,1522.351241
-46.672038,25,1522.388491
-23.351139,10,1522.403952
-87.876605,30,1522.448272
-85.790295,39,1522.506948
-36.577589,15,1522.530032
-63.160521,22,1522.564412
-23.668061,11,1522.579956
-30.226901,15,1522.602036
-97.128365,37,1522.655662
-51.729876,22,1522.689725
-89.279046,20,1522.719542
-57.752809,25,1522.757415
-64.177871,24,1522.79077
-57.032932,24,1522.840408
-71.247674,26,1522.879593
-45.709723,12,1522.899379
-45.962473,22,1522.930893
-21.798112,10,1522.946185
-22.431846,14,1522.967478
-24.849747,11,1522.983601
-25.6365,16,1523.006592
-13.88467,29,1523.050294
-61.567153,21,1523.081855
-66.041865,22,1523.116993
-47.875972,20,1523.147138
-65.642947,28,1523.188158
-24.927044,9,1523.201641
-90.301301,25,1523.238812
-33.38498,11,1523.254349
-33.511865,12,1523.27409
-32.019122,11,1523.290219
-30.847502,10,1523.305679
-32.39093,10,1523.320621
-67.127233,17,1523.345096
-21.671815,11,1523.363724
-30.86187,10,1523.378819
-71.212109,22,1523.410473
-35.400584,21,1523.44049
-34.419991,9,1523.454813
-47.553739,12,1523.471063
-46.00433,13,1523.492306
-61.864392,22,1523.523508
-31.930583,16,1523.549945
-131.31343,29,1523.694181
-45.438165,21,1523.730435
-29.684282,12,1523.74813
-41.875761,17,1523.772421
-35.066428,23,1523.808074
-45.122559,17,1523.832484
-50.064466,12,1523.852502
-22.912665,10,1523.86755
-53.999161,20,1523.898404
-40.364123,18,1523.923306
-29.535405,11,1523.942399
-68.164332,25,1523.98074
-16.686543,15,1524.004371
-43.967732,11,1524.020682
-37.010526,13,1524.038404
-24.331373,9,1524.052676
-77.98795,21,1524.083523
-44.76395,14,1524.105597
-27.087632,14,1524.127555
-48.819591,15,1524.150251
-33.482481,12,1524.166735
-25.783494,10,1524.181643
-69.777138,25,1524.219496
-144.203274,36,1524.276595
-24.805702,14,1524.29548
-24.414555,14,1524.317548
-96.207835,39,1524.376335
-22.335519,11,1524.392054
-48.5019,12,1524.411763
-61.323808,20,1524.457245
-36.145337,10,1524.476418
-70.8489,32,1524.524755
-23.82021,14,1524.560441
-51.462319,15,1524.588368
-48.616871,13,1524.607498
-257.539087,88,1524.740706
-52.64719,16,1524.7639
-31.411834,28,1524.806194
-174.269119,55,1524.886414
-67.331628,23,1524.918713
-40.880771,22,1524.953446
-45.796644,25,1524.990267
-44.429913,13,1525.007672
-106.098619,34,1525.057989
-83.056807,36,1525.110808
-25.286329,10,1525.125516
-70.169478,20,1525.154863
-42.792919,11,1525.173437
-120.359656,29,1525.213153
-60.384312,25,1525.266263
-41.799182,14,1525.287735
-63.982854,28,1525.330384
-50.670227,18,1525.355728
-24.752578,9,1525.373785
-157.019375,52,1525.451945
-40.080519,19,1525.477808
-62.325574,26,1525.519288
-18.489331,15,1525.541953
-60.893881,24,1525.575516
-68.462269,26,1525.616293
-28.352821,13,1525.636551
-43.590648,18,1525.664861
-34.025866,14,1525.686284
-39.852475,17,1525.71005
-50.497967,20,1525.739089
-27.032113,13,1525.759885
-26.940287,11,1525.775665
-122.058115,39,1525.834064
-64.621843,23,1525.866741
-159.928697,80,1525.986446
-66.641003,28,1526.044933
-48.806111,25,1526.082287
-29.241689,12,1526.099233
-57.569474,20,1526.129171
-62.138447,15,1526.151331
-33.300192,10,1526.166526
-26.901028,12,1526.18582
-24.87275,8,1526.195951
-91.523438,28,1526.238983
-31.057085,12,1526.256102
-31.452923,11,1526.27187
-44.588527,15,1526.293638
-56.857702,23,1526.329859
-23.873896,14,1526.351178
-77.783209,47,1526.419594
-82.244637,18,1526.447918
-70.056501,28,1526.488204
-15.938585,13,1526.508636
-23.357043,11,1526.524713
-99.413797,27,1526.566704
-30.627432,15,1526.58897
-41.366883,25,1526.626228
-37.406667,13,1526.644289
-33.550769,10,1526.659207
-69.589692,23,1526.694472
-42.098835,12,1526.711509
-30.838933,12,1526.741646
-825.275354,304,1527.200419
-32.650879,18,1527.228662
-91.41418,25,1527.265326
-33.300665,12,1527.281871
-38.100905,12,1527.301156
-22.444073,9,1527.315063
-18.305349,16,1527.337914
-55.384733,27,1527.376284
-173.094374,45,1527.441282
-41.428847,12,1527.460873
-86.767467,35,1527.526954
-63.237813,15,1527.550524
-42.103944,21,1527.581871
-81.160508,28,1527.622441
-49.078731,14,1527.643973
-32.588771,10,1527.658774
-85.280851,24,1527.695148
-26.871966,14,1527.716315
-71.874742,37,1527.770519
-27.526337,9,1527.784045
-38.746452,18,1527.813077
-120.438106,37,1527.865817
-65.339676,35,1527.91838
-57.424702,16,1527.941099
-30.71128,10,1527.956052
-25.144433,17,1527.982914
-62.220637,33,1528.029156
-125.145218,44,1528.093259
-80.110062,28,1528.135408
-156.958863,52,1528.210973
-43.030167,16,1528.234195
-51.309463,18,1528.262209
-52.797408,18,1528.301147
-51.58762,21,1528.335705
-28.53906,12,1528.352305
-48.642536,15,1528.375237
-97.179603,34,1528.427128
-23.918905,11,1528.442531
-30.89614,12,1528.459245
-31.552677,11,1528.478074
-62.440377,26,1528.516636
-43.111219,19,1528.544844
-64.151047,26,1528.582369
-69.25895,23,1528.615161
-58.835432,28,1528.658175
-23.483958,10,1528.673476
-37.887066,19,1528.702812
-77.102436,31,1528.748473
-35.511096,17,1528.772453
-25.203312,12,1528.791787
-82.428097,35,1528.84463
-151.946295,39,1528.904577
-24.029672,10,1528.919
-56.852089,18,1528.944501
-30.553808,12,1528.963727
-66.406136,21,1528.994333
-28.034801,11,1529.010304
-49.202594,42,1529.086767
-101.465149,25,1529.123978
-161.070646,39,1529.182704
-26.287175,12,1529.203584
-64.437011,25,1529.268369
-32.777642,15,1529.294182
-227.264869,98,1529.455779
-45.392586,12,1529.478718
-79.206793,21,1529.513789
-27.764838,10,1529.527237
-32.863116,13,1529.543331
-83.600653,20,1529.570097
-22.338119,11,1529.586519
-46.310098,18,1529.608579
-40.174103,12,1529.626662
-34.055354,17,1529.648502
-57.817218,28,1529.687166
-51.773567,22,1529.71631
-29.169933,12,1529.731802
-19.534617,9,1529.744612
-40.054332,18,1529.770862
-88.946281,31,1529.813048
-26.580704,12,1529.842553
-25.678409,11,1529.861674
-44.406166,16,1529.883882
-97.968543,33,1529.930583
-17.547015,9,1529.943542
-123.81623,41,1530.000203
-33.632209,14,1530.020792
-24.930992,11,1530.03569
-69.601583,23,1530.068224
-63.939716,18,1530.094943
-71.66383,28,1530.132469
-38.859295,21,1530.160996
-133.448131,38,1530.214985
-65.071309,26,1530.250455
-93.780367,36,1530.300525
-89.951739,27,1530.340282
-34.886339,17,1530.363609
-33.618537,14,1530.384463
-21.636446,11,1530.400227
-64.607278,34,1530.449593
-23.471152,9,1530.463039
-52.934894,31,1530.50802
-29.869974,11,1530.523652
-28.610958,11,1530.539245
-21.574966,9,1530.56694
-58.176388,16,1530.591154
-25.449253,11,1530.609796
-28.774801,13,1530.627535
-19.759594,11,1530.643221
-25.676164,9,1530.657301
-182.934427,45,1530.722472
-25.325691,9,1530.736171
-67.600453,18,1530.764354
-36.645179,18,1530.788187
-26.461074,17,1530.815802
-134.117071,47,1530.884891
-97.697354,47,1530.954699
-29.324977,10,1530.969152
-11.359532,10,1530.984267
-51.033469,28,1531.027112
-29.067534,10,1531.041536
-51.119927,26,1531.079571
-65.488009,24,1531.115169
-55.218365,22,1531.146085
-53.896428,33,1531.195551
-46.731106,12,1531.211964
-26.505,10,1531.226916
-61.249204,19,1531.254835
-66.589918,28,1531.311197
-36.173331,14,1531.333187
-41.540947,16,1531.357372
-40.766155,19,1531.386913
-48.595401,20,1531.4171
-25.126641,9,1531.428474
-25.56678,11,1531.447208
-49.872417,22,1531.478122
-26.940337,12,1531.494847
-21.696604,10,1531.509913
-61.399654,28,1531.552897
-38.530421,11,1531.568868
-38.662331,11,1531.584765
-21.011809,11,1531.603478
-61.256135,20,1531.632813
-32.908712,10,1531.648339
-37.002055,10,1531.663433
-47.402231,15,1531.685952
-72.495572,28,1531.724671
-61.784156,18,1531.752538
-37.346621,22,1531.782961
-29.527459,14,1531.804073
-27.060517,9,1531.817646
-30.486049,14,1531.839131
-46.373824,13,1531.857226
-39.729632,22,1531.891445
-113.34707,28,1531.931281
-30.322946,12,1531.951182
-33.51097,10,1531.966466
-26.082004,12,1531.983483
-26.403143,11,1531.998959
-55.061781,17,1532.025463
-64.808483,26,1532.108102
-32.229197,12,1532.126473
-57.0558,20,1532.156868
-27.758936,11,1532.173269
-42.425417,21,1532.21637
-27.278463,10,1532.231504
-30.879517,10,1532.246913
-26.363711,14,1532.265381
-37.362267,16,1532.291699
-48.135979,20,1532.321278
-24.715274,11,1532.337905
-34.38212,9,1532.351784
-69.159593,19,1532.378126
-31.453354,9,1532.392056
-13.342773,14,1532.414152
-23.945255,11,1532.430124
-81.444246,25,1532.466809
-47.482408,20,1532.496422
-38.777053,14,1532.51857
-30.753094,14,1532.540705
-29.996911,10,1532.555907
-32.698487,12,1532.572513
-49.401085,15,1532.595197
-47.511129,18,1532.62319
-41.508434,15,1532.645687
-33.486772,12,1532.662893
-39.387592,16,1532.686147
-64.323586,23,1532.72173
-82.903951,30,1532.766066
-150.36578,40,1532.825161
-83.0278,22,1532.85777
-42.274931,12,1532.891102
-45.875431,23,1532.924856
-27.996505,11,1532.944656
-56.998931,21,1532.975825
-40.107459,15,1532.999148
-32.427675,12,1533.016161
-60.706154,21,1533.046881
-72.876332,25,1533.084256
-20.651274,10,1533.099052
-19.144445,11,1533.11827
-40.182311,25,1533.15459
-45.231035,22,1533.185835
-48.121543,19,1533.21519
-35.797108,11,1533.231145
-45.448595,11,1533.246782
-41.736226,18,1533.27502
-29.030644,20,1533.30549
-26.705008,12,1533.322423
-54.476459,18,1533.350747
-63.789314,28,1533.390613
-35.933865,11,1533.4095
-60.758475,16,1533.432699
-25.041743,10,1533.448253
-46.265678,17,1533.47251
-53.624478,14,1533.49482
-149.647525,52,1533.570997
-25.147928,9,1533.585158
-28.774559,15,1533.607587
-24.42045,9,1533.62176
-40.621953,13,1533.655948
-116.316873,31,1533.702114
-78.58044,28,1533.74162
-47.613353,18,1533.769687
-29.656956,12,1533.786328
-63.461981,24,1533.8218
-152.402531,50,1533.896154
-48.659547,12,1533.915558
-20.032549,11,1533.931858
-66.440463,20,1533.962072
-44.277307,18,1533.989727
-74.038214,17,1534.016932
-86.1397,30,1534.061671
-40.15626,30,1534.105659
-70.812667,25,1534.1431
-56.770276,22,1534.174301
-88.324885,24,1534.210421
-31.863877,17,1534.234184
-32.165486,13,1534.254998
-23.035182,12,1534.271849
-21.707663,11,1534.290647
-93.75614,31,1534.336331
-25.574239,11,1534.352501
-38.316833,13,1534.37336
-31.524038,14,1534.405944
-24.247932,12,1534.427271
-85.297616,35,1534.479759
-30.933177,12,1534.497086
-57.95859,32,1534.547657
-26.015239,10,1534.56234
-21.200578,11,1534.578209
-22.95982,10,1534.592799
-29.27374,13,1534.610012
-25.670077,11,1534.629121
-48.406532,21,1534.659644
-22.124379,10,1534.676313
-40.040257,19,1534.713814
-43.645425,24,1534.765772
-35.974972,16,1534.796688
-59.979457,26,1534.839761
-39.612142,13,1534.859193
-31.578705,10,1534.875859
-92.715044,40,1534.942341
-37.661431,11,1534.963497
-24.690236,10,1534.980671
-44.915438,31,1535.026661
-34.920965,11,1535.041028
-30.854207,17,1535.063242
-29.740483,14,1535.082579
-31.522778,14,1535.101958
-51.207425,23,1535.134344
-98.706664,31,1535.175858
-18.797092,10,1535.203798
-22.137163,11,1535.219724
-43.68861,25,1535.255549
-48.543918,19,1535.28351
-30.538721,12,1535.29935
-230.846558,64,1535.389341
-31.352354,9,1535.402582
-25.423894,11,1535.417431
-38.551973,16,1535.43939
-24.267532,11,1535.454325
-19.095786,10,1535.468323
-32.970528,13,1535.488083
-55.389268,29,1535.529481
-22.62064,9,1535.543333
-18.632068,13,1535.559724
-24.560854,11,1535.574073
-63.617773,22,1535.606131
-40.292511,11,1535.621243
-46.827387,16,1535.643658
-22.763909,10,1535.657661
-18.782117,11,1535.672581
-31.741126,12,1535.691362
-104.775261,31,1535.73394
-37.200025,10,1535.74835
-27.56056,12,1535.764358
-80.189722,27,1535.803257
-109.259747,33,1535.84745
-29.276148,14,1535.868021
-48.505225,13,1535.887629
-59.512162,32,1535.947978
-45.849903,13,1535.968074
-38.98299,15,1535.989527
-61.141337,19,1536.018004
-27.881676,13,1536.035802
-37.191938,19,1536.063644
-29.691379,19,1536.090883
-31.294022,10,1536.105739
-10.273706,12,1536.122338
-25.70932,10,1536.136622
-89.567881,33,1536.184864
-77.096923,39,1536.241706
-27.555207,13,1536.260126
-25.627203,11,1536.275053
-62.184329,17,1536.301526
-46.671307,12,1536.317651
-52.681661,22,1536.350889
-53.848012,16,1536.373827
-82.614277,28,1536.412473
-38.431622,22,1536.445918
-35.922964,9,1536.459026
-56.407274,17,1536.482567
-69.285028,42,1536.543592
-32.369422,13,1536.564222
-26.624568,10,1536.578565
-36.060724,13,1536.598428
-31.049534,13,1536.615664
-35.731816,11,1536.631261
-43.828443,27,1536.686586
-59.583687,16,1536.709464
-92.211343,24,1536.745822
-23.448738,13,1536.762452
-27.401221,15,1536.784054
-15.524691,11,1536.80259
-28.996633,15,1536.823912
-169.99937,62,1536.912968
-21.780157,10,1536.929157
-35.821311,15,1536.952261
-36.694587,15,1536.974561
-27.337714,11,1536.99019
-45.208833,14,1537.011831
-54.606307,21,1537.04239
-30.621532,9,1537.056062
-23.947474,11,1537.071433
-99.182116,37,1537.12647
-24.976876,9,1537.137575
-39.010443,11,1537.155729
-19.063538,13,1537.173319
-51.259648,28,1537.214794
-28.823733,12,1537.231753
-39.761708,10,1537.246728
-20.434383,10,1537.261459
-34.379322,17,1537.288038
-28.620709,11,1537.304356
-39.312999,20,1537.332604
-35.026525,16,1537.355107
-34.044641,12,1537.3715
-28.444095,11,1537.389832
-68.180405,22,1537.43775
-33.169503,10,1537.452657
-21.988677,8,1537.466341
-24.242273,11,1537.482695
-37.905068,16,1537.505366
-95.882946,32,1537.552223
-84.339233,33,1537.601654
-52.736106,17,1537.625904
-39.822623,16,1537.652975
-56.474641,23,1537.68508
-86.017787,37,1537.740958
-24.94712,10,1537.756207
-46.322893,16,1537.779706
-33.855391,12,1537.796443
-40.740086,16,1537.81937
-24.071471,18,1537.848491
-28.286345,8,1537.861917
-26.472398,11,1537.877537
-26.927724,11,1537.893648
-35.169249,12,1537.910233
-36.074374,13,1537.931184
-60.248424,30,1537.97646
-45.184085,13,1537.996735
-27.925263,9,1538.007934
-40.202753,11,1538.027456
-85.213525,18,1538.051479
-33.248479,15,1538.073405
-54.334372,20,1538.103353
-26.167078,9,1538.117366
-18.57204,9,1538.1313
-119.79536,31,1538.191934
-42.052474,12,1538.210011
-23.20211,10,1538.224997
-60.537785,26,1538.26657
-23.098328,13,1538.284383
-32.433239,16,1538.307386
-93.870047,32,1538.356917
-33.539951,10,1538.372015
-85.425078,22,1538.404057
-30.748868,11,1538.419811
-32.029461,16,1538.446096
-19.466334,9,1538.456935
-28.106906,11,1538.476269
-41.265523,11,1538.492257
-311.546066,93,1538.63037
-28.667839,22,1538.664625
-47.11211,18,1538.69145
-24.303886,10,1538.707273
-20.675211,14,1538.72999
-41.285088,12,1538.752083
-28.577104,20,1538.783748
-24.171718,10,1538.800384
-53.775287,15,1538.824448
-23.634693,9,1538.8368
-20.000498,10,1538.853486
-21.970568,9,1538.870192
-21.885533,10,1538.887364
-31.165066,12,1538.908105
-58.829801,23,1538.941908
-66.718921,37,1539.058644
-19.889872,11,1539.074967
-64.805986,22,1539.108619
-27.956911,12,1539.128508
-62.494039,25,1539.166179
-69.081125,21,1539.198092
-28.360856,12,1539.215861
-34.450034,18,1539.245677
-21.348052,10,1539.261386
-63.583685,25,1539.300203
-36.320744,10,1539.315608
-27.768681,12,1539.332539
-29.077441,15,1539.355911
-43.728383,13,1539.377048
-42.410433,14,1539.399477
-33.865654,11,1539.416251
-29.366429,9,1539.432161
-26.780653,10,1539.448759
-32.57141,12,1539.466529
-42.245917,19,1539.508554
-142.260371,44,1539.592024
-24.632149,9,1539.60296
-50.928094,22,1539.636965
-47.649554,32,1539.683969
-69.951728,51,1539.758959
-60.726618,18,1539.786739
-24.372729,11,1539.816519
-21.985903,15,1539.840129
-17.386997,10,1539.85605
-20.470827,10,1539.871647
-35.981468,10,1539.88648
-18.927885,10,1539.901498
-33.870823,12,1539.921543
-65.685158,26,1539.959506
-56.359477,23,1539.99192
-31.944328,12,1540.012088
-88.76271,26,1540.050809
-21.050666,12,1540.067503
-48.805245,20,1540.097216
-56.863719,16,1540.122953
-32.728618,12,1540.139609
-46.240796,19,1540.168799
-54.815682,20,1540.198823
-118.269332,47,1540.267116
-31.565788,12,1540.287097
-34.281316,13,1540.304788
-23.485517,10,1540.319314
-40.388283,13,1540.34017
-38.612535,11,1540.356515
-21.349463,11,1540.373546
-16.687158,12,1540.393163
-30.879042,11,1540.409166
-56.629607,23,1540.442124
-33.25681,18,1540.470184
-47.438096,17,1540.495178
-35.42672,18,1540.523759
-19.479762,10,1540.538781
-18.868024,12,1540.555795
-85.874647,32,1540.620669
-43.245781,15,1540.644146
-68.809986,24,1540.682298
-35.620649,11,1540.698213
-29.748995,13,1540.71653
-32.146456,15,1540.738342
-93.360349,20,1540.767786
-51.529013,18,1540.796394
-64.889433,41,1540.856717
-22.419866,11,1540.872627
-25.246179,12,1540.891848
-31.441754,12,1540.909306
-44.480482,16,1540.933641
-28.309738,11,1540.953178
-69.126414,21,1540.983755
-27.750379,13,1541.000994
-42.992248,22,1541.035399
-24.836236,15,1541.057458
-107.724699,41,1541.117583
-25.182849,10,1541.132669
-96.429026,24,1541.169053
-48.865154,17,1541.192891
-122.661703,45,1541.258896
-27.536764,11,1541.274851
-51.399786,21,1541.309125
-46.056266,20,1541.353384
-28.931058,19,1541.38181
-28.049054,13,1541.402672
-40.430604,15,1541.425911
-33.930709,15,1541.448712
-98.065287,31,1541.494832
-51.933353,20,1541.525017
-25.17899,8,1541.538556
-67.887153,27,1541.578024
-16.582768,12,1541.598016
-56.599598,16,1541.621316
-67.750027,20,1541.650833
-69.800867,39,1541.709256
-23.300119,10,1541.724897
-23.749072,13,1541.742325
-88.183846,24,1541.778235
-86.810589,37,1541.832607
-30.229558,12,1541.852733
-26.239427,12,1541.86974
-62.172092,26,1541.907469
-113.983845,50,1541.983196
-23.997034,11,1542.001827
-32.265216,27,1542.040475
-23.705266,13,1542.061461
-23.011249,10,1542.076756
-82.404186,36,1542.144738
-111.994196,59,1542.234035
-42.896821,19,1542.260588
-49.007315,15,1542.282953
-28.851245,30,1542.327173
-22.774438,11,1542.34636
-36.062141,18,1542.370942
-30.06499,12,1542.390797
-33.031525,15,1542.41256
-61.562961,42,1542.473986
-46.994771,14,1542.495498
-19.558877,11,1542.511066
-47.591898,12,1542.528409
-40.170652,12,1542.547631
-33.477464,16,1542.570714
-37.395847,17,1542.595165
-34.185712,13,1542.615572
-26.150544,12,1542.632203
-52.383202,21,1542.665106
-68.456142,18,1542.690387
-39.800974,20,1542.720189
-46.508343,21,1542.750488
-33.562911,18,1542.778178
-34.666119,12,1542.794545
-41.471146,23,1542.829579
-51.372875,18,1542.870401
-2307.803449,836,1544.161726
-69.371396,21,1544.192722
-31.134616,15,1544.215565
-37.809655,15,1544.238504
-16.415191,12,1544.255506
-29.399606,18,1544.28376
-217.713172,94,1544.439626
-124.871334,56,1544.523365
-26.298684,14,1544.544997
-23.416968,18,1544.569937
-46.495682,25,1544.607494
-51.845059,22,1544.644106
-26.70162,17,1544.668742
-131.066399,35,1544.721575
-123.383101,40,1544.780661
-51.490273,15,1544.80282
-37.846512,19,1544.832007
-18.209977,34,1544.882833
-22.278915,14,1544.903864
-48.671031,19,1544.930078
-56.892632,23,1544.965719
-91.856995,32,1545.017519
-162.518123,62,1545.113015
-74.538846,26,1545.151647
-147.413861,43,1545.235896
-37.367621,16,1545.259118
-48.609413,23,1545.292155
-42.297977,13,1545.313585
-44.635047,28,1545.356434
-86.080968,30,1545.401076
-48.065183,21,1545.431722
-50.45069,23,1545.46433
-81.95657,30,1545.509499
-39.305191,13,1545.532198
-15.033287,10,1545.547055
-55.217263,36,1545.599598
-69.405429,32,1545.648539
-32.594557,9,1545.659248
-29.233487,13,1545.680114
-41.940352,22,1545.711308
-65.347873,19,1545.740762
-125.324804,26,1545.778967
-24.018112,9,1545.793467
-31.48415,18,1545.821137
-115.234248,48,1545.895185
-58.998573,22,1545.92991
-24.59524,13,1545.947572
-44.696692,13,1545.982952
-27.849502,15,1546.006028
-90.214073,32,1546.055263
-22.576936,10,1546.070533
-30.93217,12,1546.089938
-33.079026,13,1546.108008
-37.113281,16,1546.135272
-92.219614,40,1546.196777
-25.810798,16,1546.220865
-22.544843,9,1546.235466
-28.466342,14,1546.254405
-71.439012,17,1546.281917
-122.793008,40,1546.341303
-33.757215,14,1546.363888
-47.254735,20,1546.394219
-59.344462,31,1546.440009
-30.519783,13,1546.458065
-30.437899,11,1546.47789
-69.1987,19,1546.504349
-61.240857,30,1546.550609
-42.021562,18,1546.579054
-59.645482,22,1546.610393
-68.286513,41,1546.674922
-35.863296,13,1546.693151
-31.814591,17,1546.720286
-75.083234,36,1546.788278
-37.431831,13,1546.806226
-30.144565,27,1546.848794
-50.095732,14,1546.869926
-130.911552,33,1546.91708
-94.71236,43,1546.982439
-76.32531,36,1547.036015
-30.846375,11,1547.052111
-39.437478,20,1547.082343
-18.755862,10,1547.097332
-34.655897,12,1547.117106
-31.298793,13,1547.1347
-63.842077,25,1547.171969
-167.693201,72,1547.281716
-50.588536,16,1547.305086
-30.279294,12,1547.321539
-24.110637,12,1547.341082
-32.045163,10,1547.355946
-86.572995,23,1547.388751
-68.342133,33,1547.43853
-70.298253,26,1547.477866
-196.517305,56,1547.578154
-64.439525,23,1547.613229
-26.45655,10,1547.628423
-113.082843,54,1547.709912
-44.596468,15,1547.732568
-56.10717,21,1547.763283
-35.133399,12,1547.780201
-42.403042,19,1547.809964
-43.163926,14,1547.8329
-44.023,19,1547.861714
-66.394065,24,1547.895087
-46.3698,18,1547.922658
-16.257922,10,1547.938139
-86.022329,23,1547.974144
-118.833987,59,1548.060088
-38.85839,14,1548.081993
-36.068862,13,1548.102688
-95.178195,37,1548.156368
-18.962977,10,1548.171472
-63.004377,21,1548.202452
-33.76762,14,1548.22426
-86.386695,41,1548.297123
-34.578658,22,1548.332749
-47.011541,27,1548.371763
-50.17859,20,1548.40192
-26.632745,21,1548.432595
-43.083963,18,1548.460649
-22.05935,12,1548.477598
-114.539212,53,1548.55901
-23.017234,12,1548.576053
-127.83151,41,1548.640079
-29.025782,18,1548.665422
-28.995887,13,1548.686011
-23.846569,11,1548.702381
-113.793447,56,1548.786477
-48.012355,18,1548.814792
-90.84508,28,1548.85451
-27.528856,16,1548.880664
-35.814387,14,1548.899284
-44.519737,15,1548.921756
-23.997587,13,1548.942755
-31.080289,15,1548.965312
-47.027408,13,1548.985684
-99.508683,44,1549.064966
-108.635132,32,1549.115063
-74.517152,36,1549.16925
-71.989825,24,1549.206791
-79.25842,38,1549.262775
-32.009038,12,1549.284063
-148.134547,49,1549.356584
-67.253801,20,1549.387402
-88.561029,46,1549.454374
-35.664002,15,1549.476768
-120.262875,46,1549.54472
-33.991437,13,1549.565803
-27.285697,10,1549.580936
-25.431706,13,1549.598724
-52.313346,37,1549.654906
-198.865355,58,1549.739623
-128.155927,50,1549.830712
-33.653529,13,1549.851524
-32.206674,13,1549.869162
-23.486515,12,1549.889546
-23.317674,11,1549.909287
-63.828999,48,1549.982403
-32.796392,17,1550.012814
-41.425455,21,1550.044471
-212.195289,58,1550.13086
-27.009065,25,1550.168518
-35.093913,13,1550.186344
-63.305875,28,1550.22991
-25.16031,11,1550.246078
-47.109713,17,1550.273278
-87.13834,44,1550.336047
-34.90373,18,1550.36387
-40.355508,27,1550.402737
-25.843755,13,1550.423343
-38.872072,17,1550.448043
-32.532206,10,1550.462794
-174.92523,58,1550.551671
-26.033973,10,1550.581206
-35.300545,14,1550.604722
-81.093599,24,1550.642004
-30.790931,11,1550.658088
-18.515292,9,1550.672642
-57.859354,26,1550.71151
-43.80259,16,1550.734519
-125.972468,53,1550.816322
-71.082476,39,1550.872111
-146.22098,40,1550.932152
-85.918216,34,1550.984589
-51.947123,17,1551.01255
-29.968617,13,1551.030757
-149.710558,70,1551.133649
-27.925383,17,1551.161184
-45.540652,20,1551.190779
-61.35941,31,1551.235484
-28.223869,9,1551.250093
-40.577461,26,1551.292763
-49.001674,17,1551.316653
-51.04439,19,1551.360868
-53.122972,14,1551.38389
-26.724363,11,1551.400458
-42.702459,23,1551.436665
-34.982892,16,1551.460613
-25.607617,20,1551.490447
-39.792694,17,1551.514674
-58.813541,21,1551.546064
-62.458864,43,1551.612357
-76.423444,33,1551.662977
-18.357021,10,1551.677335
-21.288833,10,1551.692237
-72.25317,26,1551.730769
-27.348749,11,1551.747143
-24.326656,10,1551.761969
-82.024373,39,1551.819702
-55.187241,35,1551.871391
-22.30013,10,1551.886468
-31.550042,10,1551.901774
-34.292429,24,1551.937764
-28.772202,18,1551.963228
-20.895843,9,1551.977198
-49.050844,19,1552.005912
-49.071419,28,1552.04691
-118.593948,42,1552.124604
-120.842029,45,1552.194896
-89.247423,31,1552.240597
-58.044565,17,1552.265396
-87.408607,52,1552.345375
-19.150444,13,1552.36311
-25.036409,13,1552.383848
-33.712366,18,1552.411456
-38.824051,15,1552.434009
-26.454109,10,1552.449361
-19.873518,9,1552.460737
-37.2671,14,1552.481859
-48.339826,25,1552.519004
-20.540471,14,1552.541062
-23.703053,9,1552.554761
-25.237548,18,1552.579477
-29.271425,12,1552.599163
-98.447236,52,1552.675354
-31.448089,12,1552.695374
-60.665277,21,1552.725775
-62.886141,17,1552.750196
-90.818045,41,1552.809523
-72.163053,22,1552.843662
-85.250842,31,1552.903374
-40.476053,20,1552.93423
-24.452554,12,1552.951508
-33.713113,18,1552.980346
-188.213951,80,1553.100756
-42.164776,23,1553.137097
-44.102751,17,1553.161518
-11.66879,19,1553.189989
-45.174256,17,1553.214131
-20.596166,11,1553.230068
-19.830876,10,1553.244889
-58.263549,21,1553.277843
-46.055731,26,1553.31559
-59.437204,25,1553.352338
-34.193604,18,1553.377929
-38.081551,13,1553.398649
-19.106692,11,1553.414899
-24.396639,16,1553.437586
-32.019143,27,1553.480334
-97.305943,40,1553.540453
-94.811873,52,1553.616369
-61.455151,15,1553.651415
-68.825991,32,1553.703853
-39.700441,34,1553.754026
-17.464861,12,1553.774229
-27.711149,16,1553.797724
-28.072391,11,1553.814067
-16.39745,19,1553.843401
-34.568625,16,1553.867434
-31.089018,17,1553.894727
-41.298822,18,1553.919999
-27.665581,11,1553.935641
-62.661959,33,1553.986388
-23.205225,11,1554.003656
-24.870591,12,1554.023628
-20.913186,17,1554.048379
-35.559156,15,1554.070702
-29.322055,22,1554.102607
-29.343892,15,1554.125024
-37.809991,19,1554.154131
-121.782577,40,1554.213003
-27.494084,13,1554.233904
-34.021889,14,1554.255172
-58.154136,46,1554.323965
-30.012596,14,1554.346021
-43.019595,18,1554.370718
-43.864827,20,1554.518775
-77.922156,37,1554.580361
-103.104622,37,1554.635917
-132.979363,81,1554.757073
-22.357319,17,1554.784806
-49.482792,29,1554.825201
-21.268525,12,1554.844906
-19.59848,11,1554.861502
-2645.653803,1000,1556.393443
-23.378331,16,1556.4163
-152.652047,74,1556.525858
-35.327269,14,1556.548141
-22.184529,11,1556.564295
-96.059066,28,1556.606848
-21.610364,12,1556.623801
-9.747172,24,1556.659646
-58.683551,16,1556.683071
-53.87796,25,1556.720314
-75.611194,33,1556.77036
-45.193982,17,1556.794763
-21.904034,9,1556.82207
-23.273665,20,1556.853348
-46.458741,24,1556.889715
-30.010682,12,1556.907063
-44.032206,15,1556.929755
-23.492723,11,1556.9455
-97.151524,37,1557.002303
-23.047193,13,1557.02041
-39.974546,25,1557.057698
-67.120374,24,1557.094081
-48.53818,19,1557.122651
-31.896209,12,1557.139466
-115.942495,54,1557.219845
-32.81595,13,1557.240477
-62.895296,19,1557.266284
-26.979075,10,1557.281149
-60.160889,22,1557.315802
-244.727326,96,1557.456936
-143.02308,56,1557.538751
-69.408662,22,1557.58895
-32.6974,12,1557.606658
-26.368986,16,1557.630906
-71.144316,18,1557.65878
-30.065036,11,1557.674524
-43.236467,21,1557.704849
-66.143588,22,1557.73954
-32.775615,19,1557.765166
-87.617198,32,1557.815056
-265.484182,87,1557.943367
-55.94869,22,1557.977834
-89.973433,30,1558.022683
-125.613065,32,1558.06976
-56.499763,25,1558.106849
-44.679251,14,1558.128821
-316.201731,91,1558.262897
-46.855025,15,1558.285645
-24.031665,18,1558.313791
-50.640891,22,1558.360271
-27.454533,10,1558.375251
-71.581604,28,1558.418875
-98.298443,35,1558.470282
-121.200662,42,1558.530821
-27.708264,12,1558.547413
-19.097025,10,1558.56302
-92.417726,29,1558.606586
-87.547113,30,1558.651707
-93.418573,36,1558.704538
-38.003423,19,1558.734326
-73.021397,21,1558.765221
-24.915107,12,1558.785253
-227.576771,83,1558.906018
-109.320526,42,1558.969872
-73.941705,33,1559.016597
-73.152307,31,1559.065047
-42.483225,24,1559.113879
-43.016744,26,1559.156523
-100.577922,33,1559.204521
-40.129881,19,1559.233181
-33.234954,26,1559.271245
-38.930805,14,1559.292856
-18.387814,11,1559.308777
-32.158994,19,1559.337914
-49.351201,18,1559.366348
-35.238213,15,1559.389818
-38.361094,19,1559.415756
-51.75847,18,1559.445297
-112.520994,29,1559.489128
-37.331756,30,1559.532797
-46.770151,21,1559.563766
-37.721443,18,1559.591303
-52.351791,22,1559.62233
-116.718435,39,1559.681313
-14.303522,13,1559.699211
-98.330747,57,1559.785674
-34.958069,12,1559.802162
-58.109565,26,1559.840208
-16.827064,9,1559.869019
-100.5195,27,1559.912041
-66.180832,26,1559.95019
-115.528671,40,1560.008869
-50.254645,28,1560.05619
-59.597596,21,1560.091382
-36.712507,16,1560.115665
-21.322613,9,1560.130035
-30.748877,12,1560.147052
-82.820491,30,1560.192249
-53.776396,21,1560.223504
-133.365886,29,1560.267391
-38.143982,19,1560.296119
-86.977892,25,1560.333239
-57.916993,29,1560.376975
-85.973925,36,1560.430104
-78.400897,30,1560.474262
-42.181379,28,1560.514076
-28.635094,12,1560.533966
-20.377385,11,1560.550287
-52.894434,21,1560.581715
-38.274539,23,1560.631074
-20.169465,11,1560.647185
-30.454495,11,1560.663301
-26.940208,12,1560.683262
-59.931815,17,1560.707685
-82.438355,24,1560.74507
-35.02607,20,1560.774388
-25.419173,14,1560.796566
-30.845353,10,1560.811602
-56.867177,27,1560.851127
-63.609798,28,1560.894068
-32.985954,12,1560.910363
-86.639722,38,1560.969103
-23.018133,11,1560.985329
-106.0658,35,1561.038777
-37.036075,16,1561.062932
-32.854571,13,1561.083828
-87.877613,27,1561.122716
-37.093331,14,1561.144422
-19.663826,10,1561.159204
-93.563217,40,1561.218628
-128.235078,40,1561.295069
-27.50956,11,1561.31131
-88.362668,29,1561.355251
-33.359667,11,1561.371156
-39.140327,21,1561.41521
-32.671812,22,1561.452424
-38.50293,13,1561.470555
-27.131132,13,1561.491664
-105.060935,39,1561.550879
-31.595303,18,1561.575511
-79.521214,25,1561.612876
-66.968761,33,1561.66457
-2607.628665,1000,1563.187384
-111.390668,45,1563.254141
-26.2176,10,1563.268898
-782.135203,320,1563.75877
-27.36659,11,1563.775351
-63.253325,26,1563.814131
-50.606099,17,1563.840616
-19.359113,11,1563.856284
-83.719748,42,1563.917779
-138.827775,47,1563.989299
-34.609052,12,1564.005502
-78.582066,27,1564.044481
-70.759849,28,1564.087537
-25.380202,11,1564.10356
-28.639081,13,1564.124074
-115.26356,35,1564.176146
-15.243182,12,1564.192911
-49.213767,22,1564.227963
-37.557847,16,1564.25111
-44.698184,16,1564.274345
-261.493158,114,1564.455963
-100.545998,43,1564.519467
-200.782503,104,1564.673354
-77.238384,26,1564.711132
-38.409833,16,1564.737685
-53.692566,23,1564.769677
-25.046468,10,1564.784804
-98.857261,31,1564.831296
-195.640394,71,1564.938189
-109.025994,33,1564.985311
-57.396495,25,1565.022967
-44.280144,22,1565.056968
-28.075227,13,1565.074636
-35.119873,14,1565.096372
-71.851409,22,1565.127818
-77.885122,28,1565.170489
-200.960166,69,1565.287378
-315.913824,129,1565.478402
-71.20055,38,1565.533217
-80.258811,32,1565.582408
-20.643871,13,1565.599332
-50.978949,17,1565.625743
-43.332464,16,1565.649097
-110.099055,45,1565.716278
-38.496675,11,1565.732055
-38.118343,14,1565.753359
-31.356106,18,1565.778674
-55.325656,23,1565.81426
-30.129635,11,1565.829822
-33.363737,10,1565.844932
-86.456689,36,1565.898683
-27.418103,11,1565.917374
-82.624444,24,1565.950469
-431.468938,178,1566.23138
-126.407228,39,1566.289616
-129.846117,54,1566.368561
-26.968075,11,1566.384331
-38.720021,27,1566.422676
-22.952016,10,1566.436902
-23.069586,11,1566.452205
-68.01972,33,1566.502524
-65.538905,27,1566.540791
-32.129411,11,1566.560112
-47.406051,21,1566.590456
-38.209167,13,1566.607961
-232.98369,75,1566.734173
-22.739637,11,1566.753387
-68.657622,23,1566.792511
-43.603642,19,1566.822108
-76.585475,33,1566.872442
-51.770056,13,1566.889946
-104.145524,35,1566.941873
-110.708722,30,1566.986321
-67.350189,23,1567.021667
-54.034911,21,1567.052222
-115.454276,29,1567.095258
-35.504806,16,1567.117672
-215.810222,84,1567.243415
-83.319828,50,1567.318707
-60.469822,21,1567.348966
-35.609479,13,1567.369416
-218.76804,77,1567.495082
-163.425552,58,1567.583829
-96.311936,50,1567.65644
-200.613045,58,1567.740196
-131.904009,30,1567.784933
-25.720398,12,1567.804364
-289.137735,87,1567.930742
-129.400093,37,1567.984545
-53.535563,26,1568.024822
-2511.401018,1000,1569.55186
-28.296807,11,1569.568092
-166.472125,58,1569.649223
-27.264302,11,1569.66701
-83.76892,28,1569.705292
-64.953909,28,1569.912606
-53.950921,17,1569.938308
-46.802737,19,1569.968589
-170.832638,47,1570.037221
-54.717986,22,1570.071806
-46.020403,12,1570.088388
-67.933843,17,1570.115251
-81.145593,23,1570.147229
-27.539498,11,1570.163395
-45.747601,20,1570.192468
-53.969572,25,1570.229373
-104.242843,44,1570.294938
-184.485719,65,1570.390621
-25.798763,10,1570.405834
-147.099812,52,1570.483616
-82.973969,46,1570.551148
-28.501383,29,1570.59528
-420.401109,156,1570.842645
-45.312446,12,1570.859339
-51.378145,13,1570.880255
-35.31675,12,1570.896803
-28.451461,11,1570.912703
-32.939185,11,1570.931276
-73.384793,22,1570.963507
-299.577895,93,1571.102226
-31.194312,11,1571.117778
-41.531196,17,1571.141871
-78.400295,32,1571.190509
-202.315625,88,1571.319242
-48.546309,13,1571.339913
-69.184324,20,1571.37015
-25.178278,11,1571.386051
-198.584542,75,1571.512762
-20.928936,11,1571.528972
-183.125588,81,1571.64847
-143.660118,47,1571.720396
-109.815947,37,1571.77411
-53.307387,24,1571.810801
-71.878312,17,1571.835146
-37.515286,12,1571.854611
-64.447963,23,1571.886463
-21.173167,11,1571.904866
-24.826304,12,1571.921674
-139.999303,44,1571.988717
-83.915268,31,1572.04097
-21.436398,9,1572.059188
-56.404309,21,1572.103863
-88.774563,32,1572.157507
-39.134916,17,1572.183643
-94.529451,44,1572.26391
-59.37082,31,1572.30845
-134.8007,64,1572.400644
-26.964119,11,1572.416349
-70.730688,36,1572.467225
-35.983238,13,1572.487257
-50.469226,25,1572.524815
-51.019841,22,1572.555945
-103.596797,32,1572.601809
-25.034117,12,1572.621086
-273.935569,85,1572.74398
-45.398271,14,1572.765029
-32.442538,12,1572.781185
-117.199392,40,1572.838988
-91.803276,29,1572.881515
-610.829691,232,1573.240194
-26.633721,11,1573.256647
-46.251134,22,1573.291568
-23.352071,11,1573.307198
-57.551668,22,1573.338576
-59.985854,34,1573.389309
-121.233791,59,1573.476743
-24.776238,10,1573.491601
-37.253395,12,1573.508013
-25.959078,12,1573.527621
-274.592632,125,1573.725505
-44.648468,24,1573.764534
-185.062002,45,1573.830793
-151.843755,75,1573.941184
-82.566937,23,1573.973655
-39.949912,13,1573.994166
-2245.638673,874,1575.338075
-107.269751,42,1575.398045
-1708.497821,679,1576.440073
-2535.233311,1000,1577.982179
-37.240626,23,1578.015109
-73.107677,29,1578.058991
-188.070358,64,1578.154492
-27.631905,15,1578.176072
-327.546211,118,1578.368352
-109.856481,40,1578.428161
-78.11336,40,1578.486943
-116.017954,43,1578.549912
-31.616874,10,1578.565109
-173.950041,77,1578.68264
-108.454403,32,1578.729014
-35.339266,12,1578.74592
-280.140919,112,1578.916274
-57.609957,18,1578.940877
-64.504659,29,1578.984657
-152.282377,83,1579.125642
-29.368955,12,1579.142837
-119.35394,44,1579.211011
-28.356818,12,1579.227689
-75.929809,28,1579.270051
-52.472173,19,1579.2992
-26.992083,13,1579.316747
-50.222001,20,1579.346351
-32.899113,12,1579.366216
-25.758506,16,1579.390073
-25.526558,10,1579.404912
-29.190235,13,1579.425382
-30.776045,11,1579.441154
-22.457449,11,1579.457115
-47.151183,16,1579.481158
-52.680068,18,1579.509211
-165.354793,56,1579.591791
-15.878076,11,1579.607396
-10.543098,10,1579.622493
-100.417295,39,1579.680965
-58.357846,33,1579.730529
-27.033399,13,1579.747666
-12.436542,10,1579.762882
-145.66744,81,1579.897556
-25.879175,15,1579.919891
-155.370683,56,1580.006274
-61.949303,24,1580.040032
-132.794037,66,1580.139936
-27.834143,9,1580.151543
-58.54818,18,1580.179271
-32.723661,15,1580.202694
-19.10884,10,1580.217877
-49.993805,26,1580.256157
-201.66173,91,1580.389372
-109.186639,50,1580.462791
-23.327171,12,1580.482901
-2399.946625,1000,1582.013232
-71.449467,26,1582.050724
-22.383702,27,1582.089632
-47.430982,29,1582.148824
-122.151668,56,1582.233394
-48.273583,26,1582.273544
-150.216727,45,1582.341382
-2402.842294,1000,1583.997689
-138.435383,47,1584.067374
-149.469707,57,1584.151539
-20.284584,11,1584.170923
-178.100079,79,1584.285681
-22.846899,12,1584.305304
-19.99868,10,1584.320922
-13.337279,11,1584.336854
-133.43109,38,1584.394965
-19.258814,12,1584.411945
-57.349117,24,1584.448678
-204.607676,88,1584.595496
-14.822655,11,1584.61475
-137.31144,56,1584.698689
-33.883133,12,1584.715508
-82.222926,42,1584.780265
-21.405806,10,1584.795222
-247.223721,103,1584.945299
-18.535993,10,1584.960174
-185.210263,95,1585.099843
-223.550862,83,1585.223112
-15.409649,13,1585.241023
-257.483392,107,1585.485215
-437.784659,182,1585.752977
-2380.843887,1000,1587.263065
-2376.553332,1000,1588.799567
-40.879853,21,1588.832185
-26.927086,11,1588.851333
-369.636973,162,1589.092593
-45.220668,20,1589.122533
-22.300372,11,1589.138481
-47.270139,26,1589.176175
-119.987608,48,1589.265833
-2277.605891,1000,1590.836776
-190.809914,99,1590.986265
-20.559705,12,1591.004241
-210.990314,75,1591.117481
-96.029996,49,1591.192165
-143.649697,61,1591.282781
-46.647011,17,1591.309914
-119.821622,41,1591.37469
-43.995061,15,1591.398342
-94.96844,38,1591.45396
-2251.316045,1000,1592.994251
-18.76675,10,1593.009062
-23.006547,12,1593.029335
-206.234791,91,1593.178313
-51.054012,25,1593.215419
-21.446326,12,1593.233147
-22.924957,11,1593.25127
-75.142838,49,1593.321
-26.998993,11,1593.339809
-98.671384,48,1593.408909
-2255.698848,1000,1594.936318
-22.358253,13,1594.957375
-40.939038,20,1594.988132
-2130.602414,1000,1596.530139
-26.348268,12,1596.547244
-68.869326,46,1596.617534
-2168.464516,1000,1598.135828
-23.476849,11,1598.154656
-25.854276,11,1598.170404
-379.08125,166,1598.431174
-44.7731,30,1598.477119
-26.438408,12,1598.493732
-297.39647,128,1598.688183
-46.864897,20,1598.719251
-298.949478,110,1598.89869
-52.160123,31,1598.945843
-90.538294,58,1599.035821
-135.647061,52,1599.114302
-70.441999,26,1599.152345
-25.397713,13,1599.17275
-48.677489,27,1599.228035
-49.248392,19,1599.25915
-61.237368,27,1599.303635
-47.78606,17,1599.328869
-23.706264,12,1599.346389
-84.176681,27,1599.390004
-209.167373,90,1599.526407
-127.738522,47,1599.597473
-143.593074,53,1599.678862
-34.448423,14,1599.701082
-19.754015,12,1599.718114
-64.83558,27,1599.756582
-59.516981,22,1599.790819
-108.730155,73,1599.897824
-74.104607,37,1599.955087
-61.849214,22,1600.001191
-77.283066,35,1600.055814
-67.600757,28,1600.100024
-68.927501,38,1600.155505
-253.634944,130,1600.351996
-158.267336,63,1600.446889
-71.773317,22,1600.478377
-70.013317,30,1600.52297
-37.308689,19,1600.552298
-56.38094,23,1600.587319
-78.935979,42,1600.648198
-74.199804,30,1600.692046
-86.029811,34,1600.956555
-2330.170436,1000,1602.487508
-106.896908,50,1602.563933
-27.300472,11,1602.579672
-40.224503,23,1602.615101
-81.869752,34,1602.665705
-30.22787,13,1602.683825
-196.483919,77,1602.800834
-52.573302,24,1602.834355
-153.244319,56,1602.920183
-114.996075,50,1602.993577
-35.520939,11,1603.009473
-187.090711,88,1603.138587
-52.057121,21,1603.172561
-64.222313,29,1603.214553
-74.946642,22,1603.268729
-204.987807,64,1603.397372
-156.392982,46,1603.463761
-50.904562,22,1603.494111
-291.292425,134,1603.68997
-2376.940882,1000,1605.21276
-49.57135,23,1605.24951
-31.72221,17,1605.273496
-99.91619,49,1605.347338
-153.046947,55,1605.428181
-102.496344,34,1605.479978
-33.631186,11,1605.49597
-33.040736,14,1605.517294
-80.638256,33,1605.578481
-72.678844,23,1605.616034
-96.146861,71,1605.722346
-28.704783,11,1605.738393
-24.670065,12,1605.758128
-23.00308,16,1605.782125
-35.698276,13,1605.809819
-33.625706,12,1605.830128
-27.074349,9,1605.844328
-39.85931,21,1605.874915
-71.113106,25,1605.91285
-27.611894,12,1605.929118
-70.783437,30,1605.974288
-2439.635591,1000,1607.508342
-35.360284,11,1607.524327
-27.751017,10,1607.539185
-193.757104,80,1607.658708
-177.207968,84,1607.784045
-118.889833,59,1607.8861
-139.727517,59,1607.975779
-291.890436,131,1608.171438
-170.556003,66,1608.26956
-24.089314,9,1608.284109
-61.210852,25,1608.321169
-161.916355,60,1608.410569
-25.641389,9,1608.424322
-42.991989,18,1608.449371
-78.046542,48,1608.525689
-256.602313,89,1608.673172
-190.872007,68,1608.775462
-28.675506,11,1608.794713
-84.825126,23,1608.828829
-60.500246,19,1608.857165
-64.151773,27,1608.897258
-33.221065,19,1608.925866
-19.504396,10,1608.941825
-2335.236574,944,1610.392667
-34.244045,27,1610.432474
-34.173067,11,1610.451232
-89.298999,28,1610.491154
-65.934461,25,1610.529619
-41.535015,18,1610.556733
-39.765514,18,1610.582041
-23.475363,11,1610.600612
-25.125989,12,1610.617601
-46.21608,23,1610.653392
-80.943425,38,1610.709055
-98.915333,41,1610.769837
-24.85695,12,1610.789622
-48.879223,19,1610.818462
-44.800093,23,1610.85079
-27.880083,15,1610.873064
-25.755612,11,1610.88858
-63.705806,23,1610.937911
-29.218042,12,1610.956736
-2437.588778,1000,1612.484926
-64.424364,24,1612.522459
-34.273854,21,1612.553442
-162.418405,49,1612.627281
-100.58039,39,1612.6859
-40.762023,32,1612.731825
-130.210726,52,1612.811252
-252.165926,99,1612.959234
-30.216571,12,1612.97635
-58.980758,19,1613.005582
-41.477329,13,1613.023197
-57.12122,21,1613.057091
-269.64133,104,1613.208644
-74.546889,23,1613.259858
-33.495304,13,1613.281744
-27.248914,11,1613.297342
-39.431537,17,1613.322057
-187.091197,88,1613.452877
-33.429704,23,1613.486035
-23.182353,20,1613.51639
-160.408994,63,1613.610962
-183.632454,70,1613.723758
-27.702794,11,1613.740861
-620.890595,307,1614.232958
-33.481948,12,1614.25044
-68.554015,26,1614.289207
-94.577179,34,1614.344143
-82.151196,33,1614.396582
-69.283672,25,1614.435473
-177.932295,69,1614.536452
-446.848771,201,1614.857499
-190.058548,72,1614.963244
-21.953342,9,1614.979442
-42.356235,25,1615.01709
-394.032604,119,1615.197377
-42.542327,21,1615.228434
-35.948373,12,1615.245221
-40.868025,13,1615.266068
-32.967326,20,1615.296071
-403.655707,176,1615.575025
-33.258335,10,1615.591667
-48.954611,21,1615.623145
-221.411331,77,1615.740233
-98.665503,32,1615.787994
-134.926529,53,1615.8692
-32.649917,19,1615.895275
-2445.25871,1000,1617.861185
-1132.475529,493,1618.594392
-26.819629,10,1618.608955
-414.085426,185,1618.879417
-23.857518,11,1618.895257
-25.292207,10,1618.910353
-627.461466,268,1619.32222
-24.750434,12,1619.339096
-2517.900004,1000,1620.872801
-54.509057,33,1620.923035
-20.737724,16,1620.946597
-250.686566,113,1621.118427
-42.735323,17,1621.142677
-29.984297,11,1621.158524
-90.368798,32,1621.207532
-30.199318,11,1621.223454
-103.738627,43,1621.28476
-82.207933,45,1621.367822
-195.565649,81,1621.495635
-259.184172,136,1621.700851
-42.000843,26,1621.740073
-50.333572,27,1621.779918
-43.451249,17,1621.806948
-75.517477,39,1621.865494
-68.367948,39,1621.92085
-2601.844182,1000,1623.455102
-96.309187,37,1623.512867
-114.546002,55,1623.594125
-248.081476,98,1623.75426
-124.182906,51,1623.832814
-41.155212,19,1623.859644
-88.836624,45,1623.927304
-55.553686,20,1623.957724
-419.530946,177,1624.238446
-2670.60729,1000,1625.805881
-71.636008,27,1625.84616
-49.671836,18,1625.874341
-129.180062,56,1625.97252
-279.331695,107,1626.13482
-29.238322,12,1626.154835
-270.484059,113,1626.32379
-2555.668038,1000,1627.855591
-460.456964,175,1628.111764
-217.224532,89,1628.244382
-341.510092,130,1628.451939
-28.688736,12,1628.471369
-141.407317,53,1628.546731
-46.693565,20,1628.575862
-66.422283,27,1628.618073
-2078.031439,846,1629.940547
-275.93279,104,1630.101166
-38.10059,14,1630.120724
-34.3502,13,1630.142196
-231.371245,116,1630.316409
-62.056883,26,1630.357268
-298.402724,130,1630.559083
-225.291887,106,1630.73935
-28.451169,12,1630.756655
-100.081538,35,1630.809771
-297.95523,113,1630.981439
-2486.705582,1000,1632.954314
-63.142368,29,1632.995272
-78.613248,35,1633.047438
-83.822114,55,1633.129407
-188.131581,66,1633.230038
-27.013358,12,1633.247038
-254.435547,105,1633.419156
-210.29214,85,1633.546576
-38.383384,18,1633.574541
-26.83619,11,1633.590747
-382.222796,173,1633.844046
-114.551932,44,1633.91023
-227.373674,81,1634.029574
-25.639241,11,1634.048729
-200.220846,88,1634.194297
-232.728906,82,1634.318727
-33.572622,11,1634.334668
-2500.943363,1000,1635.868181
-22.150987,9,1635.882741
-75.300404,31,1635.929253
-54.745594,18,1635.954024
-2489.37884,1000,1637.486173
-85.600929,37,1637.542953
-172.335103,73,1637.64871
-106.945924,35,1637.701315
-213.449447,75,1637.811791
-31.989474,11,1637.830659
-450.816459,202,1638.145328
-32.921027,14,1638.16683
-21.028434,9,1638.181044
-302.440913,108,1638.340251
-29.199411,11,1638.356053
-152.249391,41,1638.418568
-81.512351,29,1638.458822
-65.517411,20,1638.488537
-27.924703,18,1638.517042
-18.718162,9,1638.531097
-34.28134,10,1638.546308
-180.855997,85,1638.684153
-21.991082,10,1638.699794
-21.622954,14,1638.72233
-284.875167,118,1638.89814
-866.916037,325,1639.382031
-39.207566,12,1639.401402
-25.098693,10,1639.416484
-414.706022,179,1639.704952
-29.882118,15,1639.729954
-19.928114,10,1639.74643
-67.513445,24,1639.786818
-15.494407,13,1639.809824
-82.628485,24,1639.852046
-98.159414,46,1639.923679
-87.26441,33,1639.973764
-22.626207,10,1639.989416
-20.072066,11,1640.00916
-2361.516889,1000,1641.577956
-165.512898,76,1641.690479
-22.928089,10,1641.706416
-114.041109,67,1641.819408
-374.266417,129,1642.012739
-89.154135,35,1642.06599
-122.859935,54,1642.148018
-552.682522,248,1642.516337
-65.768246,32,1642.580785
-100.721649,42,1642.644714
-2307.162723,1000,1644.175435
-293.881818,141,1644.383783
-41.160919,18,1644.411491
-524.501326,237,1644.762486
-1913.068478,853,1646.064942
-509.864481,199,1646.374693
-144.983551,71,1646.482667
-765.940296,306,1646.935841
-24.875676,10,1646.95054
-391.825495,197,1647.259544
-98.332868,74,1647.368255
-2348.644684,1000,1649.154485
-313.459628,127,1649.346838
-1365.347817,562,1650.213311
-26.880636,14,1650.236053
-78.254381,34,1650.293074
-484.886225,190,1650.600329
-126.015438,58,1650.688406
-64.516141,23,1650.725467
-134.460385,45,1650.794889
-21.583503,12,1650.812663
-279.588873,118,1650.991787
-2162.424467,915,1652.409259
-22.690895,11,1652.425444
-154.16026,59,1652.514735
-51.868783,22,1652.546798
-26.103696,11,1652.56592
-140.425248,56,1652.649567
-69.686058,25,1652.686807
-166.177062,52,1652.762991
-19.319416,10,1652.791604
-288.977003,101,1652.944902
-130.89488,48,1653.017349
-23.112841,11,1653.033176
-68.844756,33,1653.08425
-64.83721,43,1653.145782
-20.262602,12,1653.165545
-21.35566,20,1653.195915
-103.837368,46,1653.26457
-85.718877,45,1653.331895
-33.673137,12,1653.348627
-62.760229,21,1653.38233
-255.958214,107,1653.544873
-273.931591,100,1653.698366
-265.727555,86,1653.827411
-38.392933,14,1653.849202
-47.274063,30,1653.895681
-168.946051,71,1654.000919
-2347.39652,1000,1655.561732
-20.578491,10,1655.577633
-27.195619,10,1655.593318
-19.565975,16,1655.61788
-98.002897,29,1655.661821
-284.552787,123,1655.847883
-212.717949,96,1656.006713
-27.590591,10,1656.022564
-45.512973,18,1656.052215
-26.150397,10,1656.068412
-64.394849,34,1656.120358
-5.213118,22,1656.155737
-18.458881,10,1656.171334
-20.389283,9,1656.185626
-16.258768,9,1656.196848
-233.217802,91,1656.339508
-32.205392,11,1656.355909
-86.685844,41,1656.416607
-84.878959,31,1656.463474
-371.758967,154,1656.709453
-34.201679,12,1656.727057
-338.034738,158,1656.96463
-77.147078,42,1657.026561
-64.843263,20,1657.056949
-22.199493,12,1657.077596
-49.696453,17,1657.102068
-19.457607,10,1657.117117
-51.782013,41,1657.178497
-38.52407,13,1657.199681
-18.270632,9,1657.21447
-14.119973,10,1657.229774
-30.123826,10,1657.244963
-517.115749,226,1657.601881
-314.016524,108,1657.764048
-30.359504,12,1657.781094
-65.672549,26,1657.820315
-214.563858,87,1657.951901
-24.988178,12,1657.969351
-57.877773,19,1657.999519
-29.617472,16,1658.023316
-22.270305,11,1658.039319
-2560.49528,1000,1659.596846
-12.585824,9,1659.611526
-2413.78332,1000,1661.217216
-66.150373,33,1661.2685
-283.804496,141,1661.493595
-20.044278,9,1661.508323
-48.361182,26,1661.547211
-23.609319,9,1661.561367
-142.192548,49,1661.63301
-57.335004,20,1661.66412
-24.463518,11,1661.694603
-78.357267,26,1661.733036
-284.417481,131,1661.929723
-158.46066,68,1662.03317
-219.126159,79,1662.164512
-21.559215,11,1662.183747
-71.006509,40,1662.245079
-24.781059,10,1662.259923
-91.45978,31,1662.30691
-164.178179,65,1662.404916
-31.946122,10,1662.420247
-62.242668,27,1662.459411
-343.708414,145,1662.675214
-22.467999,15,1662.698564
-587.089126,237,1663.069596
-176.683327,64,1663.163558
-75.956763,36,1663.219373
-37.985723,18,1663.245425
-39.594375,13,1663.265716
-268.779524,146,1663.481234
-186.430321,79,1663.598797
-34.05549,12,1663.615669
-36.975623,23,1663.763317
-430.23526,167,1664.021263
-39.08667,12,1664.041598
-75.704502,46,1664.112029
-144.750916,64,1664.208816
-124.213964,39,1664.264467
-22.982036,10,1664.280013
-17.078611,11,1664.298283
-22.926363,10,1664.313144
-89.206234,30,1664.356863
-137.881132,39,1664.413511
-435.071206,169,1664.675455
-131.359547,49,1664.752217
-33.805602,13,1664.772415
-18.481084,12,1664.789393
-2468.213214,1000,1666.370669
-99.926528,34,1666.421863
-22.87068,12,1666.43917
-17.453147,11,1666.455262
-21.047362,9,1666.469713
-220.979625,102,1666.628638
-46.013041,24,1666.66251
-249.958283,115,1666.835724
-481.717651,166,1667.105039
-41.483082,27,1667.145431
-587.593058,245,1667.511164
-22.721428,10,1667.526479
-2421.263683,1000,1669.062135
-34.472713,12,1669.079387
-41.333961,12,1669.098869
-35.01758,15,1669.121
-36.971233,16,1669.144008
-64.975125,27,1669.199265
-24.034075,10,1669.216352
-190.106578,82,1669.34271
-524.314081,207,1669.65067
-223.394131,90,1669.786584
-29.029869,17,1669.813607
-618.988321,250,1670.204941
-40.115904,22,1670.236786
-21.487555,10,1670.252005
-1837.4763,639,1671.230418
-2978.719068,1000,1672.773041
-2968.038374,1000,1674.308258
-1017.455651,421,1674.940226
-79.590501,32,1674.98702
-100.160486,31,1675.03519
-325.86042,105,1675.189699
-109.114521,44,1675.252552
-2608.502062,1000,1676.751551
-141.691282,55,1676.848839
-37.553066,16,1676.875886
-2047.25999,761,1678.012924
-2535.294444,1000,1680.410499
-51.629857,26,1680.442494
-2607.120782,1000,1681.850032
-36.055612,12,1681.866922
-1934.711711,760,1682.99171
-419.427659,167,1683.241783
-56.87828,27,1683.282025
-141.134864,65,1683.376579
-669.727962,249,1683.758778
-1704.878711,650,1684.764615
-733.634165,267,1685.172318
-265.996982,89,1685.30918
-133.652842,57,1685.395989
-3002.188383,1000,1686.958997
-1338.645391,576,1687.824198
-2843.852108,1000,1689.361106
-2835.537073,971,1690.86935
-41.402641,18,1690.897588
-2159.413126,1000,1692.583393
-799.558143,336,1693.074702
-225.186796,92,1693.207638
-1469.545889,630,1694.136552
-1625.52031,662,1695.113892
-2336.374081,951,1698.07467
-319.814907,132,1698.268021
-32.062314,10,1698.281556
-1082.28717,471,1698.954216
-226.035046,91,1699.087423
-30.383322,14,1699.105574
-592.554653,225,1699.429755
-789.607684,316,1699.897469
-79.303538,30,1699.942574
-29.574686,12,1699.958964
-2606.715939,1000,1701.521592
-2406.284712,1000,1703.066187
-2294.752515,1000,1704.588659
-1695.735737,739,1705.708428
-2443.725725,1000,1707.240419
-245.428351,92,1707.392086
-43.368733,19,1707.421486
-523.952461,209,1707.73979
-1857.046808,741,1708.873817
-1702.08299,691,1709.914946
-608.535785,231,1710.278623
-1209.681119,466,1711.00583
-2385.229184,1000,1715.333194
-2480.809001,1000,1716.434297
-136.250889,62,1716.513215
-2480.272657,1000,1717.93739
-2533.248574,1000,1719.541563
-1002.823099,375,1720.132723
-695.84905,244,1720.521098
-59.45162,20,1720.552267
-203.011151,57,1720.638128
-198.146189,95,1720.78231
-781.795354,296,1721.241208
-529.900397,156,1721.475788
-63.462014,17,1721.500832
-198.420348,68,1721.604491
-151.948813,44,1721.66915
-71.890576,28,1721.713278
-142.624209,50,1721.785878
-45.190384,13,1721.806767
-351.922402,103,1721.973072
-2621.71212,1000,1723.537985
-2745.044192,1000,1725.132991
-89.509503,32,1725.184466
-164.927883,59,1725.272279
-106.995413,40,1725.333552
-139.860211,44,1725.400176
-92.153805,29,1725.444829
-199.307612,83,1725.570961
-259.026505,85,1725.698614
-215.756208,60,1725.788498
-103.290407,35,1725.841805
-375.144116,140,1726.06517
-543.223912,205,1726.372063
-155.312111,78,1726.48678
-365.866225,121,1726.684157
-110.502527,41,1726.748218
-165.131795,57,1726.836192
-210.247786,79,1726.953939
-120.54512,48,1727.024507
-360.879124,143,1727.240372
-582.196288,174,1727.517671
-79.535238,38,1727.572548
-89.46257,37,1727.630002
-85.802811,28,1727.670517
-264.923324,88,1727.80266
-226.520146,84,1727.930292
-121.280599,42,1727.99104
-86.210568,25,1728.028323
-256.383798,101,1728.192052
-250.998555,79,1728.311725
-73.735043,31,1728.358162
-80.050912,26,1728.399596
-263.510718,102,1728.551876
-99.275349,34,1728.603665
-209.138308,79,1728.719956
-124.100007,48,1728.788846
-69.888742,33,1728.839835
-79.061938,23,1728.873843
-27.18737,14,1728.895403
-420.127459,139,1729.119815
-131.519888,39,1729.180046
-46.998379,17,1729.205037
-431.632671,147,1729.424135
-39.546436,13,1729.441482
-124.404129,40,1729.500679
-226.43283,79,1729.617387
-76.053147,23,1729.652237
-86.737814,31,1729.957715
-54.141765,19,1729.991967
-409.313398,129,1730.17756
-322.112901,107,1730.335781
-38.082741,18,1730.361115
-39.866882,19,1730.389077
-60.338385,25,1730.426913
-436.240362,173,1730.697905
-236.771771,66,1730.797251
-65.749372,22,1730.829313
-121.962983,43,1730.895061
-274.373437,81,1731.014724
-147.600247,49,1731.087029
-151.297656,42,1731.147583
-55.961014,20,1731.177885
-110.373182,31,1731.227508
-425.256907,138,1731.427956
-59.383993,20,1731.473374
-91.816974,39,1731.531709
-97.623885,31,1731.578681
-53.840741,21,1731.608935
-48.528714,14,1731.630553
-88.156828,33,1731.680794
-2517.380555,1000,1733.196715
-198.851764,76,1733.307707
-321.664165,85,1733.432627
-45.441003,18,1733.460591
-153.663557,45,1733.526658
-70.871407,32,1733.573602
-65.331444,20,1733.603043
-2473.672408,1000,1735.134892
-2464.38986,1000,1736.653107
-127.160731,45,1736.720107
-65.391045,16,1736.743417
-77.615622,20,1736.788515
-42.397896,17,1736.816097
-2545.356454,1000,1738.327639
-71.33057,26,1738.366197
-561.969338,199,1738.658538
-60.30681,22,1738.68948
-966.657956,357,1739.230433
-134.774402,41,1739.292452
-715.240417,273,1739.693719
-284.155606,115,1739.870323
-70.549118,29,1739.914183
-1597.821383,613,1740.843779
-820.421624,289,1741.27957
-2828.894286,1000,1742.783652
-38.081907,17,1742.826846
-639.886906,223,1743.149575
-2873.686172,1000,1744.642566
-2951.350611,1000,1747.271906
-2822.087509,1000,1748.680573
-186.265968,64,1748.773784
-2785.426316,1000,1750.25973
-648.187327,248,1750.644236
-538.287991,160,1750.88151
-217.341408,60,1750.970728
-2821.412265,1000,1752.502745
-137.217499,43,1752.564872
-74.383495,28,1752.607402
-38.221522,13,1752.627623
-32.507212,9,1752.63838
-298.754583,105,1752.79168
-167.013896,55,1752.888176
-116.620867,35,1752.941271
-82.225421,45,1753.009877
-187.577549,51,1753.08767
-97.800068,39,1753.142552
-101.574283,55,1753.224762
-2085.924513,746,1754.35135
-38.823214,16,1754.386255
-73.89934,20,1754.417617
-373.419728,133,1754.611936
-117.307773,36,1754.666603
-2769.907194,1000,1756.204164
-44.730295,21,1756.235723
-29.227977,12,1756.253199
-47.731411,22,1756.287415
-53.816567,22,1756.319826
-36.74772,13,1756.33992
-192.978487,58,1756.423067
-252.616564,77,1756.536843
-102.849204,35,1756.587519
-30.860193,12,1756.603985
-343.141813,98,1756.763928
-308.358497,92,1756.901458
-102.757251,29,1756.944968
-318.944,82,1757.066644
-119.214263,46,1757.135197
-74.623357,27,1757.176769
-157.613254,58,1757.2603
-39.192663,13,1757.281059
-51.122047,14,1757.302628
-40.573622,14,1757.323928
-147.401481,48,1757.393244
-145.928855,67,1757.510512
-37.658144,13,1757.527691
-110.337305,31,1757.573011
-61.880404,32,1757.622009
-144.723868,41,1757.68252
-104.639144,29,1757.725796
-98.43979,32,1757.771708
-63.65613,21,1757.801877
-2731.648692,1000,1759.321779
-46.39691,20,1759.352216
-161.631113,50,1759.425572
-326.609279,105,1759.57963
-90.638723,25,1759.615734
-54.897827,22,1759.650026
-33.137866,12,1759.666688
-93.569508,32,1759.731534
-36.981056,13,1759.750201
-41.732758,14,1759.772481
-159.45743,58,1759.867369
-326.145659,128,1760.056479
-44.028832,13,1760.077466
-132.485729,54,1760.157579
-2842.510629,1000,1763.035519
-160.46631,57,1763.097769
-129.568177,47,1763.149513
-21.940229,11,1763.164009
-22.47469,12,1763.176495
-38.260423,12,1763.189547
-45.838625,14,1763.206292
-70.802564,19,1763.229344
-212.487184,61,1763.317296
-199.680678,69,1763.402367
-69.004584,20,1763.427504
-214.670041,65,1763.508518
-78.917783,22,1763.535385
-30.071963,12,1763.551593
-240.643988,86,1763.659958
-61.251605,20,1763.686073
-76.162889,26,1763.719146
-134.475085,38,1763.769804
-271.363739,93,1763.892877
-285.698423,80,1764.005049
-146.586522,51,1764.077243
-82.877731,23,1764.107096
-137.142975,55,1764.183599
-81.255392,26,1764.219059
-50.264509,20,1764.247218
-275.720681,88,1764.369691
-432.002853,137,1764.557458
-37.514438,13,1764.577088
-30.475152,12,1764.592779
-604.72163,186,1764.875992
-165.619081,56,1764.955605
-190.478797,69,1765.064407
-437.213812,132,1765.267012
-154.900833,48,1765.350471
-54.279891,14,1765.369478
-276.426618,97,1765.52947
-117.78117,56,1765.613475
-181.375008,57,1765.696971
-136.560051,50,1765.772254
-586.994655,186,1766.050735
-37.684831,14,1766.069004
-28.288658,12,1766.088846
-267.366754,63,1766.189191
-27.339896,13,1766.209851
-30.024678,12,1766.226517
-127.013839,28,1766.270205
-55.423644,21,1766.300289
-209.02719,90,1766.433394
-84.050472,35,1766.485286
-214.712808,84,1766.609504
-133.887679,72,1766.715863
-33.279227,15,1766.737851
-466.240804,163,1766.996609
-129.980298,38,1767.054945
-312.33482,117,1767.235889
-178.453869,61,1767.325926
-37.694124,13,1767.346572
-343.778844,128,1767.533397
-39.284545,20,1767.563452
-232.288281,92,1767.715993
-33.547134,12,1767.732841
-163.991822,53,1767.813715
-170.387929,61,1767.904431
-128.592258,32,1767.950801
-190.611939,73,1768.060863
-61.206928,29,1768.104941
-78.261722,35,1768.156076
-35.82906,12,1768.172661
-2866.655229,1000,1769.699576
-23.137205,11,1769.715427
-37.610738,13,1769.735666
-105.143484,35,1769.78749
-129.905405,45,1769.853671
-84.088694,27,1769.891608
-133.029292,47,1769.979702
-68.487227,32,1770.026471
-33.410379,14,1770.048219
-170.684238,55,1770.129494
-690.573144,255,1770.508551
-80.414957,27,1770.547411
-116.145466,44,1770.613094
-33.672401,13,1770.633268
-116.210004,46,1770.714813
-146.96084,51,1770.792882
-97.638716,35,1770.845554
-214.395485,86,1770.97386
-92.932412,30,1771.017874
-40.252824,13,1771.038214
-35.239228,13,1771.059325
-80.944892,37,1771.113096
-84.904923,39,1771.171945
-46.617564,26,1771.210459
-168.266232,68,1771.312974
-2655.910171,1000,1772.853098
-195.304855,74,1772.961708
-113.252341,38,1773.03364
-55.564066,23,1773.069763
-248.163371,84,1773.193108
-33.467696,13,1773.21405
-74.220812,24,1773.250395
-142.56778,48,1773.320047
-270.03572,87,1773.451428
-426.209743,130,1773.643054
-31.436327,18,1773.668736
-106.144591,43,1773.733909
-1085.095423,403,1774.347801
-169.072726,64,1774.439839
-145.212889,46,1774.511804
-1064.656227,369,1775.068442
-45.053128,17,1775.095414
-84.617311,27,1775.13483
-143.898527,37,1775.191268
-258.275599,84,1775.328829
-115.335514,29,1775.372749
-192.644958,60,1775.46116
-507.103558,207,1775.771724
-51.790922,17,1775.796245
-2784.370047,1000,1777.316272
-832.001931,309,1778.749933
-192.19146,62,1778.829394
-73.004746,27,1778.866586
-1193.40718,425,1779.430935
-62.000752,20,1779.459243
-310.588498,87,1779.577244
-368.139578,126,1779.750229
-677.571317,246,1780.106672
-665.417433,275,1780.496455
-240.87157,61,1780.586096
-126.402293,49,1780.669099
-30.073259,12,1780.693094
-230.422127,81,1780.823104
-213.754614,93,1780.967867
-2774.454743,1000,1782.484241
-254.698277,92,1782.618997
-857.845748,292,1783.063562
-1251.593485,438,1783.719936
-696.573887,266,1784.114821
-2543.415136,1000,1785.617541
-380.590485,122,1785.796685
-26.542462,8,1785.806979
-359.158669,158,1786.054928
-1282.629312,541,1786.865557
-108.98816,47,1786.935766
-156.471724,53,1787.019176
-59.592008,22,1787.051321
-253.898644,78,1787.168495
-399.708416,148,1787.390152
-95.463263,35,1787.456293
-414.214971,175,1787.717762
-573.041827,222,1788.044392
-766.796175,309,1788.518816
-154.756263,56,1788.60225
-46.584717,18,1788.630078
-299.577364,112,1788.79473
-264.484116,114,1788.980013
-2517.884327,1000,1790.507231
-2518.022647,1000,1792.029668
-605.890282,234,1792.376567
-763.663465,301,1792.832132
-394.824194,156,1793.063361
-527.346706,159,1793.298136
-177.714449,63,1793.390072
-73.033647,30,1793.434079
-690.366141,257,1794.287541
-183.328838,66,1794.380801
-83.057183,30,1794.424983
-818.088622,278,1794.838378
-193.907183,62,1794.925672
-193.274574,82,1795.049657
-218.224893,80,1795.17704
-67.211202,20,1795.210494
-518.741039,196,1795.521595
-348.55094,143,1795.733232
-61.864562,22,1795.76837
-226.397909,74,1795.875924
-270.30428,122,1796.061257
-68.061964,23,1796.093673
-563.225261,238,1796.468212
-36.669724,13,1796.488957
-86.251685,38,1796.544194
-78.363603,25,1796.581875
-249.378587,94,1796.722245
-78.071499,42,1796.78335
-199.146714,60,1796.872889
-51.663525,27,1796.915294
-327.681173,133,1797.126463
-229.730141,105,1797.282101
-119.544622,40,1797.340712
-31.685501,14,1797.361655
-98.368234,40,1797.420858
-96.220896,31,1797.467078
-481.672912,161,1797.70536
-290.136082,135,1797.918644
-279.037195,105,1798.074313
-2464.971267,1000,1799.5981
-66.109767,26,1799.636801
-237.77516,83,1799.756735
-232.483089,73,1799.865218
-188.692715,82,1799.984751
-168.473047,60,1800.100791
-79.150759,29,1800.148082
-221.962113,94,1800.295934
-60.506224,22,1800.32874
-155.836844,47,1800.403105
-33.28443,22,1800.43579
-277.961511,118,1800.616379
-179.47988,82,1800.737952
-151.851309,49,1800.825593
-200.608656,74,1800.939752
-41.960878,25,1800.97693
-70.851561,29,1801.021312
-278.964866,112,1801.194426
-2421.778681,1000,1802.741789
-464.729852,177,1803.003607
-98.467465,36,1803.059261
-61.500397,23,1803.091762
-200.993069,87,1803.237678
-106.805829,41,1803.297795
-227.762742,91,1803.43119
-224.690881,80,1803.549857
-64.437555,33,1803.599064
-73.188019,24,1803.632844
-1366.360194,535,1804.437816
-845.967829,322,1804.921244
-65.955668,29,1804.965234
-123.53043,39,1805.02064
-369.48491,112,1805.1879
-123.253382,53,1805.265162
-474.225808,195,1805.570285
-81.186078,33,1805.621008
-185.517597,70,1805.724046
-53.479437,19,1805.75282
-62.452112,22,1805.784059
-143.555563,51,1805.858748
-482.62256,207,1806.18456
-138.078167,55,1806.267995
-306.358345,150,1806.490596
-124.280369,39,1806.54925
-52.829437,17,1806.573663
-284.096934,96,1806.715196
-2402.469429,1000,1808.239513
-50.7258,19,1808.268438
-40.042654,13,1808.288652
-722.530908,316,1808.767142
-84.38501,32,1808.812849
-63.413034,24,1808.848991
-87.395039,25,1808.885861
-72.761519,26,1808.924324
-211.284751,52,1809.003379
-171.886574,47,1809.071898
-84.118643,23,1809.107411
-2525.790068,1000,1810.870449
-107.100998,41,1810.945479
-317.247868,128,1811.138815
-241.557621,81,1811.260555
-354.474651,135,1811.459679
-96.869762,36,1811.511815
-234.463939,97,1811.654577
-535.249219,208,1811.97921
-525.805308,227,1812.321271
-124.640161,46,1812.388891
-81.616176,37,1812.446084
-240.493198,81,1812.582803
-170.764734,52,1812.659219
-168.074253,59,1812.747353
-100.971275,43,1812.812571
-188.73026,57,1812.896305
-280.807076,78,1813.014427
-128.214799,38,1813.069415
-124.327845,38,1813.127707
-253.186541,97,1813.288093
-358.727572,112,1813.458807
-96.735455,47,1813.526891
-91.730412,31,1813.572005
-59.810942,22,1813.607084
-48.098948,16,1813.63041
-54.091923,14,1813.651409
-70.408581,24,1813.687487
-88.813626,39,1813.742842
-104.519983,37,1813.799583
-61.943008,19,1813.828624
-106.4703,51,1813.902979
-787.056121,358,1814.449313
-66.590975,25,1814.487443
-57.660435,21,1814.52103
-872.684277,316,1815.00289
-185.1535,58,1815.087458
-145.06726,66,1815.188236
-152.156223,54,1815.265808
-75.366339,22,1815.300646
-216.855275,100,1815.448579
-34.623902,13,1815.466923
-150.12499,59,1815.572014
-63.046919,22,1815.606996
-171.493017,57,1815.691037
-74.341289,42,1815.753651
-143.260315,47,1815.824776
-130.957054,44,1815.890554
-71.282505,25,1815.927562
-113.375274,39,1815.983121
-130.883834,43,1816.049676
-211.561386,81,1816.168861
-155.898572,62,1816.277287
-105.609288,33,1816.326931
-79.788602,33,1816.377947
-96.688213,33,1816.425801
-68.143634,25,1816.46317
-37.607759,15,1816.485776
-161.218443,64,1816.582345
-72.404424,26,1816.620756
-195.453041,81,1816.742403
-145.572391,47,1816.812456
-39.293117,18,1816.839959
-102.753552,39,1816.895386
-81.418308,28,1816.937582
-84.171074,26,1816.976081
-157.060689,50,1817.071043
-136.187178,56,1817.154604
-103.569979,27,1817.196951
-79.171867,24,1817.23351
-244.4516,84,1817.355788
-185.061805,52,1817.43503
-158.366842,87,1817.562234
-91.708273,33,1817.612032
-173.62997,57,1817.695861
-133.38677,40,1817.754776
-86.475648,33,1817.819932
-74.147208,28,1817.860115
-50.904152,20,1817.890408
-98.510274,34,1817.941156
-57.641676,19,1817.97092
-43.327664,16,1817.994031
-190.719281,57,1818.080772
-47.223644,15,1818.102239
-2478.65414,1000,1819.623155
-337.571239,145,1819.83768
-197.287583,86,1819.962675
-137.140584,40,1820.022126
-73.028053,21,1820.053367
-54.31043,17,1820.127073
-72.01163,30,1820.172071
-87.965809,24,1820.208757
-240.403879,79,1820.32854
-130.170091,33,1820.379764
-439.529057,171,1820.636053
-125.470273,58,1820.721262
-39.547198,26,1820.762342
-49.135089,11,1820.777794
-144.09586,75,1820.90373
-2435.239732,1000,1822.445987
-39.34666,14,1822.467856
-250.172149,80,1822.587891
-224.523617,82,1822.70814
-153.671605,68,1822.810822
-34.309322,16,1822.834485
-32.055696,15,1822.856713
-243.505998,105,1823.012108
-2375.048374,1000,1824.531538
-62.02947,23,1824.56467
-100.165168,34,1824.61524
-846.632442,302,1826.737416
-1369.096869,587,1827.47341
-2616.056109,1000,1828.894958
-117.316916,52,1828.96857
-2397.789505,1000,1830.45556
-31.164351,14,1830.477591
-950.619356,398,1831.085686
-59.39532,25,1831.122985
-412.645399,156,1831.35108
-445.871226,181,1831.635317
-2466.763262,1000,1833.162549
-2468.454783,1000,1834.692503
-742.693663,301,1835.146794
-173.275258,66,1835.264414
-1075.765745,420,1835.887306
-209.391912,55,1835.983238
-2330.617007,1000,1837.501012
-2546.008236,1000,1839.03449
-73.474638,29,1839.076603
-500.693433,198,1839.38107
-2568.546488,1000,1840.959618
-430.380108,153,1841.198664
-38.113897,13,1841.217451
-2280.843987,1000,1843.300642
-2261.916731,1000,1844.774394
-2374.248671,1000,1846.299851
-2316.115159,1000,1847.823364
-2532.728917,1000,1849.362325
-541.706116,216,1849.699483
-362.377264,141,1849.911979
-362.453858,135,1850.20452
-228.46418,91,1850.340235
-142.811529,60,1850.442997
-59.80722,21,1850.474277
-119.705903,44,1850.54127
-486.372,197,1850.832402
-118.94534,45,1850.898685
-233.475147,100,1851.046732
-29.947677,16,1851.070443
-1509.971786,664,1852.082129
-152.814795,44,1852.147922
-68.155465,27,1852.18704
-407.198784,143,1852.399567
-614.897974,233,1852.759864
-2551.689301,904,1854.132697
-135.814611,43,1854.214562
-280.124326,93,1854.359693
-188.413056,63,1854.453781
-1885.092541,781,1855.62961
-281.521413,104,1855.801413
-69.995655,26,1855.84057
-733.640277,262,1856.233806
-45.017612,15,1856.256101
-604.409898,225,1856.620853
-105.951029,39,1856.683303
-59.840373,20,1856.721325
-232.506645,95,1856.861201
-393.600935,167,1857.105062
-297.395615,114,1857.902209
-39.827644,16,1857.923523
-1066.433948,430,1858.501426
-2381.726661,1000,1860.02127
-2450.386724,1000,1861.545093
-2176.679644,1000,1863.076736
-2211.399203,1000,1864.610241
-2310.631749,1000,1866.131395
-2524.161252,1000,1867.612156
-569.339224,238,1867.977441
-416.056418,149,1868.191813
-54.956307,21,1868.224441
-2578.471659,1000,1869.742246
-114.410453,45,1869.809962
-2370.391799,1000,1871.338602
-144.70939,45,1871.407024
-705.311963,294,1871.859618
-181.800834,54,1871.941043
-209.212228,83,1872.065505
-1089.300092,495,1872.810583
-62.630382,22,1872.841765
-73.826763,27,1872.884038
-546.863756,205,1874.008915
-307.761284,140,1874.192561
-254.968728,92,1874.315326
-111.25985,43,1874.380671
-130.536682,42,1874.436345
-119.320121,37,1874.499002
-142.997463,58,1874.581352
-128.199072,51,1874.652231
-55.749468,25,1874.687516
-464.147946,151,1874.897506
-117.713902,37,1874.950716
-376.608815,168,1875.201429
-40.363081,23,1875.237451
-141.738731,56,1875.317644
-535.967955,230,1875.652698
-152.588379,63,1875.746245
-84.367551,39,1875.802892
-340.387517,108,1875.971338
-171.612062,69,1876.078595
-141.637175,46,1876.146523
-126.263824,55,1876.226272
-130.972257,47,1876.298301
-34.942393,14,1876.317194
-110.382673,46,1876.38671
-322.31437,135,1876.586597
-1471.84184,640,1877.565833
-565.140416,245,1877.930032
-324.810013,126,1878.118145
-61.918264,34,1878.168736
-126.381664,39,1878.240092
-716.038137,300,1878.684062
-100.440463,32,1878.733002
-1094.236636,472,1879.453899
-66.618925,20,1879.48409
-307.313599,133,1879.682309
-2383.184649,1000,1881.265054
-78.488963,32,1881.325864
-63.76394,23,1881.362572
-204.365722,65,1881.460817
-63.807026,27,1881.501087
-62.644504,37,1881.558394
-471.39213,192,1881.846686
-591.638638,222,1882.2031
-101.94613,27,1882.245415
-361.106354,148,1882.465841
-527.839377,200,1882.763324
-53.567773,22,1882.797031
-71.753914,40,1882.872462
-97.229866,37,1882.927978
-99.970154,42,1882.992781
-298.727569,102,1883.144721
-105.276266,44,1883.211847
-189.073154,91,1883.348607
-360.812706,145,1883.568471
-89.196436,28,1883.626412
-194.059247,83,1883.786202
-71.71151,29,1883.832717
-68.853625,27,1883.874639
-42.967567,19,1883.904473
-533.970545,217,1884.236202
-87.774747,30,1884.280851
-98.316306,34,1884.330527
-252.195072,98,1884.494146
-440.694813,201,1884.795373
-31.638734,11,1884.811762
-165.906568,60,1884.900738
-64.046875,32,1884.949835
-64.604362,25,1884.98698
-318.30237,138,1885.209922
-177.807233,64,1885.310633
-61.688965,24,1885.347628
-286.391621,113,1885.517044
-168.954419,67,1885.616493
-136.64632,43,1885.683472
-392.13553,132,1885.878368
-504.620684,185,1886.170055
-159.731876,57,1886.253512
-301.253314,86,1886.385441
-52.866258,16,1886.408477
-2636.854601,1000,1887.929788
-404.728324,134,1888.131393
-138.448173,48,1888.20196
-216.294144,73,1888.326316
-2723.485132,1000,1890.157556
-243.466089,83,1890.274086
-106.928137,53,1890.352374
-305.285433,84,1890.475715
-942.868011,394,1891.125299
-41.306305,19,1891.171359
-2749.483988,1000,1892.709448
-2821.951138,1000,1894.206156
-67.578478,20,1894.236685
-1184.585135,437,1894.894126
-947.528833,372,1895.458812
-33.788683,15,1895.482068
-287.868732,107,1895.645205
-89.513506,28,1895.685474
-559.629312,201,1895.981447
-41.132968,21,1896.014545
-188.14272,67,1896.114383
-133.770414,50,1896.189593
-264.131702,105,1896.352624
-341.817982,110,1896.517015
-346.770654,103,1896.669953
-315.209199,124,1896.849523
-76.488013,26,1896.89028
-164.302978,39,1896.960004
-976.216622,367,1897.506918
-53.768238,24,1897.543603
-649.747551,219,1897.881424
-163.676737,60,1897.971781
-891.01549,300,1898.416195
-1567.893666,587,1899.330825
-1669.38016,607,1900.447057
-2663.879675,1000,1901.915542
-84.432156,27,1901.957951
-348.049719,116,1902.126878
-2629.198305,1000,1903.638669
-81.314692,27,1903.677483
-99.084389,40,1903.737861
-2563.162782,1000,1905.764283
-847.854699,295,1906.181185
-140.183528,48,1906.249832
-2572.374395,1000,1907.720425
-152.530029,57,1907.804158
-74.309145,32,1907.852044
-80.007021,27,1907.889399
-402.164416,169,1908.15143
-64.820136,23,1908.185245
-340.494093,123,1908.370819
-341.345509,127,1908.558854
-355.873839,132,1908.755589
-163.843693,49,1908.829148
-158.680487,58,1908.927799
-212.329227,87,1909.059933
-192.854263,61,1909.149387
-266.273651,113,1909.317063
-207.944925,99,1909.464226
-143.005125,47,1909.535355
-258.875705,90,1909.683681
-128.820045,33,1909.732679
-184.06716,77,1909.848959
-193.638574,60,1909.937929
-29.217042,10,1909.952862
-296.162353,108,1910.112138
-358.832876,129,1910.304038
-431.064815,153,1910.550191
-141.34013,49,1910.621616
-174.024389,75,1910.733692
-68.182561,35,1910.785543
-534.816162,226,1911.124606
-2565.28912,1000,1912.661453
-59.883016,19,1912.687185
-167.805366,46,1912.769695
-116.774767,43,1912.83254
-80.231066,28,1912.87538
-263.10798,101,1913.02534
-45.777115,11,1913.041414
-35.162125,12,1913.062351
-130.317292,62,1913.153072
-290.354039,117,1913.325975
-150.680932,53,1913.40617
-170.076083,59,1913.508887
-2567.55191,1000,1915.048315
-168.847731,65,1915.291332
-121.462507,42,1915.364732
-266.649817,86,1915.487306
-283.161792,82,1915.604783
-43.119547,24,1915.640194
-283.831131,112,1915.795307
-793.462539,288,1916.222685
-232.051604,110,1916.384238
-91.789209,30,1916.427306
-93.001107,34,1916.474874
-298.837851,89,1916.605071
-419.078726,162,1916.848802
-241.47432,72,1916.952182
-139.524669,61,1917.042124
-141.126725,42,1917.105545
-167.251227,46,1917.172642
-154.959707,51,1917.247333
-144.839187,52,1917.3217
-81.282968,32,1917.383327
-87.197372,30,1917.430778
-277.408032,90,1917.566579
-107.538718,36,1917.619152
-308.091122,104,1917.775643
-480.056516,198,1918.066463
-208.989953,77,1918.200738
-105.995065,35,1918.252557
-186.457887,58,1918.33685
-95.252985,31,1918.386009
-79.073113,20,1918.416043
-65.743382,26,1918.454664
-89.630703,25,1918.492754
-94.628478,25,1918.530638
-60.904847,20,1918.559973
-38.143183,13,1918.577646
-97.712891,32,1918.627108
-102.539656,29,1918.671335
-84.532904,28,1918.711663
-85.496324,23,1918.748049
-137.745872,37,1918.800594
-204.111845,78,1918.93296
-55.37116,14,1918.954946
-527.262894,198,1919.248555
-172.08924,58,1919.33754
-151.236966,50,1919.4128
-60.706694,22,1919.444556
-67.26231,23,1919.480456
-248.730455,86,1919.607342
-45.596224,13,1919.628143
-50.545006,16,1919.65183
-36.515452,12,1919.683346
-189.728478,59,1919.774113
-87.8212,28,1919.818005
-53.471888,16,1919.841441
-39.860313,11,1919.857681
-77.671584,26,1919.896442
-122.155567,40,1919.95663
-38.595548,14,1919.977878
-177.746024,52,1920.053756
-227.695964,68,1920.154729
-307.25114,125,1920.342246
-85.088634,25,1920.380015
-238.551233,73,1920.684016
-78.498155,29,1920.72642
-136.250114,69,1920.830036
-82.934095,27,1920.872891
-69.163259,24,1920.906952
-49.540196,18,1920.935917
-47.757985,15,1920.959023
-187.390179,61,1921.053589
-129.61495,39,1921.112617
-107.224736,38,1921.170819
-224.558593,51,1921.246309
-193.216184,67,1921.34423
-80.507487,30,1921.403743
-2256.46687,790,1922.627235
-56.46027,17,1922.654698
-132.957069,39,1922.710788
-162.471403,63,1922.806014
-172.535431,70,1922.909238
-64.139609,20,1922.954502
-363.739989,163,1923.201671
-383.396527,158,1923.436072
-345.095507,148,1923.658333
-126.107374,55,1923.757045
-68.724451,25,1923.795084
-121.62329,75,1923.907134
-351.634854,152,1924.13076
-130.039602,35,1924.183283
-58.52811,19,1924.212811
-57.546529,14,1924.234016
-58.266949,23,1924.267443
-185.248366,62,1924.360779
-97.453518,43,1924.423
-50.579356,15,1924.445509
-234.494386,80,1924.586658
-100.033743,26,1924.631949
-61.582156,19,1924.660811
-215.358323,56,1924.750219
-60.912504,27,1924.791845
-242.09561,69,1924.898248
-33.128746,12,1924.915671
-110.401354,35,1924.969009
-52.533125,18,1924.997369
-99.996006,28,1925.037562
-157.998415,53,1925.117173
-58.278409,22,1925.149278
-62.928249,21,1925.183464
-163.129634,68,1925.299403
-92.825979,38,1925.357836
-285.74466,112,1925.525651
-91.699955,32,1925.57718
-52.526246,15,1925.600343
-188.055602,59,1925.686227
-100.369528,50,1925.760958
-292.594709,120,1925.939089
-82.296849,31,1925.98707
-227.230301,78,1926.122222
-92.37945,27,1926.174215
-129.294608,60,1926.264758
-169.372365,73,1926.376062
-169.020772,45,1926.444049
-305.827013,142,1926.658058
-75.761659,26,1926.697398
-99.117528,33,1926.745313
-107.808449,31,1926.80809
-155.319742,49,1926.882296
-479.527424,178,1927.156606
-157.513138,85,1927.283666
-31.699991,8,1927.296871
-111.152299,32,1927.342696
-363.269268,145,1927.572009
-78.407692,30,1927.619081
-77.93507,24,1927.655974
-64.908857,22,1927.687466
-104.064869,44,1927.753209
-83.496364,36,1927.806815
-187.075422,91,1927.941315
-61.607188,15,1927.963667
-105.381473,40,1928.023199
-182.605886,51,1928.10048
-2592.339858,1000,1929.645145
-100.688742,67,1929.744137
-155.764273,48,1929.816802
-253.649898,99,1929.979012
-55.542324,19,1930.007633
-277.72873,80,1930.135513
-110.810917,44,1930.202943
-93.704059,33,1930.255411
-171.979667,80,1930.375613
-215.019456,91,1930.510224
-143.138585,42,1930.572352
-272.500323,114,1930.757802
-141.46156,55,1930.841122
-48.175341,15,1930.864287
-210.443153,52,1930.941497
-58.663009,21,1930.974797
-95.116697,37,1931.029859
-139.732312,47,1931.098583
-152.594405,60,1931.186839
-68.941152,23,1931.222605
-149.640884,54,1931.302956
-211.948099,63,1931.393491
-70.4103,29,1931.455665
-44.13154,11,1931.471813
-108.903429,31,1931.521079
-46.313779,12,1931.53764
-487.37677,170,1931.791123
-59.54695,21,1931.822143
-46.47805,18,1931.850948
-348.833684,118,1932.024815
-146.099904,47,1932.107394
-108.419749,45,1932.183477
-64.133599,27,1932.230276
-148.745585,57,1932.319299
-141.897875,54,1932.400398
-39.713119,16,1932.427353
-41.242422,23,1932.462195
-255.405076,77,1932.583668
-113.275116,55,1932.666576
-221.619649,92,1932.837821
-130.185669,47,1932.908275
-131.482749,38,1932.968901
-98.50482,28,1933.019586
-80.49976,25,1933.060263
-122.699009,45,1933.132536
-160.959658,34,1933.182249
-62.545105,19,1933.21231
-33.505634,9,1933.227002
-127.782181,44,1933.295123
-217.938822,71,1933.40533
-152.644374,49,1933.48089
-65.901116,24,1933.517519
-89.765836,28,1933.558789
-98.191694,34,1933.611741
-55.805478,14,1933.633648
-115.449172,40,1933.693299
-46.082558,14,1933.715555
-136.601028,57,1933.807864
-2461.850791,1000,1935.359806
-328.869834,125,1935.550787
-250.985067,122,1935.735398
-210.620027,101,1935.891226
-71.956214,27,1935.930454
-2626.04435,1000,1937.915355
-251.094262,92,1938.049332
-80.524812,28,1938.104863
-197.764271,80,1938.225161
-58.691449,18,1938.253649
-664.427245,284,1938.678256
-295.373402,131,1938.888698
-136.186068,75,1939.001799
-675.198754,279,1939.415221
-264.719137,107,1939.573961
-590.524264,193,1939.875488
-395.088218,142,1940.094784
-93.905516,40,1940.153641
-100.168694,42,1940.215926
-383.334445,139,1940.439539
-141.255898,49,1940.512199
-193.358508,83,1940.636598
-293.810554,125,1940.823444
-104.701284,37,1940.881572
-374.294784,151,1941.112592
-111.360068,46,1941.188151
-113.42846,38,1941.246693
-100.637299,40,1941.306287
-75.474948,31,1941.352487
-333.606538,125,1941.539806
-175.500792,60,1941.632192
-164.394134,57,1941.715343
-55.411598,22,1941.750532
-452.58675,174,1942.028446
-95.401614,34,1942.077088
-161.688374,68,1942.180181
-126.937442,44,1942.24723
-311.448527,119,1942.424363
-225.706958,82,1942.546037
-61.238183,24,1942.582271
-525.459048,186,1942.875085
-155.299253,54,1942.957162
-333.839943,123,1943.13897
-63.782674,26,1943.181911
-82.251392,26,1943.22099
-54.979446,22,1943.253502
-33.69606,12,1943.273002
-189.304846,63,1943.365454
-2592.376142,1000,1944.900327
-202.802547,84,1945.041714
-260.146351,92,1945.176432
-293.973391,130,1945.371372
-340.611208,141,1945.581993
-248.088036,94,1945.734091
-77.511467,32,1945.785313
-410.29371,171,1946.039083
-80.58606,30,1946.084623
-365.976915,149,1946.30709
-33.93832,14,1946.328849
-116.281335,47,1946.398506
-207.348745,86,1946.540753
-486.492356,184,1946.821484
-276.278946,92,1946.956739
-145.964839,48,1947.02934
-664.334358,243,1947.407837
-840.888309,291,1947.845811
-77.237311,27,1947.885366
-464.903782,209,1948.203762
-289.255528,103,1948.358782
-276.493604,115,1948.530111
-471.31465,189,1948.824402
-276.001389,108,1948.987031
-108.555199,31,1949.033134
-485.006606,212,1949.350372
-292.980801,116,1949.53485
-637.539099,262,1949.928514
-1016.628621,343,1950.44964
-174.408269,62,1950.540128
-453.890424,174,1950.800206
-397.929675,144,1951.01457
-2309.661394,1000,1954.734076
-2288.263221,1000,1956.005286
-1376.627563,627,1956.934038
-37.997593,17,1956.960178
-117.531889,37,1957.014592
-69.218648,29,1957.057342
-47.269239,16,1957.079859
-880.685325,341,1957.593696
-135.903263,46,1957.662293
-76.200386,30,1957.706837
-123.251851,55,1957.78956
-133.281578,51,1957.867943
-2395.015118,1000,1959.426091
-78.99096,29,1959.46922
-820.579795,341,1959.999502
-32.244824,11,1960.015612
-264.180163,119,1960.218692
-2587.823183,1000,1961.775367
-2681.757174,1000,1963.302523
-2430.475483,1000,1964.845764
-2413.811702,1000,1966.379496
-862.947551,365,1966.936887
-421.402523,162,1967.179125
-971.399613,391,1967.781835
-2505.604623,1000,1971.855012
-2504.163099,1000,1972.960063
-938.571595,371,1973.465247
-91.397377,28,1973.504952
-97.92608,33,1973.551369
-2518.007912,1000,1975.035932
-820.61618,357,1975.573779
-52.998524,15,1975.596859
-151.667275,55,1975.692697
-1163.813026,463,1976.389834
-454.676797,175,1976.667405
-122.741837,50,1976.741412
-2358.926984,1000,1978.260836
-518.713799,217,1978.582119
-2097.492687,817,1979.846525
-203.602139,71,1979.954829
-165.193207,50,1980.030593
-335.097828,129,1980.218712
-2297.998303,865,1981.552624
-1073.430589,366,1982.122132
-151.955634,56,1982.205312
-2908.430501,1000,1983.753287
-1254.142153,462,1984.458226
-1523.825475,532,1985.27079
-349.58316,143,1985.481191
-2584.388866,1000,1987.571635
-92.162527,30,1987.614167
-178.76889,69,1987.718926
-2589.916113,1000,1989.200807
-288.829037,104,1989.364526
-246.064042,99,1989.51361
-299.76915,138,1989.717134
-627.399841,255,1990.115147
-98.491641,38,1990.175431
-164.927109,59,1990.265865
-2511.32368,1000,1991.800165
-296.295956,107,1991.960436
-666.03407,239,1992.335223
-320.129916,139,1992.54649
-432.376498,163,1992.787693
-2515.676988,1000,1994.321668
-556.165527,218,1994.699389
-147.178748,75,1994.811729
-213.732421,99,1994.96225
-240.834098,112,1995.129218
-244.350728,102,1995.279605
-70.024301,30,1995.32517
-2442.291815,1000,1996.869308
-290.089895,119,1997.06533
-488.80243,226,1997.403725
-1248.551995,547,1998.238683
-554.872642,229,1998.589293
-582.586398,257,1998.973555
-331.374066,132,1999.171454
-631.088,247,1999.565168
-1165.99845,480,2000.306904
-75.389138,30,2000.353223
-695.331982,303,2000.823305
-2500.458121,1000,2004.381005
-2319.872841,960,2005.531925
-62.458964,22,2005.563073
-2424.052164,1000,2007.009838
-35.015321,13,2007.028323
-2483.085916,1000,2008.552822
-65.967352,31,2008.601712
-2199.109889,835,2009.872629
-30.932206,12,2009.889431
-536.624297,243,2010.325085
-854.16846,383,2010.925938
-228.423584,98,2011.075658
-770.159631,298,2011.527318
-73.248415,24,2011.564803
-339.717284,168,2011.835904
-178.980744,73,2011.945009
-210.526597,86,2012.079993
-553.042935,262,2012.486516
-166.431772,64,2012.583468
-487.615626,201,2012.891388
-2115.663499,847,2014.188504
-119.832316,44,2014.255356
-21.916457,13,2014.275647
-382.616484,173,2014.535375
-809.203544,339,2015.064354
-441.557997,190,2015.350096
-321.650408,125,2015.551963
-803.832453,307,2016.012547
-2462.521693,1000,2017.577463
-1081.93594,488,2018.331496
-2555.626108,1000,2021.537353
-283.408353,108,2021.65552
-473.658659,210,2021.916184
-111.573995,43,2021.969426
-524.342829,205,2022.230771
-518.705008,174,2022.478007
-55.919618,20,2022.50557
-297.016873,123,2022.674239
-388.158953,139,2022.868258
-749.547778,298,2023.306639
-95.017998,37,2023.36084
-517.520474,233,2023.697346
-299.240861,118,2023.885823
-2451.784803,1000,2025.43764
-236.925423,109,2025.605393
-107.711466,46,2025.675284
-298.70098,150,2025.903553
-592.519143,254,2026.302881
-581.928878,195,2026.596117
-1391.6455,544,2027.430655
-189.027573,72,2027.539589
-1348.127163,561,2028.422964
-349.328112,130,2028.635062
-2564.546399,1000,2030.225132
-1580.185287,613,2031.179761
-46.800226,23,2031.212776
-226.50367,71,2031.318027
-31.351277,14,2031.339015
-441.516313,172,2031.613866
-180.736266,68,2031.71379
-171.14386,57,2031.799176
-330.807182,113,2031.964811
-2456.882866,1000,2033.511662
-110.099471,37,2033.569304
-65.224782,28,2033.609748
-473.644291,204,2033.932588
-2076.756847,1000,2035.511104
-86.573405,32,2035.558647
-2296.071228,1000,2038.285305
-160.625498,53,2038.351787
-2258.005711,1000,2039.769059
-2342.336496,1000,2041.305295
-2473.912631,1000,2042.842592
-306.151078,123,2043.031454
-966.825923,403,2043.651392
-103.433385,40,2043.710238
-904.248402,367,2044.278346
-609.609375,284,2044.708112
-511.013812,232,2045.094003
-155.426178,61,2045.185827
-510.912084,216,2045.512138
-1261.938584,562,2046.375337
-1222.825357,520,2047.177924
-315.868087,143,2047.403728
-2296.565204,1000,2048.95202
-1192.157575,529,2049.772712
-479.951911,213,2050.096154
-703.418858,307,2050.565701
-2312.8156,1000,2052.135533
-2202.560212,1000,2056.585297
-2145.663944,1000,2058.085223
-711.530631,303,2058.529766
-737.955564,306,2058.994272
-454.219121,183,2059.264043
-2430.881739,1000,2060.795125
-2347.738841,1000,2062.351386
-1185.299173,562,2063.232694
-595.737322,257,2063.639992
-311.162846,119,2063.820201
-402.95394,162,2064.077135
-555.711628,268,2064.487021
-1363.226814,593,2065.430189
-362.738272,155,2065.68241
-2198.945072,1000,2067.224553
-2366.702395,1000,2068.76622
-235.271857,99,2068.911686
-2393.638334,1000,2070.444535
-383.461856,162,2070.689889
-1007.473343,392,2074.113694
-1173.417098,486,2074.627248
-2551.6989,1000,2075.979622
-2466.279697,1000,2077.530069
-2551.507835,1000,2079.338039
-451.489709,169,2079.61952
-2595.410771,1000,2081.261582
-2385.991786,1000,2083.095802
-379.915423,136,2083.326133
-104.472451,39,2083.394127
-419.561734,159,2083.70771
-597.608599,217,2084.104288
-2374.152752,1000,2085.866373
-2419.183589,1000,2087.5374
-972.425943,348,2088.156358
-737.886248,305,2088.718615
-2383.918924,1000,2092.566352
-370.663661,139,2092.754808
-1513.607295,618,2093.601153
-729.784874,293,2094.051666
-2471.684615,1000,2095.615924
-136.379124,39,2095.675855
-901.919354,337,2096.191768
-208.622295,79,2096.332228
-550.437701,245,2096.721577
-927.704568,361,2097.301767
-2308.544927,1000,2098.903503
-35.736878,14,2098.926559
-2386.904062,1000,2100.583991
-42.254972,18,2100.614897
-159.018404,71,2100.726844
-419.072089,172,2101.003275
-465.402004,196,2101.334068
-253.974967,100,2101.49456
-156.53255,68,2101.603067
-2301.617353,1000,2103.225182
-1558.147792,719,2104.387332
-226.14267,101,2104.548645
-68.683666,33,2104.602224
-2297.469736,1000,2106.215094
-381.075061,204,2106.534113
-2300.979238,1000,2108.139512
-345.668518,139,2108.378031
-2427.700319,1000,2111.063118
-2349.192586,1000,2112.626948
-2242.127262,1000,2114.232357
-2216.397154,1000,2115.853958
-2306.325856,1000,2117.663676
-2247.370153,1000,2119.338238
-2323.068491,1000,2121.073098
-530.709095,249,2121.486806
-2253.563521,1000,2123.235687
-1455.1836,664,2124.314224
-220.586761,113,2124.505394
-430.381729,191,2124.811533
-283.885476,134,2125.022418
-2258.669787,1000,2129.377087
-1066.698194,465,2129.866086
-294.399852,135,2130.014758
-474.648,205,2130.28075
-728.070989,311,2130.693599
-61.588501,33,2130.737109
-122.491739,48,2130.819713
-102.32062,45,2130.883965
-2283.432802,1000,2132.425214
-2217.207742,915,2133.871122
-404.247166,171,2134.154053
-2105.322128,1000,2135.77562
-2310.303966,1000,2137.39739
-2399.692199,1000,2139.033607
-677.609828,249,2139.429955
-26.905057,12,2139.44849
-1086.808578,465,2140.207617
-2470.529182,1000,2141.809904
-34.548683,15,2141.834531
-435.937837,159,2142.104413
-324.493956,124,2142.302142
-66.930575,28,2142.345128
-113.813266,49,2142.424167
-148.555123,53,2142.507914
-2421.288507,1000,2144.120419
-228.623522,80,2144.245261
-512.304901,257,2145.156252
-157.925658,71,2145.265025
-2394.828733,1000,2146.768488
-2427.578013,1000,2148.349874
-194.02706,64,2148.451298
-2578.478181,1000,2150.05911
-321.791443,117,2150.242589
-2504.063568,1000,2151.852677
-2462.376336,1000,2153.470588
-69.756649,27,2153.511496
-487.468758,185,2153.817911
-461.678592,172,2154.087246
-523.147096,224,2154.455147
-281.966154,105,2154.619395
-2363.285986,1000,2156.229235
-2440.820965,1000,2157.836421
-989.783717,404,2158.47509
-60.293001,21,2158.507083
-397.538257,149,2158.740711
-2426.19213,1000,2160.338216
-433.503243,175,2160.609193
-2274.121194,1000,2164.713016
-2286.860239,1000,2166.210864
-2119.320863,1000,2167.807425
-2238.668562,1000,2169.415879
-2260.734056,1000,2171.041976
-2315.555109,1000,2172.688761
-2556.377763,1000,2174.292511
-2502.192578,1000,2175.907744
-1230.187534,525,2176.758728
-369.332695,132,2176.979636
-2348.004849,1000,2178.596685
-71.215828,29,2178.643745
-2090.829865,908,2183.416968
-2736.359794,1000,2184.633628
-2436.261585,1000,2186.141838
-1236.644028,499,2186.937664
-2329.577207,1000,2188.570401
-170.131552,83,2188.753111
-1615.825043,722,2189.93403
-612.399472,267,2190.376534
-550.186475,228,2190.743098
-2208.936471,1000,2192.387845
-24.100003,11,2192.405058
-112.178732,37,2192.462186
-125.538731,46,2192.53338
-132.888804,56,2192.625307
-315.737183,110,2192.815679
-2326.452042,1000,2194.459584
-70.843907,26,2194.501651
-39.39891,13,2194.520395
-2458.815764,1000,2196.136486
-599.867373,215,2196.47279
-131.674266,48,2196.550056
-2342.393021,1000,2198.170359
-2338.879014,1000,2201.137252
-655.677238,283,2201.554986
-68.596683,27,2201.592202
-2388.027687,1000,2203.15878
-141.457663,51,2203.2396
-2264.366557,1000,2204.866673
-27.929984,14,2204.889185
-135.810384,43,2204.95927
-141.970839,63,2205.05722
-140.692567,65,2205.158969
-82.665158,40,2205.2221
-29.113452,14,2205.245443
-2354.517662,1000,2206.918341
-2336.844031,1000,2208.544008
-32.940702,15,2208.568521
-2529.514126,1000,2210.22072
-2439.123767,1000,2211.845092
-96.188157,32,2211.894912
-22.640277,11,2211.914929
-2479.725755,1000,2213.532009
-30.100899,11,2213.549284
-73.005712,32,2213.611731
-2452.281778,1000,2215.236445
-2471.405918,1000,2217.535111
-75.981048,29,2217.576159
-483.760373,206,2217.870712
-26.536053,11,2217.885882
-26.224972,11,2217.903589
-113.95715,45,2217.96768
-431.785652,171,2218.216812
-42.704164,13,2218.248471
-2383.14515,1000,2219.820996
-2450.694279,1000,2221.418958
-453.242209,161,2221.673815
-35.68044,20,2221.704842
-70.926205,26,2221.744758
-91.010986,29,2221.791628
-140.330083,66,2221.894868
-51.510909,19,2221.926378
-201.898625,80,2222.052843
-176.690239,76,2222.171749
-86.35456,26,2222.216063
-125.110902,59,2222.314408
-143.664173,56,2222.402359
-2381.602165,1000,2224.0208
-29.507769,12,2224.039364
-152.519897,58,2224.132113
-46.652453,24,2224.171475
-2555.190829,1000,2225.825843
-98.590012,41,2225.891269
-28.614339,12,2225.909224
-337.643282,106,2226.083218
-148.759847,53,2226.166693
-333.268254,141,2226.407035
-86.12807,30,2226.454513
-105.590147,32,2226.506467
-2454.168963,1000,2228.124951
-52.273671,19,2228.155436
-220.554366,76,2228.27396
-76.155273,33,2228.323735
-2428.403887,1000,2229.932688
-246.624048,84,2230.067051
-254.044047,89,2230.206942
-33.617357,22,2230.241036
-2423.232236,1000,2231.859445
-462.455071,178,2232.159007
-59.717778,24,2232.19675
-2381.81554,1000,2235.11552
-146.144005,64,2235.205069
-33.378768,13,2235.221589
-155.568816,59,2235.309472
-100.583043,32,2235.359849
-2508.436723,1000,2236.99928
-49.698759,19,2237.029835
-196.156779,63,2237.128322
-306.261972,116,2237.321598
-126.904029,52,2237.401672
-2616.659675,1000,2239.013181
-188.463649,76,2239.133594
-401.143349,164,2239.388606
-2435.91915,1000,2240.997996
-83.973816,30,2241.049459
-723.389399,302,2241.542691
-327.762098,117,2241.722546
-59.599338,18,2241.751698
-240.325355,97,2241.901809
-2414.107967,1000,2243.547849
-131.050202,52,2243.625467
-97.329832,39,2243.679793
-906.905615,352,2244.216008
-252.018496,118,2244.392542
-127.831618,54,2244.474859
-208.955193,88,2244.624788
-101.178958,39,2244.685476
-245.470709,99,2244.837213
-52.597577,20,2244.868336
-29.901388,14,2244.890249
-97.473805,30,2244.936514
-285.951983,125,2245.128815
-314.397885,120,2245.32706
-303.618456,120,2245.51037
-86.658826,36,2245.565488
-336.788024,135,2245.772983
-144.214715,63,2245.870555
-72.314027,28,2245.94832
-605.215149,283,2246.411239
-2158.958629,1000,2248.043535
-143.634916,63,2248.14422
-194.13182,73,2248.257078
-2323.723217,1000,2249.873156
-2401.511927,1000,2251.644245
-24.530734,13,2251.665566
-2359.697346,1000,2253.26056
-114.995434,54,2253.346617
-65.645625,34,2253.400672
-120.168758,49,2253.4782
-412.338414,183,2253.777215
-216.046738,81,2253.905317
-497.33964,231,2254.266361
-158.952502,56,2254.372366
-2469.332028,1000,2256.056657
-2104.65466,1000,2257.680877
-171.778236,60,2257.775985
-412.530972,155,2258.019879
-1510.018569,784,2259.314131
-313.439727,121,2259.509932
-449.776637,184,2259.812844
-37.270071,14,2259.836474
-79.67033,38,2259.897826
-2202.740164,1000,2261.5337
-1326.760009,567,2262.429515
-755.074193,328,2262.962234
-1980.90483,1000,2264.572085
-1782.564814,1000,2266.203797
-192.214074,90,2266.346546
-1333.068475,771,2270.591407
-148.902821,64,2270.656486
-1621.986412,1000,2271.842477
-1665.05617,1000,2273.364584
-1804.430028,1000,2274.974929
-75.220347,33,2275.027467
-2185.585607,1000,2276.653393
-2554.74424,1000,2278.258129
-116.923731,44,2278.328397
-2582.452563,1000,2279.949876
-261.214484,95,2280.107029
-2801.113433,1000,2281.718605
-2728.885486,1000,2283.301683
-2707.079153,1000,2284.900555
-2903.204125,1000,2289.371956
-3003.671067,1000,2290.839674
-2566.791976,1000,2292.43872
-2267.695379,1000,2294.082477
-2718.888068,1000,2295.706682
-2341.068629,1000,2297.349282
-2202.12277,1000,2299.010358
-2544.369918,1000,2300.633629
-981.771581,384,2301.257541
-1106.153768,403,2301.902383
-1293.148784,528,2302.790443
-58.496862,24,2302.830413
-69.169475,27,2302.872258
-1850.954188,731,2304.033743
-128.475819,57,2307.0021
-2470.018158,1000,2308.093631
-2524.4507,1000,2309.460542
-1373.625278,503,2310.28026
-2725.554181,1000,2311.792634
-264.165044,98,2311.939452
-72.408034,22,2311.974324
-569.346844,221,2312.305282
-870.073878,320,2312.80093
-2839.069186,1000,2314.346983
-2700.377459,1000,2315.878986
-2735.753903,1000,2317.375594
-1123.334136,412,2317.992143
-1315.15232,500,2318.7459
-116.551844,46,2318.820692
-2606.855427,1000,2320.364323
-2815.621185,1000,2324.303991
-2756.923853,1000,2325.407835
-2661.786495,1000,2326.813555
-2655.102081,1000,2328.293859
-2760.181669,1000,2329.815897
-2652.68042,1000,2331.3073
-2565.76326,1000,2332.81045
-2521.242853,1000,2334.326357
-2550.926534,1000,2335.855816
-2818.068695,1000,2337.370564
-2866.595856,1000,2342.018224
-317.958785,106,2342.126399
-2931.676504,1000,2343.212087
-2766.079484,1000,2344.607282
-2644.768396,1000,2346.100903
-2597.268205,1000,2347.614173
-2718.277756,1000,2349.131376
-2649.671179,1000,2350.685498
-2581.571489,1000,2352.221277
-2740.951811,1000,2353.744661
-2598.490661,1000,2355.260299
-1201.422003,459,2355.921146
-2678.102753,1000,2358.980317
-1006.337505,374,2359.470176
-1427.508921,549,2360.22963
-2715.601773,1000,2361.695821
-2680.095484,1000,2363.194621
-2324.397348,854,2364.498665
-2733.805629,1000,2366.017292
-2542.45587,1000,2367.77123
-182.734403,63,2367.887323
-307.489692,122,2368.094979
-215.875491,88,2368.244077
-460.490634,180,2368.540262
-2753.685549,1000,2370.27092
-590.461716,217,2370.654208
-1122.066206,401,2371.334187
-2964.223515,1000,2373.04703
-2974.624562,1000,2377.751641
-221.514713,79,2377.845009
-2799.419934,1000,2379.283838
-2903.551104,1000,2380.796383
-145.593256,48,2380.865812
-2814.151283,1000,2382.379597
-2926.513568,1000,2383.895433
-2923.085586,1000,2385.420152
-2927.192564,1000,2386.914734
-2852.126777,1000,2388.420459
-2931.460455,1000,2389.911966
-2799.704359,1000,2391.430255
-2779.025709,1000,2395.917487
-2780.545719,1000,2397.274312
-2910.579726,1000,2398.771492
-2838.121463,1000,2400.306443
-3129.006378,1000,2401.844372
-2793.931573,1000,2403.366187
-2697.918901,1000,2404.88146
-2788.132496,1000,2406.420059
-2696.465583,1000,2407.996026
-235.975789,109,2408.161113
-598.561046,196,2408.452918
-2627.582462,1000,2409.981384
-2607.653097,919,2413.625592
-2721.834471,1000,2415.188834
-2222.229839,1000,2416.740221
-2473.573819,1000,2418.272672
-2497.795177,1000,2419.819949
-197.15472,76,2419.934263
-2554.492248,1000,2421.488001
-2523.506967,1000,2423.066814
-20.556317,10,2423.095746
-2616.083117,1000,2424.653443
-2487.772832,1000,2426.183243
-2569.995744,1000,2430.359072
-2527.202544,1000,2431.473235
-2504.609589,1000,2432.859095
-2663.566577,1000,2434.385214
-2825.812343,1000,2435.926458
-2921.212438,1000,2437.465061
-2429.1685,1000,2439.095053
-2786.559877,1000,2440.68796
-2731.805868,1000,2442.216288
-27.232601,12,2442.238634
-195.222092,75,2442.352643
-2570.864985,1000,2443.900867
-875.660216,341,2444.411505
-2054.629248,1000,2448.177542
-2681.838194,1000,2449.406217
-197.136308,66,2449.494438
-95.399833,35,2449.558117
-2604.354182,1000,2451.031825
-25.255781,12,2451.052405
-2461.776514,1000,2452.593209
-2526.367355,1000,2454.149084
-2067.409495,1000,2455.701255
-2073.746524,997,2457.224956
-404.487855,201,2457.528733
-381.996851,149,2457.751165
-2501.008233,1000,2459.292884
-2539.078897,1000,2460.846426
-1184.025537,428,2461.520642
-2203.424496,1000,2465.971722
-2185.606263,1000,2467.184285
-2090.571232,1000,2468.653517
-1248.253263,580,2469.554718
-2235.199693,929,2470.995866
-985.533766,416,2471.649068
-714.890429,302,2472.12072
-2309.530988,1000,2473.675527
-2064.582817,1000,2475.217871
-2041.934477,1000,2476.769888
-2086.052528,1000,2478.309416
-2158.511287,1000,2479.860233
-2050.414059,1000,2484.201326
-2118.284771,1000,2485.442326
-2046.536039,1000,2486.920738
-2076.712174,1000,2488.459811
-2043.728973,1000,2489.995249
-2044.299372,1000,2491.549742
-2111.272676,1000,2493.100856
-2040.670698,1000,2494.65064
-2067.117836,1000,2496.211136
-2058.57454,1000,2497.838208
-2071.587321,1000,2502.312223
-2093.888958,1000,2503.553061
-2138.469845,1000,2505.103817
-2264.655333,1000,2506.721682
-2114.00371,1000,2508.285197
-2126.234831,1000,2509.854435
-2129.919983,996,2511.41886
-2078.511078,1000,2512.981284
-2081.219064,1000,2514.522693
-2235.971886,1000,2516.072792
-227.518408,98,2516.226801
-2106.272259,1000,2520.653902
-2070.537452,1000,2521.854209
-1767.232762,851,2523.094712
-2090.878,1000,2524.657451
-2072.905546,1000,2526.23024
-2193.848994,1000,2527.814192
-111.610389,50,2527.905561
-204.014956,89,2528.040872
-773.090358,338,2528.55306
-2140.143306,1000,2530.090806
-2115.487087,1000,2531.647619
-2153.036249,1000,2533.202044
-2216.353249,1000,2534.755491
-2059.394136,1000,2539.10378
-2116.299505,1000,2540.443292
-2068.708518,1000,2541.976058
-2105.907839,1000,2543.540159
-2054.072847,1000,2545.098167
-1882.219434,1000,2546.649851
-1642.280633,1000,2548.203955
-1654.902525,1000,2549.757761
-1702.209028,1000,2551.316034
-1608.475,1000,2552.871202
-349.639232,181,2556.464469
-113.401662,48,2556.511832
-168.693399,79,2556.593025
-184.913002,88,2556.68201
-1893.936526,1000,2557.783871
-1600.579711,1000,2559.240001
-1652.548935,1000,2560.8133
-1651.21256,1000,2562.385443
-1648.870391,1000,2563.954183
-2016.539564,1000,2565.540536
-1959.687159,1000,2567.105662
-1599.948326,1000,2568.657203
-1702.357419,1000,2570.225101
-1590.047099,1000,2574.731261
-1571.884335,1000,2575.861095
-1582.847629,1000,2577.292266
-378.20457,182,2577.573384
-401.074973,254,2577.955402
-53.8004,25,2577.99319
-167.096443,76,2578.106598
-1734.858565,1000,2579.663367
-1867.795851,1000,2581.23712
-889.703062,555,2582.104797
-1483.085077,1000,2583.67508
-1600.230686,1000,2585.235898
-494.711944,217,2585.581554
-1939.513811,1000,2587.141947
-347.432252,179,2587.418882
-1788.962271,1000,2588.968895
-1830.01321,1000,2593.320647
-1940.687243,1000,2594.813068
-150.46157,84,2594.935779
-226.909509,108,2595.107861
-131.698595,65,2595.205978
-1715.949118,1000,2596.777758
-1934.907577,1000,2598.334982
-1927.315388,1000,2599.90641
-769.631607,374,2600.473602
-1204.361593,692,2601.562452
-2088.26467,1000,2603.120982
-2191.693108,1000,2604.66435
-606.38002,280,2605.086565
-2162.838623,1000,2606.646448
-2159.40483,1000,2610.726501
-2029.11233,1000,2611.997691
-815.415017,467,2612.683927
-1036.582786,528,2613.481612
-644.973739,348,2614.019273
-575.013171,278,2614.452343
-142.582847,61,2614.544221
-1789.034328,1000,2616.092101
-1770.366844,1000,2617.639682
-1739.333715,917,2619.086543
-2041.539491,1000,2620.737239
-1770.013313,1000,2622.305856
-1767.185748,1000,2623.861073
-1870.252042,1000,2628.532673
-1618.214428,1000,2629.592428
-508.763375,298,2629.949625
-1722.972845,1000,2631.369867
-1474.523407,921,2632.788438
-108.45977,61,2632.881553
-1727.955041,1000,2634.468386
-1778.762859,1000,2636.070477
-1681.325223,1000,2637.637469
-116.113146,61,2637.730739
-1666.609735,1000,2639.288371
-1973.115019,1000,2640.846723
-2291.179153,1000,2642.411948
-500.315698,229,2642.775021
-1464.817647,670,2645.739813
-1233.999763,569,2646.465583
-2134.004497,1000,2647.923354
-402.934612,175,2648.196617
-976.479821,489,2648.937839
-2035.202787,976,2650.469861
-337.344337,149,2650.702183
-1765.702866,1000,2652.275691
-1758.611548,1000,2653.830518
-1669.895165,1000,2655.387022
-1604.649028,1000,2656.968186
-1736.108935,1000,2658.530652
-1743.725811,1000,2660.11473
-1563.344528,1000,2664.520327
-1548.664977,1000,2665.847668
-1640.260853,1000,2667.36759
-1584.001479,1000,2668.948885
-1592.607825,1000,2670.528054
-1591.682153,1000,2672.096947
-1589.300502,1000,2673.666115
-1578.800627,1000,2675.229943
-1578.78674,1000,2676.805487
-1589.311557,1000,2678.395127
-1560.817328,1000,2682.735883
-1542.522183,1000,2684.028936
-1559.340371,1000,2685.572671
-1607.348764,1000,2687.205871
-1633.036314,1000,2688.801753
-1539.807863,1000,2690.385858
-1534.719448,1000,2691.975801
-1585.975183,1000,2693.555925
-1569.19449,1000,2695.135756
-1653.419537,1000,2696.679454
-1649.706058,1000,2701.092156
-1651.458758,1000,2702.348756
-1558.477768,1000,2703.888106
-1539.270769,1000,2705.475338
-1536.70924,1000,2707.071301
-1518.281686,1000,2708.663748
-1658.475242,1000,2710.243598
-1619.062429,1000,2711.829173
-1506.17139,1000,2713.411815
-1586.740856,1000,2714.98591
-1604.794144,1000,2719.489546
-1689.164081,1000,2720.847555
-1671.641099,1000,2722.403832
-1592.066797,1000,2723.991229
-1572.874369,1000,2725.628402
-1577.599435,1000,2727.249614
-1604.365283,1000,2728.836316
-1640.31371,1000,2730.454922
-1552.369575,1000,2732.06022
-1683.583842,1000,2733.656537
-1614.612385,1000,2738.277968
-1550.753567,1000,2739.52805
-1607.955545,1000,2741.104019
-1574.803234,1000,2742.70477
-1591.495888,1000,2744.284265
-1655.151543,1000,2745.884165
-1573.533059,1000,2747.465918
-1565.861764,1000,2749.031007
-1607.383739,1000,2750.604934
-1783.53787,1000,2752.167797
-1607.291918,1000,2756.467709
-1567.57104,1000,2757.76884
-1555.884807,1000,2759.265344
-1581.120121,1000,2760.830368
-1548.050031,1000,2762.431098
-1567.669473,1000,2764.016169
-1555.657676,1000,2765.606681
-1552.144674,1000,2767.190423
-1604.965205,1000,2768.767172
-1599.071289,1000,2770.349649
-1551.765455,1000,2775.024218
-1637.053601,1000,2776.380625
-1661.126406,1000,2777.916457
-1562.73053,1000,2779.486845
-1564.695189,1000,2781.061872
-1632.659658,1000,2782.647176
-1579.5638,1000,2784.233876
-1638.87237,1000,2785.903048
-1812.988382,1000,2787.52601
-2079.849738,1000,2789.106586
-2100.05278,1000,2793.362227
-2425.034277,1000,2794.614238
-2559.953348,1000,2796.129662
-2487.114671,1000,2797.723934
-2489.857247,1000,2799.336185
-2481.796301,1000,2801.000399
-2505.609438,1000,2802.619799
-2493.059082,1000,2804.211069
-2504.228771,1000,2805.787887
-2497.666094,1000,2807.36653
-2284.83465,1000,2812.015652
-2055.02491,1000,2813.271759
-2032.329427,1000,2814.792209
-2008.705528,1000,2816.397732
-2028.081129,1000,2817.982153
-2049.817397,1000,2819.562035
-2030.485534,1000,2821.145905
-2103.00064,1000,2822.713351
-2015.544654,1000,2824.298842
-2033.250699,1000,2825.88472
-1805.210452,1000,2830.375159
-1791.784329,1000,2831.747549
-1605.679284,1000,2833.298039
-1675.484056,1000,2834.875494
-1588.72226,1000,2836.458405
-1552.845028,1000,2838.048177
-1569.535875,1000,2839.668486
-1587.83466,1000,2841.300003
-1897.785046,1000,2842.864579
-2004.770111,1000,2844.45108
-2025.758469,1000,2848.908287
-2050.185818,1000,2850.111373
-1872.872752,1000,2851.596685
-2081.82217,1000,2853.165702
-1889.716106,1000,2854.755452
-1840.442514,1000,2856.473908
-1585.700858,1000,2858.044899
-1618.384538,1000,2859.637639
-1649.753554,1000,2861.359679
-1625.013776,1000,2862.926346
-1594.355212,1000,2867.375955
-1571.492654,1000,2868.712456
-1597.903748,1000,2870.233438
-1293.262037,1000,2871.831626
-1420.706391,1000,2873.390068
-1192.214709,1000,2874.947359
-1161.843976,1000,2876.521282
-1197.277681,1000,2878.090095
-1326.409965,1000,2879.708158
-310.745766,231,2880.061472
-1270.590902,1000,2881.689691
-1478.539747,1000,2886.044442
-944.552073,681,2886.922538
-1149.070706,1000,2888.406954
-1118.061573,1000,2889.970776
-1285.145228,1000,2891.546729
-1479.111518,1000,2893.113039
-1414.123406,1000,2894.680647
-1839.621127,1000,2896.243427
-1700.151139,1000,2897.81149
-1167.249966,1000,2899.372077
-1187.771408,1000,2903.752444
-1206.587557,1000,2904.954216
-1269.662067,1000,2906.50535
-1128.241135,1000,2908.08915
-1500.488344,1000,2909.623402
-1442.998716,1000,2911.250125
-1486.819954,1000,2912.823944
-1211.730742,1000,2914.404743
-1111.049134,1000,2915.98661
-1259.751202,1000,2917.56777
-1284.642179,1000,2922.040598
-1021.263114,728,2922.91887
-709.23,613,2923.776863
-744.507523,1000,2925.333832
-763.537708,1000,2926.947223
-829.152924,1000,2928.523786
-652.996938,1000,2930.103804
-765.930978,1000,2931.723106
-954.606071,1000,2933.296154
-909.494777,1000,2934.843509
-1062.244562,1000,2936.408891
-1198.654433,1000,2940.530084
-1254.860483,708,2941.440851
-1336.91491,1000,2942.94447
-970.317371,1000,2944.534028
-317.565216,422,2945.203027
-712.176224,1000,2946.780517
-1188.916249,1000,2948.384874
-1339.63022,1000,2949.960938
-1310.657625,1000,2951.536755
-1400.775569,1000,2953.097514
-1768.943314,1000,2957.91952
-1795.703217,1000,2959.077093
-1551.003851,1000,2960.613478
-1472.910123,1000,2962.174778
-1188.587154,1000,2963.747184
-1349.549932,1000,2965.326203
-1094.16612,1000,2966.897028
-1196.488919,1000,2968.458373
-1255.677423,1000,2970.040754
-1162.665111,1000,2971.690606
-1196.113489,1000,2976.233422
-1445.826088,1000,2977.34275
-1166.359638,1000,2978.752797
-1058.958526,1000,2980.411821
-1118.1434,1000,2982.045437
-1288.454228,1000,2983.637638
-1182.342729,1000,2985.234102
-1382.23676,1000,2986.805439
-1463.749528,1000,2988.374352
-1521.387793,1000,2989.936337
-1307.651733,1000,2994.420531
-1185.300107,1000,2995.52628
-1195.827828,1000,2996.902367
-1246.487391,1000,2998.417449
-1205.630145,1000,2999.97773
-1191.937825,1000,3001.561505
-1144.89014,1000,3003.126695
-1215.964128,1000,3004.686814
-1190.127629,1000,3006.257037
-1183.338104,1000,3007.851585
-1233.729808,1000,3012.623144
-1143.262858,1000,3013.74129
-1197.432502,1000,3015.15786
-1112.562816,1000,3016.706139
-447.631387,282,3017.132635
-1371.84316,1000,3018.705358
-1321.426581,1000,3020.277821
-1184.213708,1000,3021.862548
-1181.038612,1000,3023.430504
-1245.939344,1000,3025.001646
-1147.54188,1000,3026.568133
-1078.600957,1000,3031.103427
-1211.289172,1000,3032.212898
-1034.158665,1000,3033.679972
-1107.223632,1000,3035.235333
-1180.537421,1000,3036.821059
-1812.520083,1000,3038.380179
-1032.239588,619,3039.384347
-1546.581172,1000,3041.012872
-1522.269882,1000,3042.608147
-1511.114372,1000,3044.188225
-1354.795232,1000,3045.770221
-274.717235,219,3048.755953
-1277.126508,1000,3050.187979
-222.243474,165,3050.453935
-1590.126831,1000,3052.04785
-363.971864,263,3052.469239
-1105.516664,808,3053.723631
-1254.941606,1000,3055.314143
-1214.773385,1000,3056.844141
-1141.513014,1000,3058.409517
-752.246346,1000,3059.976058
-773.203598,1000,3061.568839
-674.262383,1000,3063.128061
-649.161853,1000,3067.921058
-686.659823,1000,3069.170209
-786.883521,1000,3070.690991
-958.735098,1000,3072.262
-919.468542,1000,3073.841395
-846.48832,1000,3075.40745
-854.901616,1000,3077.016335
-1079.293244,1000,3078.588814
-760.844978,1000,3080.149664
-828.717173,1000,3081.737633
-954.654981,1000,3086.05068
-828.934524,1000,3087.188208
-885.526133,1000,3088.633795
-1134.716169,1000,3090.182918
-1302.837637,1000,3091.748201
-972.993983,1000,3093.315935
-929.472125,1000,3094.874083
-785.3442,1000,3096.440101
-891.437426,1000,3098.025592
-833.816686,1000,3099.615039
-416.187664,468,3100.360132
-968.816217,1000,3104.465151
-688.970976,1000,3105.805589
-868.537139,1000,3107.361293
-760.53874,1000,3108.945483
-749.128988,1000,3110.607939
-996.455437,1000,3112.218628
-1175.29385,1000,3113.785075
-833.049274,1000,3115.349492
-649.448018,1000,3116.936621
-749.020281,1000,3118.499074
-706.5951,1000,3123.285249
-833.943896,1000,3124.718372
-787.737867,1000,3126.294033
-722.416253,1000,3127.918549
-865.547467,1000,3129.494814
-1020.805921,1000,3131.067341
-997.033491,1000,3132.640058
-1013.03846,1000,3134.203596
-1188.314589,1000,3135.76387
-1061.235293,1000,3137.343888
-1344.020144,1000,3141.777149
-985.228469,1000,3143.311008
-807.614414,1000,3144.8646
-930.712749,1000,3146.481792
-1589.499386,1000,3148.058051
-1297.861832,1000,3149.620959
-1964.229317,1000,3151.172357
-247.222192,125,3151.363
-69.793559,32,3151.426365
-2100.823784,850,3152.746122
-383.203206,154,3152.985261
-110.47997,40,3153.043615
-107.209755,43,3153.103918
-30.402634,12,3153.122713
-221.331248,85,3153.24664
-596.316275,244,3153.604952
-1840.010574,1000,3155.13769
-1521.182399,1000,3159.672439
-1112.561732,852,3160.627156
-33.175982,11,3160.640741
-23.561103,11,3160.654055
-94.342614,62,3160.734054
-18.459481,13,3160.749172
-19.869355,12,3160.766002
-20.122761,11,3160.779569
-369.011127,236,3161.107121
-73.850034,28,3161.146127
-149.145041,82,3161.259138
-1311.720948,1000,3162.775377
-64.95482,41,3162.837646
-1471.297775,1000,3164.390203
-718.903681,1000,3165.969169
-82.196534,55,3166.053209
-70.541607,85,3166.186281
-1144.973033,1000,3167.740609
-574.098196,1000,3169.308798
-457.124029,1000,3170.885425
-772.276744,1000,3172.455395
-477.951004,419,3173.108969
-1083.790348,1000,3177.651279
-1158.67704,799,3178.509563
-375.95566,303,3178.882651
-368.500955,382,3179.471078
-883.695395,1000,3181.074003
-384.93023,224,3181.438011
-1086.377628,1000,3183.068319
-867.686229,1000,3184.716238
-69.647734,39,3184.778675
-1411.993899,1000,3186.364307
-424.582548,355,3186.928328
-357.540712,269,3187.354267
-1351.150859,1000,3188.939004
-1610.355592,1000,3190.512785
-1380.232842,884,3191.901855
-1202.21912,1000,3196.486628
-1785.767638,1000,3197.80332
-643.906522,430,3198.446828
-158.470789,81,3198.566376
-1640.262769,1000,3200.110457
-238.434463,178,3200.382883
-307.273618,220,3200.718524
-1080.448307,1000,3202.276843
-534.293919,495,3203.05479
-175.762345,124,3203.243533
-1125.26062,1000,3204.814116
-632.655239,629,3205.829134
-910.784238,1000,3207.389797
-1020.807999,1000,3208.943602
-72.240885,50,3209.019177
-1039.125631,790,3210.252228
-280.61832,244,3210.617722
-873.535921,1000,3214.869613
-315.161353,211,3215.099855
-139.435274,110,3215.214338
-92.046692,41,3215.258106
-1307.911784,1000,3216.610613
-1237.206585,1000,3218.139497
-1596.144637,1000,3219.756152
-1428.179893,1000,3221.40247
-1524.117489,1000,3222.968952
-455.243233,341,3223.504448
-1404.190831,1000,3225.058132
-1237.329006,1000,3226.625747
-1261.346735,1000,3228.166025
-770.414731,1000,3232.55057
-762.011323,1000,3233.737487
-778.014162,1000,3235.206135
-1488.684509,1000,3236.755129
-540.917014,505,3237.54037
-993.222942,1000,3239.096868
-1543.040309,1000,3240.660154
-95.023088,45,3240.729893
-415.86238,233,3241.090333
-1723.316795,1000,3242.667678
-1973.589446,1000,3244.230654
-1785.116334,1000,3245.793093
-1875.262165,1000,3250.386899
-1619.654671,1000,3251.586831
-1592.9432,1000,3253.0836
-1577.961329,1000,3254.656959
-1587.347141,1000,3256.228693
-1574.963536,1000,3257.810968
-1615.993143,1000,3259.438267
-1567.255411,1000,3260.967271
-1577.394198,1000,3262.540585
-1577.467974,1000,3264.0965
-1584.594285,1000,3268.61977
-1612.599286,1000,3269.758019
-1357.095465,1000,3271.20835
-1261.990911,1000,3272.807405
-1277.169667,1000,3274.582458
-1225.144686,1000,3276.297496
-1229.329667,1000,3277.925139
-1276.879178,1000,3279.537492
-1099.199372,1000,3281.11644
-1105.570363,1000,3282.707634
-1092.867484,1000,3287.376605
-1190.898922,1000,3288.482052
-1130.33075,1000,3289.914401
-1147.437886,1000,3291.470287
-1253.308616,1000,3293.045803
-1488.073275,1000,3294.630521
-1376.516246,1000,3296.225525
-1237.687136,1000,3297.886353
-1452.767643,1000,3299.514789
-1353.601744,1000,3301.108051
-1301.732143,1000,3305.686757
-1175.031414,1000,3306.961971
-1491.728779,1000,3308.478135
-1417.745431,1000,3310.059526
-1522.298375,1000,3311.64146
-1424.915288,1000,3313.249433
-1278.767112,1000,3314.855833
-1244.134639,1000,3316.451928
-1221.32984,1000,3318.049657
-1171.433714,1000,3319.639438
-1257.644601,1000,3324.197545
-1183.850471,1000,3325.378249
-1172.609683,1000,3326.977548
-1330.547421,1000,3328.537655
-1350.36284,1000,3330.208373
-1697.105396,1000,3331.815644
-1783.796473,1000,3333.405011
-1610.037778,1000,3335.022297
-1845.749648,1000,3336.788348
-1652.063836,1000,3338.324684
-1611.920507,1000,3343.361859
-1610.152236,1000,3344.525457
-1628.924486,1000,3346.009437
-1770.12626,1000,3347.60854
-1700.620794,1000,3349.206205
-1601.619611,1000,3350.792358
-1554.812733,1000,3352.371691
-1602.641315,1000,3353.959829
-1827.811786,1000,3355.549781
-2026.728727,1000,3357.1312
-1754.545793,1000,3361.887439
-1819.620416,1000,3363.049024
-343.464485,172,3363.297599
-1807.489614,1000,3364.780988
-1748.553446,1000,3366.357161
-1585.081721,1000,3367.964169
-1653.397526,1000,3369.557623
-1657.593461,1000,3371.140093
-1636.888289,1000,3372.725185
-1388.398958,1000,3374.323868
-1205.175378,1000,3375.898597
-1078.015457,1000,3380.348321
-1190.139749,1000,3381.532908
-1110.526634,1000,3383.036015
-1110.608682,1000,3384.633139
-1207.97035,1000,3386.287381
-1095.033457,1000,3387.944351
-1137.084518,1000,3389.561922
-1234.134559,1000,3391.142062
-1156.067401,1000,3392.736668
-1293.471691,1000,3394.355829
-1199.345209,1000,3399.030703
-1245.872986,1000,3400.214939
-1325.526702,1000,3401.750625
-1537.393883,1000,3403.360766
-1457.854016,1000,3404.952336
-1455.422628,1000,3406.544193
-1370.524091,1000,3408.175899
-1519.139123,1000,3409.821642
-1508.48449,1000,3411.41326
-1738.273017,1000,3413.002268
-2211.187546,1000,3417.771813
-2124.422767,1000,3419.045647
-2049.253198,1000,3420.510144
-1757.983636,1000,3422.098253
-1630.648798,1000,3423.704194
-1600.976696,1000,3425.308985
-1663.44232,1000,3426.905554
-1770.235153,1000,3428.492855
-1633.178284,1000,3430.081934
-1488.478076,1000,3431.65985
-1310.375986,1000,3436.116883
-1306.440276,1000,3437.381098
-1235.280508,1000,3438.89743
-1159.303483,1000,3440.47664
-1559.241561,1000,3442.083975
-1486.330608,1000,3443.677421
-1419.910311,1000,3445.287383
-1242.063739,1000,3446.868075
-1221.698554,1000,3448.456287
-1361.28812,1000,3450.029631
-1294.623745,1000,3454.488708
-1513.731911,1000,3455.699079
-1220.315875,1000,3457.193377
-1270.146285,1000,3458.798036
-1244.47767,1000,3460.43095
-1118.179044,1000,3462.030743
-1162.493706,1000,3463.647127
-1256.062097,1000,3465.247025
-1159.727581,1000,3466.932014
-992.772608,1000,3468.482644
-1086.634765,1000,3472.964441
-1246.390615,1000,3474.143856
-1003.666541,1000,3475.63109
-1473.549956,1000,3477.209932
-1439.54246,1000,3478.786641
-1259.250822,1000,3480.399616
-815.615163,1000,3482.004309
-1406.676158,1000,3483.596761
-1251.453175,1000,3485.18637
-1181.923774,1000,3486.762082
-1280.487293,1000,3491.42439
-1418.707992,1000,3492.68564
-1344.754257,1000,3494.211752
-1219.625425,1000,3495.812272
-1288.767104,1000,3497.416374
-1181.624054,1000,3498.989412
-1156.927435,1000,3500.570656
-1140.870559,1000,3502.143562
-1283.90963,1000,3503.742132
-1334.328863,1000,3505.332731
-1312.197749,1000,3509.625734
-1380.02316,1000,3510.954837
-1712.574787,1000,3512.463224
-1575.995835,1000,3514.033784
-1482.333324,1000,3515.597964
-1284.96497,1000,3517.173944
-1018.514228,1000,3518.774693
-870.260637,1000,3520.395873
-957.155677,1000,3521.968783
-1604.843694,1000,3523.54251
-1490.035786,1000,3528.088228
-1432.338395,1000,3529.254428
-1265.883596,1000,3530.725578
-1410.577789,1000,3532.292715
-1781.86514,1000,3533.894263
-1073.238459,1000,3535.452494
-920.364327,1000,3537.024286
-1182.484703,1000,3538.809909
-1123.615365,1000,3540.506541
-1258.376802,1000,3542.109391
-1362.405032,1000,3546.743232
-1423.625943,1000,3547.932776
-1355.017583,1000,3549.420638
-1192.578586,1000,3550.98022
-1145.437639,1000,3552.558105
-1114.033485,1000,3554.180736
-1305.981906,1000,3555.801281
-1576.083371,1000,3557.358349
-1666.562184,1000,3558.93137
-1925.850621,1000,3560.530661
-1623.250008,1000,3564.996114
-1459.804861,1000,3566.145588
-1549.607669,1000,3567.612455
-1819.432913,1000,3569.188878
-1813.365653,1000,3570.79616
-401.506477,249,3571.178084
-1973.315189,1000,3572.731684
-2138.900394,1000,3574.305228
-240.956644,128,3574.511133
-2249.214663,1000,3576.102745
-1798.775677,1000,3577.678308
-98.633133,55,3577.762953
-74.072324,44,3577.830132
-2082.786081,1000,3579.418246
-2194.353103,1000,3583.411558
-1782.163851,1000,3584.8088
-1793.346595,1000,3586.360002
-571.764589,333,3586.888348
-1939.261379,1000,3588.448851
-1830.438762,1000,3590.019318
-2175.247057,1000,3591.578895
-2010.751803,1000,3593.182932
-2089.697589,1000,3594.749321
-1773.420844,1000,3596.342313
-1984.313611,1000,3600.842247
-1776.139631,1000,3602.012889
-1801.009673,1000,3603.506572
-25.265188,9,3603.521318
-2096.954618,1000,3605.095263
-1998.191919,1000,3606.790975
-2276.101381,1000,3608.365659
-2378.652554,1000,3609.919301
-2263.083268,1000,3611.474861
-1949.306414,1000,3613.057713
-1762.034502,1000,3614.610841
-2221.338486,1000,3619.094325
-2266.046815,1000,3620.30097
-1783.426188,861,3621.555882
-65.095467,26,3621.593136
-1968.467877,1000,3623.143158
-2058.618595,1000,3624.715803
-2077.174942,1000,3626.27367
-2353.94625,1000,3627.829682
-2290.147511,1000,3629.37429
-2265.83527,1000,3630.932979
-389.973818,166,3631.181073
-844.807354,341,3631.718231
-2273.75027,1000,3633.280931
-2243.525133,1000,3637.810902
-597.921575,247,3638.089076
-2342.640483,1000,3639.489818
-2249.868759,1000,3641.057951
-1781.483417,1000,3642.644305
-2207.989776,1000,3644.208323
-2083.480055,845,3645.533868
-2391.361532,1000,3647.080391
-2381.717036,1000,3648.641764
-2244.444396,1000,3650.189904
-2225.546662,1000,3651.735386
-1890.331686,1000,3655.88773
-2048.638139,1000,3657.184907
-2434.872677,1000,3658.69319
-2298.204015,1000,3660.255086
-2039.864825,1000,3661.880924
-1929.951104,1000,3663.458877
-2063.783984,1000,3665.037112
-2203.624527,1000,3666.612055
-1813.060642,1000,3668.164937
-1882.706592,1000,3669.750214
-2221.310537,1000,3674.057518
-2391.837862,1000,3675.467681
-2244.963146,1000,3677.004176
-2173.921955,1000,3678.572347
-2412.538755,1000,3680.178297
-2274.403757,1000,3681.753592
-2201.74354,1000,3683.318632
-2215.44434,1000,3684.88569
-2023.006148,1000,3686.440645
-2015.916065,1000,3688.090804
-2300.233983,1000,3692.475894
-2253.78974,1000,3693.892178
-2149.188324,1000,3695.542333
-2169.806116,1000,3697.096457
-2183.490518,1000,3698.671488
-2401.412214,1000,3700.325632
-1996.416014,1000,3701.968975
-2228.538456,1000,3703.568511
-2038.72306,1000,3705.15011
-2137.790807,1000,3706.729784
-2247.810352,1000,3711.122547
-2269.964778,1000,3712.367483
-2388.725556,1000,3713.898614
-2357.187698,1000,3715.498993
-2362.076499,1000,3717.13968
-2389.663164,1000,3718.744003
-2179.675887,1000,3720.309995
-2130.755035,1000,3721.898695
-2304.144986,1000,3723.513234
-2406.145014,1000,3725.096442
-2218.188362,1000,3729.749083
-2285.533576,1000,3731.155818
-2110.63284,1000,3732.689059
-2107.779202,1000,3734.254501
-2155.894614,1000,3735.827752
-2255.026487,1000,3737.394145
-2294.86782,1000,3738.952615
-2298.215799,1000,3740.516767
-2373.819345,1000,3742.064848
-2439.175606,1000,3743.622532
-2163.949493,1000,3747.364047
-2290.600677,1000,3748.712524
-1923.960316,1000,3750.230963
-2063.319513,1000,3751.794114
-2198.747918,1000,3753.366309
-2212.595926,1000,3754.93756
-12.965379,6,3754.94611
-2429.489148,1000,3756.550169
-2495.02844,1000,3758.135901
-2392.72106,1000,3759.867095
-2434.758705,1000,3761.584792
-2600.396369,1000,3765.968525
-2285.211411,1000,3767.287513
-2185.994333,1000,3768.826964
-2293.043201,1000,3770.426443
-2066.9806,1000,3771.991113
-1988.140505,1000,3773.557912
-2465.920042,1000,3775.161787
-2370.581003,1000,3776.767001
-2317.246363,1000,3778.374205
-2465.123498,1000,3779.96752
-2530.616384,1000,3784.393267
-2567.876848,1000,3785.778231
-2518.837332,1000,3787.294797
-544.167123,230,3787.663785
-2433.783483,1000,3789.220428
-956.773918,379,3789.806075
-2475.765981,1000,3791.383969
-2509.094183,1000,3792.955795
-2555.462571,1000,3794.612664
-2560.096076,1000,3796.194248
-2521.581904,1000,3797.742598
-3000.060625,1000,3802.230571
-2786.575551,1000,3803.559017
-2293.394866,1000,3804.980537
-2173.246215,1000,3806.526613
-2013.540185,1000,3808.082293
-2354.674239,1000,3809.656317
-2372.453345,1000,3811.231339
-2970.109089,1000,3812.778807
-2443.048896,1000,3814.334358
-2500.961079,1000,3815.898052
-2530.668335,1000,3818.795963
-2463.122733,1000,3820.208605
-200.813399,66,3820.320046
-15.873692,9,3820.336184
-552.880523,224,3820.682836
-384.757946,136,3820.887223
-230.027788,82,3821.021065
-283.095586,130,3821.233924
-2574.869853,1000,3822.80202
-2613.736651,1000,3824.363477
-603.92458,216,3824.69243
-334.479037,134,3824.89311
-73.52877,30,3824.939313
-283.385883,108,3825.110223
-158.430313,57,3825.197086
-32.323769,17,3825.225661
-298.149622,125,3825.41517
-2609.725312,1000,3826.97911
-757.779809,314,3827.468669
-346.760106,143,3827.684776
-258.020924,98,3827.833374
-2439.037783,1000,3829.373937
-2410.54398,1000,3830.929523
-111.080142,40,3830.990313
-108.266059,49,3831.064507
-2376.567569,1000,3832.606025
-660.736548,295,3833.064042
-87.004215,35,3833.118807
-198.51788,77,3833.235729
-94.940543,35,3833.289194
-211.545216,85,3833.421207
-61.293902,30,3833.466829
-588.090832,227,3835.216
-2221.620457,1000,3836.522617
-2205.22711,1000,3838.03089
-2305.772164,1000,3839.582062
-2141.108223,1000,3841.152124
-1012.065424,496,3841.929998
-430.695366,198,3842.232454
-140.051856,53,3842.312202
-97.548997,51,3842.388209
-2279.758551,1000,3843.941558
-1156.362843,491,3844.711916
-2357.384612,1000,3846.263374
-2193.379491,1000,3847.805948
-2201.373932,1000,3849.395905
-262.839012,140,3849.626603
-2173.93231,1000,3854.054549
-571.617777,276,3854.387293
-2151.272372,1000,3855.815362
-2201.981579,1000,3857.360227
-2030.918761,931,3858.814853
-2153.631877,1000,3860.377579
-2258.331911,1000,3861.95268
-2373.757652,1000,3863.510524
-2387.754029,1000,3865.095241
-2455.35488,1000,3866.800177
-2128.417225,1000,3868.431029
-2169.147561,1000,3872.733075
-69.009967,26,3872.761136
-357.226013,159,3872.944539
-2102.850841,1000,3874.389004
-830.376965,375,3874.939868
-2213.583321,1000,3876.472218
-2345.415267,1000,3878.049228
-2381.169092,1000,3879.650564
-2217.54785,1000,3881.370036
-1213.800363,542,3882.237876
-2335.897941,1000,3883.807129
-2407.674494,1000,3885.35196
-367.460422,168,3885.616348
-341.434007,135,3885.820615
-454.581068,185,3886.093906
-2381.843751,1000,3889.473325
-574.945246,268,3889.790885
-2417.28579,1000,3891.159795
-153.085932,54,3891.238767
-2350.363953,1000,3892.760717
-473.713706,195,3893.051781
-2465.177342,1000,3894.609408
-2418.418321,1000,3896.174657
-2415.855594,1000,3897.719722
-2526.25715,1000,3899.30892
-2418.18626,1000,3900.863551
-992.338891,403,3901.499053
-2305.942594,1000,3903.051376
-2430.632685,1000,3906.660318
-2404.021745,1000,3907.925969
-192.335981,94,3908.055942
-2253.37841,1000,3909.592325
-2425.572343,1000,3911.142275
-2092.054195,1000,3912.711847
-2277.521299,1000,3914.282552
-2215.009719,1000,3915.842405
-2118.526611,943,3917.30666
-2248.211265,1000,3918.872338
-140.666489,69,3918.978183
-2123.384472,1000,3920.513841
-215.375237,101,3920.681689
-125.680714,51,3920.757796
-2113.136024,1000,3923.981549
-751.242093,344,3924.399537
-744.86442,328,3924.851225
-25.405403,11,3924.86877
-1888.905738,1000,3926.381211
-896.197183,413,3927.0265
-88.760828,39,3927.086261
-360.846455,163,3927.335901
-134.285274,65,3927.433997
-288.969707,148,3927.673184
-725.228764,389,3928.277263
-24.260911,11,3928.294627
-168.214272,72,3928.406341
-95.517051,47,3928.476311
-43.931963,24,3928.513854
-67.709355,31,3928.559708
-238.554245,108,3928.725153
-266.850681,99,3928.870032
-51.863618,29,3928.91475
-160.891119,76,3929.027955
-84.681444,37,3929.100208
-25.259342,16,3929.123958
-2221.676226,1000,3930.662173
-49.988614,24,3930.698961
-197.339774,84,3930.822053
-210.339608,91,3930.954098
-130.495643,66,3931.052267
-263.084264,149,3931.275161
-343.311638,149,3931.503216
-170.612739,89,3931.632455
-336.409329,147,3931.849632
-292.730017,103,3932.00472
-577.528421,335,3932.52735
-735.673633,375,3933.109744
-2168.35521,1000,3934.65249
-621.370648,248,3935.033949
-2029.210875,1000,3936.591164
-132.317169,69,3936.694582
-1758.569801,1000,3938.245947
-2198.76893,1000,3941.570494
-257.855648,118,3941.739019
-453.73332,211,3942.028221
-1457.441032,743,3943.130121
-599.005648,281,3943.540769
-794.568712,333,3944.053838
-266.397204,109,3944.221938
-2135.81222,1000,3945.788416
-285.068868,134,3945.993486
-60.286156,33,3946.0411
-101.23664,49,3946.115278
-2280.004468,1000,3947.670361
-515.176153,237,3948.028886
-2307.261691,1000,3949.579058
-2231.570475,1000,3951.144269
-2068.299175,1000,3952.710838
-64.671354,29,3952.75501
-436.181531,202,3953.059319
-12.783216,7,3953.068502
-192.509425,80,3953.20429
-2189.52639,1000,3954.75117
-2217.915352,1000,3958.293255
-181.867672,74,3958.378625
-1444.286433,635,3959.163469
-1236.252818,519,3959.904061
-514.667626,235,3960.259897
-42.985714,14,3960.278871
-2229.420457,1000,3961.812002
-2215.407764,1000,3963.402244
-618.10211,282,3963.844672
-665.35127,278,3964.283673
-2475.352292,1000,3965.859806
-1706.354062,736,3967.000352
-2428.537462,1000,3968.553113
-2286.005586,1000,3970.115679
-2158.444713,1000,3971.721436
-2191.973895,1000,3975.356109
-2399.344848,1000,3976.65005
-2489.617888,1000,3978.158059
-2265.271204,1000,3979.699556
-2113.195938,1000,3981.269437
-2144.171952,1000,3982.823642
-580.685497,279,3983.250292
-572.061399,275,3983.667429
-1671.201739,774,3984.886978
-205.889484,102,3985.045526
-2330.018295,1000,3986.607155
-2169.62843,1000,3988.263527
-2359.77637,1000,3989.837155
-2321.719647,1000,3993.611049
-2244.23451,1000,3994.957344
-2570.749368,1000,3996.491171
-555.044622,220,3996.824315
-601.284819,244,3997.211381
-2627.106086,1000,3998.790714
-2504.077061,1000,4000.431587
-2403.971941,1000,4002.020702
-508.773065,208,4002.347836
-2460.418007,1000,4003.941519
-1428.250059,610,4004.899653
-787.266147,327,4005.400546
-874.665227,360,4005.963529
-1023.166369,409,4006.609751
-1437.559521,610,4007.560004
-24.598422,9,4007.574195
-30.035615,10,4007.589298
-398.846389,148,4007.816887
-2301.644222,1000,4009.861048
-130.808517,44,4009.92134
-367.074943,159,4010.175745
-2461.491536,1000,4011.699259
-83.934244,33,4011.750687
-830.195204,347,4012.273878
-471.301302,219,4012.62253
-781.199823,329,4013.136586
-995.449777,434,4013.786871
-341.26228,121,4013.986495
-478.150528,190,4014.276189
-175.614675,61,4014.366135
-1335.111958,564,4015.23164
-461.55782,184,4015.523977
-412.154762,176,4015.789924
-260.158917,96,4015.933392
-224.365257,103,4016.089522
-201.914251,83,4016.229071
-13.936634,7,4016.242171
-245.244559,105,4016.400079
-266.069832,120,4016.580639
-348.208614,157,4016.815408
-158.06078,62,4016.907057
-2328.404198,1000,4018.456301
-90.361853,45,4018.538535
-2427.029591,1000,4020.079844
-126.382645,51,4020.158996
-37.674608,22,4020.190913
-22.238189,10,4020.206322
-296.677571,110,4020.372865
-163.400562,81,4020.492808
-2433.60815,1000,4022.042435
-441.426748,163,4022.290663
-2402.17794,1000,4023.838003
-338.688663,148,4025.667089
-592.040631,243,4025.944977
-120.298075,56,4026.011367
-209.503718,76,4026.116926
-46.928045,21,4026.146855
-2412.778088,1000,4027.548753
-2475.043537,1000,4029.100575
-546.597697,227,4029.450291
-932.39444,370,4030.03647
-2483.621995,1000,4031.869781
-2261.569434,1000,4033.585702
-522.590748,197,4033.91447
-91.75254,35,4033.972163
-252.593532,95,4034.12665
-156.828303,60,4034.228597
-46.18566,17,4034.260269
-2247.176139,1000,4035.928514
-146.757632,56,4036.015933
-528.54703,274,4036.451221
-92.599033,39,4036.510757
-888.481529,421,4037.48316
-108.291883,41,4037.547607
-2372.12824,1000,4039.712783
-217.500415,104,4039.884508
-244.38151,100,4040.052654
-563.905229,243,4040.430578
-588.825392,230,4040.823078
-627.173967,318,4041.34942
-124.726623,40,4041.436388
-55.483034,17,4041.464448
-520.893119,192,4041.868234
-201.228492,90,4042.114754
-299.284482,121,4042.636575
-168.457546,64,4042.906813
-2464.355796,1000,4047.628879
-237.117731,87,4047.93053
-185.113402,89,4048.222286
-673.082232,262,4049.996902
-50.460015,29,4050.129601
-95.011335,44,4050.323004
-242.959247,90,4050.738737
-56.991858,40,4051.143328
-219.570463,102,4051.741605
-68.543642,27,4051.854846
-149.932836,70,4052.149693
-167.731312,62,4052.618822
-91.825119,36,4052.894307
-132.313981,39,4053.137474
-97.071138,43,4053.404636
-87.143207,43,4053.652748
-2466.3103,1000,4059.752012
-174.572662,67,4059.948418
-224.028175,90,4060.184926
-111.364254,45,4060.311294
-111.302577,40,4060.40329
-418.859124,145,4060.712162
-2443.354319,1000,4062.673403
-43.56389,16,4062.6987
-188.255992,72,4062.815838
-2304.635994,1000,4064.520988
-217.53336,90,4064.680846
-347.010454,152,4065.109511
-158.41641,64,4065.239081
-44.50464,15,4065.263777
-404.366181,176,4065.765173
-102.318502,52,4065.915571
-332.816535,167,4066.258002
-2400.555173,1000,4068.094281
-301.805948,138,4068.315313
-150.63843,61,4068.412751
-118.785342,44,4068.483742
-71.958536,29,4068.530911
-338.012662,120,4068.740223
-417.406995,142,4068.966956
-123.582984,44,4069.040713
-105.51923,52,4069.129273
-81.176324,36,4069.186821
-48.358946,17,4069.213108
-73.950526,22,4069.250358
-10.255018,7,4069.260993
-111.624844,45,4069.333453
-213.823048,78,4069.461585
-271.851172,100,4069.642102
-32.220958,11,4069.659565
-2524.551767,1000,4071.33832
-46.049778,19,4071.369933
-136.132226,49,4071.447625
-174.797425,90,4071.598885
-12.832729,7,4071.61222
-98.431548,42,4071.679579
-173.127568,79,4071.808191
-64.86543,41,4071.87435
-151.621859,72,4071.996495
-2527.589398,1000,4075.230819
-75.837166,32,4075.285207
-167.155792,59,4075.367339
-38.672493,15,4075.387738
-184.85526,74,4075.488104
-128.987012,52,4075.560921
-115.654424,67,4075.653519
-127.598641,50,4075.724121
-2296.217668,1000,4077.312252
-94.299861,34,4077.368127
-212.560082,82,4077.501812
-357.406003,154,4077.763386
-12.123013,7,4077.777684
-2289.093576,1000,4079.451209
-556.934677,245,4079.863468
-326.261349,125,4080.076014
-2373.42746,1000,4081.825375
-2305.797958,1000,4083.586843
-1909.07335,767,4084.909417
-2398.790708,1000,4086.62263
-2125.059483,867,4088.10396
-2328.77224,1000,4089.797576
-2511.047531,1000,4095.431587
-2391.727329,1000,4096.677517
-2514.665414,1000,4098.296885
-2609.183514,1000,4099.996582
-2745.039084,1000,4101.714065
-2792.481905,1000,4103.446644
-2671.449978,1000,4105.152346
-2805.532315,1000,4106.918478
-960.312563,367,4107.55858
-2698.161473,1000,4109.407914
-1950.348951,741,4110.662709
-2648.567228,1000,4115.397687
-2694.524062,1000,4116.68516
-2397.39622,904,4118.153374
-2697.170308,1000,4119.935028
-2679.588579,1000,4121.656708
-2691.305533,1000,4123.417922
-2652.977882,1000,4125.142846
-2666.685375,1000,4126.864061
-2733.539066,1000,4128.61269
-2716.161615,1000,4130.345706
-2804.238319,1000,4135.69178
-2789.46391,1000,4136.903497
-2705.818257,1000,4138.311567
-2721.908564,1000,4139.977205
-2821.08449,1000,4141.730421
-2816.533386,1000,4143.537699
-2800.984232,1000,4145.248066
-2808.672091,1000,4146.980699
-2864.775669,1000,4148.715146
-2859.17688,1000,4150.445908
-2821.537595,1000,4155.861037
-2810.714895,1000,4157.000367
-2785.030422,1000,4158.536333
-2741.774501,1000,4160.240057
-2754.348067,1000,4162.014038
-2734.808889,1000,4163.698333
-2759.797934,1000,4165.415715
-2686.216188,1000,4167.134101
-2751.191254,1000,4168.828962
-2630.344894,1000,4170.584347
-2656.625665,1000,4176.882292
-2604.873106,1000,4178.234494
-2646.238443,1000,4179.948438
-2648.13487,1000,4181.702913
-2724.258181,1000,4183.480293
-2649.874467,1000,4185.24397
-2638.978867,1000,4187.042225
-2602.198935,1000,4188.79404
-2568.877493,1000,4190.556903
-2638.782662,1000,4192.224153
-2683.551721,1000,4197.533605
-2544.765202,1000,4198.798254
-2589.82798,1000,4200.48166
-2306.494869,1000,4202.202409
-2214.007685,1000,4203.97209
-2239.656991,1000,4205.715373
-2395.204999,1000,4207.469658
-2024.029851,905,4209.044592
-664.346076,299,4209.56104
-1026.874661,445,4210.343213
-2187.404952,1000,4212.068404
-2052.491123,1000,4213.811807
-2208.153826,1000,4219.387429
-2298.373264,1000,4221.007034
-2168.270161,1000,4222.765895
-794.112324,342,4223.363347
-2284.152206,1000,4225.128766
-2384.615807,1000,4226.864955
-2413.777815,1000,4228.586792
-2441.519283,1000,4230.310122
-253.180951,135,4230.544152
-30.869736,16,4230.571123
-342.480633,142,4230.815825
-159.910306,68,4230.92851
-188.544345,83,4231.083033
-23.839803,11,4231.100979
-90.981181,33,4231.15767
-132.680087,70,4231.278921
-2346.091413,1000,4233.007293
-2477.096744,1000,4234.732932
-20.084323,10,4234.749407
-100.543508,47,4234.823123
-152.111993,60,4234.919376
-214.104094,85,4235.054737
-80.605212,38,4235.116609
-94.400457,43,4235.184031
-51.830165,23,4235.22348
-256.39795,96,4236.508467
-184.892578,73,4236.614702
-104.891576,41,4236.685123
-32.175345,21,4236.711262
-59.938126,28,4236.74511
-392.254949,168,4236.951746
-235.226083,94,4237.078633
-99.009965,42,4237.150218
-157.28601,66,4237.240376
-114.248959,50,4237.309722
-2397.00509,1000,4238.885246
-167.137439,74,4239.008703
-129.950471,64,4239.111314
-52.889202,28,4239.158763
-252.784742,107,4239.333966
-326.316274,123,4239.559596
-12.46992,7,4239.570384
-2375.11097,1000,4241.294999
-118.352318,52,4241.38542
-129.432225,50,4241.468884
-16.105872,11,4241.486473
-127.206803,65,4241.60072
-135.763467,69,4241.71657
-216.074091,129,4241.934247
-74.505731,23,4241.9706
-211.060111,75,4242.109809
-2376.391186,1000,4243.822405
-2467.091716,1000,4245.518608
-2426.588787,1000,4247.239926
-2589.244476,1000,4248.963786
-2442.87212,1000,4250.662754
-81.829078,45,4250.738092
-135.234488,65,4250.848211
-164.961899,64,4250.954488
-49.014848,26,4250.9972
-56.375427,22,4251.035584
-126.148083,68,4251.145534
-34.564675,20,4251.178015
-18.973156,9,4251.19392
-160.565684,78,4251.321538
-62.32863,26,4251.363768
-77.529836,39,4251.430741
-39.462521,36,4251.503267
-182.259832,73,4251.626859
-110.777863,49,4251.708958
-23.414176,9,4251.724974
-2445.706168,1000,4253.655898
-126.43936,65,4253.763908
-88.459201,40,4253.831588
-148.49894,61,4253.930487
-110.10089,54,4254.066651
-80.588354,29,4254.117169
-2444.834782,1000,4256.02659
-136.534751,49,4256.109603
-72.963461,53,4256.213322
-98.928245,44,4256.28776
-167.738929,85,4256.429715
-187.019937,79,4256.565521
-85.557923,41,4256.635199
-136.27085,64,4256.741543
-25.61117,11,4256.759567
-136.05969,72,4256.88054
-2438.243386,1000,4258.609965
-47.753154,19,4258.641016
-55.144777,36,4258.697455
-105.252745,62,4258.808826
-25.742876,33,4258.861307
-94.993829,40,4258.926568
-43.73196,26,4258.971555
-509.98752,230,4259.343194
-85.18164,47,4259.418877
-165.412209,58,4259.513674
-885.638721,371,4260.143429
-44.681054,44,4260.217901
-116.335738,56,4260.307036
-99.937702,58,4260.396874
-195.867194,113,4260.601139
-78.729738,40,4260.665821
-85.407913,38,4260.729948
-70.4589,38,4260.791701
-122.819589,45,4260.86498
-156.146428,108,4261.048452
-50.817181,28,4261.093104
-120.998696,58,4261.188041
-114.676866,36,4261.252108
-42.028748,35,4261.324942
-2459.087186,1000,4263.037842
-50.725461,24,4263.078615
-58.214433,24,4263.118916
-35.085085,27,4263.162548
-114.899644,38,4263.22706
-133.00741,59,4263.324352
-53.597403,18,4263.355652
-53.380452,33,4263.427321
-68.546388,29,4263.500427
-98.559915,34,4263.553203
-352.210312,130,4263.807926
-21.416669,13,4263.829961
-96.184198,46,4263.900642
-96.925262,33,4263.968149
-101.692724,38,4264.025997
-1151.710771,459,4264.765072
-165.660817,61,4264.861882
-76.567403,26,4264.905653
-27.04448,11,4264.922173
-77.645334,33,4264.972773
-144.126766,57,4265.065135
-120.47793,86,4265.20184
-15.806799,14,4265.226264
-161.496922,88,4265.36671
-40.48444,23,4265.40542
-50.368422,19,4265.436125
-23.812404,18,4265.463133
-58.303364,30,4265.511942
-63.110158,28,4265.573751
-124.857216,65,4265.678411
-1358.385819,579,4266.64522
-92.670776,35,4266.705873
-39.648245,19,4266.737071
-435.729646,173,4267.023334
-53.819352,25,4267.063886
-21.086242,16,4267.088825
-151.792718,59,4267.185502
-50.666204,17,4267.23099
-251.014087,133,4267.447485
-28.429782,11,4267.465067
-68.262587,29,4267.511798
-25.088837,10,4267.528226
-234.540143,89,4267.671695
-52.902971,27,4267.713719
-82.625887,47,4267.791115
-99.08053,40,4267.855635
-121.03808,54,4267.943509
-38.200338,20,4267.976174
-113.741419,47,4268.056012
-61.771454,23,4268.096428
-63.618502,26,4268.138663
-76.241429,38,4268.198928
-196.688383,75,4268.322331
-72.111791,37,4268.38452
-41.733932,22,4268.426669
-77.340378,36,4268.663525
-1101.599808,441,4269.398674
-467.474428,185,4269.691975
-35.454206,18,4269.717416
-144.818499,51,4269.801657
-91.698537,32,4269.86752
-145.012013,57,4269.95892
-95.745223,46,4270.03339
-43.123864,21,4270.071372
-113.331958,44,4270.141355
-32.73822,19,4270.173824
-24.467151,10,4270.190222
-113.574328,44,4270.262563
-42.375666,19,4270.294025
-85.624861,34,4270.350005
-62.320647,33,4270.402723
-89.91697,32,4270.457046
-58.809403,29,4270.500929
-52.97412,23,4270.539018
-45.631461,20,4270.571062
-32.264045,18,4270.601898
-32.910632,17,4270.628092
-57.951402,28,4270.675179
-57.915014,25,4271.485495
-63.696548,27,4271.531955
-102.754176,37,4271.59675
-93.546846,47,4271.664357
-53.842317,44,4271.725716
-55.328143,21,4271.753918
-31.067623,33,4271.798982
-105.182844,49,4271.870659
-2416.821409,1000,4273.463008
-80.636285,33,4273.517105
-35.037204,18,4273.544338
-32.646404,18,4273.574862
-43.538119,26,4273.616162
-40.970043,22,4273.745767
-94.45157,38,4273.903085
-106.562494,55,4274.002184
-67.906731,42,4274.083618
-74.376465,34,4274.134961
-17.317856,29,4274.18072
-62.863552,26,4274.220948
-91.005234,35,4274.27789
-125.964137,52,4274.361353
-89.142448,38,4274.419821
-2494.262265,1000,4276.057323
-65.327784,54,4276.145132
-72.295985,44,4276.217083
-2534.076356,1000,4278.192793
-125.157871,37,4278.250669
-39.636319,23,4278.290161
-37.117052,18,4278.321342
-45.109477,22,4278.358808
-153.843597,50,4278.441581
-29.68054,51,4278.536973
-51.38985,23,4278.580353
-32.3461,15,4278.608594
-24.173849,10,4278.625133
-42.956971,17,4278.657935
-69.778585,30,4278.737308
-307.754057,110,4279.032944
-104.437955,36,4279.093295
-136.810117,44,4279.162462
-24.944844,12,4279.183376
-35.794731,18,4279.209852
-148.534015,71,4279.321713
-44.622953,19,4279.352444
-427.35093,195,4279.678602
-100.246869,44,4279.747757
-26.06903,32,4279.797472
-83.354265,43,4279.867614
-34.273551,18,4279.897655
-43.84409,25,4279.936819
-83.555847,39,4279.997218
-112.036444,35,4280.055097
-47.09165,29,4280.102027
-79.669806,31,4280.150834
-79.864153,36,4280.212303
-30.468364,12,4280.230924
-32.991186,18,4280.275743
-69.583243,43,4280.345422
-82.326428,48,4280.426153
-80.11533,26,4280.468015
-88.819411,49,4280.547991
-40.716076,17,4280.575046
-77.188868,32,4280.63002
-42.173014,17,4280.656968
-61.822333,23,4280.695561
-53.753069,28,4280.737928
-1575.53671,642,4281.82258
-16.701908,10,4281.841123
-96.763493,44,4281.920033
-23.715667,21,4281.993121
-23.479356,13,4282.02883
-44.465392,34,4282.111254
-71.392147,42,4282.193299
-133.687375,66,4282.329361
-1893.066087,772,4283.92124
-190.093682,66,4284.095583
-173.515238,74,4284.279805
-63.387326,29,4284.342058
-60.004329,21,4284.384855
-53.751048,65,4284.518716
-1579.500245,666,4285.953183
-25.663349,18,4285.993581
-46.124604,24,4286.043848
-80.277928,35,4286.113217
-83.270764,31,4286.175918
-33.601052,13,4286.202503
-52.767936,29,4286.277085
-63.975752,44,4286.371094
-108.189479,41,4286.453225
-19.298503,16,4286.485787
-33.79122,19,4286.527456
-24.882188,18,4286.566086
-79.734448,46,4286.65635
-57.371078,50,4286.751459
-2574.604191,1000,4288.843005
-53.365198,25,4288.894454
-18.552387,13,4288.923534
-30.502436,19,4288.959182
-25.312226,13,4288.985313
-43.249448,20,4289.026448
-29.031187,13,4289.052112
-39.641703,23,4289.093629
-34.115283,23,4289.140934
-50.647298,22,4289.183527
-64.538913,41,4289.262309
-38.44048,37,4289.357843
-50.929922,36,4289.458044
-15.158206,12,4289.487864
-39.530344,16,4289.530883
-205.616319,77,4289.695595
-64.819094,30,4289.759852
-58.204406,24,4289.811885
-23.928977,13,4289.839496
-146.657057,48,4289.940731
-100.324959,40,4290.026856
-38.803231,17,4290.059662
-58.49967,20,4290.099196
-89.0586,26,4290.15373
-138.574716,69,4290.29034
-101.298288,37,4290.36687
-21.349849,16,4290.400043
-63.777064,32,4290.462692
-44.452295,40,4291.221543
-668.244567,266,4291.643527
-96.257444,33,4291.698545
-106.892772,42,4291.771591
-91.443422,36,4291.831478
-21.522552,10,4291.848606
-26.580189,36,4291.906163
-37.73275,18,4291.93818
-36.246007,35,4292.016219
-47.177682,29,4292.065404
-41.83716,21,4292.104062
-42.610698,19,4292.135579
-23.339002,10,4292.152733
-28.930752,18,4292.185361
-55.135222,26,4292.232346
-46.30249,38,4292.302504
-53.613422,46,4292.38738
-38.268575,16,4292.418953
-1740.808861,750,4293.90211
-97.372292,35,4293.979026
-118.770616,47,4294.073524
-43.434389,17,4294.105971
-11.557691,20,4294.14685
-30.659085,11,4294.166815
-27.286287,11,4294.187743
-80.431209,27,4294.246141
-24.102681,11,4294.266746
-36.578932,15,4294.295293
-33.872571,19,4294.333286
-59.308075,23,4294.376143
-28.420807,11,4294.401175
-61.191098,27,4294.458947
-52.870087,25,4294.508309
-29.490613,20,4294.559795
-111.114255,53,4294.702127
-59.421691,31,4294.769733
-137.943922,42,4294.856134
-2417.510575,1000,4296.936915
-95.504791,38,4297.015294
-41.432918,16,4297.047322
-28.970321,15,4297.090959
-43.445767,18,4297.131597
-48.459366,32,4297.193436
-179.891051,75,4297.340032
-101.999254,37,4297.416146
-109.293051,36,4297.489216
-65.452492,24,4297.534097
-8.636635,11,4297.55839
-26.612643,10,4297.57743
-23.272823,20,4297.613297
-33.334349,24,4297.658482
-31.788841,24,4297.705127
-106.402393,37,4297.780188
-102.249591,49,4297.872767
-30.493492,11,4297.897098
-54.001713,41,4297.979586
-14.292863,12,4298.002817
-16.652273,12,4298.035151
-101.918361,62,4298.1734
-78.159717,33,4298.23722
-44.956632,38,4298.308854
-147.261245,52,4298.407578
-75.864463,30,4298.466866
-65.567874,31,4298.524624
-31.450813,17,4298.554394
-83.430739,29,4298.608668
-23.582267,14,4298.635205
-103.547814,67,4298.770386
-599.883664,256,4299.303149
-67.04559,40,4299.381391
-8.026794,18,4299.417744
-156.698047,44,4299.502014
-88.402733,38,4299.57436
-71.392454,37,4299.648723
-52.274994,23,4299.691537
-20.849305,11,4299.726451
-26.293835,14,4299.756388
-85.21034,22,4299.823341
-8.476751,15,4299.859443
-71.616885,29,4299.925739
-20.562823,13,4299.94973
-102.740656,50,4300.061116
-41.124982,31,4300.121295
-26.159005,12,4300.16362
-34.367408,12,4300.188692
-26.19495,12,4300.217842
-34.613768,14,4300.24382
-23.402437,11,4300.267332
-83.236201,35,4300.33802
-94.905177,69,4300.470701
-30.200935,15,4300.497754
-51.251832,29,4300.557566
-30.787054,13,4300.58521
-19.951426,9,4300.602623
-42.692292,16,4300.63203
-52.493501,38,4300.703359
-54.53723,18,4300.739481
-37.242682,42,4300.818777
-23.139076,13,4300.846261
-117.007417,42,4300.925488
-14.682302,14,4300.952302
-67.965393,26,4301.002549
-59.123935,34,4301.068254
-148.727198,54,4301.191272
-827.393299,358,4301.887779
-217.636041,83,4302.047271
-27.935934,30,4302.104532
-50.270563,41,4302.192317
-140.72324,74,4302.333346
-26.727976,31,4302.393347
-19.857682,13,4302.421054
-180.998839,73,4302.562867
-15.964507,25,4302.607711
-126.553711,50,4302.700561
-12.77781,15,4302.730956
-18.730586,17,4302.762431
-25.828784,23,4302.807711
-60.555828,58,4302.914544
-36.928016,27,4302.974272
-100.858581,31,4303.031132
-28.288585,35,4303.113777
-44.115764,19,4303.153739
-39.364394,23,4303.198047
-74.006394,22,4303.246888
-13.289916,16,4303.276433
-79.56304,41,4303.354793
-32.705337,12,4303.377859
-93.689365,41,4303.462887
-45.711631,27,4303.514715
-139.555239,60,4303.630626
-42.664956,18,4303.669088
-39.072064,22,4303.712474
-55.038347,23,4303.757713
-88.888896,41,4303.836679
-101.326079,34,4303.901913
-56.878455,24,4303.945958
-13.438991,6,4303.961513
-52.943499,26,4304.014982
-55.421813,23,4304.058612
-11.517869,22,4304.10586
-84.682757,46,4304.199763
-44.530063,19,4304.235753
-20.0393,11,4304.255828
-31.447841,27,4304.307943
-44.311725,14,4304.335819
-199.192658,101,4304.532867
-48.281473,18,4304.567531
-18.491715,20,4304.604084
-91.384247,62,4304.717395
-51.313878,23,4304.760314
-29.00942,26,4304.807568
-117.588211,60,4304.944448
-88.47021,35,4305.033553
-35.308184,17,4305.075706
-2450.666776,1000,4307.101352
-33.818923,18,4307.134005
-26.204398,18,4307.182953
-41.643738,19,4307.221441
-32.226893,30,4307.280348
-108.082285,42,4307.360207
-76.277819,62,4307.47481
-31.804935,19,4307.512411
-129.483105,40,4307.588805
-59.83915,26,4307.638944
-61.066675,25,4307.685124
-354.735036,130,4307.936082
-43.071267,21,4307.982001
-943.6225,381,4308.735423
-33.075704,29,4308.791042
-705.548071,312,4309.40452
-407.353141,153,4309.693219
-21.758365,12,4309.715337
-123.986309,51,4309.811371
-146.236346,50,4309.906275
-33.860927,13,4309.932715
-380.63547,140,4310.26585
-22.310639,11,4310.288402
-24.782943,11,4310.309958
-118.212101,42,4310.401237
-67.981573,27,4310.4549
-49.739595,22,4310.493577
-68.885051,24,4310.541204
-54.169931,36,4310.642173
-33.106026,19,4310.683363
-31.010164,14,4310.712174
-76.536927,37,4310.781872
-24.291074,11,4310.808026
-43.018223,29,4310.858346
-17.714979,8,4310.87723
-92.478767,47,4310.967425
-31.115114,26,4311.022153
-32.581699,21,4311.059563
-28.965196,10,4311.07845
-96.832163,52,4311.448385
-47.093755,24,4311.494941
-24.145635,13,4311.519674
-20.77202,22,4311.55704
-78.272621,24,4311.60294
-55.523369,21,4311.639791
-683.890624,265,4312.113209
-116.971075,44,4312.192133
-49.488748,26,4312.24136
-87.962328,32,4312.298568
-28.550767,19,4312.351354
-29.728525,31,4312.413195
-35.200484,16,4312.446776
-65.166972,25,4312.49655
-60.890135,28,4312.546993
-72.121828,28,4312.601696
-18.477122,11,4312.621495
-40.172856,28,4312.675455
-97.263498,59,4312.786558
-42.975807,23,4312.834477
-79.734612,37,4312.901944
-83.123402,32,4312.965455
-32.75357,15,4312.995699
-78.042777,38,4313.070491
-28.989928,15,4313.099565
-66.525609,33,4313.164063
-99.079301,41,4313.242491
-40.559467,21,4313.282191
-67.122929,34,4313.367854
-20.953701,10,4313.387467
-62.960092,31,4313.449484
-132.669929,47,4313.539963
-37.133574,22,4313.581001
-70.140752,47,4313.671084
-22.7706,14,4313.695121
-44.016039,16,4313.728121
-102.702314,49,4313.817751
-37.308475,21,4313.862326
-60.495284,34,4313.926201
-25.24216,10,4313.944883
-182.137569,75,4314.08884
-109.545348,44,4314.17645
-167.584983,69,4314.324049
-25.754125,21,4314.36834
-31.750359,24,4314.420816
-83.52662,45,4314.507887
-49.834697,24,4314.55408
-27.966162,14,4314.583211
-164.22721,44,4314.667006
-24.598995,20,4314.705268
-67.744279,23,4314.750342
-50.923183,25,4314.799858
-1809.695258,719,4316.317581
-69.085371,28,4316.371609
-30.794963,13,4316.41761
-39.783881,18,4316.455143
-27.348263,24,4316.499121
-44.750364,26,4316.552326
-48.899525,20,4316.593313
-27.344534,16,4316.62375
-79.41724,27,4316.675788
-22.880252,14,4316.703557
-38.650726,26,4316.753444
-23.477178,11,4316.774504
-64.355945,24,4316.822008
-108.40582,42,4316.903685
-81.256757,44,4316.987412
-70.103632,36,4317.062497
-122.367943,43,4317.144756
-26.823551,15,4317.172189
-41.607298,20,4317.211333
-53.30721,34,4317.279202
-56.611465,21,4317.317951
-131.02302,63,4317.462909
-43.020833,21,4317.506256
-138.548877,57,4317.616625
-66.751214,22,4317.662988
-106.909963,56,4317.77507
-47.702913,39,4317.848802
-16.708406,11,4317.869344
-11.42967,14,4317.897208
-73.448505,34,4317.966216
-22.152907,13,4317.99077
-65.201446,48,4318.087831
-112.666437,54,4318.194782
-49.185155,24,4318.24145
-80.493339,30,4318.297112
-13.318965,10,4318.317244
-54.275652,26,4318.368208
-150.328884,69,4318.524312
-63.701796,22,4318.56964
-24.900428,27,4318.622764
-16.622394,12,4318.651253
-18.206979,31,4318.712386
-45.401323,37,4318.78623
-16.49749,12,4318.810107
-16.158693,16,4318.839287
-35.451971,20,4318.877252
-730.31573,303,4319.478776
-54.443919,30,4319.53917
-46.383021,33,4319.603505
-26.140293,18,4319.638013
-2320.945038,1000,4321.766872
-27.877386,15,4321.798547
-29.925589,17,4321.82971
-13.390854,10,4321.850511
-2342.010162,1000,4323.902682
-98.899118,60,4324.019811
-61.614401,35,4324.086778
-242.285974,98,4324.276908
-218.741112,92,4324.459365
-14.593787,13,4324.485553
-28.293275,21,4324.525779
-207.281203,86,4324.710139
-65.308813,37,4324.779639
-186.071072,90,4324.95166
-64.890101,34,4325.020838
-26.812593,18,4325.056847
-24.336597,19,4325.094649
-42.831949,21,4325.139366
-70.266842,32,4325.205075
-45.14562,31,4325.265646
-33.192633,25,4325.317921
-78.782316,51,4325.426177
-73.354654,26,4325.477678
-14.875987,13,4325.502362
-57.994456,29,4325.557335
-49.729639,17,4325.625008
-15.974814,8,4325.643948
-46.750774,33,4325.732566
-14.267941,15,4325.768285
-21.042835,9,4325.787782
-52.967245,31,4325.851431
-66.348595,32,4325.920956
-102.855614,46,4326.014826
-211.419319,104,4326.22653
-17.460379,13,4326.256385
-56.066083,34,4326.32381
-25.747768,9,4326.339567
-19.702775,11,4326.364288
-28.846238,11,4326.386961
-22.887692,23,4326.432942
-23.160565,13,4326.459455
-30.23167,12,4326.481827
-261.212418,103,4326.699124
-29.030047,26,4326.751474
-2350.111745,1000,4328.762595
-260.556212,85,4328.92719
-393.834981,153,4329.223138
-69.38394,35,4329.288215
-58.116294,22,4329.329554
-21.164149,10,4329.348242
-2489.396943,1000,4331.427097
-33.850672,21,4331.468781
-111.472817,55,4331.577121
-134.051865,46,4331.669566
-29.474735,11,4331.689268
-49.315071,19,4331.864776
-37.275373,17,4331.901225
-22.782095,21,4331.942889
-112.739592,37,4332.016758
-81.199604,39,4332.090386
-28.574708,15,4332.12169
-26.557418,15,4332.151371
-48.202927,31,4332.214277
-90.722416,33,4332.274854
-158.947296,70,4332.418771
-39.326065,18,4332.457147
-46.888863,16,4332.4884
-62.795267,31,4332.551109
-33.03023,15,4332.58026
-55.330162,31,4332.642507
-76.842351,38,4332.718907
-36.203689,23,4332.765873
-24.905022,13,4332.78861
-84.819169,31,4332.847217
-2443.092251,1000,4334.8668
-30.374004,14,4334.912767
-99.008352,43,4334.999896
-59.562647,34,4335.06845
-78.633836,43,4335.155871
-57.479016,28,4335.220447
-79.629413,40,4335.305181
-24.261644,14,4335.334664
-96.548128,60,4335.457334
-68.796764,21,4335.497339
-16.193925,9,4335.516834
-19.096003,15,4335.546485
-217.449223,74,4335.692205
-30.39681,13,4335.719195
-260.033637,95,4335.909785
-37.961065,23,4335.974219
-44.496383,18,4336.017523
-79.906428,31,4336.102977
-26.189494,19,4336.147466
-15.218685,17,4336.184763
-52.052105,27,4336.246162
-222.942224,91,4336.432072
-21.021397,12,4336.458596
-20.672716,12,4336.481179
-74.039343,32,4336.545831
-19.040936,14,4336.580643
-21.138426,9,4336.601045
-18.601207,11,4336.622016
-53.567128,28,4336.678656
-45.444659,24,4336.725517
-41.960227,26,4336.776528
-64.59023,26,4336.831141
-58.878316,21,4336.869713
-36.349443,24,4336.917978
-174.927433,80,4337.082871
-24.123359,27,4337.13463
-34.220642,14,4337.163975
-21.255515,18,4337.203164
-143.972285,65,4337.333408
-2317.580444,1000,4339.382641
-18.724385,15,4339.417031
-40.837788,29,4339.478148
-58.622287,61,4339.598672
-27.80036,19,4339.636341
-32.545548,14,4339.688328
-20.071762,12,4339.717334
-18.213373,13,4339.741557
-46.852701,23,4339.789718
-16.984583,21,4339.834
-1396.74409,591,4341.074383
-17.878178,9,4341.093991
-33.589131,23,4341.166342
-27.604105,24,4341.232911
-412.147507,185,4341.646844
-25.867536,16,4341.678015
-14.380453,8,4341.691506
-17.229217,9,4341.709801
-113.533674,64,4341.847214
-22.441638,22,4341.891028
-64.529089,33,4341.960886
-30.469197,12,4341.985372
-177.733113,61,4342.108514
-33.548806,18,4342.143461
-13.826033,7,4342.1599
-20.155153,14,4342.185705
-18.02364,9,4342.203929
-15.084661,15,4342.235487
-18.835477,9,4342.269397
-41.855515,19,4342.308834
-14.206384,9,4342.327878
-49.401389,33,4342.392241
-135.137426,81,4342.557841
-15.740369,9,4342.575492
-58.490468,27,4342.630363
-18.40789,11,4342.651625
-19.142547,9,4342.668918
-87.502284,39,4342.742527
-203.824005,89,4342.918243
-17.669678,18,4342.954155
-15.328976,12,4342.978692
-63.442731,26,4343.031923
-354.883853,171,4343.386619
-21.044698,12,4343.408516
-31.131263,22,4343.45126
-47.353571,23,4343.498735
-46.596422,44,4343.583831
-46.785418,29,4343.643814
-62.198462,55,4343.752142
-1255.777667,514,4344.768521
-167.469425,62,4344.889795
-72.618383,28,4344.942871
-63.538952,28,4344.996963
-9.590635,15,4345.030135
-47.334114,37,4345.104166
-44.966041,25,4345.153338
-47.83626,27,4345.208964
-45.933297,27,4345.279607
-17.542501,10,4345.301699
-39.372176,20,4345.340026
-17.694173,12,4345.367351
-19.275347,11,4345.387862
-118.013877,42,4345.468395
-22.748354,13,4345.494251
-15.496784,9,4345.511127
-32.984382,16,4345.541018
-49.34679,40,4345.617143
-5.347958,31,4345.673995
-17.606008,11,4345.693921
-31.833562,31,4345.753169
-19.204075,10,4345.773398
-197.809558,59,4345.891766
-18.082595,10,4345.910475
-39.028097,37,4345.982205
-119.96851,80,4346.138967
-9.955948,20,4346.179022
-2221.569739,1000,4348.297746
-75.485595,32,4348.371716
-54.538698,29,4348.433874
-24.930918,15,4348.464968
-25.213397,19,4348.502688
-79.672981,39,4348.575963
-2273.799559,1000,4350.579342
-16.731234,6,4350.593596
-46.122341,22,4350.634897
-28.090585,23,4350.68045
-32.143651,20,4350.71526
-80.344784,27,4350.764691
-30.328319,13,4350.790735
-20.960551,13,4350.813169
-18.201198,9,4350.830516
-45.274291,32,4350.88935
-224.776038,93,4351.079057
-2205.378979,1000,4353.356026
-89.032962,39,4353.429681
-73.426964,31,4353.485724
-136.606466,57,4353.590881
-54.336635,31,4353.677289
-24.852246,14,4353.705404
-77.734681,37,4353.777402
-15.043454,8,4353.791203
-2152.429827,1000,4355.736824
-69.604174,28,4355.790152
-123.62214,47,4355.875647
-462.974036,203,4356.263342
-109.727333,67,4356.38357
-50.916719,34,4356.4481
-198.800168,103,4356.671842
-105.755116,34,4356.762881
-2406.321195,1000,4358.769818
-76.389034,31,4358.831499
-2303.589724,1000,4360.81035
-195.73868,69,4360.939767
-98.444662,53,4361.039762
-39.331796,19,4361.07601
-50.680563,18,4361.111191
-509.692772,202,4361.48622
-64.634672,29,4361.55864
-79.521716,42,4361.642277
-135.805831,66,4361.767823
-65.717438,23,4361.813138
-2343.978123,1000,4363.846388
-104.50271,54,4363.951431
-39.30784,22,4363.991075
-74.961763,34,4364.056237
-118.360399,52,4364.153045
-194.316678,95,4364.331232
-117.840698,52,4364.432378
-129.597764,53,4364.546136
-74.572912,32,4364.609658
-212.014482,78,4364.756191
-58.987743,23,4364.80246
-153.862307,63,4364.920206
-18.423435,9,4364.934425
-218.326528,93,4365.114922
-38.776819,15,4365.14263
-68.507303,30,4365.196819
-93.82355,42,4365.275252
-79.77644,36,4365.343809
-54.698124,35,4365.41102
-77.639407,32,4365.469034
-25.482566,10,4365.504172
-128.749084,40,4365.582911
-84.584511,30,4365.638934
-133.564473,33,4365.70348
-116.37998,43,4365.782295
-78.761037,34,4365.848414
-2391.428642,1000,4367.908868
-59.145512,21,4367.949008
-2306.632265,1000,4369.902777
-490.412375,262,4370.391905
-166.504666,61,4370.523838
-95.889557,34,4370.590553
-87.329138,42,4370.667263
-82.067875,36,4370.730898
-132.118067,63,4370.853058
-478.494424,227,4371.284027
-2371.452879,1000,4374.709127
-137.315783,61,4374.800807
-138.381256,43,4374.87815
-238.210292,116,4375.07228
-45.55616,16,4375.097486
-64.96518,20,4375.131995
-233.641649,105,4375.316059
-1316.976482,565,4376.388279
-137.18155,103,4376.592016
-52.839857,20,4376.631052
-2349.171109,1000,4378.745171
-190.633631,68,4378.891149
-2323.096651,1000,4380.891331
-49.537543,25,4380.938632
-85.036081,24,4380.984415
-57.341809,30,4381.043852
-2416.981551,1000,4383.186126
-117.432208,39,4383.274032
-78.78005,31,4383.334512
-83.989399,34,4383.410089
-118.201672,42,4383.495924
-73.95756,32,4383.55664
-2332.993359,1000,4385.579496
-77.3509,25,4385.625908
-2823.494501,1000,4387.617804
-2249.350908,1000,4389.68296
-85.541993,24,4389.729147
-40.754794,13,4389.75121
-38.880937,17,4389.787128
-129.180713,52,4389.886001
-316.145478,120,4390.136425
-1824.687303,756,4391.653236
-2302.314771,1000,4393.780833
-51.648368,30,4393.838506
-109.222681,43,4393.925594
-2273.117997,1000,4397.161731
-2087.353079,1000,4399.263762
-18.606173,8,4399.282194
-2044.702658,1000,4401.316954
-84.637008,47,4401.411567
-419.351839,194,4401.827681
-16.720659,12,4401.85045
-1267.773047,570,4402.999776
-2357.039383,1000,4405.082465
-2389.539196,1000,4407.092917
-153.762066,59,4407.210739
-2394.459426,1000,4409.273771
-26.223429,16,4409.305005
-41.003382,20,4409.343497
-102.203212,54,4409.45068
-2343.39863,1000,4411.436979
-79.864192,65,4411.567734
-32.556544,13,4411.6002
-26.741712,13,4411.622505
-2387.007229,1000,4413.640195
-68.103956,33,4413.727158
-2303.662528,1000,4415.789574
-124.87619,58,4416.44938
-163.326401,73,4416.564001
-2285.557942,1000,4418.421839
-136.651103,56,4418.531406
-2267.573938,1000,4420.627046
-111.894582,50,4420.725538
-2310.895673,1000,4422.745218
-2147.799589,1000,4424.872676
-117.15362,52,4424.980641
-61.514941,20,4425.018737
-2037.553767,1000,4427.046499
-2120.34001,1000,4429.048571
-85.234497,30,4429.120342
-2215.607954,1000,4431.223111
-172.325759,88,4431.397612
-32.614251,14,4431.426234
-2327.148237,1000,4433.446056
-43.704931,22,4433.485852
-62.301003,37,4433.560386
-58.971083,33,4433.640029
-72.166112,33,4433.705766
-154.402232,65,4433.827735
-15.930051,10,4433.846961
-54.048313,23,4433.891181
-2359.735819,1000,4435.990281
-178.151127,92,4436.162776
-2244.024295,1000,4438.81858
-96.397657,38,4438.887684
-2300.022975,1000,4440.911498
-63.814173,30,4440.968425
-22.388162,10,4440.988589
-118.101177,53,4441.093994
-18.271594,10,4441.117143
-17.684028,9,4441.140889
-137.017678,66,4441.272263
-18.493756,9,4441.29252
-32.892451,12,4441.318291
-23.888008,11,4441.343206
-22.339642,10,4441.38248
-21.793367,10,4441.403268
-15.458789,10,4441.423998
-52.772178,20,4441.465796
-29.265414,15,4441.494392
-48.106897,34,4441.560449
-18.942803,10,4441.582267
-18.545674,9,4441.60347
-14.115635,9,4441.621925
-193.82315,114,4441.847459
-16.277156,8,4441.861894
-21.176311,11,4441.886364
-16.962234,10,4441.905605
-16.771753,9,4441.920574
-21.041773,10,4441.939672
-111.757284,37,4442.012758
-93.694186,55,4442.123048
-144.203723,60,4442.23915
-36.6195,21,4442.277909
-27.286832,13,4442.30283
-57.687572,28,4442.354171
-66.573181,45,4442.455715
-217.200738,90,4442.637537
-37.029343,17,4442.673476
-25.708844,10,4442.693139
-53.069218,26,4442.744707
-19.664178,9,4442.762953
-62.315898,34,4442.825521
-43.601151,18,4442.860725
-92.114782,35,4442.929344
-322.614862,158,4443.241623
-16.108925,7,4443.254095
-98.972984,65,4443.400897
-27.225232,17,4443.433269
-31.640843,30,4443.4911
-24.30653,11,4443.515675
-17.938317,14,4443.539093
-23.795791,11,4443.563931
-29.332769,16,4443.592542
-60.731637,33,4443.651872
-24.489522,13,4443.678195
-26.867106,11,4443.700022
-59.947309,33,4443.766238
-20.515429,9,4443.783976
-75.818558,25,4443.831133
-15.904352,10,4443.854475
-19.501325,10,4443.876525
-14.0546,12,4443.902625
-68.570101,29,4443.963279
-91.649151,37,4444.0312
-115.543177,53,4444.132727
-18.448444,10,4444.152722
-55.768444,43,4444.237407
-10.942602,12,4444.261974
-234.182333,108,4444.490387
-20.337476,9,4444.508588
-189.199502,73,4444.668988
-2396.126587,1000,4446.705807
-35.880708,15,4446.734673
-17.695681,8,4446.747001
-33.770413,11,4446.772735
-163.656537,73,4446.913122
-32.850382,19,4446.950711
-193.613025,76,4447.097522
-27.337029,10,4447.116642
-117.68137,53,4447.220536
-166.407106,65,4447.346074
-130.872889,43,4447.44522
-55.06189,49,4447.542637
-20.695156,10,4447.561165
-12.86094,10,4447.579406
-163.26734,76,4447.724842
-15.843997,9,4447.741862
-157.637999,60,4447.854982
-20.641368,10,4447.873556
-30.659972,21,4447.911962
-2421.343162,1000,4449.878954
-18.238611,10,4449.903331
-20.696002,9,4449.929182
-136.606204,75,4450.086141
-79.020238,26,4450.134304
-101.953286,56,4450.253692
-57.86638,31,4450.313371
-65.816046,30,4450.373717
-70.807373,34,4450.469112
-162.618455,74,4450.617184
-20.24531,11,4450.640924
-71.957268,34,4450.705549
-17.996752,10,4450.725572
-307.416646,128,4450.976565
-28.57701,13,4451.036771
-186.90265,74,4451.178341
-166.887731,83,4451.340722
-142.961096,67,4451.491166
-33.356472,17,4451.52669
-26.67383,13,4451.55054
-28.428991,11,4451.575674
-24.048549,20,4451.617051
-16.269795,9,4451.633224
-21.000624,11,4451.657672
-303.492207,171,4451.98753
-147.34677,48,4452.078285
-34.167842,16,4452.111972
-72.255316,26,4452.161283
-70.781815,34,4452.226992
-28.170124,12,4452.250341
-61.690792,24,4452.298057
-48.452712,23,4452.338515
-98.446727,37,4452.408473
-221.438576,83,4452.588599
-107.3262,29,4452.644527
-15.470876,9,4452.661704
-29.684437,15,4452.691877
-79.523026,23,4452.7373
-59.914584,32,4452.797284
-44.204866,19,4452.833648
-41.781639,24,4452.880269
-50.829304,19,4452.914144
-37.962141,18,4452.952303
-30.412315,18,4452.988785
-14.126768,10,4453.008149
-45.725667,24,4453.05138
-67.769397,25,4453.100242
-18.442681,12,4453.126081
-131.266163,57,4453.238091
-15.51368,12,4453.263645
-18.676963,10,4453.285661
-34.069817,20,4453.323213
-81.989672,26,4453.371361
-16.087319,10,4453.390151
-31.427192,15,4453.425786
-15.279298,10,4453.44808
-21.481504,10,4453.46748
-177.229793,70,4453.600919
-168.079062,73,4453.736128
-206.045069,75,4453.876869
-276.123333,122,4454.112191
-22.511915,12,4454.132523
-238.136555,87,4454.296344
-88.245158,35,4454.379049
-115.181965,43,4454.460735
-83.180873,34,4454.527009
-79.325408,37,4454.597446
-144.620962,64,4454.716253
-208.596797,100,4454.909462
-42.051598,21,4454.949447
-68.928791,37,4455.051054
-39.102587,17,4455.090818
-73.987748,35,4455.169539
-43.957255,21,4455.214026
-71.138329,24,4455.265239
-60.991853,23,4455.312397
-37.18347,21,4455.353731
-2402.392283,1000,4457.354364
-54.877793,26,4457.599853
-441.057836,183,4457.951722
-48.653126,19,4457.990519
-260.166587,91,4458.169177
-25.464768,15,4458.209812
-209.454339,76,4458.366881
-36.218386,17,4458.396926
-107.30172,63,4458.526324
-30.063687,18,4458.563194
-19.418329,19,4458.613238
-11.75393,8,4458.632048
-75.375637,35,4458.70263
-18.688115,9,4458.725492
-26.988343,11,4458.752904
-197.129949,129,4459.031502
-20.546508,10,4459.05192
-159.026063,82,4459.225738
-27.664266,20,4459.271808
-2327.321599,1000,4461.369046
-36.593603,11,4461.390228
-119.207253,60,4461.503685
-38.525085,24,4461.549411
-63.231939,38,4461.631539
-268.83264,111,4461.859482
-96.003038,56,4461.966567
-46.08318,35,4462.031382
-220.789341,87,4462.200623
-44.320476,26,4462.253506
-169.172007,91,4462.421289
-16.540691,8,4462.437812
-18.399731,9,4462.452416
-19.164503,10,4462.470782
-198.199142,111,4462.683747
-258.724962,104,4462.898486
-19.310528,9,4462.916835
-2242.800666,1000,4464.871095
-18.830598,8,4464.889007
-107.08704,30,4464.947088
-18.886029,10,4464.964684
-51.614909,23,4465.006969
-2334.813809,1000,4467.04552
-129.093655,65,4467.169054
-94.44681,45,4467.257815
-55.90307,21,4467.301253
-18.448155,8,4467.314495
-95.351582,37,4467.385329
-26.565005,12,4467.405754
-192.869054,86,4467.568968
-110.178665,40,4467.645552
-122.512413,46,4467.749721
-2324.942043,1000,4469.697747
-340.626926,127,4469.937711
-36.719116,19,4469.972908
-168.430843,64,4470.091567
-144.031377,57,4470.199107
-21.046502,9,4470.217047
-23.597248,9,4470.231144
-119.929578,44,4470.317375
-20.447248,10,4470.33708
-32.917062,13,4470.364371
-125.880316,58,4470.483846
-47.6292,34,4470.574535
-19.211032,9,4470.596836
-106.748023,33,4470.691469
-151.435583,70,4470.836137
-64.173524,24,4470.879572
-28.134631,10,4470.899391
-23.601727,11,4470.926602
-84.912752,49,4471.02006
-2406.957994,1000,4472.987505
-77.558908,35,4473.054293
-246.767198,105,4473.253328
-200.174685,64,4473.377392
-123.831855,35,4473.444822
-89.560419,35,4473.510693
-28.738247,16,4473.540465
-36.806175,15,4473.567654
-197.290067,61,4473.706421
-140.099055,52,4473.805883
-249.000158,89,4473.993079
-89.604716,29,4474.052428
-2111.900375,1000,4476.096621
-20.872213,9,4476.113033
-104.315804,49,4476.206723
-66.123718,37,4476.281246
-23.368271,11,4476.302265
-453.643302,196,4476.691297
-65.790616,29,4476.74809
-2537.642204,1000,4478.939555
-33.111544,12,4478.964247
-222.914538,71,4479.102951
-166.695099,62,4479.229052
-30.471987,19,4479.265717
-82.963538,31,4479.326335
-121.854088,44,4479.411331
-248.537582,97,4479.590676
-30.047237,12,4479.613153
-42.491905,16,4479.646478
-131.440885,44,4479.726427
-43.837781,18,4479.761467
-308.495064,97,4479.950028
-138.08986,43,4480.031689
-32.184966,11,4480.051696
-132.22922,38,4480.125817
-88.392242,38,4480.19508
-57.599921,24,4480.241322
-178.522541,52,4480.345115
-110.545636,43,4480.422195
-154.937944,60,4480.532278
-335.757249,109,4480.748984
-126.546446,43,4480.857201
-152.088181,54,4480.989712
-207.583461,85,4481.170776
-188.841604,82,4481.333186
-356.772266,160,4481.644935
-135.027927,56,4481.757518
-100.928191,50,4481.863488
-219.650679,81,4482.021643
-142.663778,62,4482.143987
-29.330462,14,4482.168155
-116.315175,50,4482.266468
-47.727162,19,4482.304066
-2527.338467,1000,4484.263102
-59.348099,23,4484.308558
-319.455078,127,4484.543828
-37.082247,14,4484.571588
-202.190602,76,4484.713354
-112.942305,48,4484.827469
-2450.033275,1000,4486.849143
-114.563168,31,4486.908001
-167.817246,77,4487.054909
-79.642682,30,4487.112311
-43.92602,18,4487.150201
-38.098528,18,4487.186899
-193.826031,71,4487.320369
-2537.618956,1000,4489.289815
-47.040459,18,4489.320907
-22.502609,10,4489.341144
-246.391545,90,4489.509298
-124.680782,30,4489.567529
-22.974372,10,4489.58591
-2553.851918,1000,4491.603585
-86.08064,36,4491.67754
-99.457672,43,4491.774377
-103.598672,47,4491.872967
-324.881227,123,4492.107316
-114.540048,41,4492.185316
-31.217025,18,4492.219681
-144.257645,48,4492.312963
-20.472075,8,4492.32694
-32.726635,11,4492.346946
-465.691037,168,4492.672947
-41.069016,21,4492.711128
-298.974796,113,4492.946664
-56.055893,24,4492.994158
-18.501858,9,4493.009111
-22.001758,9,4493.026962
-127.632159,49,4493.118382
-20.351474,9,4493.138122
-110.919037,44,4493.223925
-58.737552,20,4493.261532
-40.568974,23,4493.301974
-72.105625,29,4493.35791
-2484.879577,1000,4495.306464
-148.792958,53,4495.405363
-54.421393,26,4495.452308
-150.930203,73,4495.582125
-221.866215,90,4495.77832
-28.616413,10,4495.79711
-25.773511,10,4495.816251
-27.066593,10,4495.835268
-57.554996,23,4495.880865
-44.592664,17,4495.913269
-57.046744,21,4495.955641
-2603.174659,1000,4498.387408
-34.452914,16,4498.41525
-2517.665237,1000,4500.299127
-45.378256,17,4500.331537
-98.425443,72,4500.473516
-106.000148,45,4500.557805
-23.136433,9,4500.570564
-28.645094,12,4500.593089
-93.443395,42,4500.670345
-18.47174,9,4500.688935
-47.225296,20,4500.727492
-93.948097,32,4500.783971
-147.953893,51,4500.885911
-134.904687,46,4500.991662
-2528.478334,1000,4503.153126
-415.006919,161,4503.467783
-32.429479,15,4503.496598
-61.073145,20,4503.535119
-92.977049,29,4503.594584
-146.632042,53,4503.692841
-21.743695,9,4503.711981
-230.249234,70,4503.851752
-87.473808,26,4503.901205
-83.102551,34,4503.966698
-24.932847,12,4503.992706
-64.169721,23,4504.041495
-61.637516,22,4504.10843
-422.464144,158,4504.411989
-57.631134,26,4504.462445
-37.224039,16,4504.496558
-98.619587,44,4504.580309
-21.554445,8,4504.59768
-90.312573,37,4504.66675
-61.002307,27,4504.720538
-95.994913,38,4504.788111
-96.994096,42,4504.869614
-132.329599,49,4504.965508
-2545.019245,1000,4507.017422
-38.341195,14,4507.042618
-194.195698,62,4507.176272
-22.620451,9,4507.195337
-75.455663,42,4507.279909
-2563.545594,1000,4509.328583
-17.837295,9,4509.348884
-15.282828,7,4509.361191
-143.387046,49,4509.464788
-24.49381,10,4509.484686
-22.964283,9,4509.502196
-41.452374,21,4509.547528
-29.3463,11,4509.568501
-19.862028,9,4509.587388
-54.39714,25,4509.634747
-68.201186,28,4509.689461
-94.573967,25,4509.737345
-81.078321,53,4509.837703
-20.247665,8,4509.854508
-45.865852,25,4509.900259
-28.936257,11,4509.923799
-57.443153,23,4509.968991
-26.892818,10,4509.99021
-85.235825,36,4510.059074
-56.199768,20,4510.097003
-128.103484,43,4510.192466
-1821.804371,706,4511.617371
-2538.517694,1000,4513.69894
-23.517869,10,4513.718607
-25.563625,10,4513.738091
-95.674279,32,4513.79846
-41.125271,20,4513.837972
-215.681434,75,4513.986017
-2537.807286,1000,4515.967746
-186.050122,66,4516.097715
-37.285025,17,4516.141602
-35.636882,18,4516.175168
-48.170341,21,4516.212921
-49.04032,15,4516.24165
-45.381683,13,4516.286027
-62.10083,27,4516.338662
-99.296972,50,4516.440929
-88.455062,45,4516.568557
-44.430193,15,4516.617871
-39.075814,20,4516.676015
-63.897276,30,4516.751969
-74.526815,31,4516.842289
-45.635806,14,4516.880706
-22.253573,10,4516.908192
-156.854358,44,4517.018598
-23.229936,9,4517.046792
-15.730915,8,4517.07269
-33.947792,11,4517.102938
-20.750878,8,4517.123134
-110.239846,49,4517.241461
-23.790647,9,4517.261921
-22.417845,9,4517.284202
-23.199671,10,4517.307149
-87.51807,39,4517.392908
-36.14221,12,4517.415458
-108.706297,33,4517.485173
-37.103354,13,4517.516419
-79.183572,27,4517.578713
-80.625,27,4517.633391
-65.165626,26,4517.685267
-55.591733,22,4517.731703
-48.06576,16,4517.761384
-41.793152,17,4517.795046
-88.773572,23,4517.842118
-17.889119,9,4517.862199
-19.468472,10,4517.883425
-39.478778,19,4517.919554
-76.977235,41,4518.0038
-74.793892,26,4518.054133
-97.563652,39,4518.133627
-59.104119,22,4518.177954
-114.497491,43,4518.264954
-110.026921,39,4518.340783
-231.64582,80,4518.499488
-18.960423,9,4518.627256
-67.743101,35,4518.703346
-21.904294,8,4518.722254
-41.743692,22,4518.763528
-20.949643,8,4518.78065
-35.234233,13,4518.803947
-60.675842,28,4518.860512
-25.025018,9,4518.878759
-66.852798,25,4518.929948
-92.816358,51,4519.028101
-196.710476,55,4519.133136
-8.03553,29,4519.186556
-36.782653,31,4519.248141
-58.201997,18,4519.287958
-24.543562,9,4519.303332
-46.155869,17,4519.341441
-83.312068,45,4519.429954
-19.213185,9,4519.449679
-57.626788,18,4519.483902
-20.824191,8,4519.503016
-28.200015,11,4519.526177
-23.086859,8,4519.544928
-14.932389,8,4519.55864
-165.956603,62,4519.697671
-44.704541,13,4519.722251
-48.302095,18,4519.758442
-24.533442,9,4519.776982
-59.516416,26,4519.827175
-135.091975,42,4519.90774
-20.686969,9,4519.926466
-81.472929,24,4519.97407
-29.01698,10,4519.996523
-150.137399,63,4520.118268
-30.212229,11,4520.142449
-33.187543,14,4520.168545
-72.135909,26,4520.224113
-22.061836,9,4520.239922
-2533.58854,1000,4522.241762
-30.243726,15,4522.284534
-22.791264,10,4522.310989
-25.437027,12,4522.3461
-20.343894,9,4522.366146
-28.435181,15,4522.396232
-33.667077,11,4522.416589
-25.615463,9,4522.435057
-57.52248,22,4522.483117
-77.109715,39,4522.571646
-137.060578,61,4522.73218
-28.734906,10,4522.753644
-33.07314,12,4522.778328
-46.113687,16,4522.817178
-33.879719,12,4522.84121
-61.195824,23,4522.887197
-75.987523,24,4522.934525
-100.96688,35,4523.011106
-2559.018837,1000,4525.503678
-26.67162,9,4525.524622
-24.658481,9,4525.544555
-85.8912,29,4525.605259
-48.749754,19,4525.646666
-37.970044,15,4525.690835
-28.675552,10,4525.713277
-19.56529,8,4525.730484
-23.665126,10,4525.758768
-34.442758,11,4525.787689
-35.162732,12,4525.815387
-191.040619,70,4525.956644
-28.834826,16,4525.988756
-57.875214,24,4526.030678
-21.520267,9,4526.046912
-70.472393,20,4526.081494
-18.975167,8,4526.093392
-47.594982,17,4526.123973
-138.987465,53,4526.204568
-2570.773173,1000,4528.29193
-23.245634,8,4528.312936
-27.415086,9,4528.360063
-25.095428,9,4528.384781
-31.583532,10,4528.408533
-26.212129,10,4528.440876
-40.831222,15,4528.472702
-103.983176,34,4528.535185
-20.899529,8,4528.549943
-79.154118,27,4528.591145
-248.226597,108,4528.822854
-25.293154,9,4528.842712
-42.90625,16,4528.875096
-34.027068,12,4528.898356
-34.071195,12,4528.925408
-61.136174,21,4528.959239
-63.553252,17,4528.982363
-21.100298,8,4528.994029
-38.440953,22,4529.022516
-31.150618,13,4529.041345
-20.861236,8,4529.050818
-84.110376,39,4529.105651
-74.660049,30,4529.148642
-66.492673,24,4529.182657
-33.888719,10,4529.196395
-20.575134,9,4529.20926
-49.732748,33,4529.27061
-323.208694,127,4529.462076
-222.801701,73,4529.577497
-22.667354,9,4529.593096
-138.598561,44,4529.699251
-107.822622,41,4529.790992
-29.272912,11,4529.818052
-48.402622,18,4529.857083
-19.711933,8,4529.871505
-30.363508,15,4529.894046
-44.06967,17,4529.930957
-22.535522,10,4529.957081
-35.504863,12,4529.978749
-36.610685,14,4530.002844
-47.311153,26,4530.053793
-234.491065,100,4530.295106
-25.678171,9,4530.310406
-53.130593,19,4530.340119
-22.077041,9,4530.354779
-90.457043,34,4530.409528
-29.484997,10,4530.425607
-51.176293,14,4530.447722
-155.524952,50,4530.564745
-56.36619,29,4530.771008
-26.578799,10,4530.801815
-72.700721,25,4530.875145
-20.001157,9,4530.89615
-21.993278,9,4530.926121
-22.683849,9,4530.949967
-154.600282,75,4531.114707
-23.522719,12,4531.13326
-21.878531,9,4531.148515
-82.540674,32,4531.201388
-32.980091,10,4531.221752
-83.131312,44,4531.307883
-31.106759,13,4531.338466
-17.209064,8,4531.352808
-43.744414,16,4531.395697
-20.312871,8,4531.416327
-59.329266,21,4531.490205
-64.952613,25,4531.542732
-90.732515,28,4531.593299
-18.936714,8,4531.60509
-72.311472,25,4531.65852
-22.095589,10,4531.681061
-57.512465,19,4531.724952
-22.478211,8,4531.748274
-55.653384,19,4531.800843
-38.757055,12,4531.820949
-18.79638,8,4531.836658
-26.2779,10,4531.853628
-67.899104,24,4531.892341
-22.58382,10,4531.90948
-16.358211,8,4531.93204
-40.583799,15,4532.086385
-2589.743286,1000,4534.467723
-41.027733,15,4534.500119
-21.077484,8,4534.527138
-26.486436,14,4534.56042
-85.556762,31,4534.630962
-41.030079,14,4534.662066
-59.679297,25,4534.716882
-43.170067,37,4534.807367
-85.195292,31,4534.867849
-20.316623,9,4534.898172
-36.110883,13,4534.92058
-113.675644,30,4534.978541
-38.424383,13,4535.008532
-31.801012,12,4535.03205
-56.681299,26,4535.124715
-26.430905,10,4535.156712
-69.378244,27,4535.216671
-80.689709,26,4535.275529
-76.450827,26,4535.352582
-20.603911,9,4535.37581
-36.300264,16,4535.41192
-16.79212,8,4535.428686
-244.679336,67,4535.582441
-59.879726,28,4535.668757
-24.1332,10,4535.683464
-64.373039,21,4535.713127
-100.255015,47,4535.787835
-298.938762,102,4535.973126
-74.722608,28,4536.023754
-53.773337,22,4536.061642
-33.372268,17,4536.098666
-71.007558,28,4536.176718
-17.104525,7,4536.189163
-65.042086,23,4536.247998
-54.429257,15,4536.280881
-77.020329,27,4536.35785
-113.055275,53,4536.463575
-20.735269,9,4536.479731
-25.323865,14,4536.504178
-39.367508,17,4536.531263
-51.638907,26,4536.572751
-113.964149,43,4536.648717
-144.497984,62,4536.752825
-24.412189,9,4536.772015
-45.676503,24,4536.818526
-31.321928,13,4536.841394
-18.891524,8,4536.86246
-18.138001,9,4536.879072
-31.604684,13,4536.900165
-98.785184,38,4536.972998
-215.655595,81,4537.147978
-90.518522,26,4537.309376
-18.262247,8,4537.327117
-220.453832,87,4537.488339
-17.258268,8,4537.502813
-54.434301,20,4537.537054
-49.449374,16,4537.564645
-47.670612,34,4537.624935
-18.76301,8,4537.64456
-2636.905529,1000,4540.544428
-37.357678,12,4540.564623
-62.935436,20,4540.601607
-53.510402,21,4540.650452
-120.930145,39,4540.725019
-225.270314,68,4540.971534
-83.684939,26,4541.026875
-24.158098,9,4541.049605
-84.081825,38,4541.12772
-2579.055808,1000,4543.743393
-30.598346,13,4543.784377
-22.823306,11,4543.805784
-21.10379,9,4543.823581
-19.376124,8,4543.835438
-18.751421,9,4543.861883
-23.975588,10,4543.914798
-19.660348,8,4543.931292
-109.658571,62,4544.065871
-2638.02275,1000,4546.308658
-113.852491,32,4546.378284
-16.481661,9,4546.390851
-55.255312,28,4546.440762
-1129.444438,415,4547.288659
-161.578463,63,4547.447825
-26.45711,9,4547.468078
-62.359945,20,4547.52133
-39.196953,17,4547.561965
-54.208647,20,4547.605474
-22.446729,13,4547.629513
-20.821724,13,4547.659824
-123.447968,68,4547.828161
-36.568123,13,4547.848109
-150.822383,43,4547.928082
-43.249749,21,4547.991704
-37.93916,15,4548.023831
-148.689166,56,4548.123482
-85.698248,31,4548.176416
-24.265127,10,4548.194512
-118.499482,58,4548.34703
-2681.425557,1000,4550.314054
-65.652277,34,4550.379172
-128.984452,51,4550.490932
-80.754428,47,4550.57106
-15.803281,8,4550.587276
-133.429737,46,4550.668354
-106.970372,35,4550.728513
-98.547979,44,4550.802623
-120.683006,56,4550.895492
-247.85079,80,4551.098777
-168.652424,59,4551.229577
-41.117342,26,4551.311496
-126.264234,38,4551.407725
-48.221999,29,4551.46324
-155.518194,65,4551.594249
-87.774743,25,4551.637489
-118.071403,52,4551.718148
-30.577231,16,4551.743562
-70.000829,43,4551.818139
-35.575835,17,4551.845276
-51.519854,19,4551.878018
-121.564865,41,4551.947991
-50.131169,23,4551.988503
-15.999408,8,4552.000736
-92.235655,27,4552.05017
-39.14808,22,4552.086614
-40.4138,18,4552.119509
-75.824128,28,4552.165259
-72.41769,28,4552.229028
-50.088694,18,4552.261539
-66.859377,21,4552.296568
-72.140667,23,4552.33516
-255.723864,83,4552.519028
-137.231186,50,4552.641016
-121.966302,34,4552.702197
-82.214536,41,4552.768919
-82.498908,23,4552.808813
-47.649369,17,4552.84021
-189.724636,57,4552.947808
-29.11645,11,4552.972308
-129.607399,45,4553.079063
-122.177549,47,4553.153907
-21.473697,10,4553.168726
-173.959356,68,4553.301852
-24.612307,9,4553.313634
-62.990181,21,4553.351739
-42.646495,21,4553.393936
-58.427228,24,4553.445252
-23.391621,13,4553.475121
-102.928269,41,4553.56792
-66.046623,28,4553.627471
-98.253348,40,4553.713614
-38.203038,17,4553.742337
-13.835683,8,4553.757335
-289.537821,114,4554.011459
-229.560553,96,4554.209314
-71.832302,27,4554.270383
-88.888861,34,4554.326606
-170.670662,57,4554.423422
-111.657113,35,4554.480594
-69.725253,21,4554.513761
-109.666087,35,4554.572799
-79.147529,26,4554.614438
-72.009819,22,4554.649932
-52.337109,19,4554.682765
-20.380689,10,4554.699574
-37.694364,14,4554.723966
-77.321691,28,4554.776334
-215.881505,63,4554.90872
-2574.325366,1000,4556.918008
-156.940465,43,4556.985537
-38.031461,15,4557.00832
-64.074615,26,4557.051284
-89.515889,25,4557.09263
-148.056414,58,4557.291852
-180.075322,53,4557.403701
-72.159946,42,4557.488295
-95.763711,41,4557.556223
-132.048467,60,4557.670748
-22.074464,9,4557.691935
-88.441546,28,4557.754663
-29.441332,11,4557.774778
-87.915307,41,4557.84689
-39.164162,19,4557.875369
-22.26312,11,4557.898267
-60.739706,28,4557.946335
-141.340203,38,4558.018434
-36.643639,13,4558.040681
-95.122062,40,4558.112085
-78.029069,28,4558.173639
-43.095115,14,4558.197704
-18.179878,9,4558.213435
-32.622306,13,4558.233479
-12.441802,19,4558.265142
-21.960499,19,4558.297613
-80.519439,31,4558.346685
-72.865972,57,4558.440693
-171.31802,103,4558.624093
-19.143381,10,4558.643107
-405.533512,105,4558.829922
-194.934245,72,4558.948009
-21.179706,8,4558.963129
-46.998425,20,4558.996322
-22.54828,14,4559.034867
-50.981035,25,4559.076734
-193.525964,79,4559.208401
-149.826346,63,4559.313675
-19.558309,17,4559.346598
-154.766735,58,4559.487605
-20.994808,8,4559.510551
-18.434549,21,4559.570965
-28.733807,12,4559.598191
-73.002846,33,4559.675141
-20.77339,9,4559.695775
-167.079371,68,4559.813315
-205.673369,81,4559.9386
-2563.701877,1000,4561.742634
-211.178309,56,4562.175907
-97.117632,55,4562.332401
-46.416862,16,4562.372499
-70.180439,19,4562.411369
-94.956744,33,4562.493744
-130.667605,49,4562.594385
-33.860857,13,4562.623753
-71.076312,24,4562.669934
-56.490046,23,4562.713048
-83.738017,27,4562.759198
-46.47285,18,4562.810221
-48.969436,15,4562.838486
-26.184055,11,4562.858798
-54.455092,20,4562.897178
-100.911822,42,4562.976081
-54.97154,22,4563.030237
-204.303419,60,4563.163601
-33.329609,13,4563.203685
-25.080318,12,4563.225374
-30.843271,13,4563.248478
-79.295837,29,4563.322556
-51.56583,27,4563.390485
-100.693149,24,4563.431901
-146.339071,52,4563.521266
-98.445261,30,4563.570393
-35.746417,13,4563.592822
-74.622833,29,4563.651904
-34.433365,12,4563.675388
-95.1734,33,4563.755981
-42.670418,16,4563.796046
-176.664041,49,4563.888934
-119.788306,46,4564.039933
-32.306146,12,4564.069966
-179.655185,122,4564.340031
-24.091665,9,4564.354792
-36.556568,18,4564.400669
-36.222424,12,4564.427035
-37.521955,13,4564.457309
-29.546237,12,4564.488723
-48.493958,13,4564.561688
-30.677955,12,4564.604361
-66.355037,31,4564.68779
-129.964477,47,4564.803
-68.077094,31,4564.876551
-136.667228,47,4564.972594
-21.933443,9,4564.986671
-36.258385,12,4565.010827
-2629.294717,1000,4567.529719
-44.587595,15,4567.55735
-43.656412,20,4567.594406
-34.398204,16,4567.622017
-40.422388,18,4567.657114
-23.306011,10,4567.67754
-122.852238,53,4567.782007
-46.797235,23,4567.831186
-51.187387,19,4567.889191
-148.760437,61,4568.046755
-23.984727,9,4568.064094
-60.067342,26,4568.112144
-41.372632,19,4568.146785
-1092.66743,428,4568.895659
-267.034769,106,4569.083719
-53.682857,21,4569.121984
-69.751932,21,4569.159355
-74.316997,26,4569.206798
-33.469847,19,4569.243135
-40.145568,26,4569.292711
-47.37039,15,4569.325933
-29.497781,13,4569.352136
-17.534558,9,4569.365759
-2664.821029,1000,4571.402742
-130.074966,45,4571.481851
-48.957464,21,4571.521399
-35.589186,17,4571.547276
-241.749589,97,4571.713367
-93.295191,43,4571.790112
-82.611238,23,4571.841574
-190.356356,75,4571.980494
-29.608014,11,4572.001674
-48.379468,17,4572.031866
-16.680738,24,4572.07842
-49.629199,17,4572.109521
-18.798957,8,4572.126567
-154.717578,61,4572.238985
-64.950266,44,4572.3173
-126.396244,52,4572.418709
-64.100441,20,4572.454199
-71.543556,33,4572.533859
-18.509609,9,4572.55149
-45.889907,16,4572.578504
-64.790199,23,4572.618007
-76.791303,34,4572.671619
-82.510356,36,4572.731932
-26.110191,24,4572.784975
-88.291474,27,4572.835115
-41.942127,14,4572.861932
-62.720118,50,4572.955102
-34.464534,14,4572.980372
-27.44725,11,4573.004189
-40.932884,19,4573.037583
-37.932376,13,4573.063849
-30.030098,12,4573.089025
-87.802955,31,4573.154643
-36.866474,12,4573.177094
-60.96604,25,4573.224364
-26.649772,10,4573.242547
-59.480441,16,4573.272091
-116.596,46,4573.357745
-27.78697,10,4573.376549
-58.851094,27,4573.431998
-49.365117,20,4573.469421
-131.899,42,4573.544872
-48.570885,15,4573.572018
-18.861252,9,4573.588753
-61.419904,25,4573.635184
-38.413878,16,4573.672706
-243.65288,74,4573.860237
-28.852263,11,4573.88428
-190.702791,53,4573.997015
-47.699727,25,4574.059165
-157.694657,43,4574.152872
-88.022349,23,4574.190688
-33.150837,11,4574.209393
-30.789938,20,4574.242946
-65.934912,29,4574.294089
-34.096213,13,4574.316948
-34.203442,12,4574.336396
-309.744868,123,4574.554837
-32.468787,15,4574.578442
-111.684999,34,4574.629384
-20.333958,10,4574.646373
-170.306959,56,4574.765249
-51.375622,17,4574.794249
-220.452877,104,4574.982679
-24.384241,10,4575.000042
-213.444735,61,4575.11831
-54.068905,16,4575.16034
-18.973175,9,4575.183653
-35.677888,16,4575.22462
-42.693679,19,4575.272123
-46.775218,16,4575.306594
-16.762852,9,4575.327145
-73.745631,20,4575.368574
-73.701328,30,4575.434764
-43.06024,15,4575.470788
-207.729447,62,4575.610076
-149.033937,73,4575.794464
-91.137314,32,4575.861881
-24.502631,16,4575.899394
-34.239671,12,4575.929274
-45.789128,14,4575.955704
-47.004962,23,4575.993933
-116.975037,35,4576.11786
-25.44849,10,4576.135658
-37.611999,13,4576.162293
-114.906465,49,4576.274585
-34.217751,11,4576.29823
-110.063828,32,4576.358554
-118.740734,33,4576.423903
-47.049819,18,4576.468259
-27.047316,15,4576.498061
-25.442304,11,4576.521697
-25.755503,18,4576.559344
-85.338671,23,4576.633648
-63.800379,45,4576.727982
-210.285889,76,4576.865801
-146.29939,50,4576.960387
-34.90835,22,4576.996231
-87.422269,26,4577.035998
-185.401656,68,4577.138611
-90.800166,44,4577.207479
-59.897126,29,4577.252862
-49.452202,19,4577.282293
-108.342445,46,4577.353668
-48.452806,17,4577.378533
-48.145236,15,4577.407126
-48.896579,18,4577.436711
-31.634129,14,4577.458484
-64.244726,22,4577.493389
-45.859718,16,4577.51862
-123.549545,41,4577.584649
-31.451891,12,4577.602986
-72.949555,32,4577.651555
-47.916066,14,4577.674589
-62.753259,20,4577.709599
-53.956,30,4577.758654
-83.916606,56,4577.853631
-46.168677,19,4577.884857
-40.282843,11,4577.90219
-138.776446,39,4577.971808
-90.378428,36,4578.030397
-25.815238,12,4578.053006
-25.918273,17,4578.079588
-64.248603,28,4578.128651
-62.39478,23,4578.165707
-135.984569,47,4578.250936
-115.983121,37,4578.31037
-52.049385,17,4578.339774
-20.448895,9,4578.35195
-286.222142,79,4578.483661
-73.840043,32,4578.551582
-127.578538,41,4578.62489
-21.897334,9,4578.640675
-83.770633,26,4578.684018
-41.260193,24,4578.725207
-83.379641,22,4578.762685
-41.226086,15,4578.788638
-32.067269,11,4578.806889
-62.799032,20,4578.842044
-33.974206,11,4578.860322
-67.393197,22,4578.899518
-41.329947,13,4578.919298
-20.860257,9,4578.935091
-24.710298,11,4578.952968
-56.327075,21,4578.991529
-81.702885,36,4579.051409
-161.142283,57,4579.146885
-113.590997,37,4579.21248
-2634.816112,1000,4581.038971
-57.826923,20,4581.074443
-102.476462,38,4581.13765
-45.944243,13,4581.16133
-47.422184,22,4581.198358
-29.023963,11,4581.215805
-176.759768,67,4581.347377
-283.515196,138,4581.579372
-33.004281,13,4581.60269
-171.3447,86,4581.751217
-46.581265,28,4581.799734
-95.521776,40,4581.866153
-27.665604,13,4581.887655
-2514.198816,1000,4585.695804
-131.665654,62,4585.796092
-69.359757,25,4585.836545
-32.060754,12,4585.85455
-56.42015,19,4585.885138
-36.316084,14,4585.921041
-58.886596,37,4585.978505
-186.25668,73,4586.102023
-62.769933,26,4586.142984
-47.873329,17,4586.169837
-110.226328,38,4586.238364
-14.586178,21,4586.272372
-31.321112,16,4586.298161
-60.756562,26,4586.34286
-2431.486015,929,4587.946617
-31.380831,17,4587.977492
-25.557607,10,4587.994346
-108.959641,41,4588.062295
-245.418118,61,4588.162312
-71.984625,24,4588.204269
-55.668466,32,4588.258223
-127.428895,29,4588.307272
-37.973944,18,4588.339145
-76.339565,18,4588.367235
-26.80835,10,4588.386293
-178.809888,46,4588.48714
-61.946906,23,4588.544374
-130.135074,34,4588.671928
-119.50048,39,4588.780512
-85.470242,28,4588.832869
-140.939113,64,4588.946754
-24.522455,11,4588.96558
-67.643792,22,4589.006318
-48.846987,19,4589.041057
-47.712568,33,4589.096262
-70.490874,24,4589.138551
-84.102167,22,4589.176282
-63.233371,21,4589.214259
-104.86717,44,4589.289823
-91.269456,35,4589.349459
-48.945692,23,4589.390224
-29.753479,11,4589.408195
-29.181208,17,4589.439179
-27.222999,12,4589.459454
-2694.450918,1000,4591.25927
-48.738286,13,4591.282652
-62.78913,19,4591.324378
-348.407866,121,4591.525867
-131.386901,37,4591.58511
-51.662915,16,4591.610306
-53.410983,19,4591.646562
-71.657264,24,4591.688378
-39.733371,16,4591.713943
-24.455354,10,4591.730124
-62.934753,18,4591.760993
-31.063082,19,4591.790558
-182.332886,90,4591.939104
-29.969925,18,4591.970045
-45.038855,16,4591.995908
-138.757243,56,4592.08857
-48.861571,20,4592.122187
-66.515246,26,4592.178559
-100.603515,28,4592.224458
-36.629792,11,4592.242367
-56.563732,16,4592.272223
-98.828711,64,4592.374587
-86.10934,31,4592.428645
-53.929838,17,4592.456404
-142.57739,61,4592.560902
-52.020632,19,4592.594668
-74.229021,33,4592.652335
-126.979283,39,4592.71433
-75.740592,26,4592.761798
-130.375972,54,4592.849046
-52.996699,16,4592.879448
-25.877997,16,4592.905597
-73.402035,41,4592.973975
-24.966315,10,4593.003587
-301.864674,96,4593.16717
-190.148667,72,4593.292845
-26.855985,10,4593.309483
-126.173344,30,4593.360983
-63.08191,29,4593.406927
-2496.170206,1000,4595.289593
-109.664886,30,4595.336408
-444.309758,164,4595.590729
-23.518057,15,4595.615076
-24.197043,12,4595.636174
-23.757728,13,4595.655154
-61.638323,31,4595.717537
-23.819885,10,4595.733908
-40.823608,40,4595.799941
-34.0507,12,4595.82072
-35.738175,13,4595.839449
-162.755796,61,4595.938365
-200.020207,89,4596.075608
-65.373206,28,4596.121662
-126.713997,46,4596.194601
-47.619108,21,4596.227455
-24.708946,10,4596.243606
-137.531586,49,4596.323737
-39.971557,16,4596.348864
-24.69154,13,4596.371729
-44.429913,13,4596.393839
-51.61067,28,4596.437628
-71.87372,21,4596.471881
-66.283155,25,4596.51264
-42.761121,25,4596.568662
-25.074979,17,4596.599105
-76.889254,36,4596.664476
-30.397706,11,4596.681998
-35.253802,15,4596.706901
-120.712998,33,4596.76157
-94.902805,32,4596.813695
-152.71085,52,4596.902704
-41.636333,17,4596.928744
-228.803896,49,4597.010871
-228.22698,79,4597.144667
-105.495754,37,4597.20456
-37.205147,13,4597.227681
-22.107098,9,4597.240169
-31.749547,14,4597.263505
-115.928022,33,4597.319567
-140.867537,40,4597.406424
-87.810861,38,4597.480569
-36.053606,21,4597.525167
-35.919134,12,4597.545684
-50.271768,20,4597.580304
-37.848145,16,4597.606097
-40.766388,13,4597.629035
-102.222756,37,4597.69243
-39.735157,15,4597.718317
-95.002973,33,4597.774959
-37.685478,15,4597.799965
-72.594619,29,4597.853217
-71.85264,37,4597.912811
-26.049889,10,4597.930335
-31.83946,13,4597.953269
-75.333403,46,4598.028367
-37.223939,14,4598.052877
-27.680086,10,4598.069906
-71.401475,46,4598.144138
-23.949366,11,4598.161854
-74.94853,30,4598.212178
-97.158028,51,4598.318326
-97.307261,44,4598.393291
-158.714546,59,4598.493485
-39.66136,17,4598.521798
-70.079082,23,4598.560825
-52.0271,40,4598.629464
-24.460299,10,4598.645714
-190.706134,72,4598.769697
-68.632964,26,4598.815519
-95.70451,28,4598.869622
-112.37903,39,4598.939789
-26.184453,16,4598.966312
-104.007736,42,4599.042216
-39.175984,13,4599.077437
-120.901708,46,4599.207503
-2513.01849,1000,4601.102167
-36.82114,14,4601.12652
-22.980419,12,4601.144588
-82.616769,26,4601.188792
-115.786971,43,4601.255227
-32.26009,16,4601.280869
-41.951313,21,4601.318051
-83.163353,46,4601.39157
-29.649024,12,4601.409339
-317.074507,99,4601.569042
-17.403868,10,4601.585986
-101.571058,39,4601.659361
-36.514765,16,4601.68817
-62.392938,27,4601.735624
-42.217439,17,4601.769814
-78.71621,29,4601.82548
-64.233481,27,4601.876329
-2516.599291,1000,4603.879221
-2553.085781,1000,4605.727955
-62.833789,21,4605.763683
-33.404641,11,4605.78266
-52.38632,17,4605.820637
-80.391784,31,4605.875847
-27.866923,10,4605.894551
-44.866335,23,4605.938408
-20.390559,11,4605.957334
-104.200361,31,4606.012723
-69.895481,34,4606.074053
-62.19846,28,4606.122423
-44.266418,18,4606.156385
-47.986208,17,4606.187071
-37.764868,13,4606.212098
-85.693543,40,4606.282781
-56.563905,18,4606.318314
-56.212501,23,4606.358027
-95.941007,29,4606.41659
-71.153072,27,4606.464294
-78.501294,24,4606.509297
-56.129125,23,4606.552924
-138.684845,59,4606.664814
-116.984817,51,4606.774283
-36.275462,15,4606.80196
-90.13664,29,4606.8566
-50.913677,25,4606.904526
-35.580275,15,4606.932715
-44.289603,15,4606.959888
-108.903153,55,4607.060661
-28.810594,11,4607.080223
-2493.084881,1000,4608.957165
-147.037582,50,4609.049103
-105.006368,37,4609.119506
-81.664743,28,4609.172451
-36.029777,14,4609.199126
-2391.71359,1000,4611.049109
-76.407178,30,4611.103312
-43.893197,11,4611.121778
-531.860839,191,4611.478138
-94.568417,41,4611.548621
-140.571019,58,4611.656112
-67.523198,23,4611.696395
-60.146298,30,4611.751604
-39.045733,16,4611.783924
-223.082878,72,4611.913014
-88.082555,46,4611.991888
-56.951104,21,4612.028928
-191.85238,71,4612.159752
-58.093334,27,4612.208088
-23.78122,13,4612.233471
-90.337495,58,4612.353038
-383.022016,131,4612.598663
-2894.105207,1000,4614.683635
-179.576377,71,4614.841438
-21.681455,11,4614.856401
-140.034082,49,4614.969461
-61.030037,26,4615.020083
-136.177106,64,4615.122789
-103.800552,39,4615.184119
-87.790004,46,4615.253647
-67.451473,30,4615.296586
-114.313677,32,4615.359536
-140.744789,58,4615.456692
-37.006802,13,4615.477
-27.069973,12,4615.498455
-228.921049,95,4615.665912
-93.457999,34,4615.719982
-71.918565,35,4615.77862
-193.686456,65,4615.892478
-74.760513,24,4615.936404
-41.790063,22,4615.976509
-36.490656,25,4616.02024
-54.761995,24,4616.059657
-36.589731,19,4616.103533
-54.840321,24,4616.151174
-132.007437,40,4616.265314
-99.320777,49,4616.384999
-109.518824,33,4616.453052
-47.688208,35,4616.505702
-46.553474,11,4616.527603
-74.749063,25,4616.575474
-169.534106,81,4616.757139
-38.315932,13,4616.781395
-97.199288,22,4616.82809
-47.948505,23,4616.918306
-93.103648,56,4617.031839
-88.535438,30,4617.103945
-2627.49167,1000,4619.053361
-60.822776,42,4619.126302
-119.406406,35,4619.18439
-52.455425,17,4619.21165
-59.018496,30,4619.270275
-42.371374,20,4619.307244
-105.764664,29,4619.373741
-135.019127,39,4619.451105
-80.114974,36,4619.509448
-85.016828,35,4619.569154
-163.143998,87,4619.739502
-53.444961,32,4619.809934
-236.763927,94,4619.977443
-46.08907,13,4619.994763
-62.747242,20,4620.024909
-50.105989,19,4620.055576
-32.589214,19,4620.089284
-40.346523,16,4620.11492
-224.357731,73,4620.398259
-76.606846,42,4620.4731
-46.70809,18,4620.503441
-60.405679,16,4620.528163
-35.068048,21,4620.560232
-53.752527,21,4620.592277
-171.30894,48,4620.677075
-20.226772,9,4620.69317
-27.304584,26,4620.739889
-103.965591,72,4620.867872
-104.553364,55,4621.030401
-76.279352,44,4621.123012
-147.163859,57,4621.223423
-152.39973,55,4622.662661
-79.408563,38,4622.740144
-37.527251,24,4622.785525
-81.420731,35,4622.845724
-200.039288,74,4622.98259
-185.373644,55,4623.089768
-35.314289,17,4623.119425
-382.492054,134,4623.526796
-56.742883,23,4623.562612
-61.190237,35,4623.615729
-162.81008,64,4623.738352
-46.996049,20,4623.774752
-44.174972,16,4623.807226
-70.195002,36,4623.874865
-46.105721,19,4623.90883
-191.781681,114,4624.112646
-81.545859,30,4624.16279
-1096.600855,429,4625.128551
-106.4478,32,4625.207042
-189.898988,72,4625.398683
-146.025088,46,4625.50544
-320.07492,104,4625.708816
-128.156081,48,4625.798885
-132.142185,78,4625.971699
-122.094424,78,4626.106163
-32.32984,15,4626.130531
-65.63485,19,4626.18089
-2497.065693,1000,4628.523395
-2908.242147,1000,4630.474904
-2579.949714,1000,4632.193036
-1233.841138,469,4633.172282
-331.22349,135,4633.427111
-66.765834,31,4633.47688
-333.557648,125,4633.673132
-211.308397,81,4633.815563
-105.589782,37,4633.87351
-1324.752454,487,4634.696166
-1228.118687,429,4635.427163
-169.219241,57,4635.537453
-50.285649,16,4635.564425
-59.552675,42,4635.636417
-34.213352,19,4635.670727
-204.644866,91,4635.836349
-55.597125,22,4635.875098
-98.388506,38,4635.942074
-369.606125,142,4636.196789
-28.675961,12,4636.215501
-208.004333,90,4636.384591
-163.708939,61,4636.495295
-47.480578,21,4636.534153
-57.617933,25,4636.577587
-99.992225,37,4636.645326
-29.812926,13,4636.669163
-68.256198,27,4636.71506
-33.734398,14,4636.740766
-126.806687,50,4636.82617
-64.01483,26,4636.87103
-52.062192,18,4636.903353
-141.264708,66,4637.017953
-44.276281,21,4637.053714
-243.740527,97,4637.220768
-175.538156,83,4637.377107
-92.483287,63,4637.487656
-33.466535,21,4637.532625
-93.351253,46,4637.641026
-2619.927131,1000,4639.691754
-2503.721407,1000,4642.430736
-114.974162,42,4642.51365
-128.131046,45,4642.630855
-216.313965,92,4642.85632
-55.30479,23,4642.899693
-75.459308,29,4642.955506
-21.705045,11,4642.979416
-74.853593,31,4643.070423
-30.951621,11,4643.09279
-269.281978,95,4643.417719
-168.675176,44,4643.519315
-39.028379,18,4643.559307
-112.610889,41,4643.662723
-73.694102,34,4643.745938
-20.707797,9,4643.770954
-48.367689,21,4643.827711
-18.72783,8,4643.849681
-253.675614,88,4644.070948
-87.201462,38,4644.185065
-107.73422,33,4644.279907
-77.160358,35,4644.370953
-80.091577,28,4644.435406
-19.914684,8,4644.458001
-136.078142,63,4644.65582
-103.275906,32,4644.743683
-42.7495,24,4644.807387
-15.104371,7,4644.823861
-49.299278,16,4644.862028
-41.904207,17,4644.908832
-31.309398,15,4644.945906
-222.192122,70,4645.118685
-22.29614,8,4645.137109
-71.488925,26,4645.204147
-54.632309,19,4645.25166
-91.698205,34,4645.333089
-132.180432,57,4645.470475
-16.676249,9,4645.495154
-42.506602,17,4645.546502
-34.947255,13,4645.574944
-124.81176,59,4645.720232
-53.25478,34,4645.851378
-32.917922,16,4646.008617
-90.941406,46,4646.180923
-84.350231,33,4646.339628
-44.12076,16,4646.398202
-183.421614,90,4646.73028
-79.689573,25,4646.812689
-61.245562,27,4646.938346
-42.958245,18,4647.009797
-290.655581,130,4647.429005
-41.852522,26,4647.500017
-114.122302,54,4647.652991
-117.997389,37,4647.807931
-20.277162,8,4647.839471
-142.875836,43,4647.995526
-19.799475,8,4648.022909
-60.150682,19,4648.087523
-270.116591,98,4648.425807
-148.053811,53,4648.833464
-226.268145,109,4649.358764
-210.518438,69,4649.618684
-93.792606,33,4649.75866
-110.545878,42,4649.915998
-208.829682,72,4650.169444
-177.767435,72,4650.499141
-125.194351,42,4650.640191
-107.736175,33,4650.755239
-99.847847,29,4650.838761
-19.739483,9,4650.866978
-2595.371367,1000,4653.70073
-22.446774,10,4653.726359
-19.190613,9,4653.748191
-79.364046,37,4653.832936
-72.813208,25,4653.895346
-21.573558,8,4653.919838
-21.829361,8,4653.968395
-51.881965,17,4654.020782
-58.848399,24,4654.083945
-34.865776,22,4654.137519
-71.003346,37,4654.228322
-260.20147,123,4654.539213
-75.641256,45,4654.649866
-84.341377,28,4654.721205
-587.383702,189,4655.160486
-26.297704,10,4655.182378
-21.297536,9,4655.198874
-94.267021,33,4655.268398
-501.142785,170,4655.630884
-24.96498,12,4655.653047
-56.660418,26,4655.712394
-130.010156,51,4655.814726
-43.764786,16,4655.846347
-170.359995,59,4655.968474
-98.899951,32,4656.030284
-319.196047,131,4656.297927
-22.464635,9,4656.316203
-60.971993,21,4656.35896
-21.812618,10,4656.37968
-28.389772,11,4656.40639
-49.042125,22,4656.449727
-31.08525,16,4656.48051
-46.876035,16,4656.509598
-69.506448,24,4656.57383
-77.893485,29,4656.635186
-48.673489,21,4656.676687
-66.853289,27,4656.762454
-43.558616,11,4656.783255
-2668.441421,1000,4658.859718
-102.155879,36,4658.946401
-27.104195,12,4658.977165
-112.064674,44,4659.114299
-71.921881,27,4659.179159
-115.439322,32,4659.248544
-24.290627,9,4659.269023
-168.027906,50,4659.384898
-46.04716,16,4659.427352
-38.266284,15,4659.468592
-194.627442,66,4659.621959
-79.112618,31,4659.688593
-33.896417,19,4659.729534
-69.689139,19,4659.773126
-44.920939,19,4659.815121
-47.292223,17,4659.865998
-97.525606,35,4659.945204
-148.129951,60,4660.083082
-41.310917,14,4660.117877
-74.922814,28,4660.187957
-17.693389,10,4660.215294
-104.05952,27,4660.284058
-81.904744,49,4660.400016
-94.787276,40,4660.597291
-2532.794404,1000,4662.839751
-42.344136,28,4662.894225
-43.861911,14,4662.921526
-96.213409,31,4662.977068
-32.270732,15,4663.006247
-170.30392,57,4663.121094
-22.286901,32,4663.179688
-47.052766,17,4663.215913
-35.496755,13,4663.239499
-118.450501,43,4663.350131
-24.124262,10,4663.370299
-33.268026,14,4663.400527
-47.957913,18,4663.432269
-90.325787,58,4663.541204
-41.90315,18,4663.57344
-67.806739,35,4663.640735
-20.638475,8,4663.657448
-155.584103,86,4663.817475
-139.396944,78,4663.962353
-20.313192,9,4663.980634
-19.22402,8,4663.994566
-16.992362,8,4664.011481
-110.691977,34,4664.075687
-25.881607,19,4664.110001
-203.714468,98,4664.313266
-19.668834,8,4664.330673
-19.118854,9,4664.344658
-32.410587,14,4664.374061
-56.279917,22,4664.416308
-57.248985,26,4664.46405
-19.119557,8,4664.477263
-256.517935,86,4664.645873
-115.817247,32,4664.706087
-54.104751,21,4664.754274
-67.631642,30,4664.811488
-177.542532,81,4664.962417
-49.660036,18,4664.998287
-69.233644,22,4665.038962
-24.714581,20,4665.079176
-38.598112,26,4665.13128
-491.210745,228,4665.572752
-90.295604,38,4665.651169
-147.741614,44,4665.737792
-40.210943,18,4665.768342
-74.411712,45,4665.85244
-172.905232,112,4666.060646
-55.748959,23,4666.101083
-80.391013,39,4666.173796
-95.033784,37,4666.257448
-271.508668,93,4666.436409
-93.809755,27,4666.484454
-22.649266,9,4666.501895
-174.183214,56,4666.605464
-49.148226,20,4666.645768
-30.033035,16,4666.678609
-52.963803,20,4666.716238
-36.249537,22,4666.756246
-41.856501,17,4666.791886
-41.074768,15,4666.820086
-39.192496,17,4666.853248
-84.053846,41,4666.930709
-52.864165,17,4666.961803
-46.443071,16,4666.997957
-38.853919,14,4667.021492
-37.23559,15,4667.056194
-75.960416,27,4667.109716
-72.002848,31,4667.179964
-169.912264,95,4667.360314
-94.475819,32,4667.423175
-63.443302,25,4667.470403
-23.9394,12,4667.494365
-74.576582,32,4667.556261
-36.720979,20,4667.59339
-230.078068,87,4667.762174
-42.448302,22,4667.800203
-67.087663,32,4667.857521
-169.441527,91,4668.028044
-48.129255,16,4668.062492
-42.951515,18,4668.094748
-65.10583,31,4668.292214
-66.323126,28,4668.347919
-52.025775,29,4668.40395
-42.508297,27,4668.4518
-46.037179,16,4668.485565
-18.420705,8,4668.497712
-61.606472,22,4668.542678
-132.635915,63,4668.657726
-53.333015,21,4668.700519
-45.066246,19,4668.737741
-71.364357,28,4668.795195
-88.594323,38,4668.874048
-39.411617,17,4668.913491
-51.577759,31,4668.97549
-41.208794,31,4669.032063
-22.105013,9,4669.051352
-94.980274,34,4669.120137
-156.54632,56,4669.237307
-47.579457,35,4669.315904
-17.301125,8,4669.334186
-233.408279,99,4669.572433
-54.214659,44,4669.671288
-64.039774,26,4669.729635
-21.378371,9,4669.750861
-54.138355,25,4669.809278
-489.6269,171,4670.266087
-34.395321,15,4670.299358
-78.752229,27,4670.359328
-29.842751,13,4670.383693
-74.1538,26,4670.440829
-18.806267,8,4670.466111
-53.46222,19,4670.508452
-53.955896,25,4670.561993
-199.225702,72,4670.705855
-58.036255,22,4670.7518
-145.287885,79,4670.903978
-86.993114,47,4671.004684
-40.582043,22,4671.056333
-124.5714,54,4671.25691
-24.845545,10,4671.282441
-23.151313,9,4671.305392
-26.326939,11,4671.329776
-26.946624,11,4671.352028
-32.338838,12,4671.383304
-136.0535,43,4671.48054
-26.779465,11,4671.509677
-86.99748,25,4671.577793
-41.782565,23,4671.638517
-81.080396,33,4671.746625
-96.419662,43,4671.834467
-33.410302,16,4671.871777
-24.541122,25,4671.935315
-72.518919,32,4672.017528
-40.747226,19,4672.060518
-137.784998,54,4672.176408
-115.429383,33,4672.249583
-31.563865,20,4672.29456
-29.297457,13,4672.329138
-99.42315,39,4672.48255
-48.817543,20,4672.527951
-53.127376,17,4672.562489
-85.289938,34,4672.636117
-37.887451,16,4672.669697
-95.856278,35,4672.755212
-93.737648,38,4672.837983
-45.441719,14,4672.86386
-265.144686,116,4673.167849
-69.733502,32,4673.244843
-21.310901,9,4673.290996
-60.05469,34,4673.399874
-158.917919,87,4673.638731
-22.607563,19,4673.682091
-35.643727,19,4673.723204
-16.718874,9,4673.737825
-117.322339,31,4673.805221
-73.106762,26,4673.861001
-47.10444,17,4673.900072
-47.694592,17,4673.948817
-17.551223,10,4673.972693
-24.289094,10,4673.994918
-68.471472,25,4674.04471
-66.356705,21,4674.085454
-46.426165,36,4674.179281
-123.334974,34,4674.269113
-127.384272,38,4674.35288
-96.94704,34,4674.421762
-54.487322,18,4674.457972
-40.476999,24,4674.508993
-63.447724,37,4674.579581
-65.780384,21,4674.621279
-146.746419,46,4674.711008
-65.709976,20,4674.750555
-21.310192,9,4674.771543
-247.113116,115,4675.018017
-2270.360289,823,4676.70996
-145.829315,56,4676.81623
-69.009955,29,4676.872532
-118.435567,61,4676.992113
-82.790874,35,4677.06862
-167.416007,48,4677.174916
-159.16737,45,4677.29235
-26.362074,12,4677.322498
-34.391344,17,4677.366575
-42.716159,19,4677.420974
-21.528086,6,4677.434905
-41.31999,14,4677.467309
-147.699118,44,4677.614702
-129.598,38,4677.697561
-38.81197,16,4677.732023
-224.119636,105,4677.984855
-118.597152,47,4678.096157
-65.630011,28,4678.165028
-27.565378,12,4678.191623
-21.967086,8,4678.214579
-162.542998,73,4678.409418
-33.591155,14,4678.447487
-51.783617,20,4678.503999
-96.170429,38,4678.627716
-36.615582,17,4678.662525
-99.696703,37,4678.751375
-74.443117,23,4678.806271
-71.816918,30,4678.86933
-43.286406,17,4678.911285
-86.740324,47,4679.012146
-98.102082,31,4679.073327
-145.42474,56,4679.19041
-29.059242,12,4679.218499
-28.367779,19,4679.257873
-50.790307,37,4679.330518
-161.385894,58,4679.443764
-52.242457,20,4679.48163
-75.728516,27,4679.534232
-31.984145,13,4679.56253
-73.947876,39,4679.65513
-29.502261,16,4679.693757
-68.516128,28,4679.748597
-158.489328,41,4679.83232
-112.526897,45,4679.922035
-20.638896,9,4679.940649
-192.162746,88,4680.119608
-96.800314,35,4680.189858
-26.311837,10,4680.208693
-54.601782,26,4680.257364
-55.055306,27,4680.30593
-59.146014,27,4680.358192
-127.180367,37,4680.429133
-310.730254,103,4680.684035
-683.396416,263,4681.331452
-70.750793,26,4681.391114
-34.1647,21,4681.444119
-41.344348,17,4681.493695
-96.353823,26,4681.545146
-102.738679,38,4681.630659
-56.074231,26,4681.688054
-61.206446,30,4681.750422
-37.689197,15,4681.778695
-36.357409,19,4681.819559
-69.315778,36,4681.90565
-89.7619,41,4681.995952
-46.25402,14,4682.024893
-87.018161,30,4682.092743
-2788.896213,1000,4684.295393
-20.542583,13,4684.322586
-39.572172,25,4684.378952
-190.598765,81,4684.534296
-19.735611,8,4684.552976
-36.172305,14,4684.578214
-89.781515,46,4684.674276
-59.158505,28,4684.728414
-44.563479,15,4684.758603
-48.815932,18,4684.797869
-28.17755,13,4684.821067
-49.515217,18,4684.858673
-95.91708,38,4684.942677
-203.738594,67,4685.069902
-52.287571,20,4685.122412
-199.274277,65,4685.250318
-197.396867,76,4685.39206
-58.975005,21,4685.430006
-67.277006,34,4685.50052
-43.337387,17,4685.535242
-101.130958,35,4685.614781
-61.974996,33,4685.677016
-180.141438,54,4685.791332
-45.345714,24,4685.844491
-141.867047,48,4685.93905
-41.630403,30,4685.994983
-57.271424,30,4686.051904
-20.03317,9,4686.069062
-55.02669,31,4686.143036
-22.510269,14,4686.173657
-29.347282,12,4686.197581
-30.695487,12,4686.221708
-147.379655,37,4686.294944
-47.38026,50,4686.392892
-27.93241,13,4686.421326
-50.991235,22,4686.4623
-63.085216,20,4686.502275
-47.631643,19,4686.543015
-26.913957,13,4686.571054
-27.40862,13,4686.593045
-19.433055,9,4686.610431
-99.558872,36,4686.675671
-52.698246,20,4686.713512
-77.82811,24,4686.762603
-181.972904,61,4686.879873
-87.212849,44,4686.967101
-27.947172,10,4686.986257
-58.664905,29,4687.042469
-21.21696,9,4687.061244
-91.026801,35,4687.148576
-41.195657,28,4687.202688
-41.702823,16,4687.235369
-49.477892,22,4687.276383
-43.28366,14,4687.307065
-125.932674,57,4687.411721
-42.358414,17,4687.448102
-45.036915,18,4687.481054
-181.247221,62,4687.603546
-53.347092,21,4687.644054
-39.037613,13,4687.667085
-58.087221,33,4687.733266
-53.543774,21,4687.773313
-27.636085,12,4687.79884
-18.123737,10,4687.817632
-2705.312883,1000,4689.828213
-23.383092,15,4689.868011
-117.390692,54,4689.980195
-27.678543,10,4690.012223
-63.594562,20,4690.069653
-28.625403,10,4690.090778
-35.278229,13,4690.120175
-45.462109,23,4690.307
-2817.310133,1000,4692.451649
-20.178567,8,4692.467628
-124.197863,62,4692.657634
-117.222218,41,4692.755586
-97.683241,54,4692.871948
-77.898898,25,4692.925249
-61.055415,18,4692.960888
-40.520961,16,4692.99219
-934.888367,396,4693.890716
-105.853751,49,4693.981803
-136.434627,49,4694.080709
-60.942361,19,4694.125065
-85.518263,44,4694.212995
-58.552253,22,4694.254934
-44.558676,11,4694.275468
-62.022235,26,4694.331778
-48.833128,21,4694.375526
-71.534287,31,4694.437984
-41.88707,19,4694.490506
-2684.326846,1000,4696.606164
-80.709441,35,4696.675377
-36.041559,13,4696.701045
-107.422011,57,4696.83734
-26.082203,13,4696.861458
-105.789491,27,4696.91487
-67.354782,23,4696.954335
-61.986105,22,4696.999124
-59.212573,20,4697.040287
-66.07108,34,4697.112359
-2678.652827,1000,4699.153093
-42.107191,16,4699.186057
-42.786097,14,4699.215556
-36.050583,18,4699.248399
-69.754248,24,4699.297141
-69.308315,25,4699.347308
-28.081718,12,4699.37256
-44.643476,17,4699.407301
-73.195327,28,4699.457898
-158.907498,49,4699.548038
-54.460743,24,4699.595378
-1814.223195,679,4701.012686
-67.968522,28,4701.067751
-67.831588,22,4701.116128
-136.110943,44,4701.202708
-110.299979,52,4701.303672
-31.44816,12,4701.328185
-100.955381,40,4701.41145
-129.404848,51,4701.514865
-114.746564,38,4701.595735
-94.241341,34,4701.659985
-56.292047,24,4701.707067
-78.32171,38,4701.779376
-46.725021,20,4701.819405
-112.258649,56,4701.956237
-41.056912,27,4702.008204
-100.734243,35,4702.073867
-21.825655,16,4702.104868
-200.345882,56,4702.212042
-107.205573,38,4702.28364
-41.768568,12,4702.304711
-37.878611,17,4702.339401
-48.980299,17,4702.370131
-161.721953,47,4702.460711
-82.049956,28,4702.510736
-44.669068,17,4702.549025
-113.898222,55,4702.661637
-209.785944,64,4702.77788
-50.38252,17,4702.813524
-2685.552977,1000,4704.811298
-40.34887,15,4704.841061
-22.465756,11,4704.861546
-27.593661,15,4704.904776
-122.236493,45,4704.99281
-70.05413,27,4705.043067
-46.971894,26,4705.100047
-71.247125,30,4705.158844
-2505.345713,1000,4707.133066
-61.169756,29,4707.186303
-41.696584,23,4707.232674
-22.735448,11,4707.252718
-77.009132,29,4707.307749
-28.57377,12,4707.327687
-63.305559,27,4707.380927
-62.988126,26,4707.430179
-53.636053,18,4707.465936
-147.40412,54,4707.565976
-19.752626,9,4707.583102
-76.209894,34,4707.653064
-44.712184,29,4707.716211
-139.779151,50,4707.815789
-88.70072,41,4707.899158
-60.645066,36,4707.973435
-43.44951,14,4708.003837
-45.683183,20,4708.046307
-89.879406,24,4708.097184
-52.830475,19,4708.13679
-31.762975,27,4708.190768
-100.719137,50,4708.282948
-27.093186,10,4708.305779
-25.696407,10,4708.32671
-33.347092,15,4708.360546
-98.262757,38,4708.44558
-78.390524,39,4708.52361
-23.259695,10,4708.544325
-259.152496,84,4708.717926
-85.321188,39,4708.796971
-21.325355,9,4708.816364
-48.568978,20,4708.857644
-30.150419,14,4708.897853
-28.967865,23,4708.941668
-71.914657,26,4708.988166
-39.600663,19,4709.024872
-40.744401,17,4709.061673
-56.092444,20,4709.104544
-96.639815,39,4709.179256
-44.122547,15,4709.208725
-30.735257,17,4709.246694
-34.587821,15,4709.276008
-60.042324,20,4709.31571
-38.192585,14,4709.347097
-94.587225,45,4709.432904
-51.340548,30,4709.490151
-105.215072,42,4709.575177
-140.509595,58,4709.691247
-21.041734,21,4709.731777
-30.265094,16,4709.763045
-236.146449,88,4709.954903
-64.414683,28,4710.008956
-46.343227,21,4710.050758
-129.035875,50,4710.155914
-16.527112,9,4710.175342
-27.732359,10,4710.19597
-36.985295,15,4710.226725
-103.247058,40,4710.304606
-81.354399,35,4710.371653
-178.911393,53,4710.479946
-173.348754,50,4710.5737
-53.070404,27,4710.624139
-115.658773,48,4710.720591
-2475.697431,998,4713.307027
-39.927267,17,4713.339548
-53.582532,19,4713.373873
-62.922918,25,4713.421963
-32.832369,15,4713.455158
-54.305416,22,4713.525002
-2592.607858,1000,4715.543526
-103.905505,48,4715.650185
-152.083333,65,4715.787806
-44.374412,25,4715.836004
-202.932356,88,4716.00275
-237.331287,104,4716.209244
-116.3625,35,4716.28224
-86.521595,26,4716.333871
-94.865552,37,4716.412324
-61.045971,21,4716.453724
-27.533896,20,4716.49192
-19.412902,9,4716.51091
-22.329858,12,4716.538552
-1872.271473,760,4718.086579
-68.792872,42,4718.166546
-76.705046,30,4718.224228
-26.707466,17,4718.260347
-138.924733,66,4718.390481
-38.052568,22,4718.43111
-2616.636608,1000,4720.478782
-33.926943,27,4720.531622
-43.776683,20,4720.568527
-106.032094,53,4720.691214
-28.399539,11,4720.714353
-53.570105,23,4720.755226
-56.565869,28,4720.809842
-38.74373,20,4720.848917
-37.061101,19,4720.884834
-36.885459,24,4720.927407
-74.153993,32,4720.989855
-68.851759,33,4721.050096
-74.382997,38,4721.126556
-40.488338,15,4721.155962
-79.881366,30,4721.214369
-177.726458,83,4721.378325
-40.572564,19,4721.412975
-36.839719,15,4721.44941
-112.806589,52,4721.570815
-99.785584,42,4721.671193
-168.160843,82,4721.851034
-30.01762,11,4721.872939
-31.605807,12,4721.893318
-53.631189,23,4721.939867
-79.4961,28,4721.99045
-78.89286,40,4722.071919
-28.420599,11,4722.096014
-26.289887,10,4722.115028
-71.919448,29,4722.168813
-66.300962,21,4722.214888
-84.795596,29,4722.269287
-46.641453,18,4722.307993
-133.765763,51,4722.412383
-90.04522,32,4722.481811
-81.633408,31,4722.541495
-41.856499,14,4722.572737
-37.733251,14,4722.601018
-93.576353,55,4722.732239
-126.398241,40,4722.816457
-109.445929,38,4722.891029
-55.026407,19,4722.931164
-40.079827,16,4722.961214
-35.309012,15,4722.991764
-24.327439,10,4723.013049
-55.70975,25,4723.06209
-71.255606,20,4723.101412
-36.848441,19,4723.137513
-47.967884,20,4723.175187
-49.328269,17,4723.205664
-122.572457,36,4723.274911
-18.713043,18,4723.312682
-43.674578,21,4723.356638
-63.349256,38,4723.445279
-71.687431,31,4723.516303
-25.952008,11,4723.538172
-43.975054,17,4723.578999
-38.696817,18,4723.614078
-151.116273,51,4723.73155
-45.038439,24,4723.782675
-47.116721,17,4723.821689
-45.775255,18,4723.856737
-58.058285,27,4723.91467
-25.29976,11,4723.93555
-136.057476,57,4724.044184
-79.068242,33,4724.10889
-25.4646,11,4724.130495
-2046.343457,782,4725.709626
-52.067355,18,4725.762246
-19.254047,8,4725.781036
-37.2455,20,4725.818453
-18.783046,11,4725.839235
-33.819778,12,4725.859873
-2617.458177,1000,4727.87693
-36.060218,13,4727.90657
-24.185102,10,4727.927521
-73.976758,30,4727.988421
-81.232575,29,4728.048155
-129.254088,50,4728.146643
-35.130923,15,4728.176049
-24.876445,10,4728.195498
-59.520096,22,4728.237203
-46.819154,18,4728.276111
-177.154222,80,4728.432319
-269.890869,108,4728.660995
-45.400641,23,4728.713536
-30.345557,11,4728.734647
-31.035393,14,4728.76374
-189.079705,79,4728.945118
-36.325228,14,4728.968862
-44.143148,22,4729.017056
-52.667038,29,4729.074425
-59.0232,20,4729.113147
-56.913257,23,4729.15472
-88.84958,29,4729.209385
-38.247855,18,4729.253503
-47.488655,23,4729.304428
-29.3673,21,4729.344339
-140.145651,69,4729.474774
-82.638176,35,4729.542023
-391.521199,149,4729.84802
-45.167929,18,4729.885149
-28.772237,12,4729.906818
-120.189503,50,4730.001968
-57.909541,21,4730.040873
-42.851684,19,4730.079406
-107.724845,36,4730.159391
-34.445713,13,4730.186996
-48.227812,19,4730.224782
-47.599868,15,4730.252936
-58.769256,28,4730.302812
-29.969998,18,4730.339256
-65.858406,26,4730.389522
-24.852654,10,4730.409035
-48.353455,16,4730.441655
-30.902363,18,4730.480819
-72.622589,28,4730.531556
-34.83796,21,4730.573285
-57.992129,18,4730.605
-105.466048,43,4730.693691
-55.91483,21,4730.73376
-120.760761,46,4730.841629
-75.215805,36,4730.912667
-42.442126,15,4730.943119
-92.328442,42,4731.036429
-128.154893,54,4731.154338
-30.555193,11,4731.179486
-121.89526,50,4731.274746
-85.402173,36,4731.341367
-20.475789,8,4731.357873
-20.35652,10,4731.377536
-26.250225,11,4731.398124
-130.899356,46,4731.484975
-78.919594,28,4731.539126
-42.846958,26,4731.587462
-26.876175,11,4731.610088
-63.85847,33,4731.675429
-122.24812,34,4731.738307
-53.028431,22,4731.783402
-21.746783,9,4731.916481
-106.291139,42,4732.001832
-33.728556,15,4732.029601
-53.592132,21,4732.070169
-48.247468,18,4732.10609
-15.908476,7,4732.117489
-42.864081,18,4732.158522
-35.305185,16,4732.186328
-61.375521,22,4732.227843
-104.15427,40,4732.305976
-2846.675484,1000,4734.315158
-24.422551,9,4734.333137
-49.777206,17,4734.367833
-43.302968,17,4734.397046
-55.362268,18,4734.431556
-32.996551,14,4734.457874
-67.654178,28,4734.512553
-76.928746,27,4734.559894
-27.470604,15,4734.587726
-45.992171,17,4734.622231
-33.474936,14,4734.648126
-39.730865,18,4734.67962
-31.520921,14,4734.708706
-51.656417,23,4734.75396
-24.4438,9,4734.767951
-120.026967,57,4734.896739
-46.916918,22,4734.938861
-60.419701,19,4734.978667
-90.848195,31,4735.039624
-50.616237,22,4735.081712
-36.237388,13,4735.104635
-152.096219,56,4735.2106
-55.804254,26,4735.262462
-59.247657,43,4735.344813
-42.242632,16,4735.374137
-56.643222,18,4735.409779
-38.819042,22,4735.449342
-52.510315,18,4735.488655
-15.863874,7,4735.500115
-72.269314,29,4735.553915
-91.662466,35,4735.620232
-17.606309,8,4735.637655
-36.71264,17,4735.668646
-78.156823,31,4735.72612
-49.717648,24,4735.775664
-80.199081,27,4735.829471
-37.632165,21,4735.884859
-196.557302,84,4736.050977
-19.310647,8,4736.063926
-42.118888,20,4736.102849
-24.331761,9,4736.121205
-29.317225,14,4736.15099
-146.760492,58,4736.265787
-67.411823,30,4736.322932
-48.632082,18,4736.360003
-21.579355,9,4736.379302
-2473.240345,1000,4738.328673
-104.473369,30,4738.387202
-42.521141,17,4738.417538
-70.521435,24,4738.464606
-38.719786,15,4738.494379
-72.143844,24,4738.542091
-21.321605,8,4738.554824
-69.603335,25,4738.603659
-26.902674,13,4738.629204
-106.711801,59,4738.741498
-84.241869,32,4738.815493
-78.454805,45,4738.900692
-73.359837,30,4738.958717
-29.837427,15,4738.988864
-71.9237,32,4739.0529
-98.816625,58,4739.162102
-24.828391,9,4739.180545
-19.997305,9,4739.199376
-94.758334,43,4739.282115
-72.611417,31,4739.345229
-58.748536,23,4739.388998
-33.552487,16,4739.416932
-25.346784,10,4739.435356
-162.957077,55,4739.5376
-17.68672,8,4739.554322
-17.223995,7,4739.565467
-93.064648,41,4739.655641
-19.366644,10,4739.674112
-84.52137,25,4739.722115
-16.992985,7,4739.735759
-33.115982,16,4739.767386
-23.552349,10,4739.800007
-135.670776,39,4739.880851
-170.712483,58,4739.996217
-157.485145,50,4740.089129
-63.992262,21,4740.129512
-33.679058,11,4740.150952
-39.632334,19,4740.190363
-17.423744,8,4740.203648
-29.990273,18,4740.241891
-15.48164,17,4740.277088
-35.024105,12,4740.302929
-83.769667,32,4740.360879
-34.622811,13,4740.386897
-60.142435,23,4740.426842
-20.677188,8,4740.443143
-58.425891,32,4740.506153
-62.424131,26,4740.558329
-99.410719,31,4740.620738
-42.545714,14,4740.648859
-2607.14278,1000,4742.817341
-41.681084,20,4742.859285
-1191.576364,471,4743.80969
-103.554673,34,4743.872167
-179.524815,61,4744.001766
-74.71821,27,4744.053762
-135.214508,41,4744.134177
-2519.356746,1000,4746.137016
-72.34918,23,4746.182842
-101.624647,42,4746.266517
-59.883918,23,4746.315449
-85.965239,43,4746.400934
-47.150988,17,4746.432563
-42.925693,21,4746.474719
-73.504888,27,4746.527075
-212.941348,73,4746.67622
-39.397491,20,4746.71552
-97.563665,39,4746.789716
-41.846789,14,4746.816723
-45.585827,15,4746.846557
-73.948987,32,4746.905454
-32.533552,12,4746.932773
-207.452979,79,4747.099818
-2552.515135,1000,4749.162877
-79.860922,42,4749.253881
-97.278062,43,4749.339983
-67.604866,21,4749.386392
-103.063704,39,4749.45776
-30.742091,29,4749.51522
-178.256417,56,4749.630758
-143.062459,61,4749.758442
-2622.67144,1000,4751.82212
-47.242439,23,4751.871916
-59.863392,23,4751.925193
-21.59245,17,4751.960455
-71.529269,27,4752.022513
-47.767517,19,4752.057665
-90.039374,39,4753.218664
-55.161499,22,4753.261352
-2696.531693,1000,4755.074549
-78.272255,23,4755.118343
-33.445598,12,4755.144354
-125.707747,46,4755.234579
-142.694275,47,4755.332246
-39.148788,13,4755.362009
-2550.501518,1000,4757.360374
-26.164559,14,4757.38858
-68.697402,39,4757.457072
-67.509154,28,4757.512326
-57.141937,21,4757.556294
-127.937105,63,4757.677557
-35.58675,18,4757.709816
-63.226941,25,4757.759206
-70.723228,33,4757.824939
-16.526269,10,4757.843008
-26.733024,14,4757.87129
-39.382073,19,4757.908112
-61.692324,27,4757.957961
-28.240409,10,4757.979426
-51.922755,17,4758.028609
-1141.409826,422,4758.862941
-25.614035,10,4758.881174
-21.00147,8,4758.896658
-32.915586,13,4758.929269
-285.674941,111,4759.162874
-85.703049,34,4759.236553
-99.583341,27,4759.287534
-29.598735,18,4759.323758
-93.144503,34,4759.391909
-53.469234,31,4759.45284
-50.634608,21,4759.493137
-45.40229,18,4759.529128
-111.924543,52,4759.624534
-157.335158,54,4759.729115
-87.274801,26,4759.779036
-42.220334,14,4759.806572
-185.614481,60,4759.923344
-42.932482,18,4759.959355
-35.940087,16,4759.98841
-97.007099,38,4760.073459
-2535.586318,1000,4762.101272
-16.128796,7,4762.116944
-26.973846,12,4762.139014
-42.767101,18,4762.178023
-71.362684,30,4762.242243
-15.882671,7,4762.255031
-112.019531,35,4762.329997
-46.115164,20,4762.373708
-24.571286,10,4762.394448
-62.581511,32,4762.457652
-26.95508,13,4762.479204
-2537.098381,1000,4764.505835
-56.544942,21,4764.551072
-123.837185,45,4764.64057
-50.493976,21,4764.687521
-107.860661,34,4764.753425
-48.874473,22,4764.80035
-53.580004,23,4764.842268
-38.64058,20,4764.880988
-150.599521,60,4764.995308
-887.382683,364,4765.715137
-82.968437,32,4765.778733
-70.510347,29,4765.831043
-50.096875,18,4765.867197
-105.983735,38,4765.940893
-132.200283,48,4766.035632
-49.236134,24,4766.104714
-51.501622,26,4766.157521
-61.8435,26,4766.208717
-101.103739,43,4766.29336
-115.413905,43,4766.375152
-118.820553,50,4766.478942
-41.901117,23,4766.521617
-180.262531,80,4766.684103
-37.408155,20,4766.72367
-202.565895,75,4766.88397
-37.930911,11,4766.906039
-34.834982,23,4766.955448
-82.447102,41,4767.042258
-41.208563,20,4767.082718
-162.778808,65,4767.229069
-104.739244,53,4767.339966
-78.889484,36,4767.40523
-60.86023,40,4767.480479
-82.57873,42,4767.560515
-31.889023,15,4767.591259
-43.071126,17,4767.625043
-198.891632,76,4767.772019
-79.722075,46,4767.862656
-105.456012,53,4767.972384
-2422.218972,971,4770.019718
-37.436627,16,4770.050202
-129.678643,45,4770.135485
-90.151885,37,4770.228812
-42.262238,16,4770.260761
-108.429083,51,4770.360556
-260.353131,124,4770.604046
-29.806094,13,4770.626573
-48.787929,20,4770.666118
-32.337944,13,4770.694348
-2436.283652,1000,4772.806892
-56.979603,30,4772.863663
-69.232011,38,4772.938991
-108.570362,46,4773.026894
-2385.569399,1000,4775.157872
-51.358491,18,4775.190245
-149.310934,59,4775.313143
-85.156323,31,4775.375016
-50.850985,18,4775.412281
-85.68068,49,4775.52554
-71.887874,30,4775.584245
-80.404936,25,4775.633307
-2351.138797,1000,4777.717149
-116.3185,41,4777.801271
-87.72279,32,4777.8656
-2332.804999,1000,4779.921978
-103.693439,53,4780.049161
-94.185609,40,4780.138669
-23.864773,9,4780.157813
-186.598988,87,4780.332619
-111.597798,50,4780.43047
-49.835808,21,4780.473554
-2392.69396,1000,4782.462321
-40.443271,32,4782.531084
-72.848163,26,4782.590429
-105.628695,71,4782.743673
-45.577596,18,4782.779598
-23.493022,10,4782.799805
-162.329093,72,4782.940922
-60.406203,21,4782.980074
-20.206231,9,4782.998317
-2526.920834,1000,4785.17456
-89.450834,27,4785.245598
-64.694905,38,4785.335592
-58.347081,44,4785.452607
-41.506894,20,4785.498847
-56.890856,26,4785.560277
-24.008338,30,4785.630681
-107.776239,32,4785.722468
-96.556655,35,4785.804336
-53.112196,27,4785.861933
-57.793858,18,4785.906972
-112.391192,44,4786.026099
-98.586615,51,4786.147552
-46.172675,22,4786.191509
-142.252488,53,4786.300309
-40.862195,19,4786.335222
-40.780376,14,4786.366795
-76.572913,42,4786.449136
-25.865539,10,4786.468838
-75.788291,22,4786.51295
-23.112701,16,4786.542873
-112.059747,33,4786.611868
-49.391985,31,4786.673865
-241.55485,72,4786.832668
-59.332065,23,4786.881857
-25.252113,10,4786.902259
-2547.904301,1000,4788.904186
-55.375315,26,4788.95068
-240.52025,88,4789.136633
-148.029423,76,4789.281576
-51.680516,29,4789.341206
-75.502681,35,4789.418232
-44.926425,13,4789.441977
-134.587193,61,4789.558129
-2624.541516,1000,4791.733903
-86.514242,33,4791.801281
-47.170127,27,4791.85679
-57.129754,24,4791.901227
-32.603433,10,4791.923257
-60.985309,28,4791.981153
-66.25417,38,4792.060858
-49.176025,31,4792.116833
-47.715913,19,4792.152013
-2553.95045,1000,4794.237941
-53.909316,28,4794.578138
-56.637826,30,4794.641725
-109.469756,36,4794.712486
-42.212703,20,4794.752411
-86.029656,31,4794.821478
-28.117274,10,4794.839994
-76.987574,44,4794.924097
-76.348878,30,4794.978009
-23.132379,10,4794.997107
-46.131278,17,4795.031047
-79.051206,45,4795.115228
-79.888795,32,4795.175263
-130.452182,43,4795.256796
-71.33149,34,4795.32343
-43.745216,17,4795.354839
-2632.286516,1000,4797.421986
-337.132479,100,4797.630516
-32.737657,18,4797.668079
-36.895561,22,4797.711562
-27.790509,18,4797.748289
-42.993173,27,4797.806108
-56.328049,23,4797.858436
-30.530676,17,4797.893927
-98.676652,50,4798.001418
-46.270952,17,4798.032866
-67.169459,27,4798.09133
-27.490332,12,4798.115182
-49.171757,17,4798.15524
-88.540922,40,4798.237095
-117.969586,46,4798.340411
-83.677904,26,4798.390514
-132.705493,52,4798.495425
-33.037421,11,4798.522661
-99.926398,42,4798.605399
-101.227038,60,4798.733999
-24.800675,10,4798.754065
-2651.34417,1000,4801.084492
-37.026112,12,4801.118629
-72.702643,30,4801.210127
-29.764867,11,4801.243889
-102.322771,39,4801.349346
-35.400256,13,4801.384598
-55.315374,20,4801.431784
-40.522842,17,4801.471066
-91.628601,32,4801.557627
-65.601739,21,4801.611311
-332.533427,99,4801.872654
-33.530997,14,4801.909147
-33.458893,12,4801.938094
-76.04876,32,4802.014704
-63.345372,21,4802.076154
-20.412329,11,4802.103295
-21.694331,28,4802.17117
-25.694528,19,4802.219089
-35.153957,14,4802.252249
-30.026042,11,4802.278577
-27.914454,12,4802.337773
-26.907807,12,4802.362868
-88.044203,38,4802.463835
-33.758823,17,4802.514108
-75.358661,51,4802.655185
-29.353277,12,4802.687382
-31.22629,11,4802.712798
-46.622039,21,4802.773882
-56.185856,17,4802.816377
-37.642482,13,4802.847893
-53.187712,25,4802.91216
-42.852229,24,4802.977619
-30.305818,13,4803.008647
-38.53694,16,4803.054266
-38.829278,17,4803.100117
-130.112167,80,4803.306274
-74.413259,48,4803.410635
-43.85386,30,4803.474305
-51.902512,20,4803.515283
-27.495355,15,4803.549181
-34.116482,11,4803.584387
-36.907628,19,4803.627603
-49.245788,16,4803.658802
-58.78305,34,4803.729253
-20.373497,10,4803.749329
-25.388999,11,4803.773276
-24.907828,11,4803.793321
-50.656679,28,4803.862852
-90.491991,32,4803.926964
-28.099183,13,4803.956088
-120.110761,43,4804.042666
-31.304729,12,4804.069569
-58.844975,29,4804.122711
-28.632735,27,4804.182236
-28.431196,12,4804.209867
-27.059725,16,4804.240286
-20.652429,10,4804.259205
-30.371392,11,4804.28234
-22.332449,11,4804.302742
-92.991803,30,4804.360301
-31.000623,12,4804.383748
-28.566363,11,4804.403808
-37.343212,12,4804.429118
-21.619392,17,4804.462023
-43.275517,17,4804.49882
-51.228706,19,4804.533548
-69.143776,23,4804.582031
-40.232723,23,4804.646028
-72.807958,24,4804.69181
-34.75319,17,4804.726668
-29.860545,12,4804.749122
-76.715607,26,4804.800587
-77.340075,31,4804.867631
-14.339217,14,4804.894943
-141.516254,42,4804.983918
-29.880449,13,4805.006437
-32.777639,14,4805.059106
-65.571454,30,4805.133468
-26.315858,11,4805.156995
-28.174212,11,4805.186849
-32.653626,12,4805.225675
-72.946279,28,4805.297253
-83.093411,41,4805.397186
-34.222024,14,4805.426711
-67.594482,21,4805.472325
-78.50083,28,4805.525257
-26.787457,12,4805.554531
-12.641251,14,4805.583846
-29.923347,27,4805.637112
-1219.635494,487,4806.683643
-28.861547,11,4806.709534
-46.671671,30,4806.784297
-30.916737,12,4806.81282
-31.514741,17,4806.863027
-104.61717,35,4806.938714
-61.254748,26,4806.996834
-74.975174,33,4807.073764
-167.503763,87,4807.266449
-106.166406,36,4807.351945
-32.797721,11,4807.37978
-133.239601,50,4807.494942
-43.905396,18,4807.534332
-136.552165,54,4807.643023
-79.794563,30,4807.703065
-80.603606,27,4807.811732
-54.319379,24,4807.863149
-89.260348,36,4807.935632
-68.598059,32,4808.022705
-2525.981651,1000,4810.199303
-50.481226,18,4810.235852
-25.424055,12,4810.258818
-68.528428,24,4810.305136
-63.508478,24,4810.356677
-107.135594,39,4810.431247
-86.199665,30,4810.488587
-250.511858,84,4810.647003
-278.24045,103,4810.843337
-51.561425,18,4810.881323
-91.736011,43,4810.966733
-68.067944,27,4811.026049
-73.693686,30,4811.086978
-82.344818,23,4811.131083
-56.498926,23,4811.193061
-40.236375,12,4811.214639
-314.273906,115,4811.431903
-28.740669,13,4811.457921
-78.843715,26,4811.510822
-214.68658,82,4811.670707
-32.272932,12,4811.696317
-97.592397,39,4811.770669
-90.48577,41,4811.845991
-137.141973,59,4811.965823
-184.366232,65,4812.099949
-129.333746,53,4812.221106
-26.271501,12,4812.25082
-56.930494,25,4812.306632
-2533.450327,1000,4814.386215
-28.459916,12,4814.411042
-30.462231,12,4814.435191
-30.887611,13,4814.46608
-182.663979,91,4814.651152
-70.289593,24,4814.698837
-27.537728,10,4814.71754
-313.589364,117,4814.940541
-106.732987,36,4815.042135
-50.843228,21,4815.094125
-63.077665,29,4815.17134
-64.259834,39,4815.267712
-32.644026,11,4815.299891
-35.35974,19,4815.342297
-143.188217,51,4815.484801
-152.656406,50,4815.622234
-52.815582,28,4815.690672
-103.768201,41,4815.788756
-46.258041,23,4815.845665
-73.06548,28,4815.928621
-122.272191,57,4816.066442
-130.311072,56,4816.212376
-78.82021,26,4816.294746
-65.040839,25,4816.356283
-28.060676,12,4816.392852
-255.77566,117,4816.995262
-102.880539,34,4817.075865
-47.478353,17,4817.115705
-95.789137,57,4817.282292
-25.089999,11,4817.306308
-2528.497937,1000,4819.291127
-158.104719,52,4819.389158
-2513.659835,1000,4821.369092
-81.681239,30,4821.425079
-2612.341618,1000,4823.569024
-28.344307,9,4823.594808
-2529.906736,1000,4825.902629
-60.771268,23,4825.949847
-178.019694,76,4826.105026
-90.187901,42,4826.189789
-47.444321,22,4826.236524
-147.334333,69,4826.371555
-112.09533,46,4826.464547
-64.616095,20,4826.522509
-39.905871,13,4826.548264
-225.539647,105,4826.772572
-2518.030794,1000,4828.814186
-67.432305,20,4828.853923
-57.189674,18,4828.891365
-44.022091,16,4828.921252
-114.220131,47,4829.017837
-211.13696,87,4829.196513
-2466.416077,1000,4831.195387
-88.638299,31,4831.258241
-331.219797,132,4831.517707
-47.413582,18,4831.563129
-128.343271,54,4831.676099
-139.497958,63,4831.801171
-131.385985,53,4831.902251
-150.420623,74,4832.048175
-490.170969,163,4832.363624
-148.825479,79,4832.509456
-106.429495,45,4832.614416
-49.423999,21,4832.662528
-166.453132,79,4832.817129
-61.019357,24,4832.864623
-317.33232,107,4833.077117
-55.407974,22,4833.119458
-28.290868,12,4833.143013
-44.387653,27,4833.197595
-379.925575,148,4833.498497
-298.667489,123,4833.79608
-37.102941,21,4833.843769
-33.688012,16,4833.880619
-68.150762,24,4833.934238
-227.718948,109,4834.183012
-44.558547,18,4834.219516
-48.568706,20,4834.258806
-2557.166909,1000,4836.218233
-96.762033,36,4836.290607
-882.526747,340,4836.951542
-29.214343,14,4836.980196
-2525.76718,1000,4839.305628
-67.482334,23,4839.348904
-82.185691,34,4839.417495
-125.211643,49,4839.51572
-103.620552,34,4839.584172
-2596.245539,1000,4841.616265
-384.739092,129,4841.876705
-246.663883,95,4842.072281
-66.765662,33,4842.143798
-347.100431,151,4842.453522
-1388.848638,556,4843.616178
-125.464983,56,4843.72431
-226.064107,80,4843.884912
-80.923678,37,4843.955503
-90.574834,46,4844.064844
-70.301267,33,4844.133397
-119.660651,49,4844.229138
-224.799843,93,4844.412996
-2472.597547,1000,4846.448392
-110.768433,42,4846.542141
-47.311863,21,4846.58062
-2652.314168,1000,4848.56921
-114.101617,41,4848.647248
-205.459936,71,4848.789743
-248.53464,105,4848.99054
-143.897264,58,4849.122636
-80.057895,49,4849.216244
-137.514084,57,4849.330609
-62.210579,22,4849.371489
-126.893359,41,4849.461743
-110.764436,42,4849.541902
-184.43129,70,4849.685119
-56.173038,20,4849.722212
-628.944571,249,4850.221874
-29.476589,10,4850.242328
-218.629252,87,4850.418832
-303.22149,102,4850.616378
-191.330332,61,4850.730673
-299.035539,106,4850.941564
-152.323836,51,4851.043992
-33.443799,12,4851.086106
-80.341928,40,4851.165025
-98.723676,49,4851.260747
-156.400467,77,4851.415494
-2645.1951,1000,4853.427781
-402.137633,134,4853.690625
-122.16027,41,4853.769408
-150.313782,56,4853.872654
-120.485424,37,4853.940358
-93.475627,38,4854.011202
-113.868306,40,4854.105109
-2644.022433,1000,4856.113499
-112.823106,35,4856.183583
-98.981386,42,4856.276156
-23.896072,12,4856.301279
-108.945408,35,4856.370397
-43.412524,18,4856.404037
-210.23032,68,4856.547136
-42.933165,15,4856.578508
-57.790809,18,4856.617712
-123.803943,41,4856.699685
-112.901778,44,4856.785022
-45.487709,17,4856.818034
-2591.379538,1000,4859.033854
-161.126951,51,4859.125809
-2624.406375,1000,4861.085929
-44.248561,17,4861.129762
-209.998493,80,4861.330929
-197.925394,69,4861.474862
-2583.370291,1000,4863.530543
-134.904675,43,4863.615742
-584.682137,195,4863.984973
-57.817847,20,4864.02502
-103.968665,43,4864.109546
-96.227097,46,4864.198815
-124.268571,49,4864.288712
-2671.328596,1000,4866.248705
-159.664474,60,4866.377841
-38.292893,13,4866.401512
-43.021181,13,4866.42853
-144.900192,56,4866.536174
-153.856795,51,4866.634454
-137.824149,54,4866.737587
-2635.082399,1000,4869.044013
-107.798979,40,4869.138139
-64.992844,27,4869.195518
-2674.053107,1000,4871.297363
-125.123776,47,4871.389755
-147.325105,51,4871.487923
-161.273934,71,4871.629312
-30.913134,11,4871.648512
-142.576059,43,4871.748817
-284.773712,114,4871.969339
-225.900858,72,4872.118692
-254.25028,84,4872.29625
-37.061645,12,4872.321466
-39.186774,11,4872.347456
-186.213496,75,4872.49681
-235.806308,89,4872.678626
-107.475647,44,4872.788926
-206.822195,68,4872.947173
-51.844491,15,4872.977345
-340.938136,128,4873.242544
-207.554041,77,4873.449509
-47.68635,19,4873.50051
-221.790067,76,4873.719406
-237.107883,93,4873.932847
-139.076361,48,4874.033919
-118.516357,48,4874.114752
-115.697439,36,4874.174722
-218.475434,79,4874.314077
-2750.398713,1000,4876.056584
-212.970167,80,4876.227511
-293.067633,118,4876.467012
-330.170735,100,4876.635815
-35.765047,10,4876.651636
-157.313775,57,4876.741263
-37.293701,11,4876.757907
-300.941247,90,4876.90435
-68.694359,28,4876.958652
-153.706434,59,4877.075513
-242.654011,96,4877.225867
-103.59636,36,4877.28302
-42.978918,11,4877.298984
-68.224575,25,4877.338493
-2732.96544,1000,4879.911611
-447.057386,166,4880.156499
-96.212276,42,4880.21286
-2987.539543,1000,4881.802297
-78.148877,27,4881.84378
-266.57488,125,4882.027106
-52.622567,24,4882.062537
-215.606592,77,4882.173443
-92.03103,39,4882.231986
-91.999743,29,4882.274739
-71.710587,23,4882.306864
-541.542242,211,4882.632408
-170.576702,65,4882.730324
-83.32492,38,4882.787597
-126.097993,49,4882.861609
-189.526673,79,4882.979276
-60.86888,21,4883.010146
-108.382195,47,4883.079758
-78.860956,31,4883.130469
-130.546181,53,4883.21277
-40.586772,22,4883.244401
-101.421946,43,4883.310329
-69.379638,28,4883.355112
-27.339199,9,4883.366003
-25.373738,11,4883.385122
-451.832367,156,4883.619342
-93.652527,66,4883.719368
-112.202493,44,4883.786875
-89.899684,29,4883.836378
-204.091638,74,4883.960751
-44.286196,15,4883.983493
-106.75081,43,4884.050459
-258.972715,103,4884.210477
-136.244478,55,4884.29463
-30.898901,15,4884.317613
-50.911817,16,4884.341527
-108.069866,45,4884.409652
-215.910631,89,4884.544409
-34.185855,12,4884.561841
-114.916665,46,4884.631269
-100.847119,38,4884.707684
-146.669373,63,4884.800629
-2665.063442,1000,4886.358268
-101.435575,40,4886.418643
-419.289701,150,4886.643817
-94.990086,41,4886.708075
-35.55815,16,4886.731622
-96.496832,42,4886.793467
-88.818308,30,4886.838115
-57.377096,22,4886.87258
-33.071929,12,4886.889627
-193.123192,72,4887.002266
-176.438358,64,4887.100915
-2712.038361,1000,4888.76365
-26.118234,10,4888.779883
-24.696805,10,4888.801326
-61.172444,20,4888.842854
-200.812665,84,4888.981172
-274.461938,121,4889.173331
-30.911186,11,4889.19093
-196.913403,63,4889.380516
-487.527127,184,4889.798008
-2677.698257,1000,4891.552538
-729.57142,297,4892.130924
-90.84721,35,4892.188196
-2686.085681,1000,4894.624357
-245.373138,91,4894.947374
-175.109968,70,4895.292079
-93.65939,43,4895.399364
-258.730599,97,4895.668566
-29.036066,11,4895.70085
-148.555049,61,4895.863115
-29.585573,9,4895.883058
-2688.138321,1000,4898.248627
-52.205801,20,4898.281454
-75.008011,23,4898.31709
-2659.121232,1000,4900.125898
-25.883386,9,4900.142546
-299.217163,116,4900.341182
-216.880656,66,4900.472537
-69.026396,25,4900.514783
-125.16141,54,4900.61169
-2704.169806,1000,4902.405298
-2689.526027,1000,4904.251521
-88.910921,31,4904.30721
-91.760698,37,4904.375954
-71.031133,26,4904.421809
-133.763516,58,4904.526162
-89.056087,40,4904.59405
-140.051791,70,4904.717832
-103.411655,40,4904.790366
-25.305475,10,4904.80803
-80.716617,39,4904.874617
-37.592353,19,4904.910202
-24.668788,10,4904.928272
-31.587702,10,4904.961594
-43.090596,18,4904.995581
-181.506594,67,4905.113716
-161.449871,55,4905.211722
-33.363893,11,4905.230584
-149.943506,63,4905.344738
-113.446375,40,4905.414219
-47.532148,16,4905.441761
-78.286631,33,4905.500291
-103.494038,50,4905.585988
-61.655599,23,4905.62502
-387.019595,133,4905.876471
-80.486148,31,4905.932158
-95.420643,43,4906.010278
-54.354755,19,4906.044927
-60.433552,18,4906.076778
-77.957937,33,4906.135697
-57.423577,23,4906.173695
-143.230184,50,4906.26095
-200.402182,72,4906.388972
-33.567311,10,4906.406188
-388.523423,162,4906.697458
-170.801394,57,4906.816577
-158.021114,67,4906.936052
-35.370118,12,4906.957413
-36.104482,12,4906.980964
-86.539448,26,4907.027536
-252.258073,74,4907.160508
-127.225775,45,4907.238981
-37.155893,12,4907.257918
-116.318067,35,4907.316993
-31.463114,12,4907.341644
-87.657768,32,4907.394891
-2714.704462,1000,4909.222374
-133.191661,50,4909.310624
-98.737315,41,4909.379615
-25.917514,10,4909.397144
-2760.943162,1000,4911.22749
-30.25925,11,4911.246545
-141.252236,59,4911.36743
-29.193639,11,4911.385996
-53.139455,21,4911.428121
-122.434403,47,4911.510374
-219.231353,77,4911.643626
-31.791172,10,4911.66116
-184.701419,71,4911.790163
-176.118144,68,4911.904593
-2672.575332,1000,4913.772429
-100.183159,33,4913.830916
-2677.687794,1000,4915.777147
-2694.757996,1000,4918.21188
-120.711656,40,4918.268183
-67.940948,26,4918.304771
-22.401726,11,4918.319258
-72.227049,30,4918.361381
-64.629711,27,4918.4151
-109.027285,38,4918.468104
-21.417357,11,4918.482987
-54.677211,18,4918.510051
-56.986337,20,4918.538863
-160.355279,73,4918.642053
-244.240391,81,4918.758747
-25.711047,12,4918.77546
-59.277345,23,4918.809828
-255.15231,100,4918.95283
-2710.442324,1000,4920.494112
-2669.032125,1000,4922.079265
-79.980509,34,4922.13078
-86.090078,39,4922.187999
-358.877827,123,4922.395077
-163.057071,55,4922.477973
-82.092139,27,4922.517257
-113.736213,56,4922.60518
-130.671814,60,4922.696403
-269.206606,99,4922.842494
-338.152432,128,4923.035784
-92.707135,35,4923.106283
-2704.405447,1000,4924.706142
-422.069572,162,4924.978039
-93.219016,39,4925.033447
-24.341949,11,4925.048356
-25.952656,10,4925.062182
-2662.169227,1000,4926.562696
-85.312649,38,4926.617765
-63.305545,27,4926.655195
-2633.297735,1000,4928.154539
-68.604179,30,4928.198766
-121.480104,71,4928.306256
-133.490387,50,4928.380593
-98.868981,52,4928.47175
-53.304213,20,4928.502136
-22.890431,10,4928.517156
-69.974287,22,4928.549305
-140.332536,52,4928.628359
-26.663389,10,4928.643751
-150.551159,50,4928.719541
-181.202898,71,4928.825073
-29.174573,11,4928.840663
-105.820597,56,4928.92503
-157.903899,58,4929.012636
-82.380308,36,4929.065643
-47.122707,19,4929.095031
-29.268134,13,4929.115602
-23.48758,11,4929.131784
-2729.734489,1000,4930.72234
-2724.34624,1000,4932.286839
-205.262652,82,4932.594658
-111.967378,44,4932.662798
-513.354671,163,4932.911946
-145.148164,55,4932.99628
-93.2546,43,4933.060122
-139.230116,56,4933.145447
-37.055018,18,4933.173441
-18.738907,12,4933.190793
-175.104604,73,4933.306232
-120.633028,36,4933.362166
-279.299518,90,4933.498441
-154.163212,48,4933.572444
-75.737718,47,4933.641203
-77.81503,28,4933.684452
-215.768138,80,4933.806606
-45.823663,18,4933.831619
-63.142918,34,4933.882643
-33.770454,13,4933.90345
-53.560215,17,4933.928021
-79.523868,41,4933.988853
-107.072282,38,4934.046927
-31.945033,11,4934.077609
-92.855576,40,4934.140552
-50.370416,18,4934.169227
-79.233846,30,4934.214828
-218.217315,95,4934.3589
-337.486693,122,4934.544555
-26.909823,11,4934.560791
-196.260852,78,4934.679669
-62.943113,28,4934.723334
-153.319387,51,4934.799508
-156.070871,70,4934.919194
-86.173253,35,4934.972056
-33.098013,13,4934.989899
-98.389791,52,4935.071039
-67.990577,25,4935.108801
-90.062976,32,4935.164546
-233.137346,103,4935.334519
-157.370763,55,4935.418982
-47.493838,21,4935.450857
-142.632167,68,4935.556294
-556.988088,181,4935.85366
-2640.360682,1000,4937.433125
-142.83575,52,4937.511166
-245.369515,103,4937.670188
-42.319234,16,4937.694627
-177.878491,73,4937.806429
-77.355518,33,4937.854111
-169.474109,65,4937.952853
-44.006041,17,4937.981229
-96.946698,36,4938.052242
-170.327667,66,4938.15417
-2695.443468,1000,4939.693883
-2654.478515,1000,4941.243706
-2748.294462,1000,4942.796751
-123.169948,48,4942.872658
-43.225974,16,4942.896517
-2594.605574,1000,4944.445537
-2517.18184,1000,4946.051785
-168.772363,70,4946.163215
-330.372081,109,4946.333064
-2519.933326,1000,4947.902852
-2668.273721,1000,4950.456847
-94.101399,50,4950.527377
-403.764096,171,4950.785028
-382.632985,148,4950.997707
-301.364466,112,4951.165032
-304.733779,120,4951.341941
-192.622997,79,4951.472072
-287.223903,104,4951.620565
-113.640697,43,4951.68488
-185.785747,76,4951.798454
-251.751648,90,4951.929619
-259.182137,95,4952.068017
-813.988849,301,4952.532506
-395.723468,152,4952.759465
-2562.394824,1000,4954.299803
-33.80972,12,4954.316796
-216.461798,74,4954.4274
-131.753909,50,4954.516023
-164.500599,60,4954.609469
-308.347087,112,4954.776208
-168.361228,58,4954.86548
-43.822655,17,4954.890528
-146.00538,51,4954.969093
-296.940193,115,4955.147075
-211.8133,78,4955.277737
-40.778528,18,4955.310967
-120.303921,49,4955.38953
-133.761139,42,4955.452924
-40.072451,27,4955.494737
-301.947006,108,4955.664
-798.080738,347,4956.20716
-2583.244293,1000,4957.775377
-167.354855,60,4957.866378
-789.738627,302,4958.325559
-723.11103,259,4958.736519
-273.632039,126,4958.945801
-781.277939,301,4959.422689
-176.866283,73,4959.533628
-155.157332,60,4959.62484
-126.778892,41,4959.685113
-2482.252425,1000,4961.28531
-2577.734696,1000,4962.861037
-266.035056,101,4963.014397
-68.623299,36,4963.068418
-476.003213,182,4963.360803
-68.39442,26,4963.399424
-156.457528,72,4963.507919
-344.425466,129,4963.703233
-93.240613,49,4963.778592
-398.952944,161,4964.037393
-26.652824,11,4964.053676
-277.750507,94,4964.198385
-218.184286,81,4964.321141
-103.514274,34,4964.372872
-36.085745,16,4964.395655
-2613.143837,1000,4966.37139
-77.503488,41,4966.430858
-73.118475,27,4966.471742
-94.831379,43,4966.53208
-2703.442634,1000,4968.084051
-266.112057,95,4968.242666
-74.765097,23,4968.278895
-62.897988,23,4968.316003
-124.280082,46,4968.387535
-331.362718,127,4968.580222
-123.611388,48,4968.655375
-108.442105,44,4968.723525
-377.354251,146,4968.947646
-128.09236,37,4969.016783
-207.758642,71,4969.125276
-62.738607,30,4969.170814
-2654.349835,1000,4970.732353
-367.46797,140,4970.945047
-255.575738,99,4971.094231
-334.004463,123,4971.279866
-139.212079,55,4971.376767
-110.569598,32,4971.424536
-480.097833,153,4971.656803
-238.627751,69,4971.760239
-162.385732,61,4971.849894
-39.527648,14,4971.87153
-62.580473,21,4971.902227
-261.953196,94,4972.0438
-53.46113,33,4972.108966
-213.46451,71,4972.234927
-222.808382,59,4972.343941
-289.591859,102,4972.517269
-77.512525,27,4972.564659
-255.298594,113,4972.741769
-121.575097,45,4972.81753
-60.096899,21,4972.852543
-100.756664,40,4972.921898
-94.705313,39,4972.997451
-51.442031,43,4973.066109
-218.739176,70,4973.201694
-198.081935,72,4973.366262
-2719.510102,1000,4975.249509
-60.825216,19,4975.287071
-77.165973,43,4975.381922
-132.289789,48,4975.481842
-65.374884,29,4975.541343
-1171.198144,447,4976.436795
-114.908467,44,4976.516113
-213.997428,92,4976.680556
-121.770797,56,4976.780981
-264.028799,94,4976.972549
-139.09331,58,4977.092322
-113.452722,55,4977.201958
-115.57805,67,4977.369887
-106.818493,40,4977.624406
-158.895705,51,4977.855681
-56.476319,19,4977.906826
-66.951045,23,4977.967381
-197.701558,66,4978.147908
-204.410345,92,4978.444108
-116.50613,46,4978.604721
-849.5003,322,4979.316253
-199.402162,84,4979.487352
-29.97479,14,4979.512919
-27.149744,11,4979.548721
-41.9252,12,4979.572882
-64.674992,23,4979.626657
-134.476835,53,4979.73299
-53.145561,20,4979.768512
-131.577969,57,4979.873257
-38.860631,38,4979.936513
-75.696369,28,4980.007524
-177.541343,63,4980.15257
-143.595547,59,4980.274807
-81.664866,26,4980.316947
-252.514414,110,4980.532332
-115.433439,48,4980.620944
-107.323491,41,4980.691666
-66.135467,22,4980.732068
-339.186961,170,4981.029456
-59.757503,20,4981.061227
-526.45524,183,4981.451925
-148.721592,57,4981.564303
-46.474735,17,4981.595564
-44.181816,20,4981.632797
-30.240796,13,4981.658644
-77.801314,33,4981.715633
-443.368303,158,4981.986938
-264.43577,112,4982.160322
-326.896486,100,4982.334811
-343.667747,145,4982.578486
-138.418231,39,4982.64644
-691.893497,253,4983.100847
-234.11941,103,4983.61334
-264.629402,112,4983.814685
-308.601325,109,4983.977863
-46.115286,18,4984.006387
-878.434998,345,4984.573373
-156.844095,63,4984.710685
-130.545195,59,4984.80292
-55.058352,23,4984.841395
-128.211263,62,4984.940322
-301.027981,120,4985.159473
-169.119059,77,4985.319077
-191.29142,79,4985.489071
-405.873815,133,4985.746966
-109.291224,32,4985.797448
-2512.382477,1000,4987.56259
-329.800722,154,4987.786947
-256.902784,104,4988.001766
-45.385254,53,4988.096405
-64.203643,35,4988.155979
-2633.456269,1000,4989.894455
-347.143166,183,4990.199694
-263.662221,95,4990.355065
-146.126436,51,4990.44339
-300.474188,131,4990.748254
-125.888652,60,4990.863054
-67.605611,39,4990.965774
-390.06083,174,4991.280624
-494.517487,159,4991.564413
-86.999605,43,4991.639798
-2512.193017,1000,4993.549908
-232.083118,86,4993.68632
-69.550337,30,4993.756895
-46.25006,20,4993.78821
-459.277123,200,4994.123462
-38.848807,31,4994.198664
-224.965487,76,4994.356767
-107.405753,46,4994.426704
-2524.515477,1000,4996.197962
-230.184488,98,4996.363969
-65.056379,27,4996.408117
-86.79632,28,4996.4486
-71.264917,29,4996.489906
-343.71499,131,4996.675872
-121.616409,47,4996.744354
-75.356549,39,4996.797777
-591.926148,223,4997.140614
-72.557554,32,4997.186854
-73.685142,31,4997.234892
-64.897791,22,4997.265862
-115.76423,44,4997.331033
-136.323617,52,4997.406305
-25.547741,16,4997.429667
-217.001444,104,4997.582875
-68.001697,24,4997.631862
-33.779005,14,4997.654556
-67.964739,27,4997.693606
-241.876918,121,4997.872242
-167.980006,52,4997.950644
-224.218133,83,4998.072409
-23.174277,12,4998.091648
-98.646295,31,4998.138716
-125.811856,43,4998.206565
-89.103294,38,4998.262989
-211.783349,86,4998.430916
-240.525257,89,4998.567886
-95.611738,53,4998.750254
-37.445855,16,4998.783085
-135.450487,57,4998.90194
-98.833586,52,4998.992325
-115.644823,60,4999.074764
-29.398697,14,4999.094971
-143.964354,50,4999.17033
-106.959447,36,4999.225715
-140.664615,58,4999.313109
-262.349381,87,4999.486036
-86.32712,30,4999.529426
-29.256168,12,4999.546228
-190.30587,79,4999.665452
-87.557247,40,4999.72709
-443.266159,143,4999.938625
-79.803111,27,4999.977337
-45.957175,22,5000.008824
-307.356266,94,5000.155108
-40.893221,18,5000.183676
-247.758252,97,5000.329711
-79.19153,24,5000.367527
-18.405208,20,5000.398419
-2525.479726,1000,5002.298607
-26.056841,19,5002.327587
-161.813154,56,5002.410299
-120.220729,44,5002.48056
-2675.288409,1000,5004.135647
-33.74172,14,5004.170199
-2529.111153,1000,5005.882495
-56.657248,27,5005.925587
-98.065709,50,5006.058364
-676.172909,210,5006.489674
-198.15654,83,5006.65571
-176.269992,63,5006.759842
-65.260369,25,5006.797981
-49.988486,28,5006.841494
-58.340976,21,5006.872274
-70.825261,47,5006.940938
-66.328989,26,5006.984919
-106.487744,40,5007.050805
-193.260761,83,5007.235883
-130.963937,54,5007.341981
-198.587403,82,5007.490026
-59.948057,30,5007.532068
-45.38682,17,5007.55705
-12.904533,16,5007.57802
-288.147455,128,5007.812928
-55.339602,20,5007.841121
-74.267881,27,5007.88599
-157.057502,47,5007.977046
-61.17241,44,5008.047987
-26.29545,22,5008.094685
-72.621542,31,5008.145242
-43.14326,25,5008.18591
-279.599924,109,5008.367317
-102.451188,48,5008.46062
-87.833326,63,5008.576268
-2548.012985,1000,5010.569543
-304.705714,103,5010.746918
-332.837138,126,5011.000566
-85.439559,38,5011.084534
-155.698988,63,5011.226727
-26.257758,16,5011.253563
-60.387863,24,5011.294943
-45.316831,22,5011.328478
-70.267615,25,5011.367189
-37.960488,19,5011.398432
-243.816697,111,5011.576201
-159.782386,51,5011.661728
-180.531508,77,5011.957651
-165.242494,63,5012.129627
-39.743297,17,5012.183596
-2531.823988,1000,5014.435528
-49.603638,19,5014.479816
-301.696774,145,5014.828368
-91.763093,36,5014.940849
-60.66611,52,5015.058282
-107.176354,46,5015.149618
-84.521413,37,5015.228029
-63.231084,24,5015.271851
-321.867978,101,5015.499914
-156.702552,45,5015.658683
-166.247197,57,5015.786834
-130.942927,78,5015.967607
-71.604081,23,5016.019804
-419.090225,158,5016.372037
-2530.697168,1000,5018.278098
-279.222921,127,5018.582544
-181.921706,77,5018.799093
-94.497602,33,5018.86559
-229.943634,81,5019.107371
-230.110533,83,5019.24921
-49.512055,31,5019.300986
-112.151385,45,5019.426966
-284.75508,122,5019.680098
-444.162699,209,5020.051241
-293.519279,113,5020.247597
-26.598531,11,5020.266148
-327.589607,130,5020.486342
-37.226613,27,5020.533341
-250.725099,97,5022.033546
-72.67041,32,5022.112135
-331.768385,128,5022.356002
-109.226676,49,5022.436645
-2561.927497,1000,5024.277294
-31.343026,11,5024.30023
-214.127261,78,5024.430636
-30.407488,11,5024.446998
-39.320517,12,5024.464282
-96.074512,31,5024.513967
-129.646514,44,5024.579042
-85.929126,36,5024.638978
-202.249675,77,5024.807254
-206.759383,74,5024.960809
-143.528455,58,5025.06981
-90.849852,35,5025.128411
-278.605112,113,5025.315858
-250.147788,102,5025.47182
-586.638691,242,5025.883418
-277.940939,126,5026.096495
-391.451734,168,5026.371714
-457.779919,176,5026.691019
-42.703256,15,5026.71684
-168.814584,93,5026.879549
-206.577773,92,5027.03932
-153.257273,64,5027.195388
-161.421032,62,5027.310178
-59.516701,18,5027.343693
-387.998182,136,5027.582613
-221.086,96,5027.760404
-35.349043,10,5027.781435
-83.473415,28,5027.823815
-65.055551,31,5027.877853
-127.923873,42,5027.960796
-128.285269,32,5028.011944
-519.132615,199,5028.36648
-80.895458,34,5028.428991
-62.92239,24,5028.46775
-205.857658,89,5028.594118
-2619.670836,1000,5030.641092
-629.831741,228,5031.028728
-52.188234,20,5031.062041
-111.460802,51,5031.150531
-326.6744,113,5031.327282
-142.110636,46,5031.397319
-89.181596,34,5031.45558
-206.430746,69,5031.579796
-124.395394,46,5031.662966
-309.42567,122,5031.854995
-257.508008,99,5032.022349
-387.5232,144,5032.26122
-305.08668,112,5032.459898
-178.098784,87,5032.614638
-222.690199,91,5032.774127
-542.610643,201,5033.135987
-879.445664,323,5033.734997
-327.136666,140,5034.032035
-337.999826,131,5034.255595
-112.914247,46,5034.32664
-461.105096,181,5034.623888
-39.792153,12,5034.6425
-93.598845,38,5034.702795
-113.5944,56,5034.791631
-229.524934,105,5034.978897
-356.300636,127,5035.292702
-45.299498,19,5035.331967
-310.242352,105,5035.504473
-62.518699,29,5035.665657
-485.945518,181,5035.99858
-545.799397,172,5036.230753
-148.160697,70,5036.328911
-25.743095,12,5036.347372
-93.982779,35,5036.395396
-100.629144,37,5036.449517
-196.109673,83,5036.586732
-487.474539,202,5036.880315
-101.067439,31,5036.926173
-95.570114,42,5036.994893
-120.805691,43,5037.058365
-67.277587,24,5037.095753
-442.478301,181,5037.399797
-48.802813,22,5037.43518
-57.364963,22,5037.482064
-62.185329,25,5037.537801
-109.189441,46,5037.607057
-57.018704,21,5037.640239
-81.717475,22,5037.67209
-90.411876,30,5037.719903
-134.257965,61,5037.844033
-135.011059,58,5037.942797
-58.00447,27,5037.981538
-149.615468,69,5038.09999
-188.020961,69,5038.205708
-71.521726,23,5038.239105
-2660.297998,1000,5040.775361
-2997.739512,1000,5042.189948
-2999.79724,1000,5043.744362
-1416.971869,519,5044.540632
-230.821317,79,5044.67639
-415.153601,145,5044.926176
-28.601181,12,5044.94527
-39.972946,13,5044.968599
-243.784901,99,5045.147321
-47.334675,20,5045.284396
-87.519653,32,5045.390141
-485.925101,184,5045.684274
-57.655132,44,5045.755142
-473.095754,157,5046.011641
-436.068364,184,5046.347769
-196.16399,83,5046.491783
-184.311398,74,5046.620508
-468.069315,178,5046.934669
-157.802322,57,5047.034979
-251.721523,90,5047.214746
-160.633855,73,5047.342459
-86.276781,38,5047.411221
-184.212388,64,5047.521475
-282.614652,134,5047.73788
-342.356031,121,5047.95244
-184.545776,64,5048.079373
-372.125675,140,5048.322717
-32.210897,12,5048.344894
-62.350923,22,5048.381855
-118.241632,42,5048.451378
-226.529728,84,5048.586592
-291.292203,102,5048.746443
-141.904302,65,5048.863494
-121.556611,43,5048.929462
-58.656967,23,5048.966477
-26.901041,10,5048.981875
-146.584884,45,5049.051709
-119.331095,45,5049.121357
-439.571358,158,5049.396427
-193.657283,88,5049.583994
-44.144023,20,5049.619072
-2650.466319,1000,5051.579726
-223.21949,76,5051.718674
-30.646886,11,5051.734634
-73.561959,25,5051.771953
-27.348275,10,5051.786871
-70.082219,28,5051.831888
-176.977395,66,5051.938391
-35.123986,12,5051.961489
-99.351424,38,5052.025481
-88.422865,36,5052.087635
-131.234962,49,5052.171275
-119.874152,43,5052.249028
-134.340663,36,5052.309641
-31.833959,12,5052.32769
-34.898239,13,5052.351614
-55.756548,19,5052.383745
-23.158667,11,5052.401081
-123.135301,46,5052.481206
-72.367343,37,5052.566189
-70.490997,32,5052.629906
-54.122573,18,5052.670507
-79.137311,26,5052.72239
-31.410577,11,5052.744856
-35.498641,13,5052.775217
-248.231944,91,5052.991822
-27.513996,11,5053.016594
-155.204184,50,5053.123582
-121.020802,47,5053.20613
-171.615082,56,5053.298687
-28.176722,11,5053.317938
-105.849954,36,5053.404788
-40.464998,13,5053.441504
-44.591576,17,5053.479401
-35.490039,12,5053.507005
-35.547591,12,5053.53414
-112.286991,41,5053.613003
-133.262835,44,5053.692732
-27.855302,10,5053.713663
-182.113901,91,5053.869068
-37.142486,20,5053.900706
-60.009528,25,5053.975165
-116.665477,44,5054.091996
-38.675352,15,5054.122118
-36.596171,13,5054.145467
-36.441326,13,5054.177563
-42.445543,15,5054.20619
-68.354653,23,5054.257331
-285.76538,111,5054.473308
-34.544547,13,5054.498681
-50.829962,26,5054.55004
-38.678566,12,5054.582039
-33.296484,11,5054.601663
-69.823523,25,5054.654023
-30.813535,13,5054.678696
-35.584637,13,5054.704772
-102.619762,33,5054.775166
-41.201353,14,5054.799665
-29.680205,15,5054.822821
-566.09915,206,5055.201362
-53.656845,17,5055.23871
-322.361671,114,5055.458428
-94.910736,37,5055.525759
-64.367737,21,5055.556756
-90.173432,36,5055.607415
-2619.005529,1000,5057.142874
-52.57785,33,5057.199766
-2542.92051,1000,5060.738228
-134.277331,44,5060.82687
-73.075924,27,5060.876945
-26.388725,12,5060.897353
-296.569227,109,5061.116417
-112.347198,50,5061.221251
-76.541815,33,5061.283607
-2617.19519,1000,5063.419597
-114.340666,40,5063.499443
-29.676506,11,5063.520798
-82.517386,35,5063.590946
-204.830417,71,5063.756485
-55.753875,21,5063.802939
-453.934257,175,5064.18355
-30.947002,11,5064.206063
-113.144138,39,5064.282461
-187.871058,66,5064.41448
-167.936642,66,5064.55567
-2645.382685,1000,5066.617388
-31.663574,10,5066.638117
-2638.655583,1000,5068.754005
-164.269327,59,5068.877696
-184.10982,53,5069.003296
-41.054272,17,5069.035577
-289.151364,102,5069.24131
-40.694107,14,5069.268117
-135.561963,48,5069.364475
-52.088301,20,5069.407922
-40.253283,14,5069.437957
-53.817747,20,5069.480749
-174.726578,57,5069.59517
-224.168784,82,5069.767166
-72.498732,21,5069.809249
-52.033505,20,5069.847079
-118.039175,34,5069.912453
-125.409739,48,5070.011316
-68.028354,20,5070.053001
-71.502006,25,5070.105979
-54.063228,25,5070.1624
-170.728706,65,5070.288665
-240.674412,92,5070.465579
-494.078209,197,5070.845248
-104.396536,47,5070.938974
-134.271685,51,5071.04322
-596.178926,188,5071.426951
-2811.185989,1000,5073.599879
-131.437176,41,5073.690166
-2985.097318,1000,5075.926598
-60.827446,21,5075.965164
-240.652887,85,5076.133748
-89.201303,36,5076.203809
-197.176371,68,5076.343625
-120.264368,51,5076.468181
-395.012032,150,5076.774286
-104.273773,35,5076.841693
-74.451678,24,5076.885821
-39.192868,13,5076.909641
-51.655303,17,5076.947198
-34.485623,14,5076.974047
-100.348675,45,5077.059529
-168.356048,57,5077.167882
-78.683836,31,5077.231847
-30.789224,11,5077.253771
-262.031079,99,5077.468097
-40.312824,13,5077.496928
-46.950615,18,5077.528663
-27.372012,10,5077.5474
-80.651005,31,5077.606032
-2798.95239,1000,5079.634546
-281.995915,94,5079.81018
-90.772774,36,5079.878093
-43.774128,20,5079.916123
-38.726935,21,5079.959294
-87.708186,25,5080.006439
-59.155882,24,5080.047932
-35.512549,15,5080.076761
-26.985605,11,5080.100177
-51.233018,20,5080.139867
-202.998958,55,5080.243969
-176.653191,53,5080.342425
-38.307547,13,5080.370078
-65.81144,26,5080.539655
-122.182225,40,5080.622675
-118.485738,48,5080.718844
-56.31096,21,5080.759692
-118.302542,46,5080.849272
-48.9524,19,5080.888135
-32.769448,11,5080.908748
-64.346048,19,5080.946261
-26.992864,11,5080.967436
-58.669828,23,5081.016636
-74.477962,28,5081.068141
-42.319042,13,5081.097001
-33.551176,11,5081.119457
-43.113654,17,5081.153432
-60.206748,23,5081.200454
-32.415258,14,5081.227665
-77.824934,31,5081.285848
-54.442441,18,5081.319324
-69.200337,31,5081.380989
-193.232729,100,5081.591005
-2701.36135,1000,5083.686473
-257.488052,80,5083.840155
-29.551487,11,5083.860292
-69.997572,23,5083.907754
-123.974961,41,5083.987158
-108.793465,41,5084.062881
-47.761408,15,5084.092134
-43.297977,14,5084.120355
-63.410858,20,5084.164448
-59.303802,17,5084.197503
-53.931443,18,5084.235909
-29.5563,12,5084.261333
-45.741384,22,5084.311933
-19.149623,11,5084.33493
-67.506529,27,5084.392942
-39.013982,14,5084.424796
-29.349138,11,5084.445466
-149.931677,55,5084.551609
-270.572226,105,5084.767148
-31.231873,11,5084.790575
-48.136201,19,5084.834542
-36.743019,13,5084.865748
-39.799282,15,5084.899212
-184.05755,68,5085.050805
-45.311714,16,5085.090487
-28.812708,12,5085.112615
-18.402073,10,5085.133167
-108.213727,33,5085.21575
-136.050726,44,5085.299656
-34.751978,12,5085.326549
-148.155897,57,5085.443758
-446.692724,180,5085.819893
-57.509654,21,5085.860404
-36.370941,16,5085.894636
-61.632518,25,5085.943868
-27.659615,11,5085.964406
-42.114222,14,5085.993449
-19.344565,10,5086.013082
-65.898222,22,5086.055626
-76.899798,28,5086.111229
-24.914375,12,5086.13218
-39.821537,13,5086.160946
-134.179631,65,5086.283558
-320.058426,100,5086.494755
-82.009738,31,5086.552331
-172.387756,60,5086.673462
-157.92223,58,5086.812591
-77.851151,23,5086.862065
-20.814317,10,5086.88292
-57.818792,22,5086.929521
-46.060426,14,5086.962523
-54.900783,16,5086.994605
-416.794552,131,5087.269266
-29.60873,10,5087.291529
-31.703154,11,5087.316344
-66.424606,24,5087.370155
-408.88352,127,5087.641161
-27.297485,8,5087.662492
-125.338312,43,5087.753742
-74.443646,28,5087.846682
-35.539095,13,5087.870287
-114.744545,40,5087.991263
-139.594682,49,5088.117741
-39.198319,13,5088.154088
-24.085396,10,5088.182389
-69.079067,26,5088.251375
-48.989684,17,5088.289039
-220.93401,85,5088.468261
-35.623297,13,5088.498414
-136.606147,41,5088.598296
-39.530214,14,5088.632144
-24.09996,12,5088.656431
-76.554065,33,5088.775693
-100.317211,33,5088.863078
-24.389421,11,5088.884469
-46.48535,17,5088.918692
-32.381301,13,5088.948412
-314.36652,88,5089.162696
-42.208716,18,5089.21313
-36.919228,17,5089.251321
-188.410657,77,5089.422702
-150.039964,49,5089.532869
-71.484717,32,5089.600445
-111.478598,45,5089.690838
-28.056384,10,5089.713954
-101.478006,45,5089.8101
-107.538718,39,5089.889882
-133.480029,53,5089.98931
-24.654707,11,5090.013491
-44.903507,16,5090.044114
-26.465287,10,5090.063983
-183.101558,66,5090.228523
-34.51379,11,5090.25444
-325.709439,113,5090.499563
-43.345398,15,5090.532094
-62.975058,28,5090.58973
-159.332679,74,5090.748538
-31.996604,13,5090.776389
-92.958152,33,5090.841445
-40.42245,14,5090.869757
-83.321888,38,5090.946413
-37.15489,12,5090.967949
-2713.95631,1000,5093.035753
-72.005145,21,5093.07864
-61.254053,24,5093.129445
-86.110634,35,5093.202494
-37.979265,12,5093.229675
-147.056513,46,5093.333342
-41.937167,19,5093.37127
-132.706285,48,5093.467429
-206.299246,66,5093.59485
-32.880008,12,5093.622194
-2715.652757,1000,5095.661391
-100.684614,33,5095.72642
-113.050394,33,5095.797024
-82.208475,32,5095.861169
-67.37305,25,5095.912243
-205.340417,52,5096.01967
-192.305876,64,5096.149076
-2062.283495,751,5097.709727
-61.667658,19,5097.750484
-116.665356,36,5097.824178
-56.918893,21,5097.875512
-67.40883,25,5097.926203
-27.398967,11,5097.94697
-75.582116,27,5098.002378
-46.915202,20,5098.05212
-70.869438,25,5098.101686
-38.10838,14,5098.125984
-82.032015,37,5098.209373
-107.052098,51,5098.315512
-62.852119,21,5098.358773
-209.661444,76,5098.528746
-117.692247,48,5098.629969
-134.402817,47,5098.720393
-46.771795,21,5098.76648
-171.20295,50,5098.869768
-210.318672,82,5099.037235
-57.349693,19,5099.07649
-111.563655,48,5099.172789
-36.792945,11,5099.197523
-140.438372,50,5099.302162
-31.407221,11,5099.324386
-163.623041,62,5099.445477
-128.306472,47,5099.559652
-35.268491,23,5099.603526
-148.18219,44,5099.69317
-118.915015,40,5099.769595
-152.252372,48,5099.861874
-50.838089,19,5099.894578
-43.51611,15,5099.923911
-29.973089,13,5099.950177
-77.462457,28,5100.011147
-44.976613,14,5100.035398
-77.046818,34,5100.106493
-142.99722,50,5100.227045
-72.816938,21,5100.267943
-100.67366,34,5100.342294
-146.576384,46,5100.432764
-64.340121,23,5100.477833
-68.911711,28,5100.550993
-86.068023,27,5100.60213
-112.592021,30,5100.659884
-60.172139,21,5100.700103
-126.084197,46,5100.791233
-34.244277,12,5100.818587
-2667.996164,1000,5102.94992
-65.485003,27,5102.999544
-128.528668,38,5103.073316
-98.999095,31,5103.132235
-135.252832,40,5103.209567
-2781.986716,1000,5105.248514
-76.951288,27,5105.300199
-221.194469,80,5105.450525
-55.886636,22,5105.496595
-68.723007,23,5105.538562
-242.424263,94,5105.735766
-92.234929,34,5105.808734
-67.152509,22,5105.852392
-42.114894,15,5105.883521
-43.166054,16,5105.918792
-151.964782,51,5106.019204
-125.976766,49,5106.116972
-104.806824,35,5106.183315
-58.376746,25,5106.232019
-26.084292,12,5106.252043
-67.726825,21,5106.291418
-2734.013448,1000,5108.2788
-76.301135,34,5108.368584
-113.029802,32,5108.445406
-36.95405,16,5108.485994
-34.110086,15,5108.520956
-77.389058,25,5108.581332
-49.400927,13,5108.609998
-88.630699,28,5108.670493
-169.530867,47,5108.783492
-419.158585,125,5109.045939
-250.208517,112,5109.274605
-78.522549,22,5109.317147
-85.120654,27,5109.367419
-228.266636,85,5109.534373
-54.142648,18,5109.569667
-36.192652,10,5109.590358
-34.911569,13,5109.616963
-144.166667,47,5109.709067
-37.941028,13,5109.735696
-35.582833,13,5109.7726
-33.651921,14,5109.801851
-56.55346,25,5109.851755
-93.175,37,5109.923177
-47.469719,19,5109.96405
-39.802347,15,5109.993345
-92.164418,34,5110.062007
-68.721894,24,5110.117189
-105.054333,53,5110.23049
-98.714698,33,5110.301434
-123.701769,44,5110.387978
-112.292707,38,5110.462896
-157.636535,50,5110.569673
-27.496741,10,5110.591442
-154.276645,64,5110.735029
-77.414099,32,5110.820831
-182.537767,64,5110.953862
-78.198194,19,5110.991602
-194.099838,69,5111.126025
-106.739026,40,5111.201967
-2715.766097,1000,5113.393895
-42.719599,14,5113.436561
-94.538773,34,5113.57339
-34.654869,13,5113.597825
-281.894459,89,5113.819833
-104.395881,38,5113.897066
-52.443801,16,5113.92691
-136.611023,40,5114.007103
-117.035843,48,5114.099012
-48.61958,25,5114.162712
-31.852971,22,5114.244505
-100.197069,31,5114.305014
-67.363522,21,5114.348
-190.816799,59,5114.469279
-118.29256,50,5114.571
-92.157109,33,5114.651375
-195.974973,66,5114.794894
-38.072228,12,5114.818246
-22.062803,15,5114.848968
-76.86229,32,5114.91723
-2635.367003,1000,5116.999187
-246.320064,100,5117.201226
-113.913146,37,5117.272906
-110.604109,37,5117.364716
-59.249241,22,5117.413488
-42.853011,13,5117.436486
-33.387833,12,5117.469943
-47.733724,19,5117.530025
-35.442123,12,5117.560824
-68.87795,27,5117.635249
-146.014134,46,5117.7641
-41.119192,12,5117.793797
-172.761697,68,5117.967338
-150.962935,65,5118.129043
-139.012162,51,5118.249318
-60.321432,23,5118.299262
-28.594892,11,5118.330306
-33.822275,13,5118.356472
-43.423236,16,5118.388229
-26.222669,12,5118.415882
-187.751663,44,5118.506931
-25.797826,11,5118.543825
-54.860788,20,5118.585831
-43.545429,14,5118.616913
-52.688719,20,5118.661287
-79.274784,28,5118.718362
-157.266509,47,5118.814332
-265.782751,83,5118.978185
-125.384762,40,5119.064998
-262.030634,89,5119.25777
-33.714323,13,5119.288866
-2703.531861,1000,5121.424899
-130.863238,50,5121.515328
-40.688611,19,5121.546295
-60.269842,25,5121.592499
-37.00372,10,5121.610514
-44.321579,19,5121.652199
-63.442272,32,5121.72032
-494.353151,160,5122.375588
-28.12865,11,5122.420029
-186.330717,72,5122.625082
-33.039373,10,5122.678408
-142.957022,42,5122.818658
-47.897702,16,5122.86472
-68.462245,24,5123.153867
-32.648307,12,5123.198529
-2733.856523,1000,5125.965071
-163.720658,52,5126.074265
-26.959832,14,5126.103301
-103.311303,27,5126.163819
-110.079166,38,5126.237327
-136.825625,46,5126.347914
-242.426204,84,5126.543885
-531.793231,195,5127.009773
-72.345994,25,5127.061902
-104.163141,38,5127.157485
-46.51861,24,5127.209624
-49.060663,21,5127.252456
-52.394523,20,5127.295614
-57.557165,23,5127.34193
-56.088792,19,5127.382768
-2730.948743,1000,5129.845217
-133.32073,39,5129.965209
-106.786388,54,5130.129176
-2695.386815,1000,5132.698289
-43.957789,16,5132.733801
-141.064746,51,5132.857199
-2581.80847,1000,5135.074293
-68.582352,28,5135.13182
-29.63376,10,5135.151984
-438.213404,183,5135.543498
-50.868796,21,5135.591507
-142.465704,46,5135.686107
-121.458997,36,5135.759711
-157.003405,61,5135.898947
-333.131616,145,5136.20168
-112.056079,33,5136.265763
-184.629164,58,5136.373644
-66.012299,25,5136.423691
-31.197285,11,5136.448066
-246.123042,81,5136.607622
-33.656897,11,5136.627906
-51.522616,28,5136.687295
-114.040312,51,5136.789054
-36.174871,12,5136.811038
-61.231532,23,5136.874167
-165.603447,70,5137.009761
-87.525062,26,5137.0576
-36.969157,13,5137.084308
-65.616015,30,5137.143665
-147.680693,43,5137.226731
-37.7229,11,5137.246657
-2696.839958,1000,5139.270606
-80.701769,29,5139.325935
-35.235736,12,5139.35139
-31.710294,10,5139.370443
-26.148542,14,5139.393977
-138.464106,42,5139.478334
-32.635788,11,5139.497967
-155.020278,53,5139.60354
-58.401568,23,5139.644376
-43.519195,19,5139.682846
-314.448903,90,5139.877058
-49.95371,18,5139.914445
-116.571215,36,5139.987128
-162.863629,46,5140.080761
-35.704042,12,5140.102377
-141.249821,64,5140.229983
-90.184031,30,5140.287351
-89.721448,31,5140.351839
-99.247096,37,5140.433572
-66.01074,19,5140.476887
-30.365611,12,5140.498116
-158.249188,50,5140.596297
-97.04167,40,5140.677284
-44.794363,13,5140.706173
-43.820104,17,5140.738456
-76.446544,24,5140.783854
-32.887646,13,5140.805141
-47.874007,16,5140.837633
-139.239322,43,5140.931193
-123.118096,47,5141.035686
-40.685611,17,5141.065809
-341.993676,115,5141.281487
-85.472218,27,5141.331341
-147.541444,47,5141.421956
-218.059342,70,5141.566052
-172.818362,61,5141.685505
-69.969595,23,5141.731336
-337.188151,95,5141.913922
-52.990166,24,5141.958341
-78.254604,26,5142.015641
-44.555107,16,5142.045556
-106.146492,42,5142.12262
-281.324096,124,5142.357726
-238.914146,87,5142.527398
-34.515311,11,5142.552443
-65.099224,23,5142.59655
-49.100059,13,5142.625421
-84.145628,29,5142.680881
-86.221845,34,5142.744025
-54.55109,19,5142.781249
-81.328948,40,5142.875736
-75.461601,26,5142.926107
-63.983832,29,5142.984952
-328.664657,103,5143.194154
-201.727983,76,5143.343785
-65.323486,23,5143.39029
-72.850145,21,5143.430202
-182.9541,72,5143.568839
-52.002179,20,5143.610751
-115.574001,35,5143.680238
-137.223817,42,5143.766593
-141.750456,48,5143.876102
-131.456213,40,5143.956158
-155.289435,59,5144.075246
-117.284577,38,5144.150898
-58.720441,22,5144.191181
-41.403817,21,5144.232592
-56.668654,31,5144.292629
-93.095285,31,5144.355504
-197.307094,71,5144.489582
-213.458902,58,5144.602696
-104.924511,39,5144.684994
-2673.981719,1000,5146.83305
-165.94092,65,5146.958171
-32.015455,13,5146.983447
-82.56382,32,5147.05912
-43.18423,13,5147.085486
-80.801013,33,5147.144725
-48.962183,21,5147.18633
-230.197139,82,5147.339992
-106.32816,39,5147.422519
-54.730954,21,5147.463438
-78.911447,28,5147.517651
-62.350574,32,5147.576952
-42.257412,15,5147.60745
-267.937095,86,5147.768817
-43.841252,19,5147.805829
-45.897206,16,5147.835048
-59.511249,22,5147.880718
-60.943854,39,5147.952956
-91.36938,33,5148.032195
-126.858528,58,5148.146235
-125.70852,37,5148.216454
-57.428534,18,5148.253448
-72.79346,27,5148.303709
-170.529752,58,5148.419957
-167.258594,52,5148.518401
-37.656229,12,5148.541055
-101.245599,45,5148.624062
-146.533336,52,5148.72643
-42.395448,13,5148.74952
-145.611815,51,5148.851012
-126.059387,45,5148.938651
-347.861008,121,5149.185997
-100.983166,33,5149.247748
-93.596889,34,5149.313411
-154.851057,47,5149.406009
-77.491417,31,5149.46292
-149.692803,55,5149.565143
-74.689261,27,5149.612706
-37.393563,12,5149.63761
-42.56305,19,5149.670579
-106.403091,40,5149.746866
-68.271841,31,5149.81357
-165.760577,59,5149.941394
-34.378967,14,5149.969512
-72.69759,22,5150.015452
-184.415956,65,5150.14545
-83.869254,31,5150.203754
-95.036569,30,5150.261627
-82.354175,34,5150.331237
-285.274196,121,5150.561579
-146.438988,60,5150.673599
-91.143261,50,5150.76769
-46.690417,17,5150.799732
-68.118936,23,5150.845953
-58.203709,18,5150.878208
-30.459151,13,5150.917301
-37.753763,15,5150.947753
-61.080356,25,5150.995813
-89.326678,44,5151.078238
-186.314805,65,5151.199735
-218.239932,61,5151.312626
-207.981525,86,5151.478011
-104.022738,32,5151.542005
-55.769907,16,5151.572734
-157.531827,59,5151.682163
-109.88736,46,5151.770154
-71.459229,22,5151.811486
-32.761015,15,5151.84098
-128.92597,55,5151.960602
-105.478374,33,5152.025638
-79.323524,33,5152.08622
-63.779502,24,5152.133031
-84.864271,27,5152.188512
-86.535072,27,5152.236623
-113.361982,38,5152.310099
-110.473033,44,5152.393321
-287.059687,71,5152.532382
-48.863125,19,5152.572235
-52.517863,22,5152.625419
-40.130405,14,5152.656812
-67.112571,23,5152.702914
-42.092803,12,5152.729171
-66.813957,25,5152.776121
-142.741649,47,5152.874352
-57.149911,21,5152.915117
-38.369808,14,5152.943436
-86.276536,37,5153.011219
-25.387679,11,5153.035622
-34.467907,13,5153.059345
-70.463824,35,5153.127768
-51.612915,19,5153.163989
-244.895687,90,5153.359422
-67.476871,23,5153.418956
-2661.332884,1000,5155.461817
-57.585291,22,5155.503066
-123.900525,44,5155.590481
-86.26482,31,5155.647139
-46.619596,16,5155.6777
-64.799522,22,5155.724174
-274.724603,108,5155.940629
-61.817739,21,5155.980592
-69.208709,27,5156.036751
-173.690518,72,5156.174167
-47.728035,25,5156.223342
-48.825933,23,5156.267051
-68.189189,25,5156.315403
-131.579381,41,5156.392303
-34.303267,13,5156.417615
-57.001748,23,5156.458643
-96.581446,39,5156.542687
-70.243283,21,5156.581493
-150.985968,54,5156.686783
-178.800346,61,5156.812515
-41.462146,15,5156.841754
-31.584982,13,5156.868095
-2675.225317,1000,5158.890732
-31.972016,12,5158.911959
-34.956036,14,5158.955948
-34.992099,13,5158.982965
-90.888083,39,5159.05372
-92.495149,29,5159.109138
-101.78675,35,5159.175047
-122.531062,41,5159.260072
-84.635231,25,5159.308118
-30.854648,13,5159.335145
-161.589409,55,5159.438912
-86.198455,27,5159.492795
-73.45825,28,5159.546614
-2717.309044,1000,5161.695678
-47.42014,20,5161.73621
-2660.94731,1000,5163.748008
-54.402879,21,5163.786
-40.212526,14,5163.814137
-183.74686,44,5163.899059
-157.703503,53,5163.995394
-86.991905,38,5164.083118
-45.318035,18,5164.125144
-439.442463,123,5164.382081
-80.129024,26,5164.430205
-98.581446,27,5164.485777
-169.153224,49,5164.581279
-58.959692,20,5164.619448
-52.344077,19,5164.658611
-226.46358,71,5164.808228
-2709.66251,1000,5167.069082
-228.400214,76,5167.216146
-90.52063,48,5167.30962
-46.535329,19,5167.347784
-51.586017,25,5167.413132
-70.317095,28,5167.473762
-109.7259,36,5167.542694
-42.626767,22,5167.583323
-59.219493,23,5167.633626
-161.357487,62,5167.761535
-48.654909,15,5167.791951
-39.572212,16,5167.825645
-2696.211699,1000,5169.930941
-39.80081,12,5169.953048
-50.572998,16,5169.983238
-300.766066,90,5170.164097
-57.938793,19,5170.202223
-137.367066,45,5170.296552
-86.577961,27,5170.352544
-46.102413,19,5170.393327
-149.410208,55,5170.506342
-41.243122,14,5170.538357
-296.723299,90,5170.72149
-143.787652,52,5170.840325
-226.27433,77,5171.017884
-34.42625,15,5171.048208
-40.966933,15,5171.08053
-193.613518,52,5171.186943
-47.772494,23,5171.236782
-182.477878,63,5171.366368
-180.348546,51,5171.472903
-31.408553,13,5171.49578
-56.393499,20,5171.535947
-133.410858,53,5171.661757
-80.448143,23,5171.709437
-55.896936,19,5171.749372
-2763.549348,1000,5173.731044
-58.644885,20,5173.770474
-200.216787,76,5173.91647
-78.159707,25,5173.964906
-162.275677,66,5174.096634
-69.488623,22,5174.136415
-71.103511,24,5174.183851
-35.966175,12,5174.204872
-62.872515,28,5174.260023
-54.045737,19,5174.296086
-146.155816,46,5174.386568
-71.723384,24,5174.4321
-122.976865,40,5174.511089
-39.526332,13,5174.55028
-243.959309,67,5174.683949
-122.771015,45,5174.770389
-38.689861,14,5174.794862
-175.415298,61,5174.918758
-102.435404,42,5175.017235
-64.366006,20,5175.061956
-218.442426,64,5175.195027
-69.686384,28,5175.247786
-61.100992,21,5175.292093
-33.749156,13,5175.312764
-65.745294,21,5175.352528
-80.800318,28,5175.40725
-45.427617,16,5175.437334
-107.67773,36,5175.507294
-107.813539,36,5175.592993
-55.979931,25,5175.645948
-55.261699,22,5175.690571
-37.7655,14,5175.718838
-59.73341,23,5175.763799
-93.579099,41,5175.845014
-39.699287,13,5175.869855
-38.774707,15,5175.926006
-87.740024,38,5176.011417
-85.428434,24,5176.064577
-25.190099,15,5176.095534
-96.733851,29,5176.148838
-42.309692,14,5176.175759
-35.599036,13,5176.20304
-220.652605,79,5176.356195
-33.787772,12,5176.377375
-107.402861,36,5176.444337
-44.476003,14,5176.471386
-44.356369,14,5176.49839
-39.065473,14,5176.525818
-31.218082,12,5176.547398
-111.110432,43,5176.644523
-83.524211,27,5176.694834
-95.625543,31,5176.755249
-44.788594,15,5176.783691
-101.041268,32,5176.849022
-187.944832,54,5176.952582
-146.67378,43,5177.034709
-69.64908,24,5177.07951
-30.468364,14,5177.107423
-104.160036,38,5177.175069
-54.319501,19,5177.212262
-76.997367,24,5177.25875
-134.437182,56,5177.365231
-32.747061,13,5177.390569
-37.034571,13,5177.414515
-39.430086,13,5177.442539
-66.76581,22,5177.484797
-81.281585,32,5177.549328
-30.197042,12,5177.59005
-716.888561,262,5178.099699
-54.151606,15,5178.129173
-54.767066,17,5178.16564
-110.935622,35,5178.233634
-2755.229653,1000,5180.241817
-54.186487,21,5180.28122
-65.088803,28,5180.336888
-84.425187,33,5180.401662
-45.68452,20,5180.443846
-203.419757,65,5180.583205
-37.029434,14,5180.612931
-122.802147,41,5180.694318
-42.920723,14,5180.726682
-187.141351,63,5180.873055
-77.407987,26,5180.928768
-213.710335,76,5181.076016
-225.60434,86,5181.250978
-68.041292,23,5181.299556
-111.83537,45,5181.395279
-109.89685,47,5181.481764
-56.945614,20,5181.518951
-31.343977,12,5181.542808
-111.879534,45,5181.646976
-2704.926469,1000,5183.745247
-345.169348,114,5183.978181
-68.873408,24,5184.030853
-53.817326,23,5184.081761
-65.133094,22,5184.133343
-47.32249,15,5184.164928
-149.155328,54,5184.277894
-49.356168,19,5184.31548
-156.858201,51,5184.414804
-97.985249,32,5184.473726
-207.802679,83,5184.63043
-36.1221,11,5184.650255
-90.285175,30,5184.710823
-67.415486,21,5184.770972
-51.589605,20,5184.815722
-102.014274,36,5184.896319
-47.950396,17,5184.930722
-61.545207,20,5184.978554
-145.757689,58,5185.100894
-110.343195,38,5185.172321
-111.839636,41,5185.251323
-67.750309,21,5185.294981
-74.075323,28,5185.348289
-2716.220016,1000,5187.444871
-62.673207,27,5187.501962
-202.111505,71,5187.643118
-65.926921,22,5187.685385
-46.429218,15,5187.715531
-35.952163,13,5187.74285
-27.95403,11,5187.764025
-117.114859,39,5187.848883
-31.956959,13,5187.886467
-128.847932,36,5187.962555
-67.458916,21,5188.005892
-151.809827,43,5188.085979
-43.928464,15,5188.114847
-145.352869,67,5188.250949
-187.163761,60,5188.374137
-127.156248,40,5188.464355
-145.575243,49,5188.573761
-40.605647,15,5188.602016
-40.043641,15,5188.630958
-65.668121,20,5188.669205
-46.891031,27,5188.720937
-40.285324,14,5188.748381
-29.840791,12,5188.77017
-78.22398,27,5188.824697
-47.307041,15,5188.852994
-68.799769,21,5188.906933
-126.256427,43,5188.98796
-238.590919,94,5189.172462
-114.472734,54,5189.272973
-70.659032,29,5189.32602
-50.676637,18,5189.361263
-88.789969,31,5189.427826
-74.570468,36,5189.492944
-33.873606,12,5189.513935
-92.703654,28,5189.566135
-123.337382,66,5189.691092
-49.158218,16,5189.719909
-70.096182,22,5189.762825
-2738.289494,1000,5191.914275
-82.484781,23,5191.95758
-107.329551,46,5192.060268
-86.071312,38,5192.131899
-85.379508,27,5192.185662
-50.678576,19,5192.22761
-102.928498,22,5192.272737
-70.915721,21,5192.31895
-324.129558,121,5192.552518
-112.386078,45,5192.643272
-54.925271,20,5192.679777
-39.938106,15,5192.707187
-41.036978,14,5192.73355
-83.934373,23,5192.774448
-86.981245,28,5192.830888
-63.384409,27,5192.880811
-130.751571,53,5192.983111
-114.526156,42,5193.083823
-66.716464,24,5193.130951
-285.742227,89,5193.300682
-182.318514,60,5193.424418
-147.289941,42,5193.509555
-88.476577,25,5193.555855
-70.538021,26,5193.607387
-160.294262,58,5193.730833
-59.014426,19,5193.771174
-27.23349,11,5193.792124
-131.587721,44,5193.886848
-118.23095,32,5193.952193
-129.029395,45,5194.088209
-93.771412,29,5194.155681
-44.399048,14,5194.182967
-2863.695736,1000,5196.275933
-276.163702,73,5196.417859
-37.57373,14,5196.443228
-111.073107,39,5196.51764
-37.717672,14,5196.545572
-109.960549,45,5196.631802
-67.621558,24,5196.682557
-128.326521,42,5196.76501
-122.524905,34,5196.83614
-58.721668,20,5196.873712
-50.917111,30,5196.937231
-112.215929,33,5197.006014
-38.473949,14,5197.028769
-265.888884,103,5197.254232
-171.656964,49,5197.356605
-317.302521,99,5197.555514
-110.356397,29,5197.607925
-107.473513,46,5197.704275
-2913.552211,1000,5199.826176
-49.668487,21,5199.868069
-276.814059,95,5200.061477
-61.403017,21,5200.107429
-72.966762,27,5200.1577
-42.324643,15,5200.186019
-28.824207,14,5200.219376
-242.694803,81,5200.391883
-239.606411,78,5200.546059
-184.685182,59,5200.667449
-37.083803,14,5200.695697
-70.569284,25,5200.74295
-95.842253,30,5200.799582
-137.823612,41,5200.878346
-92.61223,29,5200.934543
-45.980103,14,5200.958772
-139.598845,44,5201.046343
-31.612711,11,5201.068025
-172.927315,67,5201.202583
-253.477041,83,5201.380251
-233.186952,65,5201.508407
-27.000638,10,5201.527989
-30.478469,12,5201.556301
-41.06226,14,5201.583774
-170.643728,48,5201.67538
-195.397496,58,5201.793408
-78.09703,33,5201.854432
-350.123163,109,5202.068542
-45.098925,16,5202.100668
-63.103418,19,5202.142831
-97.548734,34,5202.218297
-165.570891,59,5202.350609
-202.671375,86,5202.531476
-93.612382,36,5202.602769
-2719.857308,1000,5204.615001
-132.316477,47,5204.711843
-77.432604,29,5204.767877
-25.138714,11,5204.796658
-31.298877,11,5204.817897
-71.604294,33,5204.879098
-44.87671,18,5204.926426
-140.550084,41,5205.007603
-342.258413,106,5205.20852
-99.516574,35,5205.27495
-155.487226,52,5205.393821
-161.521474,43,5205.474614
-2714.502336,1000,5207.598969
-37.466134,12,5207.625147
-82.315605,36,5207.693966
-198.855794,72,5207.832664
-61.963043,26,5207.88636
-19.14768,9,5207.90221
-286.066187,103,5208.13448
-59.50089,20,5208.178388
-47.566034,29,5208.244896
-29.132174,10,5208.265179
-54.272853,15,5208.295791
-267.996528,78,5208.440974
-107.17444,29,5208.498069
-68.002475,24,5208.564912
-2668.910927,1000,5210.618135
-45.670251,17,5210.649985
-26.662735,10,5210.669538
-59.637319,20,5210.709182
-269.668242,88,5210.881082
-2819.448523,1000,5212.849227
-247.629961,75,5213.002205
-171.899419,52,5213.098229
-179.343343,50,5213.195798
-145.091659,62,5213.316608
-34.121473,12,5213.338611
-257.264658,81,5213.494486
-56.445876,23,5213.554405
-52.48034,17,5213.585966
-87.681585,28,5213.643548
-65.814264,22,5213.685133
-224.997915,89,5213.88065
-124.470973,39,5213.956393
-545.077846,167,5214.273368
-161.25926,48,5214.365947
-2757.271225,1000,5216.514198
-165.879029,58,5216.642562
-185.741093,66,5216.791464
-2751.386025,1000,5218.875547
-131.675407,44,5218.958761
-46.846862,22,5218.997287
-143.763938,46,5219.085073
-116.173907,40,5219.16337
-210.730266,66,5219.293974
-67.01444,22,5219.34346
-61.698948,24,5219.395616
-61.804075,20,5219.434932
-41.969552,13,5219.46169
-42.576721,15,5219.490397
-2769.210486,1000,5221.793263
-91.27321,35,5221.868185
-118.189374,32,5221.938727
-53.927629,16,5221.97017
-87.404261,39,5222.053546
-130.787388,48,5222.168006
-27.733098,12,5222.196708
-118.081523,34,5222.261519
-72.305657,22,5222.308016
-108.362754,39,5222.386884
-237.14576,98,5222.577626
-115.181334,36,5222.649966
-114.498304,36,5222.727399
-157.077148,67,5222.868625
-98.664829,39,5222.958317
-2679.681067,1000,5225.092702
-131.080326,44,5225.183629
-128.536174,34,5225.246088
-2798.872202,1000,5227.373511
-39.86077,14,5227.402982
-134.080806,54,5227.547887
-83.122007,23,5227.597552
-100.713276,33,5227.66192
-48.78338,18,5227.699126
-98.63675,42,5227.780782
-59.071378,18,5227.81918
-142.22242,46,5227.912915
-45.912598,15,5227.94329
-64.275971,27,5227.993953
-131.012778,49,5228.08681
-64.210439,21,5228.133626
-80.215474,35,5228.198607
-240.805542,70,5228.342568
-58.972566,20,5228.386749
-57.056209,21,5228.433333
-71.42542,34,5229.485982
-35.517824,14,5229.513155
-40.683255,14,5229.536697
-74.089016,20,5229.567863
-77.836254,22,5229.602558
-122.134704,46,5229.678165
-75.450514,32,5229.72842
-61.68514,22,5229.762429
-136.860948,51,5229.845459
-181.217281,66,5229.947759
-58.345873,20,5229.983163
-75.088824,35,5230.04759
-174.476831,69,5230.161419
-2715.054163,1000,5232.41422
-89.504748,34,5232.480102
-31.744893,14,5232.51242
-143.566909,48,5232.62433
-38.188183,14,5232.654361
-95.000755,42,5232.736032
-34.822091,13,5232.762057
-33.509046,12,5232.803671
-224.847213,60,5233.036349
-71.673874,23,5233.128561
-84.766567,37,5233.205929
-72.648262,22,5233.254006
-2678.733837,1000,5235.506414
-229.688714,103,5235.740327
-89.490456,32,5235.808342
-91.271042,28,5235.868411
-103.080092,49,5235.965139
-54.498488,24,5236.015884
-44.916178,16,5236.065667
-71.630656,25,5236.118293
-105.333438,39,5236.193704
-83.639946,31,5236.252007
-37.804595,13,5236.276598
-54.50077,25,5236.331252
-75.734416,34,5236.409276
-18.732569,11,5236.430638
-69.883886,31,5236.499149
-36.82405,12,5236.521335
-25.025396,10,5236.542692
-236.979653,82,5236.698807
-70.146215,20,5236.738671
-65.93094,24,5236.792426
-1174.097523,441,5237.709172
-54.222192,22,5237.75451
-36.944544,14,5237.781626
-2559.460659,1000,5239.843612
-91.676334,40,5239.92182
-63.848662,26,5239.971659
-104.004435,31,5240.029045
-54.202182,21,5240.069692
-259.987022,109,5240.295396
-76.284631,34,5240.367793
-2633.104675,1000,5242.426351
-72.374572,29,5242.483509
-91.615939,37,5242.556736
-43.448933,19,5242.595955
-31.223429,12,5242.618868
-29.49543,14,5242.64774
-119.746192,39,5242.724415
-64.153749,18,5242.7547
-43.502675,14,5242.78193
-43.05383,16,5242.810877
-157.50005,60,5242.926841
-169.050558,71,5243.086246
-54.959746,26,5243.143141
-87.962299,41,5243.233757
-114.954955,47,5243.347112
-244.347087,88,5243.52662
-141.004968,54,5243.628877
-35.322629,13,5243.652459
-80.896595,33,5243.725206
-47.549032,22,5243.770652
-70.329239,24,5243.824475
-2642.345592,1000,5245.84502
-67.156772,23,5245.889878
-30.675273,14,5245.917116
-223.199151,79,5246.06392
-214.310577,75,5246.21333
-86.452624,29,5246.270688
-49.267657,23,5246.335701
-2597.028598,1000,5248.441196
-621.255724,251,5249.087926
-23.880332,12,5249.111694
-25.560467,10,5249.133096
-84.496518,27,5249.19667
-32.27701,11,5249.218024
-64.754946,20,5249.260165
-181.212178,55,5249.367956
-31.169252,12,5249.394326
-50.207572,21,5249.448793
-188.838931,84,5249.621308
-47.659688,16,5249.659209
-16.740164,11,5249.682099
-67.551498,24,5249.731138
-55.213303,21,5249.771432
-243.222326,93,5249.959641
-62.096994,20,5250.00157
-33.548469,12,5250.030129
-119.398144,32,5250.09175
-88.320832,35,5250.163826
-42.834595,20,5250.229787
-78.467961,45,5250.328619
-91.417911,34,5250.401752
-110.935623,43,5250.487248
-20.406914,12,5250.508722
-107.784061,38,5250.579844
-171.516726,82,5251.813807
-155.911062,54,5251.894734
-36.343655,24,5251.931307
-52.478567,26,5251.970326
-55.443463,14,5251.99388
-65.457048,28,5252.036888
-23.082216,10,5252.051704
-79.265846,25,5252.090373
-83.766217,25,5252.12736
-49.740825,20,5252.156778
-32.997378,15,5252.179748
-77.974923,27,5252.222826
-80.686808,27,5252.263664
-72.318516,32,5252.311758
-67.265417,22,5252.348481
-95.014813,34,5252.402376
-23.027423,10,5252.427418
-14.419798,15,5252.462916
-81.978603,30,5252.527297
-50.978592,17,5252.55915
-54.150205,19,5252.595732
-50.845223,18,5252.626543
-206.260707,77,5252.77795
-18.376571,11,5252.796106
-28.28758,12,5252.816601
-18.790725,12,5252.84006
-125.868792,58,5252.950258
-136.983757,56,5253.057955
-13.249681,6,5253.068943
-145.685859,74,5253.215077
-52.302631,17,5253.244258
-189.62031,69,5253.376631
-63.880863,24,5253.424357
-143.810355,64,5253.563438
-157.430416,45,5253.657187
-107.588763,34,5253.733868
-78.304142,27,5253.792426
-49.857231,20,5253.833222
-185.031124,65,5253.96718
-24.743293,11,5253.988515
-15.174608,11,5254.010385
-86.671063,24,5254.059532
-96.793291,33,5254.131287
-64.606264,23,5254.187619
-26.890067,11,5254.21697
-2545.859724,1000,5256.480456
-28.417827,15,5256.51412
-86.376341,31,5256.577116
-1056.699406,428,5257.495211
-187.272594,61,5257.614124
-215.828165,75,5257.762566
-222.210702,73,5257.92439
-51.668654,21,5257.964
-65.59868,32,5258.027426
-219.079638,76,5258.174091
-48.658492,16,5258.210358
-39.432194,19,5258.251832
-223.03714,80,5258.437431
-159.47586,55,5258.55472
-55.850511,24,5258.599903
-37.358461,18,5258.63735
-263.021446,104,5258.881007
-50.959062,22,5258.932323
-140.512273,49,5259.081871
-49.63607,16,5259.115384
-117.412164,38,5259.200634
-125.255886,35,5259.275144
-29.486088,8,5259.288438
-98.589641,39,5259.377167
-94.455027,25,5259.428033
-31.001846,12,5259.454198
-235.747499,75,5259.601419
-119.211051,46,5259.701599
-176.562631,58,5259.816933
-44.162243,16,5259.855043
-75.47815,23,5259.897061
-58.256024,20,5259.936989
-45.569101,20,5259.973041
-2692.700567,1000,5262.043288
-98.036657,45,5262.147765
-56.570201,19,5262.186619
-76.220046,23,5262.231638
-57.702236,24,5262.274428
-282.824361,108,5262.479623
-153.828852,58,5262.590996
-2581.147332,1000,5264.601094
-99.556902,34,5264.662149
-95.143456,36,5264.737573
-102.150948,30,5264.795369
-115.828988,29,5264.849686
-73.248076,25,5264.900905
-63.664013,21,5264.948053
-40.310625,14,5264.973878
-107.889718,54,5265.086912
-108.635989,39,5265.178581
-28.307628,10,5265.198922
-60.409533,20,5265.235885
-132.57642,37,5265.302638
-41.094041,20,5265.341687
-35.144693,19,5265.376513
-143.549162,51,5265.473012
-60.794757,23,5265.521118
-59.566313,24,5265.572557
-180.287241,57,5265.682078
-60.74383,24,5265.727881
-28.959265,11,5265.747619
-146.109279,62,5265.866927
-269.476887,111,5266.09287
-196.640924,66,5266.241038
-43.876626,23,5266.291817
-107.268827,53,5266.39259
-67.081395,19,5266.43106
-101.495972,34,5266.502147
-137.071453,53,5266.607592
-142.280354,45,5266.701309
-37.914562,17,5266.742383
-107.109281,29,5266.802971
-124.362642,44,5266.884845
-28.891023,22,5266.933101
-39.354255,15,5266.962856
-44.260298,15,5266.993385
-310.590056,125,5267.266829
-294.265872,111,5267.510798
-52.543012,16,5267.5452
-46.649406,25,5267.598774
-83.936593,24,5267.651274
-79.86063,33,5267.727173
-77.97897,33,5267.796011
-40.6081,14,5267.828414
-62.270328,21,5267.874767
-68.025575,19,5267.91037
-24.660214,14,5267.937219
-56.328561,22,5267.977365
-243.237415,137,5268.274513
-25.362292,15,5268.306382
-45.010209,16,5268.338974
-116.220792,52,5268.443185
-148.070137,59,5268.565224
-77.661376,24,5268.610809
-64.706443,21,5268.652187
-71.517757,27,5268.711951
-187.760682,66,5268.848696
-232.702296,71,5268.990819
-63.58692,19,5269.028599
-94.242389,33,5269.091031
-148.421882,61,5269.206872
-50.535342,32,5269.28535
-77.165024,26,5269.339651
-134.785281,50,5269.435087
-32.838045,19,5269.47386
-604.745558,230,5269.910568
-241.762076,76,5270.07573
-48.806392,18,5270.114659
-124.983991,41,5270.195643
-59.375233,16,5270.226774
-139.558318,47,5270.330543
-2222.241555,835,5271.989439
-157.157125,71,5272.128663
-113.163748,40,5272.205768
-57.548743,23,5272.394285
-285.531414,96,5272.572516
-115.755678,54,5272.681269
-73.098211,30,5272.737893
-101.516486,35,5272.807151
-37.882074,15,5272.835424
-85.886584,35,5272.902308
-151.74544,61,5273.056366
-102.923859,38,5273.134573
-73.058435,32,5273.195565
-97.47817,37,5273.26826
-2611.953305,1000,5275.445422
-166.780382,61,5275.580624
-76.26118,29,5275.640915
-198.116683,77,5275.794613
-78.800699,32,5275.862494
-32.459192,15,5275.891364
-74.431622,25,5275.941766
-50.720165,12,5275.963719
-32.194728,11,5275.985847
-57.382807,24,5276.0498
-69.311357,21,5276.100011
-23.841697,10,5276.118481
-73.001201,33,5276.183652
-32.939373,15,5276.214128
-71.150644,27,5276.265741
-58.306631,26,5276.318871
-24.337379,10,5276.338199
-96.341014,44,5276.425918
-43.731989,19,5276.466039
-54.325734,19,5276.505357
-81.395707,40,5276.601375
-36.137411,11,5276.630935
-118.67907,40,5276.716929
-88.082204,48,5276.844625
-60.46088,28,5276.902708
-24.184411,13,5276.931687
-167.4166,58,5277.050206
-95.382858,35,5277.126162
-170.830037,51,5277.234673
-309.645056,110,5277.447972
-57.381846,18,5277.480506
-2177.576036,1000,5279.55531
-29.314295,11,5279.577284
-72.307292,35,5279.643914
-137.409615,53,5279.760601
-72.734421,32,5279.820186
-139.140184,52,5279.923232
-117.591168,46,5280.007328
-135.451509,74,5280.149589
-195.88419,87,5280.334811
-49.53569,22,5280.379649
-100.143167,29,5280.429289
-253.133388,100,5280.626418
-46.645197,21,5280.66914
-237.233641,87,5280.851557
-66.602369,31,5280.912915
-30.900614,10,5280.932112
-137.614501,62,5281.060634
-86.295201,34,5281.145583
-268.647614,113,5281.397834
-637.952007,250,5281.961797
-140.218646,59,5282.125828
-45.005427,16,5282.172674
-82.615167,19,5282.268242
-60.38301,28,5282.348948
-100.466687,29,5282.419933
-50.9215,18,5282.460525
-56.13969,19,5282.498303
-24.573546,10,5282.516789
-33.067912,12,5282.538359
-46.089031,28,5282.594826
-33.602922,11,5282.61493
-52.581655,29,5282.671532
-53.207539,26,5282.722357
-61.903558,19,5282.762112
-40.17753,13,5282.78551
-2584.713536,1000,5284.870892
-177.92305,69,5285.001797
-43.201896,17,5285.032023
-156.668692,66,5285.191242
-84.923165,37,5285.276314
-116.337931,51,5285.389651
-137.580712,51,5285.494408
-49.427336,21,5285.541395
-102.380322,42,5285.626942
-171.410677,66,5285.759929
-44.261782,15,5285.789371
-2568.019872,1000,5287.760008
-35.648751,21,5287.798355
-21.856836,11,5287.823807
-165.656403,55,5287.927515
-93.76463,30,5287.984528
-88.070359,37,5288.055478
-2465.84836,1000,5289.992719
-49.185622,21,5290.04534
-126.211865,39,5290.12179
-289.0331,101,5290.313218
-51.054595,18,5290.349185
-32.287464,13,5290.371799
-121.441722,44,5290.45954
-94.551958,37,5290.538908
-125.815699,47,5290.63091
-851.650676,304,5291.250623
-285.328445,114,5291.466735
-121.943289,41,5291.542586
-141.124917,41,5291.619872
-2454.353272,1000,5293.942036
-298.644793,130,5294.220947
-2462.612552,1000,5296.316897
-45.686897,13,5296.344865
-95.803882,34,5296.404503
-45.31372,17,5296.441011
-102.002088,33,5296.513919
-94.679564,47,5296.607136
-276.604439,105,5296.814564
-125.758907,53,5296.918471
-405.278727,149,5297.209527
-47.474677,16,5297.240856
-2577.132857,1000,5299.23711
-56.448694,29,5299.296735
-48.670587,16,5299.326684
-2551.694779,1000,5301.252159
-59.056644,23,5301.299376
-2579.612831,1000,5303.224087
-150.448713,53,5303.33515
-222.104545,79,5303.486088
-231.849624,87,5303.65944
-142.581026,45,5303.747021
-61.323498,32,5303.804816
-109.488859,56,5303.915973
-78.183801,32,5303.984246
-182.847702,73,5304.130571
-90.551403,41,5304.211574
-119.637051,37,5304.297001
-79.380681,32,5304.359249
-122.789794,51,5304.462172
-53.851205,21,5304.501658
-36.98419,14,5304.531387
-51.049708,26,5304.578372
-2495.343688,1000,5306.61311
-332.947083,129,5306.879115
-230.568462,99,5307.068152
-159.33986,68,5307.199966
-59.585335,17,5307.231664
-180.99887,78,5307.394211
-326.463923,129,5307.639401
-83.084319,35,5307.706104
-204.734922,100,5307.8916
-196.643866,74,5308.034202
-2248.200683,812,5309.66896
-105.419819,41,5309.747171
-263.412953,101,5309.93981
-118.673618,45,5310.026466
-257.7481,94,5310.209127
-651.213676,260,5310.713102
-57.501774,23,5310.758939
-91.283166,39,5310.834206
-112.812398,56,5310.942452
-85.739957,54,5311.04479
-68.545526,32,5311.104152
-232.794735,88,5311.291085
-105.084524,50,5311.386202
-181.269002,61,5311.498223
-2665.263147,1000,5313.568897
-74.90713,34,5313.635232
-57.363949,21,5313.674069
-75.153218,27,5313.722779
-145.058072,62,5313.839353
-2581.892851,1000,5315.796412
-109.912879,32,5315.852622
-80.976059,26,5315.902808
-304.131031,164,5316.235699
-70.617492,25,5316.303115
-28.563785,15,5316.333237
-72.674521,22,5316.37246
-89.652983,26,5316.425178
-22.131438,11,5316.443897
-20.419276,12,5316.464913
-43.791715,14,5316.493631
-2625.982227,1000,5318.539623
-116.472817,34,5318.602364
-56.393887,27,5318.651821
-168.268747,69,5318.785006
-112.034785,29,5318.85251
-85.547614,31,5318.92064
-163.639276,55,5319.03653
-66.857431,27,5319.087264
-80.297706,36,5319.158134
-130.167344,52,5319.253207
-93.657102,36,5319.33238
-32.122092,13,5319.360016
-288.572071,93,5319.529794
-33.909612,14,5319.556861
-81.930992,31,5319.614743
-50.529413,25,5319.663423
-91.93013,43,5319.747077
-66.372743,26,5319.797904
-82.900753,43,5319.882417
-66.392668,27,5319.931629
-33.195045,12,5319.956436
-158.593603,53,5320.052101
-120.351982,47,5320.152958
-306.771329,129,5320.418725
-48.038556,25,5320.469761
-54.360077,21,5320.517148
-216.52347,77,5320.668123
-49.721871,18,5320.70765
-311.816251,113,5320.950759
-2614.319688,1000,5323.0028
-61.081453,25,5323.050509
-51.439944,21,5323.09165
-82.334003,46,5323.189987
-212.36177,91,5323.372027
-32.917517,10,5323.391581
-26.533842,11,5323.41095
-158.585276,69,5323.545694
-97.987403,51,5323.644333
-2511.288108,1000,5325.611458
-91.122059,26,5325.6597
-99.48052,37,5325.733593
-41.172277,18,5325.774808
-168.991028,78,5325.924277
-66.353151,18,5325.955251
-224.301239,81,5326.120819
-292.756694,112,5326.354789
-43.81273,17,5326.385739
-204.20699,73,5326.524826
-2581.474167,1000,5328.500903
-61.59642,32,5328.56954
-201.882033,108,5328.773985
-110.640479,41,5328.849203
-108.984905,49,5328.94679
-83.721409,33,5329.014343
-81.643034,27,5329.065988
-56.532677,31,5329.136555
-152.172247,54,5329.262034
-86.052602,25,5329.335739
-247.738954,76,5329.522907
-62.409603,21,5329.573146
-68.368376,28,5329.643813
-48.619493,20,5329.690341
-360.725852,142,5330.039796
-58.511068,26,5330.101916
-77.93528,28,5330.161376
-37.045908,15,5330.191518
-97.903295,41,5330.272653
-161.65084,53,5330.379066
-84.636201,43,5330.481176
-139.977687,48,5330.575107
-34.438989,13,5330.602541
-96.575118,43,5330.683877
-88.236098,28,5330.740234
-67.073549,21,5330.780354
-119.58421,28,5330.837117
-87.586977,35,5330.903282
-97.500863,55,5331.004909
-75.943486,33,5331.068704
-89.53943,38,5331.144613
-107.39344,45,5331.229569
-2636.781353,1000,5333.266265
-2892.034824,1000,5335.501837
-36.820453,17,5335.533693
-82.974952,38,5335.606991
-69.510693,32,5335.666007
-167.456383,91,5335.883312
-98.970027,47,5335.971479
-53.091378,23,5336.017689
-147.326524,40,5336.096609
-64.41677,28,5336.148701
-55.746946,27,5336.202692
-77.935655,28,5336.254767
-164.023773,71,5336.40773
-180.095201,76,5336.574794
-57.885615,26,5336.629823
-202.647666,67,5336.777256
-50.006328,21,5336.824352
-55.184193,18,5336.862002
-69.370862,23,5336.908547
-125.458065,56,5337.0262
-35.415536,17,5337.079506
-40.129099,26,5337.135672
-47.390285,36,5337.218284
-2921.283371,1000,5339.473021
-2622.653003,1000,5341.722255
-40.912289,19,5341.755607
-2626.463906,1000,5343.860083
-323.368337,122,5344.115292
-47.088567,21,5344.157093
-78.497159,34,5344.228546
-109.56495,58,5344.335394
-218.298616,83,5344.508905
-172.273766,67,5344.631907
-32.621336,11,5344.655877
-46.190311,33,5344.715424
-115.500582,41,5344.792725
-41.678139,21,5344.836221
-69.000238,39,5344.907559
-58.796819,31,5344.968762
-129.42198,51,5345.065698
-78.566791,24,5345.112859
-32.915477,13,5345.13449
-92.722305,46,5345.220315
-302.283655,107,5345.433187
-55.555126,25,5345.482667
-148.044149,45,5345.567298
-134.211241,69,5345.700011
-125.102113,41,5345.780913
-41.461642,17,5345.811528
-149.095242,49,5345.904847
-53.718891,18,5345.94104
-45.59641,16,5345.969575
-2565.434697,1000,5347.944525
-68.374528,31,5348.006274
-186.540452,69,5348.1404
-64.628768,26,5348.193253
-105.437096,43,5348.282255
-80.356886,51,5348.399407
-197.070055,66,5348.537977
-2004.691639,766,5350.108728
-51.546444,26,5350.157228
-82.329328,29,5350.212822
-62.45588,21,5350.251722
-91.175465,33,5350.319164
-120.254321,43,5350.420537
-191.684802,65,5350.556904
-2689.609184,1000,5352.665757
-187.791082,80,5352.814384
-70.485479,45,5352.899718
-79.578262,31,5352.962609
-50.676776,19,5353.003551
-132.26993,47,5353.103981
-2632.425224,1000,5355.554935
-52.308611,17,5355.586391
-27.54524,18,5355.627983
-75.492758,23,5355.681748
-57.941659,17,5355.71362
-37.914667,14,5355.743553
-238.344538,90,5355.933828
-36.520619,12,5355.956279
-79.838441,29,5356.029124
-52.351498,18,5356.070663
-144.324499,33,5356.134749
-79.18119,39,5356.225309
-50.625472,15,5356.271415
-50.7918,18,5356.314695
-156.82936,50,5356.419469
-33.688159,18,5356.466965
-54.121863,27,5356.52695
-271.728456,94,5356.724776
-80.557127,24,5356.776061
-93.172067,36,5356.851839
-98.351248,21,5356.897541
-49.249658,15,5356.926494
-35.4291,18,5356.962605
-153.515427,43,5357.054531
-115.177293,29,5357.128026
-203.536262,87,5357.295171
-51.37248,29,5357.36025
-122.599962,40,5357.437448
-228.007859,82,5357.612119
-181.609028,63,5357.747298
-446.522497,180,5358.118225
-132.623119,39,5358.210882
-50.649603,15,5358.241395
-40.840806,19,5358.273563
-88.416504,30,5358.329343
-45.397566,15,5358.366648
-65.373907,22,5358.416472
-210.995271,77,5358.574337
-82.548779,52,5358.689821
-97.082573,40,5358.766572
-178.776392,73,5358.966117
-73.58431,31,5359.041445
-50.352305,17,5359.081054
-47.921379,15,5359.114138
-299.11793,93,5359.321301
-218.970851,90,5359.523683
-69.521831,22,5359.570048
-47.085672,15,5359.604805
-1656.232907,599,5360.976843
-108.705862,38,5361.049228
-94.777572,33,5361.112861
-903.137156,322,5361.772063
-101.263908,29,5361.827832
-166.201169,47,5361.913605
-99.227744,36,5361.98669
-32.643513,14,5362.010134
-92.697334,40,5362.085549
-131.401394,51,5362.195775
-111.570158,41,5362.279789
-2765.538633,1000,5364.280067
-124.505788,46,5364.374618
-87.734479,27,5364.433396
-39.316683,15,5364.461711
-187.248534,68,5364.615321
-2958.488367,1000,5366.564692
-250.272323,87,5366.733081
-120.833669,38,5366.810781
-22.625171,12,5366.833982
-26.967497,11,5366.859565
-2985.552217,1000,5368.876579
-142.342426,54,5368.976743
-1451.377905,509,5370.010968
-1099.091671,412,5370.82933
-993.176817,366,5371.576952
-29.457993,18,5371.616568
-94.862543,32,5371.688129
-300.146734,111,5371.919566
-2556.03843,1000,5374.002311
-58.803923,17,5374.033307
-566.949334,214,5374.432196
-2607.759691,1000,5377.98215
-67.108165,36,5378.042282
-172.112577,50,5378.140701
-30.947778,12,5378.163903
-161.640676,66,5378.272424
-360.423218,131,5378.491956
-109.83192,57,5378.592669
-111.586484,48,5378.678404
-30.38796,12,5378.700784
-167.427804,54,5378.803251
-54.69941,20,5378.848448
-36.504747,16,5378.886144
-2181.608138,844,5380.627168
-76.006374,27,5380.68624
-39.909436,19,5380.725884
-65.34353,29,5380.78035
-84.87888,49,5380.877774
-2629.373921,1000,5382.894257
-92.549355,45,5382.982289
-93.976906,29,5383.040708
-358.404522,143,5383.34301
-89.516482,41,5383.42662
-65.434036,29,5383.487152
-41.608951,18,5383.522425
-101.493612,41,5383.601559
-84.125327,42,5383.684067
-135.774931,62,5383.804572
-131.928399,41,5383.884547
-150.96221,52,5383.989003
-44.192791,25,5384.039734
-78.731578,35,5384.126346
-41.862225,13,5384.149095
-52.234116,21,5384.197452
-378.924805,139,5384.488758
-82.675864,35,5384.564296
-107.99599,39,5384.644364
-191.486105,58,5384.757433
-77.451622,36,5384.824461
-54.373858,22,5384.86546
-335.572898,127,5385.122874
-99.440325,45,5385.209289
-67.416813,23,5385.251874
-215.133428,91,5385.426629
-74.059573,29,5385.476775
-2572.680161,1000,5387.502602
-78.939791,31,5387.568072
-109.920876,49,5387.660491
-264.034454,85,5387.8186
-81.802831,37,5387.893008
-110.831926,50,5387.989008
-2331.554152,892,5389.707664
-59.914808,27,5389.768928
-49.158208,26,5389.821644
-50.834187,14,5389.851862
-43.151979,15,5389.884706
-192.638256,83,5390.057163
-41.706646,14,5390.08463
-103.395424,28,5390.137787
-70.180893,24,5390.192123
-54.546097,19,5390.233013
-45.05542,16,5390.263296
-78.170361,32,5390.330122
-41.23778,20,5390.368575
-2596.922486,1000,5392.308519
-47.919963,14,5392.334717
-64.014169,23,5392.374405
-71.609999,28,5392.426743
-38.101259,14,5392.454701
-46.217968,21,5392.493994
-81.512434,27,5392.544197
-130.721687,64,5392.666619
-51.260985,22,5392.710329
-61.320035,21,5392.753917
-1678.320912,701,5394.117859
-44.811954,27,5394.1699
-111.068242,35,5394.236213
-166.212322,47,5394.327965
-40.468081,21,5394.367245
-52.731399,21,5394.406609
-74.720963,23,5394.452602
-79.536559,23,5394.493304
-157.633702,69,5394.622256
-30.96802,13,5394.649218
-65.053843,24,5394.692518
-84.244716,35,5394.758071
-237.69293,88,5394.952188
-162.500368,59,5395.079324
-36.645086,14,5395.108531
-67.719242,24,5395.149544
-64.932044,26,5395.202637
-100.498291,28,5395.25367
-92.130362,25,5395.301734
-45.153976,17,5395.340995
-1583.135885,646,5396.586842
-48.686046,17,5396.617667
-126.700935,44,5396.711027
-129.668046,38,5396.78811
-46.360433,16,5396.81739
-42.731637,15,5396.84657
-38.448158,17,5397.027833
-37.967575,22,5397.075111
-117.55918,38,5397.144779
-172.603183,55,5397.250473
-99.968571,45,5397.337914
-149.842305,84,5397.49326
-226.834092,101,5397.684431
-352.98952,138,5397.946772
-2979.727619,1000,5399.851029
-222.892288,67,5399.994061
-33.202368,13,5400.020354
-111.316605,39,5400.095816
-113.774524,33,5400.154222
-150.276283,69,5400.286288
-169.850425,59,5400.398841
-153.157535,51,5400.495828
-48.893062,21,5400.534514
-107.05657,37,5400.604854
-59.975952,21,5400.643779
-53.383607,19,5400.679438
-77.217881,38,5400.747415
-52.667643,19,5400.784445
-78.652012,29,5400.846399
-191.731577,67,5400.973956
-174.492112,67,5401.105611
-189.781961,75,5401.249951
-63.271897,19,5401.285599
-2569.028374,1000,5403.22586
-29.602658,12,5403.250961
-41.893066,13,5403.274422
-3009.469596,1000,5405.189963
-31.595378,14,5405.216963
-2737.886682,1000,5407.144249
-20.170429,12,5407.170504
-28.794454,13,5407.195133
-32.665294,14,5407.221304
-30.655906,12,5407.242614
-54.137561,19,5407.279316
-40.799731,15,5407.307133
-189.700191,64,5407.425253
-100.021065,54,5407.528451
-68.927579,27,5407.57595
-157.009437,41,5407.663768
-34.593248,13,5407.690609
-40.602627,13,5407.720446
-2827.211895,1000,5409.646623
-65.657136,24,5409.688241
-3005.604513,1000,5411.611345
-62.374363,27,5411.665857
-92.980628,31,5411.724535
-75.495225,27,5411.773205
-115.273863,52,5411.874905
-84.8543,32,5411.933621
-33.292284,13,5411.961104
-54.536009,20,5411.998405
-70.549972,21,5412.037234
-63.861105,31,5412.095901
-67.774129,25,5412.143928
-2952.722307,1000,5414.082931
-56.4804,20,5414.121541
-3002.116742,1000,5416.036282
-93.583561,34,5416.106114
-87.281181,26,5416.155046
-39.679635,20,5416.196569
-45.538089,20,5416.23353
-42.447976,31,5417.181608
-60.034741,22,5417.215818
-54.630548,22,5417.244548
-187.107224,79,5417.348351
-57.714704,19,5417.3742
-130.302464,78,5417.479765
-79.230686,28,5417.519644
-2992.845567,1000,5419.272423
-32.237008,13,5419.299448
-45.204003,18,5419.332262
-3013.304717,1000,5421.255008
-25.105459,11,5421.276377
-3001.8137,1000,5423.180581
-113.198963,51,5423.281304
-82.373763,33,5423.342707
-51.411892,18,5423.379518
-2999.927205,1000,5425.399108
-62.046113,42,5425.478827
-2955.547257,1000,5427.472999
-2986.654263,1000,5429.401623
-315.47379,103,5429.608599
-48.618289,22,5429.647546
-63.834213,33,5429.712805
-1981.675503,706,5431.061993
-49.498453,17,5431.093616
-2692.615363,1000,5433.057538
-238.764587,81,5433.216086
-70.144846,31,5433.276036
-3002.924642,1000,5435.183091
-135.071016,58,5435.303538
-261.237142,93,5435.480708
-2182.342555,807,5437.102024
-54.582088,23,5437.148767
-71.674631,26,5437.198971
-144.891837,44,5437.283781
-110.850267,46,5437.3909
-73.103684,29,5437.445373
-176.015217,45,5437.527848
-142.35696,52,5437.623859
-162.391613,61,5437.743608
-92.725619,37,5437.812157
-2694.913631,1000,5439.768969
-154.647711,54,5439.870181
-51.016098,18,5439.900718
-304.800227,116,5440.120985
-66.401058,22,5440.168713
-123.574395,44,5440.26787
-70.71492,31,5440.332072
-181.52524,87,5440.503564
-158.093132,49,5440.598578
-1418.218814,526,5441.721851
-64.382597,16,5441.758247
-2664.595121,1000,5443.728894
-575.223279,215,5444.135704
-102.774162,46,5444.224396
-2584.005475,1000,5446.15938
-91.230059,31,5446.230927
-151.387394,55,5446.334013
-223.56818,75,5446.477105
-128.78319,54,5446.579748
-32.803579,13,5446.60148
-193.335697,64,5446.72354
-38.817131,23,5446.770308
-40.834724,30,5446.830112
-73.833824,25,5446.878868
-118.804838,47,5446.966889
-75.759748,27,5447.022087
-69.579494,34,5447.085331
-189.07515,69,5447.235012
-182.253114,63,5447.353585
-124.181709,39,5447.426657
-395.841808,152,5447.713217
-119.313478,44,5447.798414
-173.472625,89,5447.967983
-59.384033,23,5448.00817
-50.128409,17,5448.044729
-92.120417,30,5448.102933
-155.811228,48,5448.198032
-49.497576,20,5448.235919
-125.013826,50,5448.332135
-29.116757,13,5448.359921
-62.110735,21,5448.397389
-38.71568,15,5448.426599
-2595.218631,1000,5450.360335
-185.093145,72,5450.500145
-94.52863,35,5450.570197
-91.937595,28,5450.626564
-30.731362,16,5450.655207
-38.642748,15,5450.684648
-61.248532,30,5450.741125
-2524.101115,1000,5452.679141
-34.644773,14,5452.706456
-58.454057,29,5452.760456
-96.250408,32,5452.819787
-80.816024,29,5452.875315
-60.606126,27,5452.924487
-48.844466,21,5452.980353
-26.535674,19,5453.011954
-37.350955,15,5453.038953
-71.736204,27,5453.09362
-21.389,11,5453.112199
-62.139569,22,5453.15263
-73.83052,31,5453.215406
-19.680342,8,5453.228269
-94.548065,44,5453.309535
-90.766961,37,5453.37572
-98.428481,38,5453.448261
-58.614302,20,5453.48568
-23.177167,11,5453.505372
-181.22968,66,5453.630717
-171.589264,65,5453.751044
-135.893841,60,5453.861553
-52.281498,23,5453.921663
-74.961963,31,5453.980887
-40.737251,15,5454.008521
-44.131454,16,5454.038969
-52.645835,37,5454.111064
-27.559279,16,5454.140514
-159.587764,68,5454.271335
-2569.8155,1000,5456.358243
-48.710038,22,5456.396521
-22.794855,9,5456.413441
-90.287226,33,5456.471164
-26.876849,14,5456.498133
-219.510632,68,5456.627575
-99.211472,41,5456.706174
-80.763728,29,5456.762635
-66.72616,26,5456.815053
-141.190289,74,5456.97055
-46.625185,16,5457.001546
-27.684734,13,5457.028685
-277.57157,116,5457.245394
-56.502261,25,5457.293137
-83.869433,36,5457.360572
-47.368024,24,5457.411305
-98.54781,55,5457.512587
-82.093328,32,5457.575097
-39.014922,16,5457.605676
-2206.353232,871,5459.326828
-29.872915,40,5459.400057
-28.666149,15,5459.427577
-63.567825,27,5459.477165
-353.79014,125,5459.722191
-112.689541,49,5459.812163
-37.104254,15,5459.841725
-151.589479,64,5459.975263
-39.211187,14,5459.998728
-53.749685,29,5460.05521
-42.884088,22,5460.100428
-26.958911,9,5460.114456
-229.078154,111,5460.324493
-18.87651,8,5460.335718
-227.0007,83,5460.490756
-215.483091,108,5460.688399
-42.665278,17,5460.724546
-82.306417,30,5460.7811
-139.013118,58,5460.894443
-129.296912,51,5460.994182
-142.074527,70,5461.144663
-34.758742,15,5461.180113
-157.949641,54,5461.280851
-29.057909,15,5461.311721
-54.020306,26,5461.365245
-38.758703,14,5461.389195
-229.040965,91,5461.572179
-33.055395,14,5461.595972
-37.416416,15,5461.624501
-34.770801,15,5461.653775
-48.419878,19,5461.69277
-2509.172933,1000,5463.635512
-43.809892,23,5463.681353
-32.841265,14,5463.710353
-61.120148,29,5463.761471
-122.503019,46,5463.869478
-84.06263,46,5463.954974
-31.388309,12,5463.976155
-2502.639437,1000,5465.921323
-82.623333,28,5465.975721
-125.321185,69,5466.100682
-89.907615,36,5466.167653
-164.245536,67,5466.294365
-1903.844838,733,5467.712661
-42.619381,18,5467.745988
-134.966818,63,5467.867741
-38.577767,16,5467.89724
-29.223952,11,5467.917441
-46.360669,15,5467.945811
-53.535646,22,5467.990849
-43.00855,15,5468.01997
-78.655944,27,5468.069169
-129.619317,37,5468.140344
-197.346449,64,5468.258275
-47.437419,21,5468.30122
-75.015951,35,5468.369336
-2595.745841,1000,5470.293028
-32.520911,15,5470.325583
-2618.537156,1000,5472.262287
-18.586206,9,5472.277329
-57.594936,31,5472.337396
-45.628027,15,5472.367301
-36.136452,17,5472.397195
-55.531019,28,5472.451745
-58.723034,22,5472.509462
-45.038903,17,5472.540267
-54.861877,27,5472.595223
-60.368936,34,5472.658885
-136.768226,56,5472.761978
-21.030711,13,5472.783547
-84.224257,31,5472.845405
-52.060103,24,5472.887286
-36.394315,15,5472.915303
-40.820389,15,5472.943119
-2558.544134,1000,5474.867619
-149.527397,49,5474.959435
-90.171533,30,5475.016841
-635.060344,241,5475.686297
-80.148822,38,5475.760727
-39.19453,13,5475.785371
-2605.797481,1000,5477.793976
-27.188211,9,5477.808679
-2636.980613,1000,5479.758934
-218.398139,93,5479.934803
-2599.759214,1000,5481.901328
-2612.373767,1000,5483.833068
-66.744648,26,5483.877305
-34.226121,15,5483.906903
-38.359461,14,5483.935355
-45.092904,14,5483.962487
-81.987291,30,5484.017875
-44.40378,22,5484.058453
-2574.089266,1000,5485.986555
-24.885257,9,5486.004216
-28.585063,12,5486.026302
-841.505269,352,5486.698171
-178.773225,69,5486.829367
-36.350657,16,5486.858728
-63.100826,23,5486.900076
-22.258855,14,5486.927997
-25.425281,12,5486.953882
-375.863167,135,5487.208797
-949.373904,370,5487.921055
-190.346784,64,5488.035868
-2552.463628,1000,5489.955462
-139.438261,53,5490.05553
-85.952105,32,5490.151845
-45.133443,15,5490.182818
-22.552313,9,5490.20283
-2586.599096,1000,5492.177828
-23.834323,9,5492.196506
-148.628459,71,5492.325754
-27.461049,11,5492.346246
-46.146053,16,5492.379928
-123.253598,71,5492.515842
-191.5494,74,5492.654529
-21.444309,12,5492.67564
-56.089174,27,5492.724751
-91.349724,32,5492.785886
-51.890213,29,5492.841442
-2598.025645,1000,5494.821188
-94.486562,43,5494.903082
-29.071586,19,5494.94118
-76.711934,28,5494.995082
-56.137528,28,5495.046054
-23.552203,10,5495.229093
-163.742919,62,5495.351261
-35.351717,12,5495.372286
-192.433837,74,5495.513676
-132.430922,44,5495.596896
-34.815577,22,5495.635829
-2599.935134,1000,5497.549568
-61.848208,26,5497.597925
-90.626956,38,5497.671397
-123.966072,51,5497.766264
-142.13867,36,5497.830264
-46.737623,15,5497.859059
-128.137702,51,5497.954764
-20.91768,9,5497.973256
-136.973948,65,5498.11481
-54.379509,22,5498.160247
-53.444795,28,5498.212885
-333.48574,134,5498.464805
-2497.187339,1000,5500.485334
-52.724937,29,5500.541307
-313.821472,125,5500.775962
-116.042692,43,5500.858294
-34.141305,15,5500.886777
-29.308297,12,5500.914094
-71.62136,27,5500.962883
-84.0072,36,5501.029502
-89.512255,33,5501.11117
-31.880142,15,5501.137986
-43.159779,17,5501.170685
-37.131923,11,5501.195635
-35.182631,11,5501.216858
-29.482554,13,5501.241199
-80.565658,25,5501.289281
-20.834571,8,5501.307355
-54.854314,21,5501.346114
-103.455395,32,5501.40905
-84.089167,26,5501.456415
-51.544647,26,5501.52039
-113.952739,48,5501.614066
-31.389806,16,5501.643256
-39.536327,16,5501.674662
-51.08152,26,5501.723018
-129.390198,47,5501.815051
-154.087447,63,5501.930533
-1800.495154,741,5503.374613
-124.621695,45,5503.459376
-34.687928,14,5503.486967
-58.615074,17,5503.519971
-34.212589,12,5503.540806
-174.819194,57,5503.645093
-52.824279,27,5503.697301
-49.945659,18,5503.729064
-62.925384,18,5503.764588
-298.262961,111,5503.966084
-23.199003,10,5504.000642
-137.194404,57,5504.114541
-520.922958,189,5504.460695
-105.163601,48,5504.550884
-2598.307929,1000,5506.483738
-69.119031,29,5506.537813
-2609.487627,1000,5508.448961
-161.465452,47,5508.535494
-62.156218,27,5508.590427
-42.700803,17,5508.619329
-94.635352,38,5508.692984
-284.974061,89,5508.874966
-187.862975,63,5508.992621
-49.286977,19,5509.027183
-2944.345672,1000,5510.948451
-152.184726,65,5511.071914
-2679.004261,1000,5512.999219
-1406.922955,580,5514.10465
-48.230889,19,5514.142253
-112.171567,44,5514.220311
-45.430524,21,5514.26181
-53.812388,21,5514.301505
-25.436593,10,5514.321478
-40.824732,27,5514.369814
-47.01071,18,5514.404043
-38.215342,17,5514.432698
-111.018907,53,5515.465981
-160.654858,63,5515.553553
-40.550024,23,5515.584775
-344.319865,142,5515.772149
-128.020695,44,5515.833126
-35.303055,14,5515.853314
-95.885025,37,5515.903588
-64.105504,20,5515.931591
-110.310392,59,5516.017926
-88.847863,25,5516.059668
-73.672348,27,5516.104456
-124.794546,57,5516.210326
-23.87104,18,5516.240794
-59.492374,21,5516.274172
-136.968744,52,5516.360527
-52.176255,22,5516.39803
-53.777991,25,5516.440197
-30.315281,13,5516.458207
-259.098788,122,5516.673586
-79.237145,30,5516.725101
-46.805331,27,5516.773681
-91.397392,41,5516.843775
-37.573319,18,5516.879444
-43.70074,14,5516.905726
-2585.292496,1000,5518.798147
-23.368526,10,5518.817595
-143.192654,62,5518.93593
-122.825853,65,5519.072653
-30.810297,16,5519.101938
-49.236244,23,5519.146679
-73.414897,29,5519.201075
-66.885327,40,5519.277096
-34.46185,14,5519.30033
-116.667436,52,5519.399881
-62.638797,25,5519.446895
-82.194334,30,5519.506224
-28.612063,16,5519.535504
-27.605886,9,5519.553619
-34.833758,14,5519.580187
-53.544258,20,5519.616337
-196.310209,80,5519.773783
-2541.323579,1000,5521.761876
-1357.789065,560,5522.839157
-34.368064,15,5522.880237
-45.1939,21,5522.918712
-104.677543,36,5522.986218
-2481.783892,1000,5524.964899
-118.034816,54,5525.070119
-79.642632,27,5525.123071
-153.193101,64,5525.246665
-2416.917445,1000,5527.186166
-26.623591,14,5527.213441
-39.351191,18,5527.245601
-25.360535,9,5527.262847
-45.630574,30,5527.3204
-20.98804,12,5527.346086
-25.030887,15,5527.372644
-73.404591,30,5527.428646
-119.53975,42,5527.507533
-173.907168,72,5527.645871
-2476.17176,1000,5529.621288
-102.342612,36,5529.696571
-70.425886,26,5529.758704
-18.029853,9,5529.778062
-135.63777,41,5529.856735
-23.968528,15,5529.885725
-176.959684,77,5530.049603
-189.221259,71,5530.21014
-23.723751,12,5530.237884
-92.219522,43,5530.320494
-42.999966,19,5530.361295
-35.198018,13,5530.392699
-81.323573,35,5530.463413
-281.239855,104,5530.734489
-35.768834,21,5530.785946
-55.202943,27,5530.89256
-49.539556,22,5530.96743
-17.010558,8,5530.983772
-22.144811,13,5531.028476
-99.622952,45,5531.128306
-295.828708,107,5531.361558
-2530.584445,1000,5533.411052
-59.76318,34,5533.474181
-2590.515676,1000,5535.612589
-95.436541,41,5535.69739
-27.586293,14,5535.725694
-61.565215,44,5535.811266
-59.079103,20,5535.848353
-2554.486093,1000,5537.799702
-24.711652,34,5537.864262
-31.087235,13,5537.886376
-20.70754,8,5537.902396
-2018.308106,812,5539.555575
-50.523523,19,5539.59632
-71.190496,24,5539.642117
-27.488012,12,5539.66576
-36.884268,25,5539.714289
-129.249484,41,5539.790357
-36.182201,20,5539.829626
-21.03521,12,5539.85646
-89.127347,39,5539.937231
-31.88976,14,5539.981
-22.845211,13,5540.00658
-53.180526,17,5540.036752
-17.090769,9,5540.05502
-58.255598,20,5540.095166
-88.480521,42,5540.191104
-89.660698,47,5540.28175
-117.668299,38,5540.357831
-83.115485,41,5540.435279
-18.514199,9,5540.457026
-2559.581032,1000,5542.491176
-26.650495,10,5542.509381
-133.671498,58,5542.626575
-53.972788,29,5542.686153
-2539.139959,1000,5544.639063
-22.991453,10,5544.658771
-2424.625774,1000,5546.637175
-29.27126,10,5546.65589
-121.056623,51,5546.750228
-50.249435,21,5546.795345
-61.181613,72,5546.944659
-111.770868,54,5547.049963
-92.327526,44,5547.146819
-374.059095,156,5547.456814
-39.509176,15,5547.48464
-18.80316,8,5547.49715
-26.448722,12,5547.521065
-1014.471666,406,5548.321782
-25.408146,9,5548.340773
-62.664233,25,5548.387943
-51.286752,21,5548.427419
-18.901502,8,5548.440114
-73.976818,34,5548.504874
-36.311625,12,5548.531762
-130.390769,52,5548.628615
-25.060668,14,5548.660722
-10.782399,6,5548.673313
-120.991695,58,5548.787912
-70.689889,26,5548.838215
-42.749094,20,5548.879381
-29.097172,16,5548.910206
-16.447261,8,5548.927147
-146.233377,56,5549.030924
-53.916,23,5549.072258
-55.252357,17,5549.121721
-35.786741,23,5549.16385
-73.572368,41,5549.244713
-2557.826184,1000,5551.217353
-54.319781,22,5551.25705
-86.524138,32,5551.314134
-45.347372,23,5551.360566
-22.566303,12,5551.380276
-39.299146,16,5551.414984
-20.730107,8,5551.427499
-33.081072,18,5551.463041
-61.457346,23,5551.505596
-63.627835,28,5551.5615
-150.436535,57,5551.667094
-25.433133,11,5551.690534
-57.640631,15,5551.718536
-25.43177,12,5551.743494
-13.906853,7,5551.759067
-28.731277,13,5551.787861
-27.21834,14,5551.815806
-13.328842,7,5551.827954
-47.645388,24,5551.874705
-49.738007,30,5551.933425
-49.862662,24,5551.979375
-30.633345,13,5552.00044
-52.310712,25,5552.064206
-41.94787,21,5552.11363
-78.828403,49,5552.207466
-32.474791,12,5552.232339
-26.410681,10,5552.252675
-58.196656,23,5552.294185
-1950.328495,808,5553.876258
-63.984139,41,5553.952066
-55.413645,22,5553.995985
-25.663297,11,5554.031471
-2430.160682,1000,5556.115736
-46.610302,19,5556.154542
-60.700052,31,5556.212327
-2559.489687,1000,5558.237661
-83.308101,56,5558.339667
-11.423965,6,5558.350608
-59.98869,19,5558.388485
-1500.007767,598,5559.666074
-35.007772,13,5559.687945
-36.996277,15,5559.718823
-59.242509,20,5559.755671
-126.594433,37,5559.825809
-74.218972,38,5559.898382
-36.233612,16,5559.927453
-715.456361,280,5560.522501
-12.099773,6,5560.537533
-71.56754,24,5560.584635
-70.8926,25,5560.636768
-14.081679,7,5560.659168
-106.987419,49,5560.757551
-12.463164,6,5560.769367
-73.513483,18,5560.804399
-40.42527,18,5560.842912
-340.500004,97,5561.032031
-58.410955,19,5561.066874
-81.875334,30,5561.129328
-48.220892,20,5561.167196
-2470.17193,1000,5563.143451
-22.827581,11,5563.164894
-37.38579,12,5563.191496
-64.234836,26,5563.253655
-67.623447,26,5563.303927
-30.554371,12,5563.330006
-23.327428,11,5563.350467
-176.185179,58,5563.463686
-20.505785,18,5563.500204
-873.73934,337,5564.145941
-62.584347,25,5564.213658
-68.727178,26,5564.267624
-386.912322,176,5564.612948
-48.353352,20,5564.651326
-29.197944,11,5564.672096
-82.385278,34,5564.74072
-45.348386,19,5564.780195
-224.435452,97,5564.964958
-33.459734,20,5565.004975
-44.033223,17,5565.037282
-23.857375,11,5565.061644
-83.240585,31,5565.118922
-127.855059,45,5565.248006
-24.642508,12,5565.268776
-71.349233,30,5565.327444
-28.366472,12,5565.35274
-64.325859,28,5565.402367
-71.340558,22,5565.444801
-50.258755,19,5565.475333
-60.148058,21,5565.517654
-136.204923,52,5565.614502
-22.820125,12,5565.637399
-45.580005,16,5565.673771
-133.99485,39,5565.750652
-46.396118,23,5565.79616
-26.417489,15,5565.824249
-41.080324,14,5565.849683
-42.784285,23,5565.892603
-76.593219,32,5565.954218
-73.883522,43,5566.038384
-49.804814,22,5566.083924
-106.923608,52,5566.195159
-54.919812,24,5566.24633
-19.616251,12,5566.267532
-2476.033379,1000,5568.2742
-39.754859,20,5568.31539
-43.557819,22,5568.360409
-70.268569,28,5568.414104
-187.582018,66,5568.543878
-36.550626,14,5568.566961
-78.785618,39,5568.646312
-51.765228,20,5568.685901
-210.117601,67,5568.81371
-96.678051,36,5568.878831
-2521.62748,1000,5570.893339
-51.538612,21,5570.935117
-34.502642,15,5570.965106
-38.180413,15,5570.996358
-19.445948,18,5571.033801
-36.923467,20,5571.079908
-1484.082978,606,5572.345536
-20.35425,9,5572.36403
-77.383304,32,5572.425349
-28.818116,13,5572.454871
-614.62247,271,5573.001811
-78.538017,36,5573.075701
-15.983942,8,5573.092563
-1910.412406,776,5574.667313
-30.727728,16,5574.697373
-23.507256,12,5574.718364
-26.040353,14,5574.747223
-363.898297,147,5575.027322
-39.76724,34,5575.095943
-194.609008,66,5575.244318
-49.729146,32,5576.319513
-773.992565,310,5576.788248
-35.131765,13,5576.809428
-53.007771,19,5576.835592
-28.175625,15,5576.8605
-15.704742,19,5576.891401
-28.162779,13,5576.913006
-28.901613,17,5576.939875
-86.083982,37,5577.006426
-43.362782,13,5577.02546
-23.333912,9,5577.042585
-42.683556,11,5577.062352
-36.177117,23,5577.121186
-60.634508,24,5577.163421
-9.100689,29,5577.211889
-37.568356,16,5577.255328
-237.798323,89,5577.451209
-40.344349,13,5577.47571
-179.436597,76,5577.615149
-2483.601712,1000,5579.685806
-50.544831,22,5579.743214
-33.946344,20,5579.783622
-26.134279,18,5579.820273
-10.76156,5,5579.83065
-46.340988,38,5579.908751
-625.99765,256,5580.545069
-30.179893,12,5580.567069
-2510.32922,1000,5582.776134
-33.759555,17,5582.814401
-125.739597,36,5582.882378
-188.491376,85,5583.045491
-98.85217,44,5583.130632
-49.669118,36,5583.199906
-68.318914,29,5583.254684
-2544.647582,1000,5585.209531
-20.346777,8,5585.223403
-78.884625,35,5585.290965
-9.814202,6,5585.307945
-15.200194,6,5585.318709
-458.774307,194,5585.732429
-29.986756,13,5585.757533
-50.098711,17,5585.796097
-24.018297,8,5585.810858
-53.955456,21,5585.848788
-38.330371,18,5585.884093
-84.403509,33,5585.95066
-43.217207,13,5585.973745
-36.33067,14,5586.001789
-82.567892,30,5586.060642
-117.764421,34,5586.130505
-45.111871,22,5586.171051
-121.900334,42,5586.252591
-35.401483,12,5586.275034
-2500.659888,1000,5588.328236
-24.313901,12,5588.349231
-64.014915,19,5588.387332
-71.822149,29,5588.447912
-68.409362,25,5588.497006
-21.151549,11,5588.51755
-130.888935,47,5588.62453
-58.591111,25,5588.670953
-66.781217,27,5588.719249
-15.716903,9,5588.736944
-71.977614,21,5588.778051
-20.279145,14,5588.806115
-82.493136,42,5588.883185
-24.184454,10,5588.902877
-80.847923,38,5588.989918
-78.809117,32,5589.053015
-42.904851,22,5589.100653
-46.109972,12,5589.122469
-91.047964,42,5589.200872
-33.245868,27,5589.256356
-26.486499,12,5589.278165
-137.11752,56,5589.384503
-315.13736,138,5589.659869
-70.595689,23,5589.70539
-24.748585,10,5589.725637
-83.954531,27,5589.776752
-17.665259,6,5589.788234
-94.608134,27,5589.846472
-57.254233,35,5589.911882
-2527.279066,1000,5591.920464
-28.013225,11,5591.943096
-83.498619,39,5592.016315
-25.406182,10,5592.03652
-48.187797,19,5592.067486
-38.324011,22,5592.113092
-32.343823,11,5592.132669
-2576.511011,1000,5594.167498
-28.712312,13,5594.195472
-45.671866,20,5594.233049
-65.960112,35,5594.299422
-75.684595,33,5594.360771
-91.630333,39,5594.4354
-68.413593,18,5594.473382
-51.51001,21,5594.516576
-64.027132,28,5594.581055
-33.117129,10,5594.599469
-50.258533,35,5594.664063
-80.738977,37,5594.736804
-98.539042,50,5594.831366
-10.837265,6,5594.841948
-40.55129,20,5594.883374
-149.647139,63,5595.013811
-32.02516,17,5595.048682
-12.951233,7,5595.060866
-2578.98117,1000,5597.288016
-87.255859,30,5597.348714
-117.946152,44,5597.469306
-89.593636,30,5597.595686
-56.327056,31,5597.686942
-31.09994,18,5597.730318
-2523.950782,1000,5599.737939
-68.795938,23,5599.783748
-68.159567,23,5599.825022
-29.672339,8,5599.842112
-75.90219,36,5599.914755
-25.460394,10,5599.9372
-49.13746,23,5599.983338
-73.940086,26,5600.039765
-84.132082,29,5600.094217
-117.961108,51,5600.200911
-52.997794,19,5600.245635
-74.40063,30,5600.318322
-32.819655,12,5600.344224
-32.100868,20,5600.390734
-22.000942,10,5600.410753
-26.620972,10,5600.431046
-117.92476,46,5600.531926
-68.910773,24,5600.57702
-138.706346,59,5600.721566
-56.970474,26,5600.772276
-53.577003,19,5600.809363
-911.257853,344,5601.538905
-807.806975,326,5602.177118
-23.824172,11,5602.19681
-87.278424,26,5602.245744
-40.913511,16,5602.275081
-83.921431,33,5602.344951
-167.369117,47,5602.438299
-90.646817,42,5602.517583
-50.41396,25,5602.567254
-34.411915,13,5602.592228
-40.997691,22,5602.638242
-66.793249,25,5602.684966
-902.510087,341,5603.366693
-38.222377,21,5603.411942
-39.738168,22,5603.45874
-102.469811,40,5603.533933
-64.797469,21,5603.578115
-63.557249,36,5603.645047
-10.918363,6,5603.655853
-46.616285,19,5603.693005
-246.357169,98,5603.877957
-67.728912,27,5603.926766
-30.355437,11,5603.947371
-24.391439,13,5603.979188
-28.547778,18,5604.015296
-105.63837,52,5604.123262
-62.245506,18,5604.158851
-130.043435,56,5604.280932
-34.27635,13,5604.304828
-1287.030466,498,5605.439855
-34.574776,13,5605.462453
-174.681376,72,5605.614338
-30.779907,11,5605.635982
-52.807584,25,5605.684336
-94.960058,38,5605.763385
-2542.716724,1000,5608.080591
-44.687551,14,5608.105016
-21.651516,9,5608.122197
-39.545415,17,5608.159955
-114.266546,45,5608.253299
-82.536329,26,5608.305232
-26.361847,10,5608.330564
-66.464645,24,5608.379522
-22.813942,9,5608.394184
-81.842278,26,5608.479546
-62.747253,17,5608.52312
-77.284336,37,5608.621659
-64.289061,25,5608.678667
-150.075222,59,5608.810299
-26.752546,9,5608.829329
-49.593904,20,5608.867519
-25.666954,24,5608.912581
-62.697858,18,5608.945383
-150.968664,55,5609.055492
-128.117661,68,5609.225536
-142.333465,48,5609.318313
-683.09354,291,5609.954448
-150.822289,62,5610.08384
-128.695516,50,5610.192262
-81.101775,35,5610.26056
-69.801758,22,5610.308024
-498.26704,199,5610.717745
-179.720746,72,5610.866082
-61.204,22,5610.909952
-26.865008,11,5610.930729
-28.665978,13,5610.955335
-2512.3007,1000,5612.917332
-35.850779,18,5612.951018
-30.315701,11,5612.971237
-70.338094,21,5613.011595
-53.492546,23,5613.055756
-83.622595,41,5613.135448
-99.470783,34,5613.200364
-44.016776,21,5613.239825
-29.264625,13,5613.262586
-125.578926,57,5613.372622
-2506.145304,1000,5615.395681
-2562.400652,1000,5617.445787
-60.815925,24,5617.491971
-62.781188,31,5617.550569
-127.321004,48,5617.641364
-35.50165,18,5617.827144
-12.271463,7,5617.83841
-1720.227995,693,5619.222902
-60.945127,29,5619.278178
-69.477455,33,5619.336234
-62.686184,26,5619.386821
-107.77788,46,5619.473662
-102.983523,38,5619.540508
-73.480249,23,5619.592422
-34.054356,13,5619.61897
-59.498162,20,5619.662001
-83.469261,37,5619.73561
-2138.019477,817,5621.411234
-45.345737,16,5621.443681
-155.7478,61,5621.570925
-11.644735,6,5621.583215
-35.320475,12,5621.610181
-21.250151,9,5621.629063
-110.49965,44,5621.722355
-37.167089,29,5621.778237
-2576.019557,1000,5623.896223
-30.153102,10,5623.915722
-363.440164,141,5624.195157
-21.767519,10,5624.21429
-146.18613,54,5624.31302
-57.24499,18,5624.345578
-76.121671,43,5624.43147
-28.331472,11,5624.450487
-71.341197,27,5624.504689
-46.58682,18,5624.537918
-174.116758,52,5624.638104
-76.087653,41,5624.7173
-54.320621,22,5624.758438
-118.382407,38,5624.829939
-67.06516,27,5624.878433
-37.625774,10,5624.898062
-143.352647,61,5625.02595
-2585.235779,1000,5627.047437
-27.138456,10,5627.068604
-23.168099,10,5627.089113
-25.224178,12,5627.114903
-86.568112,29,5627.171201
-42.730315,15,5627.211034
-105.225034,52,5627.317751
-33.761858,17,5627.356108
-24.032361,10,5627.380468
-27.322182,10,5627.403001
-54.793222,20,5627.445174
-30.773356,12,5627.474118
-38.295204,20,5627.515385
-107.330009,38,5627.598013
-2019.465166,805,5629.235479
-83.942676,35,5629.304804
-84.643151,41,5629.390979
-2618.852791,1000,5631.583236
-65.970006,22,5631.625522
-37.431063,15,5631.655655
-192.344004,52,5631.758986
-65.979621,34,5631.82287
-141.66744,57,5631.933597
-51.122966,16,5631.961825
-96.628522,36,5632.028067
-90.518957,34,5632.092104
-30.756216,12,5632.112528
-71.480343,26,5632.161729
-66.055339,26,5632.222448
-81.568334,42,5632.303128
-29.379466,11,5632.324729
-188.924818,62,5632.443605
-2592.955537,1000,5634.42944
-2441.942053,1000,5636.432585
-46.653854,21,5636.469649
-104.986336,40,5636.546545
-39.451481,12,5636.569054
-2517.809047,1000,5639.462919
-65.040896,23,5639.499831
-83.613591,28,5639.540171
-694.298305,277,5640.005763
-27.493191,10,5640.027543
-305.624995,126,5640.257584
-272.037293,127,5640.488405
-64.564,27,5640.539432
-35.555577,13,5640.562253
-89.39188,30,5640.616873
-35.750472,11,5640.641522
-35.64841,14,5640.663214
-310.769554,121,5640.905675
-2437.325764,1000,5642.850961
-60.336415,27,5642.900185
-146.857986,50,5642.992996
-28.906093,11,5643.013217
-392.203271,155,5643.327148
-2413.872505,1000,5645.263904
-272.454134,96,5645.448779
-27.356642,12,5645.473909
-101.931122,40,5645.54984
-106.28588,48,5645.637172
-56.682071,27,5645.690994
-81.453269,36,5645.771303
-47.724646,13,5645.798279
-153.217534,63,5645.914841
-2479.499677,1000,5647.821678
-223.869293,92,5648.004421
-50.790845,20,5648.04222
-204.801692,98,5648.225411
-445.6404,188,5648.579831
-414.645558,178,5648.934927
-22.688535,10,5648.956922
-247.774301,86,5649.131855
-20.518234,7,5649.144271
-126.911924,58,5649.261743
-112.448971,54,5649.364054
-99.316965,39,5649.439353
-29.393516,14,5649.468226
-30.008808,12,5649.491197
-12.595988,6,5649.5081
-431.035977,176,5649.896388
-40.937293,14,5649.925996
-379.024747,156,5650.227535
-128.837356,39,5650.318399
-383.150503,163,5650.643176
-258.325976,112,5650.852817
-38.505676,15,5650.882276
-30.901353,11,5650.900783
-404.679743,153,5651.194396
-203.114907,85,5651.358193
-280.721334,112,5651.566448
-24.464062,10,5651.602136
-30.609432,11,5651.622942
-35.956481,11,5651.643901
-28.39785,10,5651.663279
-239.763859,112,5651.882518
-121.924466,44,5651.965963
-201.696083,88,5652.141271
-209.937747,76,5652.281497
-60.872507,33,5652.348541
-14.948578,7,5652.361791
-310.90042,123,5652.609231
-21.284915,10,5652.628237
-2474.263254,1000,5654.644794
-43.110814,15,5654.675208
-94.297892,36,5654.746625
-25.018894,11,5654.766952
-2390.962662,1000,5656.821143
-263.235825,108,5657.036809
-49.852112,20,5657.077111
-52.553351,20,5657.11574
-158.011478,58,5657.232326
-27.367462,10,5657.251094
-191.963891,70,5657.392362
-168.252184,71,5657.536181
-35.871727,11,5657.558359
-54.611898,28,5657.618947
-111.844999,51,5657.747766
-40.929067,14,5657.771914
-35.770465,12,5657.797198
-46.427042,21,5657.837013
-164.73223,63,5657.957507
-83.157592,33,5658.017093
-31.456613,9,5658.036211
-85.625364,34,5658.104139
-181.563192,83,5658.26041
-62.245447,23,5658.304331
-126.696707,48,5658.397889
-25.912396,11,5658.418615
-101.097018,33,5658.477126
-93.042858,50,5658.573657
-2414.481212,1000,5660.575216
-38.072335,14,5660.607664
-75.312409,28,5660.678584
-2534.454238,1000,5662.705467
-2449.484725,868,5664.378695
-160.757614,75,5664.520713
-206.891254,93,5664.716478
-77.079541,37,5664.78476
-259.757454,105,5664.984885
-116.8545,50,5665.080591
-55.761086,26,5665.130731
-232.275843,75,5665.269246
-258.878237,104,5665.459182
-459.453551,202,5665.862083
-2482.213346,1000,5667.770595
-661.458685,278,5668.291873
-2556.357673,1000,5670.202419
-2203.300162,1000,5672.135339
-2439.637677,960,5674.011573
-705.850036,284,5674.553991
-230.688071,94,5674.735156
-2248.991706,955,5676.61656
-648.693749,263,5677.118817
-2528.677223,1000,5680.855302
-2328.203035,1000,5682.786901
-2466.603574,1000,5684.730564
-36.597287,13,5684.752464
-103.99334,34,5684.826545
-179.90361,62,5684.940575
-549.5418,204,5685.323164
-44.421432,15,5685.349946
-437.110694,181,5685.703637
-2506.475211,1000,5687.627584
-147.740491,76,5687.789089
-2401.674568,1000,5689.730984
-300.813289,131,5689.980959
-42.019874,20,5690.018074
-52.766132,19,5690.057039
-45.950904,19,5690.090453
-312.687524,115,5690.313812
-248.13364,96,5690.495818
-40.570288,15,5690.523983
-77.021874,29,5690.593986
-69.572076,35,5690.667331
-2491.274142,1000,5692.57046
-521.230485,197,5692.941076
-502.072206,192,5693.304228
-416.534464,167,5693.639502
-184.100884,77,5693.785321
-202.752676,72,5693.913608
-101.916212,48,5694.012451
-90.179966,35,5694.079539
-125.456807,55,5694.181144
-2580.027974,1000,5696.077116
-2478.198131,1000,5697.993943
-2537.411058,1000,5701.350147
-871.529989,333,5701.901932
-1092.242015,401,5702.627674
-942.068195,387,5703.383394
-2532.630317,1000,5705.305129
-2604.849523,1000,5707.360809
-2618.065647,1000,5709.448397
-1684.368397,649,5710.795036
-919.752117,356,5711.548285
-1434.175659,544,5712.640611
-1035.35403,369,5713.388829
-2604.026863,1000,5715.469226
-2564.444214,1000,5717.559694
-2466.994102,1000,5719.639906
-91.702003,37,5719.716336
-2191.015731,805,5723.701247
-2473.801823,1000,5725.706627
-2390.240213,1000,5727.95745
-2497.977062,1000,5729.999543
-2509.65882,1000,5732.079872
-1741.735813,679,5733.503999
-2534.491728,1000,5735.78893
-2409.532587,1000,5737.840734
-2666.046649,1000,5740.033271
-2694.135608,1000,5742.280855
-2637.798725,1000,5744.458112
-2577.66301,1000,5749.748439
-2824.877338,1000,5751.92582
-46.916503,19,5751.963714
-233.49511,77,5752.124035
-371.028582,156,5752.425997
-113.791561,40,5752.506081
-110.249109,37,5752.578793
-28.675025,14,5752.605267
-146.358643,53,5752.713938
-2594.643759,1000,5754.922547
-435.47699,156,5755.329225
-2585.114415,1000,5757.597975
-155.698171,54,5757.730815
-250.254936,89,5757.91344
-2504.789311,1000,5760.097687
-110.930297,36,5760.185464
-2556.294493,1000,5762.506316
-56.878127,17,5762.541735
-2593.849708,1000,5764.767032
-65.727358,23,5764.809594
-63.354798,23,5764.858626
-342.069419,122,5765.099975
-2533.947147,1000,5767.088827
-183.882536,79,5767.251286
-200.450011,95,5767.448989
-386.74905,151,5767.77489
-2561.316456,1000,5772.153872
-159.092745,81,5772.275327
-23.204072,10,5772.289724
-2471.145639,1000,5774.121941
-2519.443463,1000,5776.252284
-2369.193478,1000,5778.395593
-128.494986,47,5778.492666
-150.466382,58,5778.605963
-2425.923996,1000,5780.628662
-2475.879737,1000,5782.579098
-2446.868434,1000,5784.621702
-56.046496,23,5784.671879
-2540.169098,1000,5786.958056
-2548.796804,1000,5789.093719
-34.031943,12,5789.115692
-2506.73513,1000,5791.387519
-1059.330288,431,5792.46858
-2344.359961,933,5795.983888
-1703.31918,633,5797.299246
-57.499909,21,5797.342091
-2398.076354,1000,5799.773811
-23.150826,10,5799.802788
-2625.143188,1000,5802.343615
-50.373302,28,5802.424742
-66.050922,31,5802.519601
-43.138296,18,5802.56592
-31.342346,14,5802.603121
-22.721135,10,5802.629685
-2789.134443,1000,5805.448459
-2919.541894,1000,5807.891037
-2223.828606,950,5810.29688
-48.365639,37,5810.396144
-68.595617,33,5810.473512
-2398.78489,1000,5812.997667
-2716.785039,1000,5815.581916
-2333.623102,1000,5818.310444
-41.243856,14,5818.349068
-1408.107914,564,5820.412268
-42.522878,13,5820.438688
-96.385228,30,5820.50613
-2529.948666,1000,5823.356774
-32.828279,17,5823.404509
-2513.433859,1000,5825.929156
-2590.667137,1000,5828.33461
-101.024202,33,5828.401679
-2453.895385,1000,5830.482578
-10.940095,8,5830.503087
-2245.075123,1000,5832.550649
-101.652055,32,5832.610614
-32.001495,18,5832.647129
-571.508296,215,5833.094457
-306.604656,136,5833.358787
-94.02647,40,5833.437404
-152.997509,52,5833.545037
-49.254289,22,5833.598037
-79.805979,20,5833.638978
-50.261432,23,5833.690305
-25.488613,13,5833.716186
-58.108315,15,5833.748855
-259.322169,94,5833.940081
-117.119046,39,5834.017515
-2527.328115,1000,5836.331571
-104.801801,45,5836.442396
-22.351298,12,5836.466251
-2666.531075,1000,5838.635609
-66.651762,23,5838.687472
-78.763324,27,5838.753982
-342.819203,133,5839.034558
-32.481478,16,5839.065987
-28.749904,13,5839.096763
-71.280291,33,5839.162588
-195.714782,67,5839.294832
-250.865422,82,5839.456616
-37.042512,18,5839.494072
-123.869741,49,5839.591124
-146.229488,68,5839.761203
-28.036615,16,5839.792576
-455.029542,164,5840.116013
-151.15393,49,5840.211773
-248.672145,91,5840.393365
-2619.486518,1000,5842.610014
-285.374847,123,5843.08713
-284.969953,96,5843.302084
-83.937192,35,5843.40511
-114.473434,35,5843.49054
-551.082792,197,5843.904662
-44.662485,16,5843.939834
-122.739649,43,5844.035205
-189.715484,87,5844.226491
-32.701962,13,5844.255892
-29.825321,14,5844.286715
-1057.022312,391,5845.089096
-2573.501657,1000,5847.104875
-145.406997,58,5847.239488
-1455.69492,576,5848.396944
-31.767837,19,5848.433629
-90.861207,52,5848.532011
-128.063084,37,5848.603532
-85.546004,30,5848.660952
-143.543758,58,5848.783356
-74.386777,26,5848.832262
-303.836454,108,5849.044042
-57.79581,24,5849.099014
-68.690605,33,5849.170144
-55.19046,25,5849.224392
-176.283652,62,5849.375538
-57.115812,19,5849.414219
-21.820223,15,5849.446884
-42.313289,19,5849.484416
-1182.920028,437,5850.365215
-57.742715,25,5850.414093
-27.593196,11,5850.434025
-2610.822052,1000,5852.409804
-113.18229,36,5852.475365
-41.577828,15,5852.503134
-41.007653,13,5852.529395
-101.834617,37,5852.597278
-96.165555,23,5852.643996
-64.085262,21,5852.683473
-232.478201,84,5852.842903
-280.941186,79,5852.99073
-197.362689,65,5853.115353
-35.174812,14,5853.143687
-63.815116,22,5853.18708
-165.197607,65,5853.32474
-60.290629,20,5853.363673
-151.157838,60,5853.479109
-1988.011015,780,5855.018004
-34.852359,12,5855.043912
-31.476589,12,5855.065731
-66.56978,25,5855.115929
-308.952025,99,5855.329468
-208.595504,86,5855.530106
-2530.342652,1000,5857.510068
-25.103279,12,5857.535261
-73.725627,23,5857.578201
-63.394893,17,5857.61612
-38.756332,14,5857.644703
-75.911298,27,5857.696643
-72.427341,23,5857.746971
-94.930652,39,5857.82042
-66.776511,25,5857.88179
-2631.656839,1000,5860.022628
-60.612917,26,5860.083364
-178.663224,90,5860.275993
-47.498474,17,5860.305621
-32.131193,14,5860.336364
-43.206502,12,5860.357668
-35.290106,14,5860.386091
-29.640461,11,5860.407071
-61.119276,30,5860.493925
-40.684558,17,5860.530562
-78.159051,31,5860.594068
-36.434464,11,5860.617713
-111.605279,62,5860.741428
-55.999659,28,5860.800141
-83.945961,32,5860.867049
-197.802476,75,5861.022969
-68.934488,22,5861.069187
-88.855869,25,5861.11771
-74.474715,26,5861.174206
-97.190481,38,5861.250065
-362.835746,115,5861.511293
-46.342244,15,5861.539163
-97.47513,42,5861.622189
-38.638856,17,5861.656867
-32.404166,15,5861.69114
-40.294458,15,5861.720867
-25.286564,11,5861.748749
-39.301949,17,5861.780082
-2677.76367,1000,5863.871499
-26.754965,11,5863.894421
-133.13528,50,5864.004309
-13.670924,8,5864.022953
-122.371241,36,5864.095779
-59.687265,21,5864.133946
-41.449212,15,5864.161592
-84.685231,26,5864.210601
-106.949774,37,5864.282699
-32.788333,11,5864.302608
-31.11775,13,5864.328643
-87.507388,33,5864.387953
-36.903622,15,5864.417034
-27.638324,11,5864.436906
-27.496269,10,5864.4556
-139.089473,52,5864.555682
-40.106168,15,5864.599162
-19.158574,18,5864.634146
-30.635555,9,5864.654159
-86.784906,32,5864.720343
-40.140931,12,5864.74291
-53.514417,25,5864.792369
-24.073166,11,5864.815533
-38.947173,19,5864.864693
-22.103362,11,5864.891191
-2634.218284,1000,5867.001799
-36.48314,28,5867.059038
-41.237945,29,5867.128236
-48.27712,20,5867.169072
-2548.08084,1000,5869.227721
-317.987955,113,5869.44276
-57.691507,22,5869.485907
-33.337937,11,5869.506334
-90.266542,39,5869.584218
-58.945287,30,5869.643234
-225.021733,67,5869.768976
-34.704329,12,5869.797231
-59.685518,17,5869.839001
-670.888505,250,5870.351583
-113.566633,47,5870.448934
-980.320033,374,5871.231235
-2722.699222,1000,5873.270895
-32.034884,13,5873.299085
-125.686714,44,5873.383054
-887.418995,341,5874.104521
-37.369523,15,5874.13417
-50.909893,21,5874.179286
-41.148748,15,5874.20966
-27.784943,11,5874.231056
-68.190713,25,5874.284982
-73.336004,24,5874.333438
-90.335812,28,5874.383717
-33.350249,21,5874.426097
-125.791758,58,5874.532559
-50.0402,22,5874.576826
-102.543432,43,5874.656436
-18.440287,6,5874.667074
-32.448545,11,5874.691816
-2686.393053,1000,5876.825658
-40.427975,17,5876.867982
-186.837435,67,5877.017793
-23.556286,11,5877.049638
-13.954527,7,5877.065911
-107.444316,45,5877.167894
-78.70275,27,5877.218894
-32.674106,12,5877.247396
-305.094267,110,5877.459784
-28.974452,13,5877.480952
-115.014719,37,5877.558267
-57.147018,20,5877.601616
-287.994234,113,5877.817811
-49.505819,19,5877.854073
-143.705633,64,5877.980202
-53.963696,20,5878.016807
-2413.854318,923,5879.944843
-35.065954,13,5879.967034
-204.110607,74,5880.118083
-20.78758,10,5880.13849
-40.201189,22,5880.198971
-181.661064,62,5880.323684
-93.447945,42,5880.405617
-101.423505,35,5880.476876
-161.100522,73,5880.625448
-269.767771,125,5880.892129
-66.431994,23,5880.937079
-148.309035,46,5881.033985
-35.684796,11,5881.058275
-38.665987,15,5881.094123
-134.286327,47,5881.203084
-82.672666,43,5881.336235
-2628.917319,1000,5883.421308
-160.73594,62,5883.554599
-46.531116,21,5883.597687
-185.842384,61,5883.725175
-187.745117,72,5883.867501
-73.940338,28,5883.925635
-1338.018448,535,5885.493901
-306.84849,110,5885.724882
-143.778544,37,5885.797947
-67.138077,23,5885.849161
-119.692632,45,5886.002761
-144.399288,47,5886.109794
-143.64815,46,5886.214018
-254.363493,118,5886.486571
-42.46157,18,5886.519614
-467.398059,185,5886.927275
-465.138201,167,5887.347842
-70.958108,27,5887.415866
-32.696762,13,5887.457113
-741.011723,269,5888.049776
-2205.924191,833,5889.774665
-153.95276,58,5889.883949
-31.356359,14,5889.913476
-45.914718,18,5889.948666
-75.622181,32,5890.010486
-25.576748,11,5890.030932
-139.541825,50,5890.13139
-85.275264,31,5890.202763
-97.564522,27,5890.258904
-76.798115,23,5890.312068
-144.744941,58,5890.42988
-191.403582,69,5890.560156
-2696.196615,1000,5892.542786
-52.624976,27,5892.599435
-31.319726,25,5892.64532
-42.942676,21,5892.684158
-63.20484,23,5892.728605
-935.444905,363,5893.487147
-28.347044,13,5893.51455
-64.588103,31,5893.579077
-98.148864,41,5893.659577
-48.665625,17,5893.69409
-52.207987,19,5893.725634
-70.082217,27,5893.779133
-45.841098,14,5893.807362
-2581.914627,1000,5895.849211
-24.492021,10,5895.869599
-55.793794,21,5895.909285
-146.015121,37,5895.977335
-244.669174,90,5896.158252
-78.851203,28,5896.21718
-81.618303,29,5896.271223
-247.086011,88,5896.459995
-40.815142,17,5896.496236
-153.322691,63,5896.621816
-126.974468,42,5896.718109
-24.48749,11,5896.743095
-28.623503,11,5896.770034
-143.157066,59,5896.912244
-52.589098,17,5896.943709
-378.274946,146,5897.237806
-582.975888,230,5897.716136
-50.027104,24,5897.763438
-28.53528,11,5897.783266
-197.080859,83,5897.952113
-2963.492645,1000,5899.906504
-1361.22566,508,5900.919908
-127.483937,57,5901.028731
-41.257351,15,5901.05917
-63.250056,21,5901.098815
-575.647306,213,5901.529575
-41.417559,17,5901.560953
-50.441918,20,5901.598717
-37.772605,12,5901.62588
-91.544522,25,5901.675319
-90.158149,26,5901.725356
-34.625271,11,5901.749563
-27.529617,10,5901.770248
-1583.25863,581,5903.013471
-79.753554,26,5903.063857
-894.005313,335,5903.823082
-45.847995,17,5903.866187
-128.518193,52,5903.978529
-26.898668,13,5904.007359
-109.270907,33,5904.073499
-77.202745,37,5904.151299
-32.581864,12,5904.173471
-64.835651,24,5904.226161
-68.427725,28,5904.290868
-117.720724,40,5904.373971
-50.383907,18,5904.409468
-652.716471,254,5905.017663
-222.687423,77,5905.172001
-57.518008,19,5905.212351
-165.078304,65,5905.346427
-59.826188,19,5905.390707
-32.611397,13,5905.419764
-69.462399,21,5905.458583
-100.211151,38,5905.529314
-1744.675954,695,5907.966125
-107.963578,40,5908.044281
-193.812903,76,5908.261604
-32.305579,11,5908.287508
-29.794638,11,5908.313842
-48.99189,19,5908.357336
-58.933367,20,5908.413715
-48.428447,14,5908.448157
-59.881906,23,5908.497087
-51.443453,18,5908.545452
-34.916982,12,5908.570743
-136.395909,54,5908.688915
-44.050199,16,5908.719847
-76.598536,23,5908.769219
-68.419802,22,5908.817394
-37.4719,12,5908.851875
-34.453001,19,5908.889212
-63.57259,23,5908.93717
-199.377565,65,5909.073781
-148.6962,39,5909.155481
-2687.30376,1000,5911.443303
-154.476079,60,5911.565873
-121.538939,40,5911.643441
-70.785141,31,5911.706704
-35.387584,11,5911.728257
-110.536762,34,5911.795436
-32.303708,14,5911.82466
-75.077561,30,5911.885735
-52.899296,19,5911.923941
-37.047561,12,5911.94654
-107.377527,34,5912.013886
-177.560927,60,5912.139686
-34.571412,12,5912.165513
-91.599457,29,5912.229454
-107.091243,55,5912.339871
-65.871359,22,5912.384442
-240.202909,81,5912.618
-3001.747499,1000,5914.618757
-50.446393,14,5914.643401
-58.070543,22,5914.688478
-108.583469,43,5914.765189
-100.351134,39,5914.838067
-49.976248,16,5914.867419
-167.670193,63,5914.987751
-132.994691,47,5915.080378
-51.823083,16,5915.116205
-38.850742,15,5915.145153
-62.042674,22,5915.186877
-42.817675,15,5915.225311
-63.101017,20,5915.265806
-36.683702,11,5915.28621
-91.368351,33,5915.351043
-54.150621,20,5915.387556
-43.415638,14,5915.415673
-46.322251,14,5915.439396
-80.083792,24,5915.485288
-170.532361,59,5915.599117
-49.068687,15,5915.627231
-84.170557,31,5915.686016
-49.329836,15,5915.71497
-31.170073,11,5915.734682
-191.272291,74,5915.873877
-117.693705,44,5915.959879
-60.269102,22,5916.002063
-27.385199,10,5916.021991
-180.828599,62,5916.15332
-48.440008,16,5916.187573
-38.521564,15,5916.218394
-56.623431,20,5916.256729
-34.676807,11,5916.276432
-58.279426,20,5916.313771
-34.241453,10,5916.333213
-67.1098,22,5916.37524
-139.876921,39,5916.442273
-101.767537,38,5916.516533
-135.871204,54,5916.61911
-96.12428,29,5916.673927
-105.826162,34,5916.738261
-2922.505188,1000,5918.726912
-2999.66646,1000,5920.700755
-2972.736025,1000,5922.635236
-82.47636,33,5922.700511
-41.724615,15,5922.730199
-42.226838,11,5922.751847
-150.053036,58,5922.866192
-178.493713,48,5922.955724
-130.224169,43,5923.051462
-308.053791,105,5923.251784
-79.540925,32,5923.309845
-736.52106,306,5923.906249
-199.442229,63,5924.03808
-59.999473,16,5924.068265
-243.866589,95,5924.24482
-1522.875367,549,5925.294487
-74.245216,30,5925.356487
-63.186638,21,5925.399274
-33.066708,10,5925.420732
-59.673636,19,5925.464393
-140.268914,49,5925.564674
-27.740513,10,5925.583878
-200.652798,88,5925.756381
-2982.981701,1000,5928.806391
-188.963576,70,5928.916567
-58.17982,19,5928.94556
-208.506851,105,5929.131766
-53.704375,17,5929.162683
-43.646471,15,5929.186789
-39.501625,22,5929.222837
-168.766684,71,5929.343139
-101.825212,38,5929.41255
-66.690635,26,5929.455602
-229.323489,78,5929.59555
-142.132884,52,5929.687223
-134.349016,42,5929.766707
-123.772759,51,5929.872845
-139.829956,51,5929.9654
-74.685653,26,5930.012305
-142.308182,49,5930.104231
-105.05534,38,5930.178198
-51.032775,15,5930.20854
-132.408675,36,5930.28093
-44.884706,19,5930.318959
-79.279849,26,5930.36525
-219.019717,75,5930.509422
-44.426607,16,5930.538547
-278.267394,101,5930.737268
-65.676634,24,5930.78323
-83.048161,35,5930.86324
-52.851958,22,5930.905186
-61.129407,22,5930.950473
-118.865309,41,5931.041817
-57.311967,23,5931.08744
-161.802517,71,5931.245028
-94.741452,38,5931.311779
-58.355124,20,5931.348741
-31.337918,11,5931.371966
-67.441642,24,5931.414952
-49.869507,20,5931.455015
-2655.495625,1000,5933.682759
-422.257593,144,5933.970973
-96.773334,40,5934.05607
-83.944655,31,5934.135185
-201.257789,58,5934.251534
-69.036195,23,5934.297632
-79.763049,35,5934.371001
-128.582701,43,5934.456561
-69.657617,19,5934.501839
-103.885161,35,5934.57737
-143.433205,43,5934.669424
-101.54116,59,5934.796561
-162.368481,56,5934.920174
-32.670763,12,5934.947107
-51.600387,19,5934.987253
-94.822069,36,5935.062264
-140.731847,43,5935.169741
-42.978689,15,5935.202703
-34.549096,11,5935.227396
-115.371531,42,5935.312244
-100.492577,31,5935.375182
-75.596084,35,5935.443425
-280.862451,99,5935.637253
-74.506675,26,5935.704325
-107.231606,35,5935.78378
-42.166254,15,5935.818361
-44.589746,16,5935.856563
-1077.27578,403,5936.804683
-146.119836,47,5936.924283
-72.009796,25,5936.9846
-107.04722,43,5937.081596
-64.628885,21,5937.125177
-56.662209,19,5937.1683
-95.47186,34,5937.234422
-54.255985,24,5937.284193
-44.69756,21,5937.328433
-212.294853,76,5937.496397
-132.918791,55,5937.628214
-40.075435,21,5937.671865
-50.129238,23,5937.718354
-129.717378,54,5937.828396
-58.517265,19,5937.867204
-30.018127,11,5937.889172
-239.03984,80,5938.115095
-27.744609,13,5938.142358
-39.850604,14,5938.175435
-46.413337,21,5938.224008
-67.217543,21,5938.269722
-93.817526,35,5938.338817
-77.404914,28,5938.39177
-173.813517,66,5938.535408
-57.374607,41,5938.634761
-63.388176,21,5938.678155
-30.989856,18,5938.713087
-59.551143,26,5938.771903
-43.935468,19,5938.807083
-55.079799,19,5938.846513
-133.192519,79,5939.00051
-118.229574,48,5939.095371
-177.053459,72,5939.264241
-30.948174,16,5939.297335
-87.628678,34,5939.372977
-39.175047,12,5939.398521
-85.65613,33,5939.479165
-43.767686,15,5939.511505
-51.112866,16,5939.547902
-57.246257,19,5939.591742
-99.121752,34,5939.682752
-2660.289095,1000,5941.869642
-183.153714,65,5941.993614
-37.699942,11,5942.014383
-2901.963951,1000,5944.24384
-45.385521,15,5944.285046
-47.658641,15,5944.327548
-129.112538,40,5944.429489
-32.516318,11,5944.452079
-30.774578,9,5944.472458
-2983.530272,1000,5946.625098
-104.307517,41,5946.707296
-36.601282,29,5946.79636
-42.569985,16,5946.835711
-1742.357729,625,5948.16052
-101.564564,36,5948.23897
-70.296233,24,5948.288336
-35.981191,12,5948.314943
-415.686455,176,5948.687236
-38.351191,11,5948.7145
-77.512097,35,5948.7845
-272.199924,109,5948.99917
-118.065365,54,5949.100442
-51.508514,23,5949.143149
-114.290379,42,5949.227235
-30.407946,13,5949.250023
-43.68569,23,5949.298029
-166.145709,65,5949.584718
-189.236578,78,5949.72894
-57.136157,24,5949.775419
-264.294037,105,5949.97138
-68.149919,22,5950.016117
-74.499558,25,5950.066173
-290.405135,90,5950.240912
-34.532445,11,5950.262206
-31.668607,15,5950.290093
-268.962435,96,5950.476428
-133.776565,52,5950.588917
-93.808862,33,5950.655656
-52.090496,17,5950.685844
-190.903721,63,5950.818127
-136.544269,55,5950.926858
-53.535917,24,5950.974861
-51.082106,15,5951.002924
-249.98202,102,5951.195017
-242.893608,79,5951.344333
-113.03309,34,5951.410901
-216.792132,97,5951.607234
-164.736038,63,5951.735296
-72.935097,23,5951.780889
-215.110884,74,5951.933777
-312.963022,116,5952.155571
-42.76286,16,5952.188393
-275.845429,107,5952.388982
-1359.324614,527,5953.424973
-494.609133,206,5953.832858
-56.91514,21,5953.871687
-112.840346,46,5953.958336
-71.153418,33,5954.023708
-31.059662,11,5954.049154
-63.423416,21,5954.092928
-229.499479,76,5954.248307
-43.388944,15,5954.280073
-739.190617,311,5954.899098
-632.272377,242,5955.392727
-103.427184,35,5955.471269
-180.264023,77,5955.620897
-43.856051,15,5955.653042
-2613.199327,1000,5957.746947
-132.592086,47,5957.848166
-34.76685,13,5957.872092
-545.342432,195,5958.287562
-40.649359,15,5958.323418
-32.960891,10,5958.348543
-291.768698,128,5958.648972
-58.287297,18,5958.684893
-180.276168,52,5958.790224
-41.92581,20,5958.828063
-27.628845,12,5958.84903
-121.380364,52,5958.951094
-160.948681,54,5959.050586
-226.011845,67,5959.183699
-67.712157,26,5959.234994
-46.691599,16,5959.266758
-70.482956,24,5959.314838
-35.962264,18,5959.353974
-21.890442,10,5959.377142
-67.616715,25,5959.425547
-130.688637,55,5959.557061
-62.523528,18,5959.593649
-2543.024867,1000,5961.695731
-50.972908,23,5961.743672
-91.720672,34,5961.830166
-187.247239,62,5961.958591
-119.25972,38,5962.039314
-112.266592,41,5962.121466
-41.889573,12,5962.145948
-52.000715,16,5962.178992
-59.918126,23,5962.228683
-106.531687,38,5962.309561
-99.324851,33,5962.371238
-46.346624,18,5962.405494
-174.959046,57,5962.509637
-55.98183,19,5962.551548
-64.270076,25,5962.604874
-42.424699,17,5962.635049
-100.390808,29,5962.689465
-125.68732,39,5962.765411
-52.574439,16,5962.811188
-125.168582,46,5962.902831
-63.396096,20,5962.943654
-33.619949,11,5962.971102
-30.331736,20,5963.01173
-92.570128,26,5963.068816
-29.538677,10,5963.08834
-45.83829,16,5963.119087
-31.727784,10,5963.138919
-95.699273,30,5963.20538
-25.956685,9,5963.223035
-82.582403,43,5963.302888
-26.026499,12,5963.329096
-398.396368,143,5963.654825
-27.919683,11,5963.680923
-97.053735,40,5963.778447
-307.019948,132,5964.086416
-150.960494,65,5964.230707
-48.500049,14,5964.266722
-82.044719,28,5964.327183
-67.461408,27,5964.387018
-36.698672,18,5964.424326
-107.632173,34,5964.500995
-23.382208,10,5964.522686
-34.030443,13,5964.553355
-114.043992,40,5964.650538
-21.135274,10,5964.676435
-131.251915,46,5964.793141
-180.362466,74,5964.972727
-258.013521,101,5965.225029
-88.682217,27,5965.285577
-52.50314,15,5965.320867
-69.762239,34,5965.397165
-43.433676,19,5965.440401
-76.965137,25,5965.489826
-63.891892,32,5965.55057
-113.849299,36,5965.624996
-35.174534,14,5965.652863
-50.517891,18,5965.694594
-48.326531,16,5965.72944
-109.103623,30,5965.799822
-67.309111,24,5965.857914
-109.717456,36,5965.93948
-41.757982,21,5965.984022
-1868.667938,732,5967.908675
-271.223071,109,5968.207402
-45.08308,15,5968.249106
-47.457908,17,5968.291609
-306.129614,95,5968.541546
-177.175675,57,5968.685039
-32.07999,12,5968.716289
-52.461393,17,5968.75118
-167.494336,53,5968.898779
-51.697222,19,5968.945591
-96.262344,38,5969.030111
-42.9662,17,5969.071695
-125.750677,46,5969.179987
-212.097052,78,5969.380032
-103.271175,33,5969.46937
-73.123294,27,5969.533147
-31.360907,14,5969.568695
-52.107234,15,5969.607331
-36.398906,13,5969.642303
-103.0097,43,5969.744252
-43.724436,13,5969.776887
-62.89719,23,5969.833914
-99.015067,33,5969.90761
-26.972168,9,5969.931122
-109.054322,42,5970.033056
-67.339401,23,5970.107159
-62.120321,20,5970.155202
-42.621052,18,5970.199807
-72.149846,32,5970.277936
-155.944983,60,5970.422249
-102.096625,37,5970.513112
-44.262739,14,5970.54454
-347.914423,143,5970.931189
-143.054224,41,5971.038453
-240.869631,84,5971.233372
-31.641437,14,5971.266558
-119.303612,39,5971.503285
-40.199032,16,5971.540753
-63.448498,27,5971.595172
-66.707306,28,5971.653669
-376.860136,156,5971.997378
-92.821633,29,5972.067229
-26.277934,12,5972.091419
-32.427106,12,5972.116973
-25.264378,8,5972.139255
-92.414012,36,5972.23463
-22.72673,9,5972.257356
-43.601285,17,5972.294895
-116.564929,44,5972.394079
-50.825464,22,5972.444193
-33.045989,13,5972.469294
-37.548199,12,5972.500917
-154.261402,58,5972.651182
-39.548375,14,5972.682417
-55.436997,19,5972.725734
-40.065482,20,5972.767912
-41.669716,17,5972.803119
-42.730739,15,5972.837497
-37.199027,17,5972.880764
-192.500473,71,5973.023791
-39.070197,16,5973.054219
-73.84445,21,5973.104637
-34.064254,11,5973.166887
-192.463316,75,5973.423513
-50.613419,16,5973.461787
-332.65991,103,5973.682772
-85.925025,37,5973.774382
-44.588932,16,5973.811528
-40.834976,16,5973.848251
-42.245163,24,5973.932697
-31.567382,14,5973.966184
-24.136801,9,5973.983505
-152.799057,61,5974.135716
-162.509137,66,5974.298097
-51.695481,17,5974.336999
-27.730412,10,5974.367651
-291.118208,108,5974.644058
-106.509825,44,5974.757762
-255.115922,85,5974.95772
-29.229436,9,5974.975793
-23.930404,12,5975.005814
-247.601501,89,5975.217385
-119.855825,40,5975.30557
-27.609766,11,5975.329981
-161.848913,49,5975.44341
-26.546267,9,5975.463213
-44.678559,16,5975.504769
-64.496523,19,5975.545431
-44.615362,19,5975.590721
-87.740642,28,5975.664011
-100.026814,36,5975.7525
-65.643574,21,5975.803729
-40.637948,16,5975.842183
-180.684493,60,5975.988131
-124.785375,59,5976.121983
-47.074868,14,5976.154787
-65.952066,25,5976.217281
-81.477775,31,5976.293775
-16.744347,9,5976.320189
-60.760302,26,5976.38261
-43.341706,12,5976.413181
-30.256451,10,5976.434881
-129.280616,49,5976.556005
-51.171588,23,5976.605653
-43.311317,16,5976.635827
-98.565406,35,5976.700293
-27.303923,10,5976.720944
-138.12857,62,5976.856251
-45.69551,14,5976.882669
-55.854772,26,5976.939395
-27.667912,15,5976.968047
-75.612605,23,5977.010924
-114.753456,36,5977.082561
-50.28372,18,5977.122113
-154.778147,49,5977.220828
-222.299048,69,5977.377961
-1977.904295,742,5978.945712
-204.156221,76,5979.110185
-152.781027,55,5979.224691
-149.844773,57,5979.336222
-73.934536,29,5979.389989
-62.174629,21,5979.434179
-76.148705,22,5979.487932
-50.705855,19,5979.525833
-28.976579,9,5979.54426
-30.846394,10,5979.563479
-163.477492,51,5979.661206
-120.640602,50,5979.752875
-32.571839,10,5979.770963
-65.61971,21,5979.810547
-85.167333,37,5979.883259
-166.346455,66,5980.022075
-33.376579,12,5980.042987
-85.832016,32,5980.103642
-73.935355,29,5980.176943
-37.581424,12,5980.204322
-33.726073,11,5980.234114
-52.311624,25,5980.303879
-41.743636,13,5980.335658
-198.125951,51,5980.465979
-120.859797,36,5980.540735
-128.737813,34,5980.625093
-127.647375,49,5980.715226
-146.072065,45,5980.806912
-39.355187,14,5980.839416
-261.354214,90,5981.02305
-122.452106,34,5981.09527
-74.740183,19,5981.131453
-455.929546,203,5981.543753
-32.296514,9,5981.575592
-53.563083,17,5981.62088
-111.285913,55,5981.729957
-54.189367,22,5981.775569
-77.244959,39,5981.853764
-99.677325,37,5981.927469
-92.267945,35,5981.992871
-41.992752,21,5982.032243
-231.146728,88,5982.226583
-126.986827,37,5982.305588
-65.017502,29,5982.366253
-92.154798,39,5982.445806
-43.514527,14,5982.473178
-54.666056,17,5982.50544
-38.582424,13,5982.532837
-20.716052,9,5982.549895
-173.88122,56,5982.669416
-33.898103,10,5982.689118
-133.60462,31,5982.74602
-36.941384,12,5982.767122
-83.390943,35,5982.837527
-30.346532,21,5982.882025
-28.134262,9,5982.896267
-54.155762,17,5982.931658
-48.66132,17,5982.963488
-110.962034,42,5983.053901
-27.579972,11,5983.077102
-116.567231,42,5983.155924
-52.837527,18,5983.193871
-32.540997,15,5983.223491
-144.079237,55,5983.331994
-166.366764,61,5983.448013
-136.656021,45,5983.53764
-128.159071,48,5983.647988
-51.692898,20,5983.686664
-40.20454,15,5983.717018
-68.036987,25,5983.766643
-77.099051,23,5983.808211
-1098.252337,508,5984.832961
-121.03096,46,5984.925684
-62.753737,18,5984.970703
-36.157836,13,5984.99509
-56.65097,18,5985.040511
-75.610421,24,5985.096997
-25.8579,10,5985.119682
-90.680198,39,5985.20534
-48.951404,17,5985.247256
-67.783417,26,5985.3044
-80.327535,25,5985.355081
-32.819289,10,5985.374235
-146.707756,64,5985.512446
-180.946211,68,5985.640093
-100.170478,33,5985.721607
-31.382393,10,5985.745339
-141.235991,59,5985.857476
-25.844582,10,5985.878386
-131.052922,41,5985.956182
-250.952235,71,5986.101322
-126.538581,37,5986.173882
-33.585535,11,5986.196538
-64.399203,17,5986.230112
-38.544337,15,5986.260381
-48.01626,17,5986.297118
-26.028664,9,5986.312515
-147.778369,38,5986.38942
-31.544216,11,5986.408775
-1246.505615,500,5987.446162
-2589.235173,1000,5989.563991
-33.131412,12,5989.5956
-21.689109,9,5989.613585
-234.801227,77,5989.805397
-34.870235,11,5989.826408
-40.401872,14,5989.853977
-30.633497,11,5989.87424
-29.928251,11,5989.907658
-143.136684,41,5989.996623
-39.997924,21,5990.040177
-55.658308,18,5990.074265
-199.348952,66,5990.207572
-97.663785,39,5990.287876
-1715.596376,629,5991.649042
-260.865199,99,5991.848968
-70.658109,26,5991.90179
-53.130818,15,5991.932085
-22.787731,10,5991.950591
-73.46077,22,5991.990014
-67.386034,22,5992.053544
-126.982875,44,5992.144808
-48.930613,18,5992.178835
-27.082272,10,5992.200481
-82.915733,28,5992.258888
-49.816001,16,5992.290141
-35.595678,11,5992.310689
-81.098727,29,5992.36811
-55.854727,15,5992.397359
-253.441148,73,5992.540995
-29.358515,11,5992.565497
-77.661233,26,5992.616714
-74.566666,39,5992.692898
-34.157575,11,5992.711853
-41.570554,14,5992.738797
-39.520064,15,5992.768145
-44.970869,17,5992.800056
-90.257412,25,5992.861614
-21.625217,9,5992.883837
-63.341014,23,5992.935591
-119.276506,33,5992.999151
-119.058445,42,5993.196893
-27.288491,11,5993.220472
-33.294639,10,5993.244081
-54.194868,20,5993.283774
-39.371798,14,5993.31127
-52.660564,16,5993.341211
-78.583439,21,5993.380245
-58.401059,19,5993.418479
-68.044761,18,5993.451802
-123.862701,38,5993.533665
-76.231071,42,5993.622981
-39.640934,17,5993.657829
-99.713617,28,5993.711725
-73.820886,29,5993.771347
-28.908243,10,5993.815647
-63.948275,29,5993.871949
-59.312383,20,5993.911308
-140.02173,47,5994.001609
-154.720944,54,5994.114523
-174.563852,69,5994.277199
-53.853969,21,5994.323695
-50.434095,19,5994.363784
-36.822524,14,5994.392781
-64.411779,20,5994.436971
-35.789972,11,5994.460162
-34.577381,12,5994.486487
-45.28107,18,5994.527881
-69.065348,22,5994.57042
-60.565316,24,5994.619555
-83.761546,31,5994.685247
-26.562021,9,5994.704453
-53.09232,20,5994.747271
-83.049329,34,5994.816738
-73.524692,29,5994.873373
-130.397165,47,5994.960091
-65.633835,20,5994.996929
-60.813264,24,5995.044253
-331.285649,108,5995.285545
-114.069768,44,5995.383221
-1064.586784,399,5996.200838
-124.068768,47,5996.322652
-112.332318,42,5996.404023
-143.107769,48,5996.4984
-26.673852,9,5996.51399
-133.658888,50,5996.63614
-34.551356,16,5996.682326
-47.480965,20,5996.734443
-27.090174,20,5996.784557
-65.700937,30,5996.857498
-81.437023,23,5996.903908
-51.850464,28,5996.96278
-101.934463,37,5997.032269
-178.643054,65,5997.17167
-26.312346,11,5997.190848
-53.219886,17,5997.23102
-46.883789,20,5997.271331
-14.108273,7,5997.283582
-40.021539,13,5997.321712
-42.540632,18,5997.361328
-30.172617,13,5997.397506
-52.808619,18,5997.460694
-72.832645,35,5997.549672
-26.241648,9,5997.566592
-22.291941,9,5997.5866
-63.680195,28,5997.648845
-33.230137,11,5997.671534
-2378.106099,900,5999.737597
-332.575125,89,5999.917974
-90.451332,30,5999.980958
-27.289992,14,6000.011546
-234.163972,81,6000.174145
-22.668777,8,6000.189405
-78.196301,24,6000.244257
-28.997428,9,6000.263916
-25.918627,10,6000.281574
-67.468617,27,6000.336726
-33.446506,16,6000.379729
-77.79323,24,6000.439137
-33.790683,19,6000.484453
-85.851337,33,6000.564608
-50.712431,26,6000.618553
-128.412428,43,6000.719137
-139.66947,39,6000.799335
-102.392709,31,6000.879375
-59.567085,19,6000.912617
-57.997599,18,6000.949333
-88.669773,27,6000.99951
-43.415038,17,6001.037155
-54.894031,18,6001.075297
-62.923979,21,6001.127523
-64.016826,21,6001.172865
-142.466117,39,6001.259751
-122.464763,39,6001.340061
-22.432752,9,6001.362485
-52.057123,35,6001.438418
-76.745796,23,6001.489097
-264.593328,85,6001.704899
-44.486292,22,6001.74786
-207.525549,62,6001.895521
-49.271795,29,6001.955984
-48.045189,13,6001.986934
-143.122062,48,6002.085798
-70.997698,25,6002.133258
-147.929463,41,6002.214496
-58.400208,23,6002.256081
-75.216942,29,6002.315916
-61.693282,19,6002.353616
-32.620453,14,6002.383947
-72.760854,31,6002.441976
-112.333039,42,6002.521279
-48.221426,20,6002.567642
-26.402498,9,6002.587845
-46.950066,17,6002.62586
-151.821593,44,6002.712275
-29.572236,10,6002.732239
-21.320088,8,6002.75149
-60.941821,19,6002.790317
-26.026816,9,6002.811358
-24.113283,10,6002.831548
-98.266227,35,6002.904219
-45.780617,19,6002.93854
-67.765325,33,6003.019902
-151.331251,49,6003.130248
-143.163226,56,6003.24633
-82.832396,37,6003.318704
-37.540367,12,6003.345304
-71.185491,22,6003.400996
-39.917921,16,6003.451041
-79.214835,25,6003.512006
-32.13808,11,6003.543016
-63.707659,24,6003.589255
-54.590746,16,6003.62894
-43.223172,19,6003.667363
-49.988404,17,6003.706588
-54.167466,21,6003.74721
-131.430868,48,6003.845774
-34.868267,16,6003.876447
-51.054602,26,6003.929684
-27.364303,11,6003.952174
-27.622875,13,6003.978743
-84.73458,48,6004.092332
-31.98372,10,6004.113268
-33.781447,13,6004.140649
-20.114357,8,6004.15875
-58.167061,19,6004.194158
-27.955699,11,6004.21929
-45.885774,19,6004.252325
-63.816083,21,6004.295275
-27.593846,10,6004.31454
-174.243276,59,6004.4263
-95.820787,31,6004.487415
-91.95904,30,6004.544702
-71.212037,30,6004.602323
-38.799625,17,6004.635349
-127.462947,36,6004.700459
-43.95455,22,6004.745267
-52.554296,18,6004.774978
-50.345704,24,6004.820426
-89.258616,32,6004.878657
-38.849894,19,6004.91484
-20.354689,8,6004.932523
-42.839236,15,6004.961582
-59.501168,26,6005.012024
-49.121026,22,6005.0676
-38.657618,18,6005.104873
-51.048268,18,6005.143187
-35.648135,16,6005.172467
-69.015121,19,6005.212395
-16.672705,12,6005.235797
-129.878552,57,6005.361259
-26.930405,16,6005.405215
-31.883694,11,6005.435538
-38.296119,21,6005.477103
-71.241041,40,6005.564638
-90.170487,39,6005.67359
-26.739936,9,6005.694596
-652.596566,248,6006.210854
-53.103207,33,6006.277574
-33.712726,12,6006.299829
-67.397872,24,6006.345665
-26.464182,10,6006.36691
-32.173856,9,6006.388035
-96.059283,31,6006.45531
-26.86089,9,6006.477041
-78.348386,24,6006.525764
-54.023363,27,6006.577926
-27.318198,10,6006.59592
-105.188666,34,6006.660083
-63.206827,26,6006.714378
-57.679053,26,6006.770263
-53.007093,24,6006.820647
-45.411741,24,6006.869848
-119.243291,48,6006.967314
-27.246698,11,6006.992156
-85.906747,29,6007.045697
-40.869779,13,6007.072497
-60.019317,23,6007.116646
-34.515608,13,6007.139448
-45.407924,15,6007.187192
-23.362706,9,6007.211458
-68.604219,20,6007.251194
-127.218706,48,6007.345797
-174.17442,56,6007.465934
-17.12562,8,6007.478853
-105.082971,51,6007.581313
-31.12099,14,6007.608411
-58.712576,23,6007.659898
-51.99054,22,6007.698133
-36.726471,12,6007.724313
-55.645556,17,6007.75565
-104.879708,32,6007.816056
-162.775665,69,6007.94264
-90.270075,28,6007.996205
-111.047108,35,6008.060163
-111.458921,43,6008.161262
-39.39498,13,6008.188747
-115.036221,40,6008.269231
-81.400351,31,6008.328584
-32.440895,12,6008.35297
-21.025601,9,6008.370517
-56.729501,21,6008.409653
-55.72118,18,6008.441137
-47.650638,17,6008.476579
-70.031766,24,6008.523048
-26.97747,11,6008.544997
-193.306242,75,6008.683752
-40.669784,14,6008.713515
-84.211733,28,6008.764776
-30.243194,10,6008.785555
-35.221948,12,6008.812268
-106.813272,31,6008.870369
-42.748054,16,6008.899843
-120.112402,35,6008.96673
-60.194807,18,6009.002497
-31.410004,11,6009.022522
-42.040554,13,6009.044436
-128.100519,42,6009.136312
-73.820948,26,6009.184561
-61.930369,26,6009.234186
-80.368036,30,6009.290792
-56.912349,16,6009.32241
-2590.530194,1000,6011.308869
-34.00412,16,6011.343464
-94.30267,38,6011.416375
-34.447916,11,6011.438531
-94.172254,29,6011.497615
-48.987687,22,6011.545778
-163.25225,51,6011.652241
-30.476751,11,6011.67353
-127.065846,33,6011.741712
-29.769624,12,6011.763489
-32.587309,15,6011.791746
-118.369745,42,6011.870259
-21.103242,16,6011.902451
-74.366286,26,6011.95432
-128.345746,51,6012.049777
-57.334852,21,6012.08824
-43.053165,16,6012.136564
-127.336483,42,6012.220267
-74.058669,37,6012.285506
-76.932205,32,6012.352739
-82.818438,31,6012.410359
-42.470923,14,6012.437249
-30.948326,11,6012.458356
-45.440461,16,6012.495114
-202.464011,88,6012.674713
-62.576305,21,6012.714784
-108.440103,54,6012.816895
-72.414129,24,6012.860052
-52.842749,20,6012.899942
-35.016192,11,6012.930292
-95.959051,32,6012.990759
-72.202718,33,6013.053679
-51.763866,16,6013.08227
-32.850081,12,6013.116222
-96.514902,33,6013.182083
-92.457702,43,6013.263365
-85.860644,27,6013.318585
-104.084099,40,6013.403352
-56.804594,19,6013.442685
-43.429494,14,6013.469568
-42.323417,15,6013.497706
-37.24767,12,6013.523548
-2619.47865,1000,6015.596061
-80.415048,28,6015.648353
-53.587422,18,6015.682768
-105.83679,42,6015.757398
-70.466046,30,6015.815912
-69.859447,34,6015.879419
-30.471542,10,6015.89901
-107.484907,55,6016.005001
-31.863301,16,6016.035022
-25.50637,9,6016.056547
-43.740184,18,6016.096155
-98.031078,38,6016.180917
-110.014143,40,6016.260805
-164.104138,45,6016.346378
-34.956647,10,6016.365133
-37.740435,14,6016.392191
-91.620167,31,6016.445883
-146.679926,51,6016.549536
-98.809942,31,6016.610739
-51.244502,18,6016.644685
-36.860396,17,6016.681132
-30.903096,12,6016.70319
-29.856017,10,6016.723949
-51.278052,18,6016.759402
-184.390729,81,6016.912586
-114.535871,38,6016.989291
-172.699503,84,6017.162842
-266.476222,110,6017.382428
-44.162916,16,6017.414449
-56.023961,23,6017.45436
-36.692591,12,6017.479595
-29.736573,11,6017.504526
-115.642764,42,6017.601959
-42.658502,15,6017.638608
-47.656321,17,6017.677893
-60.122133,20,6017.71851
-116.00328,41,6017.794774
-294.30372,98,6017.976719
-77.878294,24,6018.022073
-78.083728,33,6018.08671
-80.360283,23,6018.129491
-28.596277,13,6018.169284
-38.116145,12,6018.195269
-2902.354942,1000,6020.188524
-79.932864,27,6020.246402
-102.305065,38,6020.320036
-149.030175,63,6020.44201
-32.355558,11,6020.462409
-40.107799,14,6020.497715
-103.628174,37,6020.574246
-148.232357,61,6020.694561
-58.125093,19,6020.726517
-34.816046,11,6020.749932
-177.658655,70,6020.887056
-80.053431,28,6020.966335
-2966.655326,1000,6023.207459
-32.656332,11,6023.228335
-2701.181629,1000,6025.397176
-128.238441,46,6025.521276
-2664.15437,1000,6027.863509
-48.434937,19,6027.903086
-37.518186,17,6027.945925
-226.810224,81,6028.117916
-290.895151,115,6028.353903
-42.352676,21,6028.393899
-101.392585,37,6028.471569
-36.337862,17,6028.501634
-175.390511,76,6028.651315
-60.851692,24,6028.701235
-340.46757,115,6028.937781
-173.912426,77,6029.112873
-35.621037,11,6029.144194
-91.812585,37,6029.252588
-111.636255,40,6029.35059
-46.348249,14,6029.381767
-50.476462,18,6029.418315
-84.541947,26,6029.487045
-270.327861,100,6029.69619
-80.903513,25,6029.749903
-351.759553,140,6030.072935
-272.580476,92,6030.269032
-31.288238,10,6030.288701
-78.202229,32,6030.360181
-43.20275,14,6030.388964
-87.813253,35,6030.464766
-416.997445,145,6030.765263
-2637.112451,1000,6032.898075
-33.550768,15,6032.936816
-61.677197,22,6032.988159
-217.802319,71,6033.126761
-55.428621,22,6033.170205
-240.61021,88,6033.380934
-62.761161,19,6033.427657
-78.542323,21,6033.470671
-77.808694,22,6033.517901
-274.500405,97,6033.732246
-27.330888,9,6033.749819
-265.715287,101,6033.96265
-39.194055,13,6033.99165
-247.116757,92,6034.254717
-205.078837,81,6034.423104
-70.528407,22,6034.465746
-85.722731,32,6034.547197
-63.336922,16,6034.579791
-221.354309,77,6034.736008
-2638.431233,1000,6037.127192
-70.390094,22,6037.173992
-117.765317,57,6037.291063
-130.697143,46,6037.383663
-103.662784,40,6037.465906
-44.380365,16,6037.497029
-52.673065,23,6037.577116
-68.2581,24,6037.62846
-72.051744,27,6037.688121
-39.167084,13,6037.718152
-79.082999,28,6037.772266
-544.516463,206,6038.193578
-225.094246,72,6038.330753
-279.074448,89,6038.514239
-50.044957,19,6038.555085
-71.522096,23,6038.604121
-101.10908,48,6038.704308
-312.947161,94,6038.938975
-37.131832,11,6038.967181
-65.208694,23,6039.024134
-29.572835,13,6039.072155
-161.417524,64,6039.208035
-48.366221,13,6039.231542
-88.062294,29,6039.287639
-444.510342,176,6039.61525
-34.923479,14,6039.641375
-2703.213662,1000,6041.631748
-361.665056,147,6041.944134
-97.052982,38,6042.016932
-2700.937153,1000,6044.057247
-116.684477,35,6044.150631
-161.646678,58,6044.266909
-89.960182,37,6044.335235
-179.145152,63,6044.455322
-145.630854,46,6044.541091
-49.158563,20,6044.578597
-46.272646,20,6044.615227
-132.405138,50,6044.726389
-37.08492,12,6044.750865
-437.155285,165,6045.077758
-224.451049,76,6045.256478
-205.401674,75,6045.41226
-1311.933294,478,6046.427697
-57.947126,19,6046.469709
-2644.203696,1000,6048.464156
-339.093472,123,6048.692812
-43.394189,17,6048.725471
-216.020742,77,6048.871834
-138.166199,44,6048.957397
-2717.161532,1000,6051.077512
-195.697049,73,6051.266961
-22.986064,9,6051.284565
-241.410854,95,6051.494774
-124.225288,51,6051.593366
-334.456373,111,6051.807364
-131.693007,50,6051.903322
-265.019552,100,6052.116524
-69.874509,21,6052.159506
-27.711225,9,6052.179947
-267.344082,95,6052.384179
-506.928679,180,6052.741751
-2849.358781,1000,6054.779661
-74.754057,24,6054.824811
-2712.910986,1000,6059.618377
-44.02274,17,6059.643341
-2971.923129,1000,6061.570546
-63.432378,23,6061.627731
-864.324097,323,6062.328096
-48.91434,14,6062.356256
-33.757561,10,6062.375674
-2986.777046,1000,6064.520437
-3003.838302,1000,6066.660792
-359.955092,120,6066.903616
-40.476375,11,6066.928533
-2978.116332,1000,6068.91204
-2999.302476,1000,6071.036164
-2963.126464,1000,6073.266767
-2821.125573,1000,6075.470803
-2979.946901,1000,6077.543899
-30.26125,9,6077.562999
-2718.825868,1000,6079.539104
-98.870762,35,6079.602975
-50.256504,16,6079.632848
-189.807342,63,6079.75409
-64.865432,19,6079.790867
-39.968873,13,6079.812554
-2962.392814,1000,6084.357468
-2939.790183,1000,6086.402676
-2678.786624,1000,6088.375574
-2963.605743,1000,6090.345552
-2944.943255,1000,6092.307664
-2630.947244,1000,6094.436825
-2714.895036,1000,6096.454774
-2645.906833,1000,6098.849023
-2768.153113,1000,6101.1645
-2817.256374,1000,6103.324771
-2821.179051,1000,6109.343539
-2821.542003,1000,6111.496771
-2807.666677,1000,6113.505069
-2909.814107,1000,6115.470126
-2836.90367,1000,6117.506005
-2718.549618,1000,6119.530031
-2953.360383,1000,6121.576068
-77.238882,26,6121.639404
-2991.635267,1000,6123.853574
-2186.988079,1000,6125.863603
-67.359375,27,6125.910701
-2181.090926,1000,6127.959348
-2794.344091,1000,6133.098283
-2742.636174,1000,6135.298036
-2638.078944,1000,6137.450553
-2871.262919,1000,6139.742168
-2682.328428,1000,6142.059202
-2958.296863,1000,6144.279855
-2970.755215,1000,6146.471183
-2991.049734,1000,6148.445564
-2877.232348,1000,6150.42487
-2862.362976,1000,6152.399009
-2671.264304,1000,6157.683245
-2717.916697,1000,6159.695967
-2704.965202,1000,6161.692877
-2691.49676,1000,6163.750691
-2706.149566,1000,6165.857227
-1299.05846,480,6166.850412
-2645.347107,1000,6168.837918
-477.771309,180,6169.211377
-807.690919,286,6169.792548
-2735.419563,1000,6171.839283
-25.227013,11,6171.863753
-1229.60212,466,6172.835186
-354.324933,144,6173.152194
-608.069615,210,6173.577256
-333.173937,121,6173.8255
-37.963563,12,6173.848601
-1688.158358,646,6175.157933
-46.211481,12,6175.18983
-725.948298,276,6175.799812
-2672.989751,1000,6178.775458
-564.391215,195,6179.127252
-2616.665257,998,6181.231721
-41.634483,13,6181.262787
-2737.976893,1000,6183.312049
-2579.841016,1000,6185.440558
-33.349751,13,6185.48615
-2910.808123,1000,6187.445248
-95.908874,29,6187.498794
-2876.131605,1000,6189.620589
-36.769428,20,6189.661126
-18.188548,8,6189.679763
-24.289851,10,6189.699894
-2731.633621,1000,6191.746314
-2595.909872,1000,6193.789023
-2650.950278,1000,6195.945182
-2459.47454,1000,6199.239088
-71.558835,25,6199.268849
-1952.264551,701,6200.40049
-1409.556871,478,6201.392702
-867.007179,322,6202.039315
-231.355137,86,6202.221646
-26.038533,10,6202.240562
-680.674396,241,6202.704112
-22.475443,10,6202.72314
-47.791056,13,6202.746986
-295.909032,104,6202.975452
-2585.837502,1000,6205.052049
-160.999935,54,6205.159284
-1733.27279,649,6206.573268
-129.022423,45,6206.667489
-753.876584,298,6207.297748
-830.891709,304,6207.925331
-2652.748621,1000,6209.95054
-1615.051297,620,6211.213593
-588.526016,224,6211.660939
-2727.148912,1000,6213.853675
-2396.534501,900,6215.924154
-2615.608641,1000,6218.173198
-2453.065127,926,6221.851993
-724.262422,255,6222.281467
-1233.561307,463,6223.161967
-705.877505,267,6223.771053
-37.246072,12,6223.796016
-2106.904378,880,6225.723085
-2541.505836,1000,6227.747973
-2741.145056,1000,6229.773511
-2699.193649,1000,6231.808758
-2390.65558,877,6233.65782
-298.759125,120,6233.910276
-2641.308967,1000,6235.952184
-249.990023,89,6236.143434
-69.73141,22,6236.186747
-2358.139227,889,6238.060478
-2605.150954,1000,6240.118704
-2562.457299,1000,6242.184917
-2639.716078,1000,6247.510687
-2661.203721,1000,6249.710931
-2618.122356,1000,6251.973713
-2595.65238,1000,6254.098372
-2648.09146,1000,6256.27966
-2575.305643,1000,6258.451476
-2736.845535,1000,6260.558984
-2832.324921,1000,6262.55589
-2697.149543,1000,6264.666921
-2690.514849,1000,6266.659367
-1828.691439,711,6270.790839
-2668.393456,1000,6272.769648
-2599.052333,1000,6274.859868
-2588.404187,1000,6277.146175
-22.980115,10,6277.166839
-2590.856413,1000,6279.3655
-1124.454141,442,6280.260858
-2068.503579,782,6282.08207
-368.261691,133,6282.462243
-1208.717944,450,6283.477571
-338.640854,128,6283.760698
-160.81236,56,6283.875815
-1126.465352,424,6284.872909
-438.288018,163,6285.218566
-1043.87537,410,6286.166115
-63.176397,18,6286.198627
-2429.419704,961,6288.353057
-930.413684,373,6289.19363
-29.165122,12,6289.215674
-21.672586,9,6289.233672
-198.02097,77,6289.398933
-1310.272184,502,6290.481486
-2809.735826,1000,6295.284816
-2629.267689,1000,6297.183819
-2579.059807,1000,6299.178211
-2600.590333,1000,6301.225758
-2604.390372,1000,6303.393285
-2621.671479,1000,6305.424341
-2575.274065,1000,6307.484724
-2730.540465,1000,6309.677441
-2616.179188,1000,6311.831723
-2552.45733,1000,6313.962485
-2690.84424,1000,6318.370913
-2688.05893,1000,6320.578937
-2555.776986,1000,6322.939339
-2550.531798,1000,6325.197554
-2697.431271,1000,6327.559059
-2576.61857,1000,6329.722565
-2595.418573,1000,6331.750338
-622.360256,243,6332.249537
-1954.299535,749,6333.803187
-20.281256,9,6333.820407
-2510.751873,1000,6336.023496
-1231.558432,486,6337.01779
-21.682556,9,6337.036013
-48.678489,29,6337.091571
-2483.102229,1000,6341.394975
-2539.019938,1000,6342.958381
-2581.828736,1000,6344.881176
-2559.879818,1000,6346.814057
-2586.86878,1000,6348.748644
-2719.30591,1000,6350.66869
-1163.562182,424,6351.490886
-2991.819575,1000,6353.408786
-1186.614902,442,6354.278071
-192.335208,72,6354.415033
-2675.132522,1000,6356.333447
-2285.435937,897,6358.067896
-2663.862762,1000,6360.017461
-2457.080006,1000,6364.13161
-2427.81447,1000,6366.102228
-600.587791,244,6366.586378
-134.13228,44,6366.671853
-1277.246375,484,6367.610783
-2839.534115,1000,6369.551813
-23.091782,14,6369.581212
-2590.800877,1000,6371.539973
-2562.976469,1000,6373.472184
-903.287446,339,6374.137403
-2652.133243,1000,6376.082721
-1771.175169,664,6377.376277
-2704.695869,1000,6379.331249
-2611.440176,1000,6381.326631
-2527.029436,986,6385.760972
-2650.579422,1000,6387.587363
-2592.178889,1000,6389.528902
-2549.644909,1000,6391.454826
-2940.813191,1000,6393.406542
-2591.686638,1000,6395.388499
-2989.447664,1000,6397.289359
-2434.217403,1000,6399.247541
-995.69596,394,6399.995099
-2447.908014,1000,6401.935936
-46.371537,16,6401.967126
-72.609441,27,6402.016675
-1942.080553,802,6403.557643
-2533.228777,1000,6406.091525
-768.639547,271,6406.653985
-767.187903,303,6407.347267
-69.410083,24,6407.40212
-2541.30194,1000,6409.600341
-1594.884053,587,6410.798049
-195.564609,69,6410.946275
-709.207322,276,6411.563138
-58.057402,21,6411.605755
-520.89336,178,6411.983842
-2325.06742,1000,6413.995185
-602.373644,238,6414.4485
-1790.575736,731,6415.910638
-64.272491,21,6415.960182
-124.832118,57,6416.065086
-2553.936138,1000,6418.125811
-2582.296706,1000,6420.131046
-350.424718,147,6420.412831
-47.140795,23,6420.459098
-2577.999886,1000,6422.536261
-437.705124,175,6422.897082
-605.145218,234,6423.345295
-566.430105,250,6423.884199
-230.546163,89,6424.07182
-318.365133,118,6424.309561
-149.895671,58,6424.423093
-20.878182,11,6424.444606
-182.710276,75,6424.633689
-47.19037,18,6424.668284
-193.295771,82,6426.577945
-2411.515365,1000,6428.342845
-24.735757,11,6428.363173
-234.213529,129,6428.614305
-2594.19943,1000,6430.597232
-2517.124801,1000,6432.74428
-2538.081089,1000,6434.395472
-48.605617,15,6434.418375
-192.115079,81,6434.549127
-80.406998,39,6434.61922
-2521.30393,1000,6436.462886
-482.568713,167,6436.732552
-187.890776,66,6436.846399
-198.037198,76,6436.969827
-65.41244,23,6437.006398
-32.11559,12,6437.028467
-417.502903,149,6437.312946
-250.038766,70,6437.430674
-2540.344168,1000,6439.197111
-62.683446,23,6439.233632
-234.002651,77,6439.365758
-381.398634,141,6439.601028
-56.752796,23,6439.634833
-44.379716,21,6439.668301
-35.163522,13,6439.686011
-23.667567,9,6439.699411
-163.96358,55,6439.786193
-53.154219,26,6439.830963
-136.366752,36,6439.891239
-32.168189,10,6439.907867
-63.251462,26,6439.955655
-90.47692,31,6440.00095
-186.966488,72,6440.104532
-28.127349,11,6440.121219
-66.589883,31,6440.182485
-252.469146,89,6440.389295
-99.29349,43,6440.457171
-242.41618,85,6440.593954
-56.349896,18,6440.630185
-184.117377,56,6440.747764
-59.190779,21,6440.78349
-2605.543372,1000,6442.643033
-26.892357,8,6442.655947
-163.913383,49,6442.725178
-36.201837,13,6442.745687
-101.333792,49,6442.816754
-34.459821,14,6442.837628
-57.190218,27,6442.878129
-1298.094073,594,6443.778878
-149.840539,64,6443.875118
-70.388704,26,6443.912823
-184.705347,53,6443.989535
-199.953277,63,6444.084121
-78.948373,28,6444.126178
-131.35754,49,6444.197559
-166.403247,79,6444.315636
-179.435362,50,6444.389313
-102.504747,37,6444.528011
-50.405472,19,6444.556237
-2565.37755,1000,6446.174922
-40.498892,17,6446.203993
-2593.884896,1000,6447.778049
-27.622428,10,6447.7928
-92.354494,25,6447.831101
-575.769767,260,6448.231665
-32.079338,9,6448.24734
-25.384187,9,6448.260384
-286.502224,112,6448.492744
-156.933227,56,6448.606806
-123.371632,53,6448.692787
-192.008694,77,6448.816593
-56.597094,20,6448.849108
-2553.015897,1000,6450.49382
-195.232105,81,6450.619178
-78.005413,32,6450.670927
-175.222763,59,6450.761856
-2601.948244,1000,6452.416525
-152.442718,43,6452.495714
-244.652644,82,6452.6442
-2864.755334,1000,6454.349207
-148.989054,49,6454.439393
-108.332481,37,6454.510871
-47.501509,17,6454.540969
-81.946629,27,6454.597294
-93.576312,37,6454.678873
-65.984108,26,6454.718254
-2502.017578,1000,6456.532263
-52.719428,44,6456.618065
-91.064503,32,6456.672431
-224.113681,68,6456.790442
-161.536889,43,6456.879848
-320.296392,107,6457.082832
-51.553741,17,6457.109711
-80.762375,30,6457.161327
-109.678748,35,6457.217808
-50.862702,16,6457.258742
-158.478051,54,6457.376593
-91.048679,34,6457.447807
-100.606788,33,6457.510523
-118.747272,33,6457.559934
-2665.310997,1000,6459.275682
-138.096314,41,6459.335812
-34.488574,13,6459.356246
-105.812383,34,6459.4063
-652.334743,225,6459.782694
-139.648087,52,6459.872414
-51.624067,19,6459.942222
-2630.800664,1000,6462.632878
-47.666738,23,6462.664661
-52.541006,18,6462.68556
-302.973236,106,6462.821082
-69.04483,29,6462.859308
-185.171126,67,6462.949572
-102.90556,29,6462.986053
-2584.513127,1000,6464.527096
-214.782104,73,6464.650249
-50.179468,21,6464.684111
-23.795158,10,6464.699914
-2579.346524,1000,6466.533942
-290.664962,111,6466.71329
-844.816687,323,6467.267262
-135.037361,55,6467.369008
-127.595838,55,6467.475776
-21.050315,8,6467.494544
-42.36396,19,6467.526443
-21.114941,7,6467.542061
-80.063303,27,6467.584264
-98.52713,30,6467.633591
-34.869724,21,6467.671311
-296.288474,107,6467.905266
-35.860027,16,6467.935691
-354.366803,120,6468.163446
-20.033638,8,6468.179101
-123.277009,31,6468.237413
-21.029299,8,6468.25082
-158.03957,74,6468.377825
-123.539853,44,6468.469307
-164.11597,51,6468.569742
-58.195457,23,6468.615586
-117.488825,36,6468.709198
-23.452693,8,6468.736595
-26.150641,9,6468.760176
-134.338163,45,6468.857051
-305.05229,89,6469.056653
-108.526217,50,6469.135424
-183.563284,57,6469.227195
-22.982553,8,6469.239292
-111.572078,44,6469.314862
-24.006794,8,6469.330069
-26.912778,10,6469.347306
-155.367495,60,6469.46473
-56.222101,29,6469.508428
-25.600797,9,6469.523484
-72.010531,28,6469.573956
-213.088701,76,6469.708995
-75.650848,31,6469.764117
-26.73188,10,6469.782462
-129.709913,47,6469.876265
-33.610435,17,6469.908519
-20.963851,9,6469.92891
-197.840639,108,6470.133755
-28.019032,9,6470.152355
-24.119739,10,6470.174081
-80.834822,29,6470.238447
-52.590981,27,6470.296731
-460.70391,148,6470.618437
-58.782293,23,6470.665242
-21.985663,9,6470.679276
-22.038099,9,6470.698518
-215.426928,73,6470.842399
-30.89457,14,6470.871722
-28.889763,16,6470.902595
-137.833689,44,6470.989742
-247.224976,78,6471.169864
-31.690484,13,6471.196645
-124.362433,46,6471.283021
-25.994737,9,6471.300664
-75.444844,23,6471.338121
-28.519501,8,6471.355435
-28.251199,13,6471.382106
-105.996597,45,6471.480379
-2585.791043,1000,6473.958381
-215.829726,75,6474.08637
-183.298795,65,6474.226077
-200.549094,76,6474.394834
-129.107705,47,6474.493209
-39.841843,15,6474.526021
-2509.334782,1000,6476.301313
-24.521754,10,6476.318391
-29.042267,11,6476.335729
-2587.9753,1000,6478.602464
-51.560878,20,6478.652422
-2579.429027,1000,6480.548977
-314.622094,112,6480.718884
-29.593493,9,6480.733058
-104.683899,28,6480.786781
-2638.321475,1000,6482.548714
-49.406827,16,6482.573777
-194.396144,72,6482.687736
-143.79167,47,6482.756558
-206.878153,70,6482.863884
-199.58754,76,6482.979125
-58.46221,22,6483.014062
-45.277442,20,6483.044399
-104.514871,34,6483.096569
-19.457972,9,6483.107506
-92.177611,28,6483.151276
-126.196663,49,6483.227359
-55.793803,27,6483.267286
-24.514454,8,6483.280649
-126.989034,52,6483.37159
-218.95012,84,6483.50035
-310.830678,104,6483.658967
-59.986297,19,6483.688277
-95.426177,49,6483.760501
-20.805426,8,6483.774175
-171.36316,58,6483.861809
-140.066848,37,6483.9149
-42.927655,15,6483.938522
-87.273716,35,6483.991932
-97.324256,33,6484.042726
-152.237271,51,6484.13463
-328.853212,117,6484.312022
-2567.158298,1000,6485.871627
-87.933056,28,6485.91596
-201.454509,65,6486.015939
-1438.394336,546,6486.860945
-155.582348,54,6486.942334
-72.137119,22,6486.974164
-49.129731,20,6487.004417
-151.951697,44,6487.072547
-177.440041,58,6487.159353
-207.139869,61,6487.265912
-2684.237098,1000,6488.795893
-40.465264,16,6488.820034
-42.655993,14,6488.842182
-274.193589,85,6488.972135
-49.763395,24,6489.009665
-45.429138,14,6489.028765
-54.506366,20,6489.058164
-106.226342,32,6489.107794
-49.804786,16,6489.131207
-142.386923,44,6489.196219
-206.003119,78,6489.31132
-88.47948,32,6489.359343
-41.306071,22,6489.390723
-119.119433,40,6489.451462
-210.959314,67,6489.559774
-35.916123,13,6489.578409
-281.33129,96,6489.721189
-71.377885,32,6489.771411
-112.157429,34,6489.822708
-270.096687,81,6489.952188
-134.928391,46,6490.019829
-99.279734,34,6490.075645
-103.634682,42,6490.138227
-2579.444855,1000,6491.695621
-41.364403,13,6491.716331
-80.196442,28,6491.756753
-158.40053,56,6491.850593
-177.23159,66,6491.950191
-30.046464,9,6491.964749
-128.520431,47,6492.034798
-58.507806,24,6492.071473
-140.583946,39,6492.130559
-22.840896,9,6492.141748
-85.282358,30,6492.187879
-47.70695,17,6492.215473
-63.87403,22,6492.247455
-67.325501,23,6492.283966
-74.895832,21,6492.314572
-182.21153,50,6492.388772
-223.649322,86,6492.516893
-152.347111,43,6492.598656
-70.848814,27,6492.639458
-84.652149,25,6492.677488
-106.499553,35,6492.730334
-2645.020808,1000,6494.263867
-62.207002,22,6494.299934
-141.671093,54,6494.379207
-65.98467,23,6494.415074
-138.576072,45,6494.481925
-65.14438,21,6494.513431
-81.292387,25,6494.551142
-135.495413,51,6494.626594
-2700.853036,1000,6496.175241
-272.386052,92,6496.314357
-166.762259,57,6496.39645
-94.263684,33,6496.460924
-29.60836,9,6496.476015
-2654.980963,1000,6499.924254
-27.596569,8,6499.946775
-55.917377,20,6499.997849
-77.547819,24,6500.052622
-123.959583,44,6500.151251
-82.339072,26,6500.209338
-68.315431,25,6500.280838
-53.579087,15,6500.310006
-119.070035,37,6500.373198
-156.358924,46,6500.46179
-58.256676,17,6500.496193
-42.915117,17,6500.528452
-50.82822,21,6500.575193
-70.481741,24,6500.629245
-2952.893896,1000,6503.408744
-1508.940409,570,6504.514575
-204.902375,71,6504.649149
-212.992711,76,6504.80419
-150.981699,51,6504.89722
-2775.087555,1000,6506.784478
-122.498344,40,6506.855267
-2897.723251,1000,6508.716317
-116.221079,35,6508.78058
-74.053142,25,6508.824434
-73.925095,30,6508.877135
-172.588668,75,6509.009202
-176.560848,52,6509.102531
-88.52917,27,6509.152337
-105.228434,38,6509.21932
-2034.735546,751,6510.691532
-91.483914,43,6510.764693
-42.564477,15,6510.789239
-48.683745,16,6510.816658
-69.929164,21,6510.855639
-217.485374,76,6510.986876
-183.176828,63,6511.092973
-2638.084136,1000,6512.885405
-63.325346,21,6512.923914
-143.004341,57,6513.036944
-54.981185,22,6513.074211
-124.281949,42,6513.150803
-189.491361,56,6513.247734
-62.880239,23,6513.290136
-67.576059,25,6513.33548
-77.342767,30,6513.388587
-30.60158,12,6513.408139
-95.588316,31,6513.464589
-62.378913,22,6513.505559
-27.292183,10,6513.523574
-70.841628,27,6513.570494
-2553.819406,1000,6515.42389
-733.883533,274,6516.007788
-96.527503,29,6516.081792
-121.380983,36,6516.148503
-58.287201,20,6516.187016
-45.869173,15,6516.216593
-54.387695,17,6516.248284
-78.219681,26,6516.291533
-49.622798,17,6516.323092
-50.212837,16,6516.350857
-122.524917,45,6516.437129
-233.237635,90,6516.638518
-119.517286,41,6516.722384
-72.659521,24,6516.767617
-182.082663,74,6516.922267
-89.772378,33,6516.983642
-103.180621,27,6517.036221
-109.90084,39,6517.176063
-81.406848,35,6517.256724
-43.173325,15,6517.289599
-49.41115,18,6517.326972
-40.033303,20,6517.36799
-69.562477,21,6517.405982
-60.44221,25,6517.453829
-113.384715,42,6517.545498
-122.418687,47,6517.63222
-96.546719,33,6517.734026
-77.168589,26,6517.790913
-42.32887,17,6517.823847
-79.930048,26,6517.872104
-46.893624,17,6517.911503
-42.496874,14,6517.943654
-133.542779,47,6518.049702
-52.589471,18,6518.105771
-178.411021,66,6518.231443
-283.537265,100,6518.423564
-131.989754,53,6518.530509
-55.655481,23,6518.56234
-62.140677,26,6518.600593
-57.011035,17,6518.626655
-155.92063,62,6518.731528
-88.850839,30,6518.790958
-100.122594,42,6518.931248
-2309.82374,911,6521.661566
-46.123505,20,6521.718523
-83.215464,30,6521.792786
-100.728967,49,6521.908689
-115.960514,38,6521.991444
-48.965076,24,6522.039361
-93.160073,37,6522.119149
-47.614163,15,6522.156327
-16.619257,7,6522.175995
-87.527668,33,6522.230982
-104.505457,33,6522.29112
-17.571135,9,6522.307831
-74.424623,23,6522.355093
-95.337529,46,6522.469312
-103.375022,49,6522.571145
-102.195002,36,6522.640908
-2540.936846,1000,6524.523852
-111.457453,41,6524.595621
-46.122794,20,6524.62984
-128.266333,38,6524.693401
-48.745871,17,6524.725809
-100.036276,34,6524.786474
-44.580071,17,6524.815759
-91.213289,32,6524.885563
-67.706134,24,6524.927896
-78.096728,23,6524.970707
-55.219486,18,6525.000956
-41.50258,14,6525.02602
-60.224734,25,6525.071045
-72.947052,24,6525.114626
-71.960681,22,6525.151254
-59.00503,16,6525.183196
-181.395489,78,6525.318468
-102.925876,32,6525.377055
-41.381705,14,6525.399172
-83.687184,31,6525.456665
-85.796509,32,6525.513464
-145.652532,45,6525.593286
-45.074248,19,6525.62895
-141.27117,56,6525.740986
-2663.676502,1000,6527.763684
-150.506309,54,6527.870318
-53.171974,17,6527.902489
-40.032458,14,6527.933319
-243.678582,92,6528.155381
-156.220444,54,6528.269554
-63.799333,18,6528.302695
-83.783311,26,6528.34977
-26.147464,8,6528.366094
-99.907351,33,6528.434122
-315.37487,101,6528.634848
-77.332313,22,6528.68556
-57.039615,19,6528.727975
-51.823371,17,6528.757139
-234.613807,74,6528.899982
-98.088536,31,6528.954276
-59.790629,21,6528.994599
-88.050955,32,6529.054829
-183.254007,68,6529.172275
-115.931124,36,6529.246652
-62.555,21,6529.298349
-77.696316,30,6529.350793
-65.309654,26,6529.395421
-205.068437,70,6529.521409
-122.644995,51,6529.62242
-164.648426,54,6529.726957
-33.75949,17,6529.770591
-76.993065,27,6529.831794
-105.093676,46,6529.914742
-106.444687,38,6529.976553
-2422.086048,1000,6532.099052
-79.588459,29,6532.162915
-79.122445,30,6532.230855
-86.036377,31,6532.292485
-249.9975,63,6532.406142
-52.750604,18,6532.439951
-50.042086,16,6532.469517
-2636.779551,1000,6534.372712
-56.171896,24,6534.415951
-50.008572,16,6534.442663
-29.318025,12,6534.474142
-51.402164,21,6534.5149
-102.568789,29,6534.568377
-40.207309,13,6534.591734
-106.693378,43,6534.68236
-157.593336,62,6534.806852
-70.475664,22,6534.857267
-51.982113,16,6534.885714
-134.526644,51,6534.984076
-78.028612,27,6535.034197
-259.728811,81,6535.191664
-58.847407,22,6535.228276
-77.13409,31,6535.274647
-43.05769,16,6535.300301
-56.94679,18,6535.331728
-63.251065,22,6535.385998
-131.322256,46,6535.494759
-279.903506,91,6535.643125
-46.203221,20,6535.677477
-42.599775,15,6535.715367
-105.859847,43,6535.78557
-65.072819,24,6535.82731
-22.870202,8,6535.838958
-67.813105,28,6535.889781
-69.952607,23,6535.931027
-254.509258,113,6536.120863
-52.008954,22,6536.159251
-82.556179,33,6536.213342
-1838.830294,770,6537.53118
-104.742577,32,6537.582689
-168.690811,54,6537.668414
-51.853756,19,6537.713982
-332.330721,108,6537.910119
-107.35305,33,6537.957213
-79.89419,26,6537.997578
-71.362239,26,6538.035267
-69.563239,24,6538.071172
-71.034048,26,6538.108295
-46.323306,17,6538.133601
-54.984465,19,6538.162883
-67.936428,19,6538.191338
-234.510684,71,6538.311691
-41.731977,19,6538.342544
-272.964386,83,6538.468325
-49.697951,23,6538.508913
-88.151015,49,6538.597779
-25.777875,14,6538.62596
-66.539176,28,6538.676937
-91.242117,31,6538.735591
-70.376738,23,6538.779323
-95.780381,40,6538.8478
-32.060407,13,6538.871016
-77.656373,27,6538.916481
-120.019641,34,6538.977406
-56.448349,16,6539.004792
-59.191606,27,6539.050167
-32.966175,11,6539.07181
-45.891318,16,6539.10016
-239.091045,104,6540.285592
-81.274874,23,6540.313864
-60.102764,19,6540.339885
-99.399707,39,6540.395483
-64.900632,22,6540.425005
-75.427771,43,6540.489942
-67.716987,18,6540.513784
-63.987853,25,6540.552126
-277.429192,66,6540.651619
-100.890834,32,6540.694041
-165.382327,50,6540.761226
-47.864981,15,6540.782349
-89.754537,27,6540.820781
-44.976986,16,6540.847623
-38.257383,14,6540.88049
-77.183186,30,6540.926836
-27.572995,9,6540.941778
-47.495602,15,6540.967218
-53.922884,22,6541.002776
-34.71972,11,6541.019567
-34.820464,12,6541.037499
-65.216432,18,6541.067651
-279.630248,99,6541.28331
-63.643708,27,6541.335993
-1829.798668,700,6542.501114
-68.320497,22,6542.5323
-70.297383,25,6542.569495
-53.435297,15,6542.606476
-2492.159665,1000,6544.445368
-141.741465,46,6544.508122
-65.29846,23,6544.538209
-25.954917,9,6544.551733
-55.465861,20,6544.578866
-58.420147,22,6544.607925
-63.463495,20,6544.636811
-81.721484,27,6544.674752
-32.23405,12,6544.690192
-86.930723,41,6544.778224
-79.460079,27,6544.828724
-375.693006,154,6545.094898
-67.992414,23,6545.129166
-2052.47996,766,6546.443133
-75.249129,24,6546.497925
-38.132377,12,6546.530606
-483.588188,201,6546.893444
-28.70436,10,6546.908995
-171.223977,66,6547.056157
-43.438521,16,6547.089564
-82.201322,30,6547.158094
-127.420439,43,6547.300525
-52.423943,16,6547.332509
-38.420977,12,6547.35935
-46.014067,15,6547.394749
-118.663849,36,6547.469172
-47.865665,18,6547.502504
-112.739787,50,6547.59899
-47.982198,14,6547.623221
-46.246154,14,6547.643474
-62.763734,18,6547.66612
-43.39568,14,6547.685977
-137.422764,42,6547.745234
-49.948374,16,6547.766457
-60.083496,20,6547.793708
-109.588567,38,6547.845209
-77.103462,23,6547.897014
-38.357998,16,6547.928462
-87.535176,33,6548.008152
-79.739482,30,6548.072773
-100.319758,36,6548.143753
-54.052596,17,6548.16946
-656.238752,247,6548.538931
-338.049413,95,6548.726928
-27.536625,12,6548.749454
-78.771513,32,6548.8222
-101.710116,39,6548.909099
-32.2029,11,6548.934745
-31.918295,12,6548.955074
-37.332435,13,6548.984053
-138.235428,51,6549.065352
-141.589446,43,6549.120955
-72.4437,30,6549.159954
-37.8904,13,6549.178669
-53.632563,19,6549.204358
-33.203474,14,6549.223865
-102.274927,40,6549.277663
-48.361313,22,6549.30566
-67.960185,26,6549.340257
-23.455299,9,6549.353114
-68.973542,35,6549.400585
-85.339851,27,6549.437266
-30.222023,11,6549.454489
-164.224463,55,6549.530417
-26.041316,12,6549.545449
-25.695521,9,6549.55791
-45.844878,22,6549.586695
-67.229762,20,6549.626577
-39.883507,19,6549.65514
-46.62302,18,6549.681832
-55.614395,20,6549.709801
-204.769379,61,6549.795294
-41.784986,18,6549.81954
-112.401295,49,6549.891036
-2230.083145,944,6551.540154
-34.14822,12,6551.557299
-27.374896,9,6551.570977
-107.407196,34,6551.621585
-55.015523,18,6551.648917
-68.153684,25,6551.684769
-87.448805,28,6551.724863
-49.689018,13,6551.746129
-60.134515,28,6551.785605
-2575.380545,1000,6553.52437
-32.662221,11,6553.550169
-162.919934,69,6553.678873
-242.028689,78,6553.834668
-94.831646,51,6553.939159
-95.719237,34,6554.003252
-82.405405,31,6554.05842
-50.678988,17,6554.095724
-36.954806,14,6554.12689
-217.977397,69,6554.275072
-54.53096,18,6554.315091
-2639.886365,1000,6556.196604
-90.465712,33,6556.26798
-158.385364,49,6556.396281
-44.457203,20,6556.447766
-73.101355,26,6556.505392
-75.700938,21,6556.548728
-36.430013,14,6556.569775
-250.113023,92,6556.715104
-2635.949879,1000,6558.573615
-143.633671,49,6558.658529
-119.488778,46,6558.757006
-51.968776,15,6558.78571
-143.648305,37,6558.854807
-65.819458,21,6558.926753
-36.677682,14,6558.956675
-2565.478382,1000,6560.866723
-80.033172,24,6560.910233
-2258.606652,925,6562.704124
-73.950878,34,6562.759988
-2170.001671,855,6564.20594
-173.968704,64,6564.317954
-2612.515487,1000,6566.090518
-141.813166,59,6566.185224
-30.667339,13,6566.208135
-2582.854109,994,6568.052929
-46.423851,23,6568.089733
-56.063839,26,6568.138934
-108.515333,49,6568.251494
-25.230675,8,6568.264619
-191.759788,72,6568.402222
-30.053949,9,6568.422477
-82.291843,29,6568.483591
-2546.692015,1000,6570.121654
-2658.79155,1000,6571.886285
-444.861591,141,6572.112982
-25.554523,11,6572.130357
-82.469158,33,6572.184578
-68.701445,27,6572.241609
-51.528159,17,6572.27217
-22.697407,9,6572.28833
-267.738965,85,6572.433877
-251.730547,85,6572.618512
-60.164518,21,6572.653695
-115.260771,50,6572.741413
-2648.482899,1000,6574.692905
-75.05688,23,6574.782032
-23.114321,8,6574.801802
-122.283346,46,6574.890146
-140.658805,45,6574.967828
-2530.437746,1000,6577.601584
-155.144519,52,6577.678586
-97.166235,32,6577.724735
-1260.710302,489,6578.457274
-2507.376225,1000,6580.034361
-102.551477,43,6580.103446
-30.843263,11,6580.122601
-66.241812,28,6580.164125
-74.32007,26,6580.202613
-2536.950372,1000,6581.793439
-2507.129567,928,6583.506578
-35.957008,11,6583.524791
-124.56615,42,6583.598951
-2636.351483,1000,6585.377788
-145.468313,50,6585.475542
-2768.851722,1000,6587.184591
-45.608104,16,6587.206591
-83.521565,27,6587.244786
-196.577006,73,6587.350026
-72.196033,25,6587.386712
-105.336249,28,6587.425121
-89.407893,36,6587.480297
-142.662407,58,6587.564318
-128.983977,45,6587.629814
-123.712968,47,6587.700197
-45.084117,17,6587.724286
-59.567087,20,6587.775097
-45.488313,16,6587.808144
-35.581784,18,6587.861457
-27.966294,11,6587.87883
-88.68669,33,6587.940208
-147.130088,39,6588.012253
-95.561874,39,6588.093033
-27.015222,12,6588.117765
-137.250476,48,6588.184275
-154.653761,59,6588.265932
-25.098673,10,6588.27993
-55.35037,20,6588.306733
-122.20491,42,6588.398174
-78.008605,29,6588.456199
-41.834003,12,6588.481372
-221.316593,85,6588.641744
-144.14067,52,6588.730558
-168.106915,62,6588.814014
-54.965389,18,6588.838745
-89.698182,34,6588.884688
-56.790469,26,6588.926489
-40.859977,19,6588.955235
-137.476401,48,6589.136896
-186.913661,67,6589.27691
-38.988957,12,6589.297092
-2570.308265,1000,6590.986367
-35.097245,17,6591.020714
-36.824237,15,6591.04842
-67.087928,23,6591.089831
-21.336382,8,6591.106975
-74.30073,25,6591.15745
-119.393065,43,6591.234359
-407.114616,146,6591.51519
-109.579979,39,6591.582057
-171.509861,58,6591.687852
-53.873771,21,6591.726024
-2986.6562,1000,6593.462945
-2546.314257,1000,6596.355205
-84.544448,39,6596.410347
-247.592093,97,6596.542139
-81.111626,32,6596.588728
-46.429284,17,6596.610375
-2490.219403,1000,6598.092685
-2553.278218,1000,6599.607859
-142.987301,44,6599.67276
-165.510401,60,6599.775372
-2692.75796,1000,6601.30909
-69.236404,20,6601.340922
-103.349232,30,6601.386591
-88.379316,37,6601.440686
-207.343472,82,6601.565286
-57.313124,21,6601.596432
-85.784867,36,6601.650307
-2595.077329,1000,6603.186314
-65.439442,22,6603.22114
-90.421119,37,6603.275806
-397.55883,156,6603.508887
-88.575257,28,6603.550717
-74.621243,30,6603.609463
-2580.406083,1000,6605.154763
-77.747839,19,6605.185342
-97.326678,42,6605.247724
-182.808314,77,6605.362997
-186.854111,65,6605.460621
-63.381285,24,6605.497934
-142.85021,59,6605.587693
-51.755689,18,6605.615805
-292.505533,85,6605.741131
-60.360082,20,6605.770967
-38.149675,15,6605.793628
-51.737051,16,6605.817215
-2585.26028,1000,6607.334686
-33.862428,15,6607.356321
-25.734814,12,6607.373316
-3004.800284,1000,6608.886387
-48.750685,16,6608.909616
-66.32467,23,6608.960054
-2579.605662,1000,6611.997589
-108.748872,39,6612.058151
-67.431599,23,6612.09025
-147.878087,38,6612.139042
-2729.519292,1000,6613.476817
-141.761486,53,6613.553521
-2837.114792,1000,6615.048644
-848.157403,332,6615.560355
-741.013449,280,6615.988277
-70.164181,22,6616.02039
-551.053315,204,6616.349768
-2963.058641,1000,6617.885673
-1089.851655,430,6618.541468
-63.447292,24,6618.578182
-2995.555791,1000,6620.125717
-201.755581,79,6620.264439
-128.191117,43,6620.327434
-46.212677,16,6620.35372
-2750.096558,1000,6621.938208
-29.072792,10,6621.953293
-2988.373241,1000,6623.505812
-2987.762374,1000,6625.045223
-1388.498031,504,6625.814901
-25.043895,10,6625.829861
-48.72397,15,6625.851918
-212.302441,72,6625.962166
-187.867528,59,6626.052435
-117.752422,39,6626.108434
-2998.763894,1000,6628.989121
-146.590676,58,6629.059679
-62.359882,22,6629.08707
-222.09719,74,6629.181908
-207.824192,61,6629.282496
-138.004634,41,6629.346418
-63.756144,18,6629.369402
-73.544367,21,6629.398171
-30.988414,10,6629.411031
-58.136436,21,6629.440569
-31.888843,11,6629.45419
-50.32351,19,6629.47911
-101.679134,39,6629.527254
-28.336366,10,6629.541218
-137.248,50,6629.638136
-78.806367,29,6629.695058
-3011.305543,1000,6631.282801
-2592.902371,1000,6632.89574
-266.72157,88,6633.065718
-131.934628,44,6633.160245
-31.705873,9,6633.176717
-132.045532,39,6633.246083
-2705.470032,1000,6635.167566
-204.5102,62,6635.270222
-348.227789,128,6635.447933
-46.157561,14,6635.46843
-2238.369378,820,6636.718707
-334.681769,118,6636.910222
-2997.373642,1000,6638.781163
-125.601654,46,6638.950767
-205.847552,65,6639.079351
-76.811849,25,6639.131176
-2937.454152,1000,6640.958828
-51.281172,20,6640.987427
-143.281911,36,6641.036664
-255.211458,97,6641.176075
-178.370786,68,6641.275215
-141.243997,47,6641.363151
-115.3984,46,6641.457099
-65.140235,37,6641.523712
-142.149592,51,6641.597466
-52.293177,25,6641.632931
-2997.82993,1000,6643.234155
-22.919059,10,6643.257051
-90.38638,34,6643.331022
-31.288213,9,6643.347651
-2999.502936,1000,6644.994739
-31.316981,11,6645.010827
-101.214574,30,6645.057286
-1006.785332,372,6648.062388
-2982.421499,1000,6649.55333
-3012.701919,1000,6651.383344
-389.668285,143,6651.785141
-2807.60258,1000,6653.716234
-40.318319,11,6653.740331
-836.925253,349,6654.447211
-3007.167098,1000,6656.233207
-42.116804,16,6656.259966
-99.760147,32,6656.316389
-27.734498,9,6656.329325
-44.747743,21,6656.368852
-127.816644,48,6656.447351
-31.245881,11,6656.465018
-30.838218,9,6656.480553
-147.640216,54,6656.571026
-2996.502759,1000,6658.152751
-2631.969416,1000,6659.726311
-2994.569384,1000,6661.837062
-43.270038,18,6661.881494
-43.361251,13,6661.903211
-2588.616576,1000,6663.724345
-31.545876,11,6663.743949
-362.008581,133,6663.974912
-366.904874,133,6664.199484
-44.558393,17,6664.226341
-3006.494203,1000,6669.669587
-211.04703,93,6669.809661
-1234.216506,443,6670.441529
-614.302523,235,6670.749101
-72.208293,26,6670.782909
-125.120219,49,6670.864776
-95.690363,35,6670.913806
-87.271507,28,6670.953941
-260.277964,102,6671.098437
-30.613022,10,6671.112521
-2969.181043,1000,6672.69174
-35.139504,11,6672.708767
-345.251736,109,6672.883494
-109.657446,32,6672.937367
-121.988778,42,6673.003185
-3006.321043,1000,6674.664281
-32.607541,11,6674.684666
-3014.899736,1000,6676.382015
-54.611884,19,6676.41127
-165.398806,58,6676.506395
-3009.543403,1000,6678.154287
-706.154594,263,6678.575731
-355.02357,125,6678.770852
-3041.79879,1000,6680.410451
-27.537618,10,6680.42657
-2954.623162,1000,6682.068461
-797.293479,270,6682.514299
-510.656917,163,6682.86738
-572.996813,191,6683.191501
-283.005483,98,6683.368399
-309.098223,100,6683.528078
-250.72813,88,6683.665483
-28.892056,10,6683.681248
-72.872663,26,6683.724907
-61.091587,22,6683.76107
-3005.912699,1000,6685.370174
-91.388586,33,6685.420289
-3032.67993,1000,6689.726185
-2997.260859,1000,6691.24004
-38.932386,12,6691.260331
-3006.213912,1000,6692.916286
-135.328031,59,6693.002452
-59.328976,19,6693.028106
-945.062302,336,6693.63926
-2996.561648,1000,6695.387303
-2937.301841,1000,6697.223836
-2994.950703,1000,6698.857065
-226.10332,80,6698.981602
-206.102817,69,6699.086872
-37.778051,11,6699.105643
-98.690205,34,6699.154625
-39.177054,13,6699.1908
-426.992738,143,6699.412962
-44.154005,13,6699.432818
-69.965014,28,6699.480784
-130.930418,46,6699.551404
-42.376196,15,6699.574352
-225.13314,76,6699.692423
-298.735835,105,6699.853402
-107.064184,36,6699.90767
-70.253092,28,6699.955662
-48.222343,14,6699.985013
-57.68868,24,6700.024666
-2985.87872,1000,6701.82979
-3014.459753,1000,6703.389657
-2876.744426,970,6706.427657
-48.029496,14,6706.46466
-32.935866,10,6706.486002
-3001.242151,1000,6707.976467
-29.871336,11,6707.997991
-28.7315,11,6708.01505
-3001.373214,1000,6709.822467
-27.324307,12,6709.845259
-2970.464336,1000,6711.708713
-291.225732,102,6711.884871
-49.865463,16,6711.908459
-3006.464593,1000,6713.764884
-102.86665,40,6713.82617
-29.372253,10,6713.840604
-66.384185,24,6713.876133
-3010.556665,1000,6715.842151
-39.766881,15,6715.876035
-53.177998,15,6715.910536
-51.485263,22,6715.944047
-53.247328,18,6715.972032
-2960.397292,1000,6717.792624
-2947.102196,1000,6719.365009
-35.22099,12,6719.382654
-209.106148,73,6719.499768
-190.414268,64,6719.598212
-205.888069,72,6719.730117
-3000.102249,1000,6721.401334
-218.181905,77,6721.516179
-143.831821,44,6721.584931
-196.43704,68,6721.701601
-77.839378,31,6721.755506
-3007.672165,1000,6723.569532
-120.157128,35,6723.651353
-216.671959,77,6723.833918
-169.159462,51,6723.942657
-216.489737,72,6724.622166
-311.845727,104,6724.824762
-44.972537,15,6724.851371
-106.028522,29,6724.899587
-109.427964,28,6724.948514
-123.411045,43,6725.050437
-236.941407,92,6725.255809
-161.91457,59,6725.368963
-37.794681,12,6725.389434
-437.096533,152,6725.716259
-26.640231,10,6725.737208
-31.425158,11,6725.758536
-2988.1372,1000,6727.828435
-317.018828,113,6728.040735
-52.7636,18,6728.07866
-61.367836,20,6728.123056
-431.799994,149,6728.407472
-77.28999,26,6728.457048
-110.507225,36,6728.524822
-33.636738,11,6728.543822
-89.930026,25,6728.583173
-150.796677,56,6728.68355
-3006.010257,1000,6730.277526
-59.442687,24,6730.317683
-146.789194,48,6730.403386
-3009.137533,1000,6732.108348
-2995.977026,1000,6733.866134
-30.177831,12,6733.888066
-270.485229,113,6734.150323
-133.892572,41,6734.227668
-105.850442,45,6734.313061
-88.829895,29,6734.372166
-102.515328,31,6734.440246
-3036.111746,1000,6736.421953
-3002.844115,1000,6738.185764
-3004.152171,1000,6739.876697
-2957.6952,1000,6741.649584
-33.82752,10,6741.667181
-36.037066,10,6741.685435
-3024.001624,1000,6745.182595
-47.448421,16,6745.203708
-221.777243,77,6745.313561
-2989.116475,1000,6746.890281
-2994.152447,1000,6748.442903
-3006.074681,1000,6750.017786
-29.024054,10,6750.039867
-115.484973,45,6750.129543
-34.386716,10,6750.145658
-2791.389133,1000,6751.795057
-2827.267543,1000,6753.461433
-33.821166,11,6753.479478
-26.874608,9,6753.49622
-2809.113886,1000,6755.211804
-2727.593958,1000,6756.799832
-85.890182,29,6756.84261
-2776.670377,1000,6758.315696
-85.645115,28,6758.355249
-1141.147314,415,6758.98074
-2729.547296,1000,6762.062393
-160.449966,59,6762.148511
-2737.037539,1000,6763.490685
-2827.231977,1000,6764.941376
-170.435437,66,6765.036405
-2668.502099,1000,6766.531737
-2588.709632,1000,6768.018645
-2954.162437,1000,6769.697881
-1006.000358,375,6770.3148
-122.449443,38,6770.381089
-206.549322,58,6770.519276
-113.666112,36,6770.585888
-23.465382,8,6770.596042
-177.517599,59,6770.694658
-24.528851,8,6770.707774
-178.073161,51,6770.794655
-30.363887,10,6770.82169
-20.404958,8,6770.839386
-2695.626701,1000,6772.588732
-854.32958,330,6773.090463
-20.743766,8,6773.10351
-2744.450385,1000,6774.641644
-2672.43989,1000,6776.413098
-2952.517576,1000,6784.908623
-2969.235407,1000,6786.246289
-3000.448081,1000,6787.649807
-2757.477275,1000,6789.130713
-2800.390342,1000,6790.624794
-30.23652,11,6790.64077
-2586.388945,1000,6792.157377
-2924.223207,1000,6793.735986
-2611.741574,1000,6795.34232
-1284.717955,451,6796.034693
-155.047022,53,6796.191844
-218.149242,83,6796.366707
-296.313133,122,6796.606877
-2990.601399,1000,6798.383227
-383.165557,131,6798.589414
-148.017802,55,6798.691985
-191.546449,66,6798.795445
-30.452373,10,6798.811483
-110.503998,39,6798.873636
-98.881905,31,6798.922232
-23.76232,8,6798.935585
-2856.260298,1000,6801.848161
-83.106674,26,6801.890099
-154.870569,49,6801.995002
-320.68846,118,6802.212037
-91.116663,58,6802.30083
-147.202489,57,6802.430607
-256.15715,109,6802.608866
-34.65363,15,6802.631582
-109.611506,32,6802.68232
-118.828964,43,6802.749207
-1869.193769,659,6803.913036
-24.261318,8,6803.927753
-108.182412,40,6803.993593
-736.671348,268,6804.452648
-98.540087,29,6804.508236
-29.50716,10,6804.530462
-171.211902,64,6804.668549
-80.615213,31,6804.734202
-29.534056,10,6804.749297
-121.255417,46,6804.816602
-141.563498,49,6804.887123
-175.010862,65,6804.983244
-83.51806,30,6805.040677
-99.775201,38,6805.097368
-2770.363641,1000,6806.585156
-117.685152,40,6806.645587
-426.068047,170,6806.892588
-75.892964,31,6806.937113
-2956.422448,1000,6808.424859
-40.947141,15,6808.447771
-156.407047,57,6808.530525
-178.753325,68,6808.630649
-201.70499,70,6808.749249
-66.205734,25,6808.785507
-2951.714053,1000,6810.464849
-145.562704,53,6810.538315
-158.862151,55,6810.615941
-146.865479,52,6810.687497
-27.040747,9,6810.701714
-154.691679,63,6810.788468
-54.692636,16,6810.813261
-66.803428,27,6810.851029
-64.773838,21,6810.880041
-105.543705,36,6810.930016
-48.945031,17,6810.954563
-131.669576,43,6811.013371
-143.743137,36,6811.066473
-220.329229,93,6811.208041
-96.209189,34,6811.258303
-93.259051,25,6811.293519
-194.771543,64,6811.387871
-131.186469,51,6811.460807
-88.036424,23,6811.495902
-29.076839,9,6811.506502
-111.341659,42,6811.568459
-111.493412,41,6811.626601
-143.076767,58,6811.710033
-146.566154,43,6811.770357
-66.145243,24,6811.805271
-219.423705,75,6811.926532
-255.070607,94,6812.065147
-31.406002,10,6812.079943
-107.013965,39,6812.137285
-76.229564,28,6812.17642
-411.613591,136,6812.37374
-72.90324,28,6812.414907
-62.934457,19,6812.444895
-2761.806212,1000,6814.098922
-2401.423905,812,6815.298263
-114.774381,43,6815.360765
-2900.383326,1000,6816.864484
-137.447881,49,6816.935982
-100.813858,38,6816.989447
-81.569044,23,6817.02391
-24.001466,8,6817.033972
-2900.046742,1000,6819.339717
-112.867766,40,6819.396709
-23.861608,8,6819.409172
-2975.242308,1000,6820.899455
-134.812695,43,6820.965473
-48.310204,23,6820.998481
-25.573627,8,6821.013019
-2904.504028,1000,6822.795597
-2955.354987,1000,6824.431321
-63.738428,23,6824.476034
-78.440188,29,6824.525397
-672.073842,246,6824.891161
-2570.850556,892,6826.365769
-2748.870402,1000,6828.193832
-160.801304,49,6828.290486
-161.720964,59,6828.405147
-608.29408,234,6828.801006
-54.930252,19,6828.832727
-2724.440167,1000,6830.581897
-24.071636,11,6830.599742
-131.306849,39,6830.664879
-45.276347,12,6830.683138
-34.773708,22,6830.721403
-54.793248,21,6830.755796
-24.294736,9,6830.771801
-24.59525,9,6830.78709
-313.178874,85,6830.92702
-135.298941,46,6831.000981
-204.32994,61,6831.102003
-45.05796,15,6831.127505
-22.860434,12,6831.146493
-2770.580565,1000,6832.932323
-81.851174,26,6832.983284
-739.084119,236,6833.536179
-23.861461,9,6833.556759
-46.494807,15,6833.590668
-731.385572,271,6834.179018
-36.148624,13,6834.20106
-59.676964,25,6834.248653
-91.391348,33,6834.337404
-34.162277,13,6834.392769
-67.708306,21,6834.441569
-28.242323,10,6834.464746
-23.736179,9,6834.485253
-25.401136,10,6834.50751
-96.931048,42,6834.589188
-165.797437,57,6834.698631
-123.009567,51,6834.798843
-56.637142,19,6834.830804
-50.532654,18,6834.865665
-158.131233,63,6834.981678
-109.733153,35,6835.101187
-23.25477,12,6835.121264
-213.668897,81,6835.2828
-139.824203,64,6835.587785
-152.971435,51,6835.685192
-85.531918,35,6835.751189
-21.602863,8,6835.76807
-112.515569,37,6835.838014
-73.438425,30,6835.899676
-21.647167,9,6835.917857
-23.191404,8,6835.934443
-286.740311,126,6836.173515
-25.715413,8,6836.184773
-126.50085,46,6836.307898
-138.118403,45,6836.387683
-350.789749,117,6836.631559
-313.386431,124,6836.851547
-287.073251,108,6837.029219
-31.385037,10,6837.045259
-18.472396,8,6837.059373
-150.605166,66,6837.162179
-349.328797,123,6837.346769
-212.9857,60,6837.460245
-118.890746,42,6837.542652
-39.722087,19,6837.579932
-108.818638,26,6837.626101
-121.332283,53,6837.737239
-131.766009,51,6837.809825
-136.073839,46,6837.877159
-169.829081,79,6838.021883
-173.19935,54,6838.118965
-41.553892,18,6838.142434
-26.948048,9,6838.156355
-255.367351,87,6838.318179
-344.579856,134,6838.531637
-49.953717,14,6838.554206
-77.429822,32,6838.615793
-133.850133,41,6838.672569
-191.060362,64,6838.764853
-102.317971,38,6838.81779
-117.03275,35,6838.866419
-65.322129,21,6838.899702
-41.965202,12,6838.919048
-94.331085,34,6838.971239
-57.934802,14,6838.990022
-47.181768,19,6839.018194
-89.101293,43,6839.096189
-49.532213,21,6839.135398
-96.125289,35,6839.208303
-46.246902,14,6839.237057
-24.177559,14,6839.260955
-61.97775,25,6839.304737
-22.192602,11,6839.322754
-115.433155,33,6839.374281
-48.997062,16,6839.402725
-84.478981,35,6839.467893
-20.023774,8,6839.482856
-78.945144,39,6839.556237
-152.634876,44,6839.624912
-33.418114,13,6839.644078
-102.812785,33,6839.697503
-177.490984,78,6839.839824
-48.880964,19,6839.900632
-1092.790428,418,6840.597782
-107.281092,41,6840.663374
-27.146716,9,6840.677993
-38.194215,13,6840.699124
-98.651846,33,6840.747017
-62.406352,22,6840.783175
-263.596785,92,6840.949315
-28.309085,15,6840.973815
-52.926641,16,6840.999041
-35.846227,10,6841.015498
-24.90311,8,6841.02962
-84.422919,31,6841.084888
-45.365359,21,6841.122035
-32.105746,12,6841.145788
-98.888627,28,6841.192989
-52.806007,27,6841.240745
-30.554015,15,6841.267114
-53.59788,19,6841.296838
-131.771398,45,6841.376297
-125.903138,52,6841.463945
-82.755377,33,6841.515662
-87.46988,31,6841.569756
-1214.369684,439,6842.336102
-56.333893,19,6842.363022
-141.152582,76,6842.468765
-52.879263,29,6842.524143
-94.754171,43,6842.58594
-38.349763,21,6842.614665
-191.855018,54,6842.690909
-67.594819,16,6842.713207
-52.224921,15,6842.734917
-52.283338,14,6842.758361
-110.344731,51,6842.830257
-193.124164,57,6842.90896
-2722.172032,1000,6844.560903
-29.16704,14,6844.583963
-169.825224,66,6844.689042
-147.738916,40,6844.744731
-147.951178,34,6844.788867
-204.314091,66,6844.878798
-92.248601,36,6844.970361
-27.651646,8,6844.986508
-23.421575,9,6845.009776
-48.272126,29,6845.103735
-55.927233,20,6845.162255
-59.186702,24,6845.203821
-128.089367,42,6845.286725
-121.146214,43,6845.351232
-37.800751,12,6845.366032
-265.157903,84,6845.479869
-103.856303,31,6845.520346
-48.369473,19,6845.54663
-46.05008,14,6845.56617
-58.766357,16,6845.586787
-23.778657,8,6845.595397
-38.562361,18,6845.620495
-209.967763,67,6845.710011
-48.724715,20,6845.740545
-69.342806,30,6845.816057
-211.56745,80,6845.938963
-144.533827,37,6845.994585
-120.976855,43,6846.051544
-1353.327381,509,6846.87316
-36.111449,14,6846.892423
-61.785722,23,6846.923539
-42.629687,14,6846.939973
-39.503239,16,6846.963363
-19.624729,9,6846.972844
-61.332099,15,6846.992419
-30.323271,12,6847.009663
-56.537837,18,6847.03202
-241.320092,73,6847.137949
-73.097534,31,6847.181487
-54.461174,24,6847.215916
-38.458517,14,6847.235137
-96.428888,24,6847.270189
-168.004383,62,6847.378808
-86.192646,21,6847.420303
-87.611845,41,6847.495668
-153.052498,65,6847.585741
-163.777974,53,6847.665394
-32.33504,15,6847.686771
-190.77208,73,6847.794962
-1241.388416,454,6848.523068
-296.632619,105,6848.695191
-94.70818,44,6848.77516
-128.645766,46,6848.855747
-37.983279,17,6848.882026
-144.012164,40,6848.957502
-42.976944,14,6848.979369
-268.632991,88,6849.113411
-61.106927,24,6849.152279
-61.522261,24,6849.191381
-24.811792,11,6849.208925
-46.133284,18,6849.237921
-126.911299,49,6849.311595
-36.987059,16,6849.33969
-2719.18999,1000,6851.02301
-70.298476,22,6851.059581
-51.518057,14,6851.083431
-33.29386,14,6851.109001
-46.057837,14,6851.13004
-130.703355,82,6851.27204
-259.497126,85,6851.423224
-64.138561,22,6851.479664
-43.36449,14,6851.504713
-41.290069,16,6851.531284
-57.273313,23,6851.574342
-80.3653,32,6851.639598
-60.037214,24,6851.684763
-94.572859,30,6851.745744
-97.259822,26,6851.791714
-257.216208,78,6851.942023
-55.565792,27,6851.990466
-172.945266,51,6852.089243
-47.749918,13,6852.11542
-65.359274,22,6852.154268
-81.882612,52,6852.273843
-57.04828,27,6852.343381
-131.414853,46,6852.430312
-311.332286,106,6852.83028
-46.739416,18,6852.864632
-33.91817,12,6852.88961
-49.376192,18,6852.918191
-179.263409,71,6853.048336
-37.285387,12,6853.072947
-111.375729,40,6853.148095
-88.542728,33,6853.212854
-83.475397,29,6853.27229
-113.302903,39,6853.34492
-107.681787,31,6853.398322
-153.18008,35,6853.472634
-62.701069,18,6853.505085
-155.752883,72,6853.637619
-212.973676,68,6853.754533
-82.910585,22,6853.792322
-82.492894,30,6853.842614
-44.921854,12,6853.863148
-167.544291,51,6853.953042
-47.861004,15,6853.977532
-48.462025,15,6854.003036
-138.055175,52,6854.094692
-211.155717,78,6854.226527
-43.435727,14,6854.24994
-100.202871,37,6854.31447
-54.655416,15,6854.345107
-116.638498,45,6854.416245
-132.480244,50,6854.514201
-40.120043,14,6854.538089
-197.636176,84,6854.690304
-141.720796,56,6854.789434
-30.64778,20,6854.819678
-30.699726,12,6854.83759
-61.647547,19,6854.872112
-43.318097,15,6854.899019
-112.470428,36,6855.015414
-142.095877,50,6855.097013
-135.480385,67,6855.217384
-36.290503,12,6855.23626
-97.150511,23,6855.274175
-29.031674,13,6855.293359
-80.326083,29,6855.342079
-99.032171,26,6855.400884
-49.534204,17,6855.430876
-84.822531,21,6855.465993
-56.289561,18,6855.494036
-49.706126,16,6855.523799
-103.015297,28,6855.621006
-148.531582,42,6855.696429
-152.351983,43,6855.775516
-255.185418,99,6855.960957
-262.992384,74,6856.137982
-23.20542,8,6856.150576
-52.182956,21,6856.195716
-30.287451,13,6856.21601
-43.772709,14,6856.247108
-41.591597,15,6856.276748
-66.123504,18,6856.308617
-323.942803,108,6856.511977
-121.463325,43,6856.605207
-46.913061,21,6856.647479
-78.029866,23,6856.688944
-31.489473,11,6856.708515
-24.887998,8,6856.719931
-21.940809,9,6856.734519
-32.587572,12,6856.764503
-99.329648,34,6856.816175
-120.199351,50,6856.896879
-818.58632,346,6857.50877
-38.790468,14,6857.527088
-60.137527,15,6857.548832
-29.38185,13,6857.569145
-104.75736,31,6857.616135
-68.145225,28,6857.658254
-255.392925,83,6857.807908
-74.614515,32,6857.858886
-45.071819,23,6857.894424
-22.48832,8,6857.907636
-82.402037,38,6857.968137
-117.621988,33,6858.013226
-53.697878,16,6858.03766
-48.151542,15,6858.060091
-34.353945,10,6858.074556
-1376.819593,514,6858.975275
-41.532042,13,6859.029399
-53.752354,17,6859.062134
-85.586741,21,6859.099388
-241.143814,82,6859.242597
-168.686494,71,6859.380377
-187.132766,65,6859.505209
-21.437328,8,6859.522564
-53.393045,14,6859.547021
-175.594974,51,6859.617434
-68.472839,32,6859.658856
-110.315212,57,6859.753604
-145.008139,49,6859.83331
-34.770455,16,6859.854133
-44.395993,19,6859.895345
-56.250344,17,6859.919504
-33.804985,13,6859.936151
-72.05364,22,6859.973388
-110.613561,41,6860.046049
-42.178713,23,6860.090132
-79.984586,24,6860.140283
-77.928735,35,6860.232618
-225.28642,83,6860.354395
-104.614949,48,6860.416986
-57.012273,14,6860.436415
-45.631037,12,6860.453644
-65.909998,22,6860.482498
-22.062225,9,6860.495449
-66.154272,21,6860.523538
-71.263474,23,6860.557401
-67.39687,21,6860.589322
-133.469024,55,6860.697022
-37.590835,14,6860.721873
-46.959029,21,6860.749949
-23.722021,9,6860.762545
-50.197081,14,6860.780293
-36.092416,13,6860.799756
-23.763944,11,6860.81425
-133.950625,33,6860.86307
-173.700108,58,6860.943448
-69.200355,32,6860.99045
-104.077463,31,6861.038661
-47.520746,14,6861.061139
-95.12776,33,6861.117213
-46.74394,13,6861.139879
-28.68846,9,6861.154648
-92.722704,27,6861.197985
-123.139691,55,6861.281214
-26.423221,11,6861.296389
-143.254091,44,6861.359528
-70.899013,22,6861.395866
-18.949282,9,6861.407959
-46.376943,16,6861.435123
-137.716549,45,6861.571294
-65.503247,24,6861.605752
-35.908952,14,6861.627403
-22.892979,7,6861.639942
-102.94984,40,6861.711083
-70.740283,29,6861.762333
-68.2403,25,6861.806931
-95.538091,27,6861.856637
-75.443942,26,6861.901045
-24.785458,9,6861.915296
-50.197975,19,6861.947161
-24.217536,15,6861.976407
-151.169002,58,6862.077652
-27.712319,12,6862.09942
-122.418862,46,6862.171626
-29.65259,12,6862.189635
-87.709838,39,6862.256894
-29.28633,11,6862.27429
-678.853495,249,6862.706331
-29.638615,10,6862.722398
-66.720901,42,6862.790959
-86.408441,23,6862.82915
-49.056521,16,6862.85493
-40.678531,14,6862.877917
-65.725716,27,6862.921992
-80.888773,24,6862.961411
-86.736637,35,6863.019675
-90.541482,38,6863.088843
-108.366845,39,6863.1728
-42.812957,21,6863.215802
-20.361515,8,6863.229338
-37.387012,14,6863.268074
-244.506442,96,6863.420856
-2972.676835,1000,6865.381341
-135.409872,30,6865.445112
-60.285863,19,6865.485071
-20.661709,9,6865.499259
-22.467792,9,6865.512253
-74.830553,30,6865.568809
-68.59279,20,6865.599631
-252.185131,84,6865.721144
-138.726086,47,6865.800704
-33.285184,17,6865.826181
-61.075504,29,6865.872354
-76.05744,33,6865.932024
-49.462721,20,6865.964457
-22.937981,9,6865.978236
-76.753593,36,6866.042114
-201.523132,72,6866.200067
-197.399957,62,6866.321291
-71.569949,23,6866.3667
-209.096663,78,6866.504732
-63.180688,19,6866.538091
-90.255511,36,6866.644973
-120.598018,42,6866.718622
-55.945992,16,6866.743067
-131.539895,56,6866.841939
-38.486373,13,6866.86407
-32.412646,13,6866.891588
-63.919334,39,6866.975683
-49.733467,21,6867.012892
-81.463602,31,6867.169383
-131.817915,45,6867.23962
-1382.589187,524,6868.211742
-42.501174,14,6868.236958
-2673.552659,1000,6870.106259
-146.363516,59,6870.209143
-42.067202,13,6870.233128
-28.81525,14,6870.254365
-116.571277,41,6870.343022
-192.5136,67,6870.452124
-66.425676,26,6870.496144
-14.055456,7,6870.506932
-106.810563,33,6870.568718
-42.865586,32,6870.624344
-173.61569,49,6870.705627
-22.840757,11,6870.722485
-19.853415,10,6870.73747
-168.007481,54,6870.983492
-37.649619,12,6871.000525
-2644.038912,1000,6872.675636
-53.751552,22,6872.714357
-3017.842107,1000,6874.399792
-58.54607,17,6874.427553
-23.032109,12,6874.444907
-29.661122,11,6874.464561
-88.786842,35,6874.518509
-117.992407,51,6874.602803
-42.174296,16,6874.628369
-74.238428,30,6874.678689
-25.572435,10,6874.69593
-48.291297,14,6874.724014
-47.720057,25,6874.771347
-177.197108,54,6874.871578
-257.033499,93,6875.164011
-93.478753,39,6875.245594
-74.534768,24,6875.283167
-134.58174,49,6875.362347
-101.391387,37,6875.418822
-116.918106,39,6875.488269
-54.021223,19,6875.525951
-46.725071,19,6875.560756
-306.050932,113,6875.785341
-44.873745,22,6875.829637
-55.369955,17,6875.860126
-34.326722,15,6875.889807
-24.833388,14,6875.913812
-130.533851,38,6875.983223
-100.465025,35,6876.049565
-60.995327,29,6876.094919
-37.606982,11,6876.112263
-27.28727,11,6876.129276
-52.841255,19,6876.159951
-52.945878,23,6876.196996
-79.986895,24,6876.247384
-92.494112,37,6876.305916
-19.642018,14,6876.329454
-2981.848967,1000,6878.266704
-22.116023,9,6878.285121
-22.541187,9,6878.296967
-21.86821,8,6878.31848
-151.553934,64,6878.438983
-25.716688,11,6878.457496
-74.871623,31,6878.499575
-55.61698,19,6878.526658
-3002.588173,1000,6880.184868
-88.374916,31,6880.228806
-42.002491,14,6880.249422
-18.614156,13,6880.269502
-171.911172,57,6880.380646
-32.252229,13,6880.408904
-70.277307,24,6880.441231
-177.516038,59,6880.526398
-100.358626,33,6880.580405
-22.36485,10,6880.594777
-53.113511,15,6880.617851
-145.814152,36,6880.683985
-145.666069,44,6880.748977
-68.67451,24,6880.783954
-50.646307,18,6880.809505
-116.807208,44,6880.874057
-41.8448,16,6880.89682
-69.31208,28,6880.949809
-2996.306578,1000,6882.897449
-29.759719,8,6882.908228
-2686.455389,1000,6884.734982
-64.895047,23,6884.773713
-29.950446,11,6884.791111
-41.109755,13,6884.813304
-58.365315,21,6884.849362
-81.94002,30,6884.903388
-29.647965,14,6884.93057
-45.116852,16,6884.960411
-32.501204,11,6884.981011
-2768.945767,1000,6887.021145
-154.116757,72,6887.143722
-87.283172,34,6887.198256
-58.439704,18,6887.229033
-32.746019,13,6887.250321
-62.120904,38,6887.320208
-35.879369,16,6887.343377
-111.230429,39,6887.400866
-31.589371,14,6887.423089
-41.990977,14,6887.443644
-115.195829,40,6887.501984
-36.012635,11,6887.51738
-51.065066,18,6887.544599
-2983.836294,1000,6890.445967
-116.529124,34,6890.498554
-152.205944,55,6890.583488
-82.449054,30,6890.629787
-97.164423,31,6890.679874
-224.604148,85,6890.818942
-22.45618,9,6890.835049
-240.938051,89,6891.003108
-22.653874,13,6891.040454
-134.57802,41,6891.113479
-29.41103,13,6891.133171
-113.791653,43,6891.197494
-38.161117,14,6891.219676
-213.963879,87,6891.340954
-42.243133,13,6891.36022
-46.342763,14,6891.38126
-3011.975169,1000,6892.993492
-3022.057993,1000,6894.515833
-75.633844,28,6894.560307
-3019.913649,1000,6896.247494
-26.603496,10,6896.269833
-54.00855,18,6896.297261
-141.60763,44,6896.392732
-58.643613,16,6896.415197
-28.489075,17,6896.439604
-86.151,29,6896.484391
-39.8511,15,6896.505553
-3019.027259,1000,6898.332029
-65.62881,25,6898.373108
-44.885118,16,6898.400501
-43.512846,17,6898.432088
-187.882284,71,6898.576016
-274.248389,112,6898.775891
-24.187369,8,6898.790696
-92.243372,44,6898.872259
-124.231755,59,6898.980233
-24.530109,10,6898.99881
-3061.457597,1000,6900.856973
-74.974631,31,6900.914391
-52.933221,26,6900.961351
-30.364516,13,6900.987345
-115.327845,49,6901.074836
-36.976309,12,6901.099813
-75.584051,26,6901.157089
-53.237411,15,6901.214947
-262.566729,94,6901.444381
-34.73958,19,6901.476193
-98.470304,42,6901.554399
-2965.841437,1000,6903.567829
-2923.922851,1000,6905.216624
-22.661537,14,6905.239053
-2865.541121,1000,6907.04983
-2756.128787,1000,6909.022656
-63.259658,22,6909.058349
-2907.833561,1000,6910.770505
-1447.200844,555,6911.731458
-251.847477,99,6911.956669
-65.851242,25,6912.013201
-39.445516,14,6912.038833
-54.961289,13,6912.057825
-28.712571,13,6912.079668
-91.323348,29,6912.127326
-2799.835381,1000,6913.815825
-62.44705,19,6913.842136
-27.032942,9,6913.8523
-469.43407,157,6914.084826
-2947.011775,1000,6915.601634
-16.724571,8,6915.612335
-123.428157,44,6915.676793
-30.661099,11,6915.692377
-234.465374,80,6915.808981
-116.594793,44,6915.875934
-49.188786,18,6915.904188
-2876.445999,1000,6917.434222
-2910.04559,1000,6918.994785
-744.485042,278,6919.534266
-671.265675,279,6919.973384
-88.421064,34,6920.032253
-54.102306,17,6920.059391
-50.927755,19,6920.092314
-40.256189,15,6920.11614
-2958.996784,1000,6921.802675
-2916.766925,1000,6923.482292
-1866.773694,703,6925.276306
-2852.748994,1000,6926.84121
-62.581639,25,6926.884772
-41.226942,19,6926.914582
-479.045918,194,6927.234309
-763.236538,296,6927.79056
-105.363718,42,6927.848314
-271.354468,102,6928.017727
-110.43396,35,6928.087444
-352.768173,132,6928.295318
-2817.877516,1000,6929.920852
-130.410182,53,6930.020514
-97.059138,53,6930.112306
-44.357978,13,6930.133223
-2877.93539,1000,6931.973827
-43.079999,14,6931.998003
-32.441868,13,6932.023795
-248.68403,84,6932.178149
-43.322284,14,6932.209489
-2645.124245,1000,6934.176737
-154.512611,55,6934.264428
-120.397847,56,6934.370375
-27.443338,12,6934.386825
-923.985483,339,6935.010942
-2935.836205,1000,6936.744601
-2950.934232,1000,6938.636049
-179.197179,70,6938.746628
-2964.264801,1000,6940.787388
-168.734878,59,6940.915552
-32.121127,12,6940.935485
-2918.31234,1000,6942.581229
-2969.718497,1000,6946.522121
-2926.313139,1000,6948.236234
-2992.619133,1000,6949.878042
-212.077038,76,6950.001662
-2927.507662,1000,6951.651806
-324.955913,136,6951.900357
-2950.431322,1000,6953.811198
-427.079003,167,6954.160187
-33.518274,12,6954.192694
-2905.523497,1000,6955.940265
-2903.841096,1000,6957.667747
-39.747081,14,6957.692626
-161.305243,57,6957.790738
-24.332385,11,6957.808391
-45.421109,14,6957.833903
-105.86236,38,6957.896114
-65.467246,22,6957.936253
-2986.238404,1000,6959.66284
-2997.228661,1000,6961.485718
-36.348806,15,6961.50729
-2911.199102,1000,6965.613514
-99.147991,43,6965.675979
-82.114087,36,6965.729389
-40.600787,14,6965.749968
-2993.748255,1000,6967.660589
-95.796527,38,6967.773091
-2962.511778,1000,6969.573516
-236.874405,92,6969.713995
-20.237398,11,6969.736403
-2960.93837,1000,6971.337528
-74.518738,32,6971.413891
-2985.929221,1000,6973.016307
-34.952684,13,6973.034505
-203.087222,76,6973.155302
-43.06256,16,6973.179631
-42.795234,14,6973.201942
-2852.581204,1000,6975.175019
-330.727208,122,6975.363052
-119.172306,45,6975.441652
-663.534577,254,6975.91156
-211.932391,80,6976.087487
-122.778375,37,6976.195032
-404.840111,156,6976.514901
-2935.178118,1000,6978.273422
-243.544413,96,6978.489022
-2834.949939,1000,6980.359806
-2788.005776,1000,6982.198411
-33.155445,11,6982.216974
-30.479482,11,6982.235502
-2747.805075,1000,6986.990583
-20.319757,9,6987.003518
-32.726866,14,6987.023123
-32.061425,11,6987.036653
-2560.534861,1000,6988.563455
-163.860746,66,6988.672601
-32.620341,12,6988.688322
-253.387359,102,6988.840212
-28.103499,11,6988.857478
-2613.994536,917,6990.4779
-319.773271,117,6990.680315
-90.38923,40,6990.754451
-70.275388,22,6990.792165
-282.237654,105,6990.97984
-43.970203,16,6991.01962
-3000.481161,1000,6992.824897
-2938.070186,1000,6994.969786
-22.73872,11,6994.996425
-202.311784,76,6995.240769
-50.78335,18,6995.278944
-39.804691,13,6995.298327
-37.987141,11,6995.312608
-48.295134,17,6995.347089
-31.399024,12,6995.460587
-2536.422675,914,6997.041804
-33.105719,10,6997.056744
-142.214639,42,6997.121101
-101.976498,41,6997.186161
-581.980484,227,6997.660033
-1256.230655,465,6998.351182
-165.401998,68,6998.449601
-2775.246366,1000,7000.151296
-136.423211,55,7000.237285
-146.847648,61,7000.361255
-1762.700355,627,7001.481036
-52.357366,28,7001.532328
-30.537832,9,7001.546225
-2569.219903,1000,7003.398075
-2513.649469,1000,7006.74503
-76.013106,26,7006.785989
-114.010154,35,7006.83641
-121.009125,46,7006.898944
-187.124185,78,7007.006505
-109.303784,41,7007.065391
-71.776689,23,7007.095305
-48.146403,20,7007.126076
-32.875519,14,7007.198401
-46.859452,15,7007.228117
-62.375224,20,7007.288334
-35.900457,13,7007.322719
-66.904427,26,7007.37641
-85.23556,29,7007.434062
-100.217886,40,7007.517518
-1590.755006,595,7008.694685
-31.510299,13,7008.712114
-1274.338082,419,7009.366266
-245.77874,106,7009.534635
-22.992682,11,7009.554467
-110.619357,55,7009.6787
-104.094543,29,7009.736808
-28.713442,9,7009.755995
-45.461761,17,7009.785723
-280.372072,92,7009.994585
-914.748677,324,7010.69543
-70.162737,20,7010.745723
-2575.071031,983,7012.48957
-141.961578,57,7012.586782
-55.132544,24,7012.625807
-2551.167443,1000,7014.405155
-54.837793,21,7014.44631
-56.652964,18,7014.477277
-115.180652,46,7014.554712
-80.963624,29,7014.619209
-57.394563,26,7014.66233
-21.184901,11,7014.683942
-67.03471,30,7014.736286
-45.566601,14,7014.756995
-113.7853,44,7014.833474
-2538.819406,1000,7016.68123
-49.042496,19,7016.716104
-88.448937,24,7016.783128
-101.212662,36,7016.874948
-180.346224,66,7017.012019
-273.111575,115,7017.250827
-50.692147,16,7017.278421
-116.18726,48,7017.360279
-94.812123,28,7017.407985
-54.417034,21,7017.455136
-36.442895,14,7017.47805
-165.258782,53,7017.564801
-49.601155,20,7017.597756
-47.692058,21,7017.632421
-1476.681119,597,7018.605459
-31.504733,14,7018.625306
-57.348993,20,7018.653613
-298.525604,102,7018.795155
-79.402529,31,7018.838216
-175.340918,67,7018.934493
-27.42367,13,7018.957243
-152.800045,65,7019.073566
-44.69543,15,7019.1005
-503.072247,159,7019.386721
-89.841777,37,7019.44136
-66.135475,28,7019.486163
-82.446501,28,7019.54742
-29.100591,11,7019.566601
-28.115687,12,7019.585104
-244.721586,100,7019.7266
-111.264925,56,7019.799796
-28.834687,11,7019.816437
-321.108589,113,7020.004458
-81.307399,30,7020.050266
-45.26404,17,7020.075833
-33.828648,15,7020.096181
-102.986455,40,7020.173673
-63.084056,31,7020.320742
-2573.084894,1000,7021.917601
-25.073998,10,7021.931151
-55.406005,23,7021.965303
-41.315034,13,7021.985433
-39.670777,15,7022.009335
-41.526866,13,7022.04087
-2593.088891,1000,7023.654928
-23.719072,10,7023.669296
-97.057424,34,7023.715151
-52.215265,21,7023.746932
-39.263386,19,7023.778281
-44.748869,20,7023.809686
-26.24647,10,7023.827129
-96.841718,36,7023.893642
-39.422855,14,7023.910451
-47.098561,19,7023.936638
-24.890475,10,7023.951148
-96.030837,31,7024.007056
-810.120122,313,7024.475203
-110.362395,33,7024.523886
-28.965795,13,7024.546007
-36.348715,13,7024.567839
-25.648366,11,7024.583722
-441.055005,199,7024.967993
-32.011852,14,7024.997545
-2529.495607,1000,7026.786076
-86.355014,35,7026.86774
-2598.994062,1000,7028.391943
-1095.270233,433,7029.035416
-53.460862,21,7029.061986
-32.960698,12,7029.079477
-378.008576,138,7029.317931
-42.512237,15,7029.336924
-40.404696,15,7029.373627
-336.253988,131,7029.633622
-34.419069,14,7029.656602
-295.568271,87,7029.824629
-638.473048,219,7030.256058
-23.501324,12,7030.331454
-47.792163,21,7030.537285
-2692.807914,1000,7032.261684
-60.390668,21,7032.293139
-23.858429,12,7032.313289
-42.30969,21,7032.34531
-25.037568,9,7032.360975
-44.818484,22,7032.393847
-23.931412,11,7032.410121
-76.575599,52,7032.492643
-48.294979,16,7032.517628
-81.130306,37,7032.574742
-108.266481,45,7032.658643
-23.852885,10,7032.675086
-165.274638,59,7032.802926
-217.421089,95,7032.945995
-2539.67401,1000,7034.705779
-38.975818,15,7034.728236
-2707.212128,1000,7036.433911
-58.959374,21,7036.468604
-74.322009,31,7036.52605
-54.769494,18,7036.55249
-182.670123,72,7036.70739
-1134.282383,474,7037.523918
-45.399448,20,7037.560425
-52.148991,20,7037.592667
-181.403906,69,7037.727602
-433.535919,188,7038.111497
-89.8929,37,7038.16727
-305.261046,128,7038.376435
-2534.219723,1000,7040.073532
-78.979246,26,7040.129822
-418.692544,139,7040.337624
-139.355175,49,7040.410594
-166.367202,60,7040.81074
-47.844278,16,7040.874319
-111.443823,38,7040.932291
-50.074018,24,7040.973874
-61.087674,21,7041.014059
-76.941812,23,7041.053339
-36.612115,14,7041.077451
-57.176304,32,7041.124665
-144.345393,75,7041.290622
-153.959376,55,7041.372498
-43.579417,35,7041.422471
-54.511649,24,7041.458812
-24.600502,11,7041.476269
-559.336897,194,7041.817296
-48.918009,14,7041.838547
-66.22398,26,7041.894959
-28.325264,11,7041.913638
-65.413573,27,7041.963813
-112.974715,40,7042.025039
-26.539095,12,7042.041897
-65.813202,25,7042.077244
-87.483191,30,7042.134525
-32.060651,14,7042.15895
-69.695734,28,7042.196966
-67.190006,25,7042.242962
-31.995217,12,7042.271642
-55.818247,16,7042.297664
-98.373826,36,7042.348471
-30.215764,11,7042.365207
-33.222688,22,7042.398498
-47.994265,15,7042.420892
-197.361989,58,7042.519444
-120.121335,37,7042.58682
-44.385953,16,7042.620798
-82.475055,39,7042.696093
-44.105942,26,7042.730929
-102.112429,38,7042.792377
-38.244927,14,7042.809432
-39.261631,34,7042.857705
-47.436409,16,7042.879955
-306.029551,104,7043.045625
-2571.326911,1000,7044.753845
-78.882311,30,7044.798127
-267.535983,99,7044.947735
-24.107648,12,7044.978818
-43.351101,16,7045.008039
-52.87383,21,7045.042529
-131.437929,66,7045.1566
-26.140127,12,7045.175715
-98.191154,41,7045.242585
-34.07024,14,7045.262539
-58.911918,23,7045.30442
-30.410684,12,7045.322374
-78.10835,28,7045.372002
-422.285696,167,7045.692533
-150.994107,58,7045.86957
-151.223605,61,7046.004644
-79.802493,24,7046.044562
-46.047584,13,7046.070992
-39.74495,16,7046.098444
-364.382293,129,7046.325735
-196.984328,76,7046.452502
-43.503429,15,7046.47752
-30.732835,13,7046.497675
-48.113849,17,7046.531729
-30.357752,14,7046.556843
-23.577714,11,7046.575385
-184.149832,85,7046.735397
-449.35431,163,7047.118277
-1328.26634,501,7048.04511
-1023.536809,359,7048.654101
-45.700157,18,7048.687288
-123.54992,54,7048.786827
-36.700291,15,7048.809543
-2703.002429,1000,7050.688015
-26.329572,9,7050.703012
-53.812108,15,7050.726316
-77.856858,43,7050.790108
-2754.356014,1000,7052.432653
-60.217248,26,7052.472229
-49.473834,21,7052.509619
-29.132166,11,7052.52601
-97.179885,54,7052.6115
-143.669206,59,7052.700971
-64.073101,25,7052.740471
-64.573524,33,7052.794185
-47.219871,13,7052.815455
-1060.45187,400,7053.434138
-86.441718,49,7053.513962
-50.199702,26,7053.580331
-280.538104,119,7053.808892
-67.059107,33,7053.86269
-2190.394883,810,7055.097096
-2939.750215,1000,7056.624007
-209.342998,93,7056.837386
-288.183287,105,7057.012883
-805.154976,290,7057.462426
-1425.184569,501,7059.81986
-781.416188,332,7060.269049
-251.220095,92,7060.433265
-2644.584497,1000,7062.119304
-2759.306169,1000,7064.174753
-2661.378621,1000,7065.783674
-1269.882453,464,7066.537604
-2052.914446,687,7067.66882
-2953.784814,1000,7069.47337
-2840.580807,1000,7071.396291
-2966.31658,1000,7073.094177
-2946.151151,1000,7074.923423
-2985.492822,1000,7076.503907
-2972.42966,1000,7082.68972
-2993.381805,1000,7084.439019
-2985.310771,1000,7086.189386
-2954.167475,1000,7088.09797
-2984.160406,1000,7089.980808
-2990.326223,1000,7091.622435
-2985.06163,1000,7093.372007
-2991.261561,1000,7095.224144
-2993.879043,1000,7096.871487
-2987.85057,1000,7098.342942
-2989.018687,1000,7103.307389
-2987.640385,1000,7104.796647
-2978.826626,1000,7106.427697
-3000.043218,1000,7108.396365
-2997.805193,1000,7110.17126
-3015.606786,1000,7111.974992
-2997.348244,1000,7114.006348
-2999.86172,1000,7115.717247
-3000.305919,1000,7117.523131
-2993.553908,1000,7119.052093
-2995.885857,1000,7124.312756
-2931.734237,1000,7126.095023
-2785.394651,1000,7127.976578
-2979.904915,1000,7129.706248
-2834.5825,1000,7131.596972
-2846.871864,1000,7133.405863
-2709.571429,1000,7135.29228
-2876.727654,1000,7137.281348
-3008.185323,1000,7139.370183
-2882.320027,1000,7141.371893
-3011.061247,1000,7147.058549
-3006.215513,1000,7148.678739
-3003.241932,1000,7150.695135
-3001.298163,1000,7152.454205
-2993.401692,1000,7154.102487
-3004.316605,1000,7155.847452
-3004.874955,1000,7157.722521
-3002.444238,1000,7159.463881
-3004.843054,1000,7161.359436
-3004.155742,1000,7163.043174
-3002.164894,1000,7167.812716
-3017.667354,1000,7169.361123
-2994.83017,1000,7171.114264
-2997.759938,1000,7172.815189
-3005.826713,1000,7174.55985
-3005.664206,1000,7176.423513
-3000.397773,1000,7178.333143
-3003.445554,1000,7180.393983
-3006.699309,1000,7182.197071
-2996.142054,1000,7183.669926
-3007.118788,1000,7189.140778
-3008.361641,1000,7190.844164
-3002.46383,1000,7192.672726
-2993.697477,1000,7194.534042
-3016.571633,1000,7196.485535
-3008.62575,1000,7197.966576
-2935.418196,1000,7199.49928
-2616.780838,1000,7201.041732
-3006.005462,1000,7202.587949
-3003.19503,1000,7204.149635
-3009.586192,1000,7208.676769
-3000.79151,1000,7210.095865
-2996.119173,1000,7211.821181
-3004.947855,1000,7213.545939
-2716.117429,1000,7215.440288
-2815.786952,1000,7217.31277
-2993.059893,1000,7219.328203
-2600.670849,1000,7220.911308
-2445.357236,1000,7222.510472
-3010.63942,1000,7224.11141
-3015.373851,1000,7228.618071
-2889.513288,1000,7230.091288
-2934.399877,1000,7231.779241
-2990.576169,1000,7233.321506
-2999.168156,1000,7234.755581
-3010.09905,1000,7236.419447
-2988.130724,1000,7237.932035
-2947.81359,1000,7239.484455
-2851.689872,1000,7241.344645
-2975.814409,1000,7243.129259
-3005.239571,1000,7246.493807
-3004.194183,1000,7248.084613
-2555.706977,1000,7249.67935
-2697.815436,1000,7251.290872
-3006.25491,1000,7252.919185
-2930.403179,1000,7254.560935
-2845.761986,1000,7256.327928
-2793.526314,1000,7257.937614
-2831.410684,1000,7259.580501
-2561.305071,1000,7261.247519
-2627.868145,1000,7266.130885
-3006.602888,1000,7267.895268
-2677.401242,1000,7269.519499
-2600.500966,1000,7271.252479
-2814.322337,1000,7273.115345
-3005.495194,1000,7275.092066
-3010.304086,1000,7276.764609
-2744.341182,1000,7278.36406
-2826.958281,1000,7279.947879
-2896.913061,1000,7281.527324
-2975.718919,1000,7284.99484
-2771.467826,1000,7286.464643
-3009.092259,1000,7288.024682
-2888.312838,1000,7289.743772
-2979.762235,1000,7291.496201
-2759.018561,1000,7293.313239
-2976.365837,1000,7294.93142
-2714.5652,1000,7297.789717
-2688.84873,1000,7300.001522
-3008.653373,1000,7301.780668
-2935.613705,1000,7310.799541
-2950.299602,1000,7312.804027
-1930.877215,676,7314.053614
-3047.096576,1000,7315.586761
-2957.133035,1000,7317.515144
-44.578236,15,7317.539745
-2965.974729,1000,7319.365216
-2952.205252,1000,7321.269145
-339.821527,124,7321.509529
-2982.104566,1000,7323.463461
-40.570706,14,7323.483398
-25.942893,11,7323.499326
-2999.54204,1000,7325.124085
-535.886617,190,7325.430189
-791.776741,265,7325.891931
-81.273511,27,7325.932683
-3056.231219,1000,7329.402411
-2976.458741,1000,7330.98061
-609.208734,216,7331.300737
-39.867785,18,7331.32844
-137.907589,48,7331.40183
-2840.77416,1000,7333.120056
-34.371256,13,7333.144779
-2955.475519,1000,7334.799878
-311.873499,103,7334.98275
-51.814837,19,7335.020072
-2856.737701,1000,7336.686193
-2863.677854,1000,7338.353822
-70.255814,28,7338.392565
-2824.045622,1000,7339.952531
-171.652453,76,7340.064726
-2887.596506,1000,7341.550014
-54.744464,21,7341.583173
-57.573069,20,7341.61666
-176.037959,52,7341.691408
-34.168608,12,7341.707921
-49.368061,16,7341.733806
-33.296911,12,7341.750453
-47.797994,14,7341.771507
-59.921529,20,7341.800421
-92.949514,38,7341.854006
-112.939056,30,7341.898178
-87.654357,61,7341.988594
-27.270599,13,7342.019541
-3015.755275,1000,7343.512694
-156.649913,68,7343.614659
-73.448737,24,7343.651134
-140.940979,51,7343.724563
-166.296082,57,7343.808619
-2949.138506,1000,7345.472069
-86.892379,36,7345.524116
-2888.581454,1000,7347.019557
-244.785043,86,7347.147264
-34.372721,14,7347.16639
-70.80516,28,7347.20851
-257.161631,101,7347.352751
-94.448006,45,7347.431343
-143.961234,48,7347.50562
-70.819757,27,7347.54356
-102.432438,40,7347.601628
-48.214417,20,7347.630659
-111.20787,26,7347.667959
-50.807456,24,7347.702637
-28.398037,12,7347.721943
-2997.8116,1000,7349.203405
-2855.14738,1000,7350.731166
-29.617631,12,7350.747988
-183.214559,63,7350.842948
-2864.583014,1000,7352.339749
-29.856565,12,7352.35669
-109.68792,46,7352.422064
-41.619425,14,7352.44334
-55.709542,24,7352.479081
-104.003742,48,7352.547334
-165.503851,52,7352.623763
-47.890193,23,7352.669223
-2884.405422,1000,7354.22009
-34.905301,13,7354.240552
-3011.706454,1000,7355.723428
-66.193014,22,7355.75466
-468.607813,143,7355.964026
-662.455997,220,7356.281582
-29.242544,12,7356.297821
-32.098287,12,7356.31654
-69.154373,37,7356.369063
-2875.628222,1000,7357.860618
-585.387483,200,7358.168526
-97.764024,29,7358.210254
-28.322378,13,7358.230193
-2741.756007,1000,7359.756034
-34.165648,11,7359.772086
-3007.680081,1000,7362.321704
-121.089405,44,7362.388182
-3006.137719,1000,7363.908374
-2952.883194,1000,7365.434381
-27.438618,12,7365.45084
-40.347136,13,7365.471238
-36.848752,12,7365.489501
-288.725647,103,7365.645295
-65.963642,23,7365.676562
-161.459042,60,7365.762318
-27.897363,12,7365.794922
-36.330566,12,7365.811214
-26.048254,11,7365.82668
-77.639765,30,7365.870687
-2843.634693,1000,7367.367253
-92.583091,40,7367.424787
-138.185997,50,7367.496364
-39.149996,12,7367.51537
-390.029181,126,7367.702515
-190.29906,68,7367.798848
-24.600692,10,7367.813521
-2833.737591,1000,7369.309716
-3043.509323,1000,7370.824769
-159.645083,51,7370.904169
-34.354336,13,7370.921312
-28.272036,11,7370.936849
-2797.16623,1000,7372.426971
-80.843546,35,7372.478041
-2820.720978,1000,7373.977006
-2886.629582,1000,7375.467593
-455.343376,170,7375.735634
-41.925743,16,7375.761017
-142.905521,46,7375.82678
-289.941546,114,7375.992751
-232.665423,79,7376.104982
-32.316762,12,7376.123633
-2906.688788,1000,7378.575356
-143.411537,45,7378.636535
-298.418599,98,7378.786546
-2799.121528,1000,7380.253957
-43.758215,17,7380.281335
-387.165153,134,7380.480675
-60.484496,21,7380.511862
-274.703778,98,7380.655147
-1700.810842,585,7381.536454
-2852.458729,1000,7383.050855
-46.049638,18,7383.078472
-423.208085,140,7383.298208
-167.688998,57,7383.380257
-129.509123,41,7383.450934
-3014.062366,1000,7385.045055
-277.891276,94,7385.181868
-78.145539,32,7385.232009
-37.956011,12,7385.248566
-48.502704,20,7385.277574
-59.395014,23,7385.31293
-190.634589,82,7385.430403
-47.670095,13,7385.450712
-34.591191,14,7385.471797
-25.271203,11,7385.487712
-2806.787334,1000,7386.986626
-185.984058,57,7387.081027
-33.972865,14,7387.102004
-93.184964,28,7387.145873
-56.108041,25,7387.183
-2005.891278,730,7388.282965
-2847.999287,1000,7389.790491
-39.423944,18,7389.8149
-2944.879921,1000,7391.360502
-106.607221,43,7391.424573
-82.772763,38,7391.47979
-301.984876,105,7391.648309
-2914.424587,1000,7394.464143
-2998.480699,1000,7395.873623
-2986.324933,1000,7397.373996
-262.728785,93,7397.511028
-318.938927,86,7397.636593
-2964.564919,1000,7399.17751
-142.322377,49,7399.258431
-2991.62867,1000,7400.853587
-3048.901878,1000,7402.371927
-68.769598,24,7402.408269
-106.112704,37,7402.460884
-333.259352,134,7402.656616
-2751.053236,1000,7404.184203
-73.348482,37,7404.237579
-2865.96988,1000,7405.804329
-2990.980355,1000,7407.342221
-47.4775,19,7407.372306
-2883.775971,1000,7408.89221
-30.530778,12,7409.645711
-151.279821,50,7409.710784
-35.73569,14,7409.726851
-2999.672281,1000,7411.113091
-242.266827,91,7411.245443
-43.594685,17,7411.268714
-3054.338488,1000,7412.750272
-3018.768997,1000,7414.242511
-46.836803,18,7414.271042
-2903.938984,1000,7415.913171
-26.59717,11,7415.928661
-3003.866717,1000,7417.397135
-3003.234479,1000,7418.889212
-100.817314,29,7418.935002
-3008.265213,1000,7420.466903
-2840.177127,1000,7422.001928
-28.874265,11,7422.017921
-38.099347,17,7422.042381
-110.272409,47,7422.1139
-126.477559,49,7422.185189
-117.007253,42,7422.250311
-36.870654,13,7422.267882
-3016.175756,1000,7423.790868
-30.318204,11,7423.809418
-69.226083,21,7423.839765
-60.005841,19,7423.869965
-2765.134066,1000,7425.584966
-65.590412,20,7425.615563
-2790.771736,1000,7427.149945
-2935.197746,1000,7428.666253
-94.383116,38,7428.733537
-97.284787,26,7428.771621
-194.729,68,7428.871784
-2833.944809,1000,7430.388364
-144.983798,57,7430.473393
-58.342452,15,7430.495613
-66.991901,26,7430.535513
-188.797675,56,7430.617277
-44.889848,14,7430.637955
-55.661126,18,7430.663706
-29.276076,11,7430.679672
-40.893186,13,7430.700402
-47.333704,20,7430.730199
-79.046102,30,7430.774414
-30.495977,12,7430.791236
-92.793089,28,7430.833297
-154.916573,61,7430.923269
-29.650945,12,7430.942801
-2773.931864,1000,7432.452818
-2781.812007,1000,7433.977786
-124.257407,55,7434.072848
-26.104734,11,7434.088623
-105.403007,39,7434.146697
-130.412508,46,7434.213166
-55.096468,15,7434.234689
-2808.854783,1000,7435.767507
-80.920656,27,7435.806778
-43.360452,13,7435.827327
-66.46326,27,7435.866135
-32.88583,13,7435.887105
-48.879352,15,7435.910523
-47.27453,15,7435.932711
-31.691006,12,7435.949662
-68.636017,21,7435.982652
-39.828361,15,7436.005703
-44.636329,13,7436.026852
-40.693028,12,7436.04398
-136.634155,57,7436.131567
-81.183673,30,7436.176355
-36.674813,14,7436.197637
-57.303474,18,7436.224384
-43.134603,13,7436.245834
-133.328059,37,7436.312065
-127.402745,38,7436.371666
-35.367014,19,7436.40053
-27.307933,13,7436.418237
-40.545087,17,7436.445696
-75.721965,23,7436.478441
-168.795218,52,7436.562468
-45.272435,15,7436.584993
-45.643248,12,7436.601618
-54.214107,17,7436.625437
-60.066493,25,7436.662932
-190.371929,55,7436.743797
-33.889913,13,7436.764134
-71.66264,21,7436.794512
-32.11125,13,7436.814867
-35.870181,12,7436.831869
-40.445478,12,7436.851273
-29.49654,11,7436.866335
-2677.825028,1000,7438.39578
-58.539288,19,7438.425022
-46.572422,17,7438.448111
-69.454492,19,7438.476632
-33.098018,13,7438.493631
-121.288817,43,7438.559122
-137.465688,38,7438.631231
-69.554752,21,7438.662357
-30.689182,13,7438.680411
-109.714459,38,7438.737506
-95.106357,34,7438.786577
-69.1966,25,7438.822593
-72.052389,23,7438.854907
-2688.36354,1000,7440.603126
-175.32512,56,7440.688063
-113.513131,38,7440.743873
-35.892663,12,7440.763542
-64.61073,25,7440.799548
-92.374423,32,7440.844222
-40.207578,11,7440.859757
-125.417418,40,7440.917625
-97.240986,32,7440.96576
-53.28663,29,7441.004922
-94.587896,34,7441.057162
-56.733028,23,7441.106031
-2785.926252,1000,7442.631667
-66.16353,17,7442.655945
-2689.809074,1000,7444.17057
-42.269611,11,7444.186481
-335.047218,135,7444.389009
-230.759691,77,7444.50555
-50.78706,13,7444.522681
-51.962228,31,7444.570045
-49.519635,14,7444.588748
-153.00916,65,7444.685505
-45.895645,25,7444.721304
-31.104172,12,7444.740455
-145.98272,40,7444.798354
-141.350035,40,7444.855976
-84.195687,28,7444.908609
-45.934242,17,7444.935945
-49.685134,25,7444.972027
-78.224143,26,7445.012441
-41.853105,10,7445.027771
-26.371531,12,7445.044757
-2689.695232,1000,7446.618875
-51.073407,15,7446.643834
-2724.913657,1000,7448.149954
-63.838601,29,7448.194154
-76.581979,24,7448.229711
-75.759396,32,7448.275073
-112.75785,33,7448.3237
-2748.73944,1000,7449.818408
-77.578715,20,7449.847842
-2665.968443,1000,7451.394839
-312.6329,90,7451.525643
-114.27149,33,7451.575236
-47.699137,17,7451.59863
-157.245592,65,7451.696566
-2729.750314,1000,7453.197197
-2719.891549,1000,7454.698078
-2730.45821,1000,7456.473555
-2742.89914,1000,7457.987025
-178.649725,50,7458.072459
-46.21589,19,7458.100187
-226.931598,63,7458.189794
-2835.491712,1000,7459.692144
-46.71662,22,7459.72576
-41.630769,14,7459.746976
-115.232767,45,7459.811362
-72.517219,22,7459.84701
-45.049993,16,7459.869709
-171.4537,56,7459.950086
-134.912415,48,7460.022184
-2662.06914,1000,7461.553275
-38.102819,22,7461.583669
-120.515303,43,7461.649891
-77.339118,25,7461.68711
-112.131995,36,7461.738703
-41.129458,18,7461.765883
-129.009223,40,7461.836833
-60.987264,22,7461.87111
-2176.141944,767,7463.019434
-43.019195,21,7463.049203
-37.880401,16,7463.071542
-45.547763,16,7463.094139
-53.34858,18,7463.121587
-118.663736,40,7463.179721
-48.380781,22,7463.21054
-86.904063,35,7463.260885
-128.299714,48,7463.345562
-64.600663,23,7463.377681
-127.171967,49,7463.451272
-207.721187,50,7463.52408
-49.883044,15,7463.546329
-157.854356,46,7463.613291
-170.292347,62,7463.705865
-67.916336,24,7463.741519
-90.090731,29,7463.781592
-114.869303,39,7463.83739
-2645.050294,1000,7465.3318
-209.721651,67,7465.43254
-48.525904,21,7465.462712
-2530.898121,1000,7466.978119
-41.334084,11,7466.994577
-54.773365,17,7467.018118
-2602.733328,1000,7468.523783
-2512.214147,1000,7470.022595
-29.648531,13,7470.043048
-164.758104,71,7470.16271
-71.963828,28,7470.212292
-80.753831,33,7470.264367
-45.748839,22,7470.300802
-139.025972,44,7470.372382
-426.931437,163,7470.628704
-73.165317,30,7470.674761
-49.467573,20,7470.705177
-191.751121,63,7470.803816
-2811.496589,1000,7473.088356
-92.730074,27,7473.124538
-131.202144,49,7473.198526
-2749.85432,1000,7474.670386
-112.781531,41,7474.729984
-103.177523,42,7474.793261
-42.892735,18,7474.817272
-112.336028,41,7474.87588
-217.539461,79,7474.990312
-52.75978,24,7475.025645
-150.652971,46,7475.09347
-306.14254,102,7475.244721
-78.628916,24,7475.277143
-131.973235,47,7475.346051
-80.775097,27,7475.398387
-315.279375,113,7475.56307
-69.524856,25,7475.598989
-2751.733774,1000,7477.121972
-46.599371,16,7477.14586
-133.049625,47,7477.215931
-2402.108887,883,7478.575447
-67.009885,23,7478.611155
-37.890444,21,7478.6422
-40.66188,12,7478.658685
-162.131558,60,7478.747929
-162.41103,44,7478.820669
-280.400498,90,7478.962183
-47.549173,15,7478.984938
-106.337207,37,7479.038874
-67.790449,24,7479.07437
-66.107067,19,7479.105348
-212.070322,72,7479.225554
-98.510074,38,7479.283048
-62.941742,24,7479.319433
-2470.227767,1000,7480.855823
-58.277878,22,7480.887155
-2669.246043,1000,7482.495849
-90.159217,35,7482.557657
-33.175223,13,7482.579697
-2669.373002,1000,7484.176968
-44.818082,18,7484.20523
-29.792149,11,7484.226282
-82.868328,35,7484.278875
-173.603924,68,7484.378503
-104.559073,34,7484.429859
-223.516914,66,7484.526064
-74.698588,23,7484.561886
-208.610343,72,7484.666736
-101.205156,36,7484.737411
-2751.628369,1000,7486.239985
-49.06536,21,7486.272088
-63.618784,28,7486.312367
-149.831713,45,7486.377861
-35.755864,10,7486.392781
-132.749971,45,7486.45726
-82.163472,18,7486.483944
-42.033317,11,7486.499709
-175.137926,61,7486.587678
-47.204381,18,7486.614283
-55.847234,22,7486.644732
-230.146103,85,7486.767946
-40.340105,17,7486.794896
-2794.216297,1000,7489.40886
-52.167174,19,7489.43119
-75.376657,31,7489.473777
-105.397453,35,7489.521296
-2680.093569,1000,7490.947776
-141.869414,52,7491.033404
-54.03129,25,7491.068787
-74.456908,30,7491.114102
-3024.641822,1000,7492.605234
-87.430534,29,7492.647241
-58.580316,20,7492.677173
-2686.035093,1000,7494.203601
-43.124655,17,7494.227797
-100.886085,44,7494.295861
-486.93087,176,7494.554918
-140.408658,48,7494.625092
-71.293326,25,7494.661226
-284.793884,106,7494.829918
-241.509912,90,7494.963438
-158.900114,56,7495.044003
-62.713338,21,7495.073801
-158.552084,60,7495.161581
-49.074532,15,7495.183828
-81.11123,31,7495.233266
-50.012868,17,7495.257168
-2713.622987,1000,7496.769467
-108.157126,35,7496.820183
-2707.657429,1000,7498.347926
-45.785241,20,7498.377889
-55.553632,17,7498.401942
-74.171278,24,7498.437935
-76.223431,25,7498.475599
-56.40571,20,7498.507735
-101.080416,39,7498.581524
-80.641332,33,7498.631898
-87.715602,32,7498.679031
-43.640027,16,7498.703071
-2719.965298,1000,7500.225484
-153.895504,59,7500.313025
-176.065496,61,7500.402211
-69.254546,27,7500.443716
-79.196536,25,7500.483533
-61.806594,22,7500.517786
-2733.302188,1000,7502.042463
-144.943981,62,7502.132415
-2713.811503,1000,7503.840661
-60.23895,24,7503.875968
-2710.253757,1000,7505.368856
-147.230163,60,7505.456462
-352.141427,134,7505.666003
-2737.70086,1000,7507.144154
-49.558548,18,7507.171486
-486.609765,184,7507.435323
-335.428005,124,7507.618684
-80.004296,31,7507.662818
-44.337942,15,7507.684189
-62.996356,25,7507.719867
-387.097014,138,7507.932016
-2722.404597,1000,7509.420794
-230.585834,101,7509.565082
-2691.348922,1000,7511.067045
-88.022394,34,7511.117077
-51.698003,14,7511.13848
-40.676286,20,7511.166912
-85.178545,28,7511.205549
-68.600858,23,7511.242732
-183.414774,69,7511.343483
-149.984056,56,7511.426809
-503.424118,190,7511.718393
-2678.051448,1000,7513.219021
-2803.152933,1000,7514.771678
-86.355487,31,7514.817282
-55.284858,23,7514.852385
-93.001822,36,7514.904242
-514.56451,193,7515.193511
-196.886642,74,7515.313824
-36.464988,19,7515.342929
-50.851002,19,7515.372943
-186.957769,62,7515.462145
-164.996927,66,7515.567911
-55.734181,16,7515.591706
-36.669446,18,7515.616521
-29.396791,13,7515.636999
-271.96156,89,7515.772276
-195.621787,74,7515.881299
-65.65895,23,7515.913191
-65.626449,25,7515.949681
-2727.993872,1000,7517.455035
-364.972079,118,7517.64449
-62.333175,35,7517.696334
-174.057354,65,7517.791617
-54.632124,26,7517.829489
-1368.626949,495,7519.61371
-263.84846,84,7519.716767
-135.517826,43,7519.768042
-2489.667724,896,7521.025126
-73.220928,26,7521.061391
-113.183748,36,7521.112513
-56.564025,26,7521.150997
-53.61592,18,7521.177933
-116.639135,45,7521.242375
-2687.913662,1000,7522.745476
-66.97325,23,7522.777703
-166.64044,63,7522.872047
-64.768672,28,7522.91642
-132.858714,38,7522.971408
-181.697281,74,7523.095297
-2783.685671,1000,7524.621027
-2703.183878,1000,7526.170618
-83.482082,31,7526.219885
-58.206586,19,7526.249704
-374.941639,131,7526.447968
-119.004449,50,7526.523008
-53.220039,25,7526.560161
-91.342582,25,7526.59821
-94.358876,37,7526.656238
-111.805931,45,7526.723352
-27.857834,11,7526.739031
-194.019473,77,7526.863556
-2998.987566,1000,7528.372712
-148.815885,48,7528.44628
-198.021259,72,7528.551055
-2767.112943,1000,7530.070072
-319.902879,125,7530.260474
-418.055596,142,7530.47469
-2716.815689,1000,7531.988778
-362.403243,118,7532.173954
-96.276921,35,7532.226266
-181.446727,57,7532.314373
-2777.475944,1000,7533.818803
-88.80857,29,7533.86085
-72.378009,29,7533.904829
-98.815223,40,7533.962168
-91.310334,34,7534.011984
-58.54686,22,7534.045523
-55.904925,22,7534.079461
-175.401773,68,7534.175781
-57.700744,19,7534.203431
-109.795667,41,7534.262196
-37.126933,13,7534.282668
-109.716801,45,7534.350379
-2830.356808,1000,7536.708718
-2730.739621,1000,7538.152277
-2763.134595,1000,7539.676161
-468.855778,166,7539.934167
-55.388066,17,7539.961661
-58.498681,15,7539.983694
-492.111812,179,7540.246808
-2769.759422,1000,7541.77414
-317.080243,122,7541.953931
-150.259154,46,7542.036319
-99.037622,37,7542.09025
-39.228831,15,7542.112171
-38.935058,22,7542.146508
-55.759512,21,7542.177234
-2721.934591,1000,7543.693588
-110.434904,24,7543.728852
-44.538311,15,7543.750572
-322.4652,103,7543.900349
-330.435064,109,7544.059731
-32.196382,11,7544.076389
-125.748929,45,7544.144411
-55.852832,31,7544.193295
-32.057707,19,7544.219159
-211.235811,78,7544.350208
-102.512086,38,7544.408682
-141.802695,57,7544.494518
-68.056536,29,7544.538759
-2978.967712,1000,7546.071155
-2799.906421,1000,7547.598114
-348.635,124,7547.778066
-115.278578,48,7547.848168
-93.483726,36,7547.90001
-2730.664363,1000,7549.404266
-2922.271445,1000,7553.880489
-2740.326009,1000,7555.41479
-3005.359269,1000,7557.057368
-199.635765,80,7557.174075
-206.301178,75,7557.295463
-101.710276,35,7557.3484
-472.10216,172,7557.599626
-2903.799055,1000,7559.202439
-2923.457485,1000,7561.024691
-2831.239368,1000,7563.027623
-78.125679,27,7563.064652
-2854.683282,1000,7564.699635
-2904.447304,1000,7566.596148
-2856.446943,1000,7568.196224
-175.547365,66,7568.323208
-38.825043,11,7568.344189
-58.434321,21,7568.379839
-137.98358,40,7568.444656
-107.851017,38,7568.501111
-53.801429,16,7568.527669
-174.793799,64,7568.634185
-81.169161,30,7568.679166
-82.77748,18,7568.707521
-147.609122,54,7568.788853
-48.402336,17,7568.815294
-155.976661,61,7568.903512
-168.705484,63,7568.999034
-108.886286,37,7569.058322
-2736.703943,1000,7570.772064
-50.292589,19,7570.801994
-112.331146,43,7570.871035
-40.940613,16,7570.894405
-447.97386,186,7571.193624
-137.495384,54,7571.286136
-99.832436,35,7571.340791
-54.045158,20,7571.371912
-46.378351,18,7571.399894
-42.932552,15,7571.423733
-52.480873,19,7571.452643
-110.179763,38,7571.522909
-136.276269,45,7571.625259
-103.503674,38,7571.691277
-2800.079888,1000,7573.495166
-41.493674,18,7573.525172
-96.543364,31,7573.575326
-96.03627,33,7573.646228
-233.291221,78,7573.787738
-40.231295,17,7573.814993
-254.021562,79,7573.940296
-31.751677,12,7573.957759
-60.614276,23,7573.997708
-99.680694,37,7574.058601
-27.414469,10,7574.07927
-51.746659,20,7574.114328
-46.41455,17,7574.145869
-167.714183,54,7574.261441
-35.278569,15,7574.292777
-93.019072,33,7574.366275
-48.057314,17,7574.393221
-107.931381,32,7574.450731
-54.902502,26,7574.492233
-297.613947,100,7574.661103
-11.993335,5,7574.668579
-39.248361,14,7574.692634
-79.320532,25,7574.73181
-72.806695,26,7574.772743
-90.32897,31,7574.823097
-199.048947,69,7574.940405
-101.533879,34,7574.996976
-53.504554,15,7575.019987
-2990.922846,1000,7576.813757
-143.674626,52,7576.907061
-3000.066832,1000,7578.688127
-42.067525,12,7578.71034
-3007.197398,1000,7580.350872
-62.0231,23,7580.385064
-75.738003,22,7580.423228
-86.105092,30,7580.471435
-109.194496,43,7580.542291
-95.385055,32,7580.647146
-2835.489294,1000,7582.220844
-59.589078,19,7582.246431
-3005.134344,1000,7583.998746
-3004.496688,1000,7585.679871
-3005.102562,1000,7587.395134
-53.498676,18,7587.423705
-26.859877,12,7587.441269
-36.020075,12,7589.399986
-3006.349196,1000,7591.257817
-2999.699898,1000,7593.28436
-93.525327,37,7593.348109
-101.184101,37,7593.422899
-141.879636,52,7593.506009
-114.203197,35,7593.561268
-32.686062,10,7593.577606
-2927.484425,1000,7595.400854
-73.624279,28,7595.452435
-315.691842,109,7595.626433
-44.315825,17,7595.653222
-153.847597,48,7595.734445
-3000.860433,1000,7597.640036
-150.833849,54,7597.732753
-137.496568,45,7597.795913
-112.81768,47,7597.875224
-46.99241,15,7597.898242
-87.190011,32,7597.949041
-92.201069,32,7598.001866
-204.533294,56,7598.098733
-35.555317,13,7598.117581
-35.912344,10,7598.140165
-66.376814,22,7598.186018
-60.073712,22,7598.236289
-156.83768,58,7598.353677
-170.971713,55,7598.465726
-63.021843,20,7598.502887
-2995.611592,1000,7600.23491
-2874.053426,1000,7602.042104
-2769.514183,1000,7603.965706
-2676.126804,1000,7605.776036
-547.150312,198,7606.111964
-102.073466,35,7606.233125
-142.266616,49,7606.341117
-110.412252,40,7606.432569
-70.909042,24,7606.483562
-247.44486,77,7606.604879
-81.228202,30,7606.656083
-73.54959,24,7606.693167
-556.845269,215,7607.062135
-54.068551,20,7607.098356
-2922.608737,1000,7609.448432
-40.751794,11,7609.466797
-332.987425,127,7609.709682
-48.962737,18,7609.745205
-43.461058,15,7609.774907
-41.403003,13,7609.800931
-85.924537,35,7609.867408
-104.299021,41,7609.952903
-425.604985,148,7610.322031
-3012.298559,1000,7612.508168
-91.029871,26,7612.566505
-40.752203,15,7612.592577
-70.321881,25,7612.634027
-51.610083,16,7612.661384
-146.102106,58,7612.769274
-42.582788,13,7612.790087
-88.639203,33,7612.852408
-72.425667,22,7612.89277
-37.361476,11,7612.91063
-25.928413,11,7612.932114
-23.987991,10,7612.949676
-111.264854,41,7613.020598
-34.64786,12,7613.040684
-53.623173,15,7613.066959
-63.805003,18,7613.099283
-60.588572,21,7613.134716
-197.076837,69,7613.272593
-41.790572,15,7613.302496
-141.451738,43,7613.396111
-26.346223,10,7613.41812
-51.024643,20,7613.463955
-48.274657,14,7613.495662
-30.439702,11,7613.528637
-2912.334909,1000,7615.545482
-101.44709,33,7615.598147
-83.788533,31,7615.644532
-34.44207,12,7615.66438
-115.411427,43,7615.727257
-46.55569,13,7615.747987
-81.55242,26,7615.786505
-2950.165509,1000,7617.429065
-2676.973278,1000,7619.015272
-2769.794753,1000,7620.586253
-132.44793,49,7620.664302
-122.376953,43,7620.729353
-99.456662,35,7620.783332
-132.852733,50,7620.857114
-59.675186,22,7620.893584
-121.620796,42,7620.959894
-38.41337,13,7620.98115
-56.314847,20,7621.010891
-74.736682,28,7621.05196
-180.083668,70,7621.249533
-68.723204,26,7621.306404
-57.80825,19,7621.340512
-2996.341064,1000,7622.87752
-46.235105,13,7622.897715
-128.637459,42,7622.958575
-134.255612,47,7623.030279
-43.003527,17,7623.054802
-2861.794402,1000,7624.649485
-2863.627466,1000,7626.626652
-125.653485,42,7626.702995
-309.866377,110,7626.939254
-100.948588,30,7626.997264
-154.257621,49,7627.068167
-77.478211,30,7627.111931
-122.497949,40,7627.181884
-61.192208,21,7627.261271
-78.135507,29,7627.313745
-63.289661,23,7627.354012
-138.473821,51,7627.443319
-81.352862,28,7627.488285
-66.035322,24,7627.526824
-84.659215,27,7627.571351
-65.89122,24,7627.609114
-114.162311,38,7627.667717
-59.886421,19,7627.697256
-124.036539,43,7627.760685
-86.55805,31,7627.80314
-63.214743,21,7627.833332
-153.090001,65,7627.934081
-95.369043,31,7627.989618
-54.855884,18,7628.022971
-92.72535,30,7628.090925
-37.701338,11,7628.107424
-110.909251,30,7628.162176
-83.774046,24,7628.203414
-93.214702,34,7628.259359
-40.90713,12,7628.277238
-134.031559,45,7628.346735
-105.786336,38,7628.407301
-43.573916,16,7628.432056
-47.117703,16,7628.456693
-64.763751,23,7628.494629
-240.08888,83,7628.676136
-51.851366,18,7628.715794
-63.778095,25,7628.763191
-67.460712,23,7628.802668
-39.668373,14,7628.833931
-32.771407,11,7628.872021
-35.23727,13,7628.901346
-41.281737,17,7628.937972
-189.436063,69,7629.105019
-112.645586,45,7629.190231
-2944.79928,1000,7630.908234
-66.417762,21,7630.956788
-151.763888,56,7631.064997
-86.100692,34,7631.128769
-113.383533,36,7631.190575
-51.909844,19,7631.221306
-178.512004,63,7631.299439
-83.57705,25,7631.331252
-35.642458,11,7631.344795
-3012.316822,1000,7632.99626
-42.401193,13,7633.014096
-109.336849,43,7633.070522
-141.228707,37,7633.11565
-239.351813,86,7633.293252
-69.91379,25,7633.33189
-126.405806,42,7633.417892
-255.987848,96,7633.54608
-189.505283,66,7633.634005
-186.814642,68,7633.734053
-114.114347,41,7633.794755
-1498.756109,577,7634.619531
-73.384242,24,7634.657068
-61.048177,22,7634.688331
-2884.555563,1000,7636.326064
-2999.665011,1000,7637.846467
-3002.221825,1000,7639.479815
-2997.396295,1000,7641.332459
-3004.171341,1000,7643.12291
-2953.531806,1000,7649.108443
-2999.385768,1000,7650.874742
-2998.90323,1000,7652.537232
-82.945357,21,7652.607448
-2998.185802,1000,7654.319379
-3024.5922,1000,7656.003058
-3004.038514,1000,7657.838129
-3006.05614,1000,7659.643598
-3004.524114,1000,7661.453391
-3000.263762,1000,7663.187073
-2997.652177,1000,7668.469224
-3004.72149,1000,7669.837052
-3006.155404,1000,7671.632643
-3006.972039,1000,7673.517942
-3005.113497,1000,7675.357029
-3010.469231,1000,7677.142643
-3007.393516,1000,7679.139462
-3005.613573,1000,7680.862991
-3006.90025,1000,7682.692035
-2999.906386,1000,7684.443992
-3006.49134,1000,7689.888705
-3003.807486,1000,7691.295547
-3005.088547,1000,7692.726046
-3003.729002,1000,7694.318326
-3004.575766,1000,7695.829314
-3003.605447,1000,7697.463601
-3005.8465,1000,7698.966697
-2998.755185,1000,7700.467287
-450.51219,154,7700.761741
-3017.337401,1000,7702.326538
-3006.34046,1000,7703.871602
-3003.693244,1000,7708.900364
-2996.549944,1000,7710.371781
-3004.079654,1000,7711.989254
-3005.026467,1000,7713.53203
-3003.885331,1000,7715.135258
-3000.546183,1000,7716.698856
-3007.083574,1000,7718.267455
-3006.249522,1000,7720.060947
-3006.068907,1000,7721.646504
-3004.986835,1000,7723.275046
-3001.176102,1000,7727.90397
-2998.169974,1000,7729.283277
-3003.797413,1000,7730.793918
-3004.481346,1000,7732.447212
-3005.73654,1000,7734.098661
-3001.850501,1000,7735.733214
-3005.034931,1000,7737.536551
-3003.937462,1000,7739.347232
-3003.902062,1000,7741.255937
-3008.564445,1000,7743.072951
-3007.00959,1000,7748.45023
-3000.479237,1000,7750.006721
-3000.95617,1000,7751.625456
-3003.132669,1000,7753.268515
-3012.746523,1000,7755.083527
-3004.739136,1000,7756.918336
-3006.116951,1000,7758.763302
-3002.464142,1000,7760.678974
-3007.13996,1000,7762.546516
-3003.756261,1000,7764.527634
-3006.201969,1000,7771.03824
-3000.820952,1000,7772.652491
-3008.815343,1000,7774.451735
-3003.378226,1000,7776.308126
-3004.190894,1000,7778.017478
-3011.698128,1000,7779.876998
-3005.820523,1000,7781.675338
-3004.009698,1000,7783.492055
-3004.934863,1000,7785.306135
-3003.742984,1000,7787.016077
-3005.319995,1000,7792.330889
-3007.985612,1000,7793.822739
-3005.352922,1000,7795.330775
-3005.932707,1000,7796.964938
-3006.903218,1000,7798.749933
-3004.800819,1000,7800.592363
-3008.394591,1000,7802.431932
-3003.197269,1000,7804.34067
-3004.634101,1000,7806.124179
-3008.72425,1000,7807.669843
-3000.715145,1000,7813.841579
-3009.262068,1000,7815.380582
-3005.527419,1000,7817.366508
-3005.254464,1000,7819.140857
-3005.580929,1000,7821.044173
-3004.740935,1000,7822.741862
-3006.335142,1000,7824.267924
-3003.666984,1000,7825.931916
-3006.51612,1000,7827.475707
-3005.722983,1000,7829.072892
-3006.909433,1000,7835.239178
-3007.654732,1000,7836.742829
-3008.628575,1000,7838.449285
-3003.419466,1000,7840.204783
-3004.875339,1000,7842.182776
-3004.282592,1000,7843.931446
-3006.931264,1000,7845.74032
-3005.602893,1000,7847.483851
-3006.747938,1000,7849.198906
-3006.04992,1000,7850.919182
-3007.004652,1000,7855.684222
-3006.174567,1000,7857.308043
-3004.09283,1000,7858.893125
-3000.421895,1000,7860.599443
-3006.297879,1000,7862.435735
-3007.039175,1000,7863.992562
-3001.139588,1000,7865.509748
-3005.257312,1000,7867.030517
-3004.481308,1000,7868.544619
-3004.475686,1000,7870.124634
-3003.596928,1000,7874.33528
-3000.030163,1000,7875.489626
-3004.598564,1000,7876.927125
-2994.202759,1000,7878.450406
-3006.145815,1000,7880.039642
-25.394371,10,7880.054127
-3007.216026,1000,7881.549205
-3008.775599,1000,7883.060735
-2992.997886,1000,7884.727155
-3005.011972,1000,7886.588712
-45.19873,13,7886.610206
-3004.9068,1000,7888.179765
-3005.832708,1000,7893.713927
-3005.827664,1000,7895.206831
-3003.243136,1000,7897.144993
-3005.669679,1000,7899.086515
-3003.629032,1000,7900.947618
-3007.36437,1000,7902.827548
-3004.935427,1000,7904.637975
-3005.03582,1000,7906.427947
-3006.685424,1000,7908.130822
-3006.410105,1000,7909.754725
-3006.679569,1000,7914.587896
-3006.946664,1000,7915.812016
-3004.990943,1000,7917.259592
-2999.166463,1000,7918.8543
-3004.500186,1000,7920.82687
-3005.931626,1000,7922.3924
-3004.03623,1000,7923.854841
-3005.079602,1000,7925.449789
-3004.632618,1000,7927.005505
-58.614403,13,7927.025834
-3003.00952,1000,7928.741043
-2998.80103,1000,7933.615097
-3005.213922,1000,7934.690038
-3029.577134,1000,7936.072816
-3003.92218,1000,7938.006265
-2999.350573,1000,7939.728337
-3005.319815,1000,7941.366498
-2994.888753,1000,7943.023852
-2997.486735,1000,7944.810459
-3006.370155,1000,7946.660397
-3002.120155,1000,7948.36955
-3007.23577,1000,7953.851135
-2998.823731,1000,7955.140989
-2619.965952,1000,7956.911251
-3004.141338,1000,7958.6253
-2814.04455,1000,7960.713045
-1837.776336,660,7961.911127
-2984.688263,1000,7963.622691
-1738.916703,646,7964.667511
-106.894535,31,7964.719707
-2717.959817,1000,7966.612433
-315.887934,119,7966.817271
-39.881278,11,7966.832856
-2706.511473,1000,7968.472048
-2707.359459,1000,7970.149051
-856.939893,330,7973.70083
-46.343084,20,7973.727983
-46.901993,12,7973.742942
-2118.986891,799,7974.967563
-506.540841,184,7975.184047
-2707.357125,1000,7976.55396
-208.073188,76,7976.670253
-318.460866,116,7976.923594
-2699.475433,1000,7978.651577
-112.724999,46,7978.733184
-496.388627,186,7979.048034
-150.541621,58,7979.146944
-703.484052,259,7979.579268
-42.472693,12,7979.600503
-38.465869,10,7979.617357
-2557.270437,1000,7981.320062
-2584.459479,1000,7983.023319
-803.86193,303,7983.550109
-42.61808,12,7983.572164
-2120.287985,827,7985.015754
-648.30624,240,7985.421813
-2733.944651,1000,7987.044379
-121.305289,42,7987.110441
-321.651386,125,7987.409993
-331.78598,126,7987.622912
-111.453092,42,7987.707342
-50.310103,18,7987.741065
-114.359099,45,7987.818646
-99.076931,44,7987.892633
-58.484476,19,7987.925354
-47.631804,17,7987.956673
-400.660669,140,7988.197877
-121.118285,43,7988.273959
-193.920637,53,7988.367477
-148.387745,55,7988.462403
-66.927877,25,7988.507547
-34.002566,12,7988.527863
-693.800264,257,7989.000149
-180.429343,54,7989.089972
-123.86078,51,7989.178957
-2623.175462,1000,7992.225049
-2829.198225,1000,7993.775556
-38.591025,13,7993.794688
-63.435114,25,7993.835134
-94.01628,31,7993.884301
-64.106246,28,7993.931555
-33.729649,15,7993.954585
-2696.729028,1000,7995.642503
-2647.240072,1000,7997.41418
-37.649736,14,7997.433724
-98.435682,43,7997.497978
-2779.0272,1000,7999.156748
-3000.814625,1000,8000.693514
-300.829297,107,8000.844764
-41.304349,11,8000.858814
-45.061413,13,8000.877993
-284.678559,106,8001.072234
-2836.304739,1000,8002.715318
-579.378178,206,8003.041818
-2666.417508,1000,8004.737567
-424.086927,157,8005.032728
-35.011375,10,8005.047189
-1771.92944,686,8006.211655
-2248.50085,855,8007.584452
-487.650704,183,8007.869873
-388.110984,144,8008.095136
-481.881416,173,8010.969104
-80.342657,26,8010.996574
-629.581175,232,8011.23872
-2813.078087,1000,8012.635229
-2583.767456,1000,8014.330846
-2572.690908,1000,8016.069482
-2867.208162,1000,8017.629642
-2896.318683,1000,8019.32478
-2966.550951,1000,8021.074173
-2635.453498,1000,8022.778721
-2981.521076,1000,8024.762718
-2634.537561,1000,8026.309519
-2643.513314,1000,8031.236616
-2779.974038,1000,8032.372205
-2700.312449,1000,8034.048361
-2736.838704,1000,8035.850756
-2779.800525,1000,8037.9721
-2980.279507,1000,8040.30618
-2725.678863,1000,8042.337276
-2765.605596,1000,8044.384915
-2559.885984,938,8047.478231
-2768.649589,1000,8049.278085
-2867.465974,1000,8052.821368
-2847.364766,1000,8054.371732
-70.904327,17,8054.397397
-2261.244958,843,8055.919402
-960.363761,340,8056.50618
-2699.283833,1000,8058.277465
-2793.920077,1000,8060.512367
-2972.097526,1000,8062.507675
-2838.346853,1000,8065.032401
-2909.899984,1000,8067.558669
-2811.579888,1000,8069.586502
-2828.831209,1000,8071.565099
-3003.098142,1000,8079.46892
-2779.590687,1000,8080.938456
-2666.669976,1000,8082.511856
-2871.373515,1000,8084.250376
-2777.689891,1000,8085.978386
-1080.670967,377,8086.918178
-2739.319958,1000,8088.980489
-2939.256125,1000,8090.748023
-151.053101,58,8090.83875
-2583.312159,1000,8092.771204
-2633.891623,1000,8094.799583
-2841.836854,1000,8096.558377
-2955.702064,1000,8103.577485
-3002.526578,1000,8105.134732
-2998.319344,1000,8106.971195
-3001.699131,1000,8108.793523
-3002.595963,1000,8110.556371
-2996.675897,1000,8112.482161
-2990.06579,1000,8114.212924
-3010.017484,1000,8115.968277
-3003.609912,1000,8117.829711
-3019.427911,1000,8119.571957
-3000.964832,1000,8126.231318
-3001.490365,1000,8127.799535
-2999.211097,1000,8129.518883
-2995.701877,1000,8131.213243
-3000.774468,1000,8132.762426
-3002.268585,1000,8134.456724
-3000.689272,1000,8136.081245
-3003.868135,1000,8137.7739
-3001.68033,1000,8139.488656
-3004.402933,1000,8141.353482
-2999.466715,1000,8148.440128
-3003.174365,1000,8150.367313
-3010.568085,1000,8152.253191
-3000.163047,1000,8154.039091
-3004.304626,1000,8155.789928
-3004.733729,1000,8157.544767
-3002.643292,1000,8159.455945
-3009.941553,1000,8161.350007
-3002.799217,1000,8162.945523
-2998.219071,1000,8164.671108
-3002.698121,1000,8174.375851
-3001.008516,1000,8177.064017
-3003.667051,1000,8180.124319
-3005.123378,1000,8186.659907
-2999.995107,1000,8191.780218
-3001.782514,1000,8195.092526
-3003.303889,1000,8198.05618
-2997.711406,1000,8203.027075
-2998.203649,1000,8206.374464
-3002.649542,1000,8209.246602
-2999.086905,1000,8216.410281
-2996.329753,1000,8218.003536
-3002.032264,1000,8219.608137
-3003.671969,1000,8221.116031
-3003.107109,1000,8222.812133
-3001.420028,1000,8224.451899
-3000.406259,1000,8226.035264
-3000.392664,1000,8227.743569
-3003.588168,1000,8229.281921
-2794.32768,1000,8230.892687
-2620.656921,1000,8235.744767
-2567.526681,1000,8237.300064
-2530.732808,1000,8238.925246
-2870.106266,1000,8240.602002
-2918.381346,1000,8243.123548
-2739.252882,1000,8245.770933
-2984.889766,1000,8248.150835
-2793.872218,1000,8250.742639
-2946.341382,1000,8252.649907
-2910.706979,1000,8254.286976
-3043.969364,1000,8258.684669
-3109.555564,1000,8260.330025
-41.475231,13,8260.347631
-3043.075797,1000,8262.11821
-2907.343705,1000,8263.663466
-3002.762296,1000,8265.186051
-2915.181239,1000,8266.692562
-576.101271,191,8267.000714
-156.799163,51,8267.076413
-2667.707462,1000,8268.660458
-2810.188417,1000,8270.189324
-3003.846875,1000,8271.688378
-3002.093027,1000,8276.7904
-3007.574735,1000,8277.974562
-3005.267449,1000,8279.395351
-3001.52215,1000,8280.87634
-3003.392671,1000,8282.374793
-3012.353689,1000,8283.882681
-3009.785195,1000,8285.364507
-3114.113867,1000,8286.85448
-3011.597876,1000,8288.333627
-3069.865553,1000,8289.850892
-3004.042787,1000,8294.899388
-3007.67815,1000,8296.179683
-3013.291318,1000,8297.580014
-2994.997017,1000,8299.047372
-2968.16823,1000,8300.57919
-2843.485686,1000,8302.099995
-2957.982971,1000,8303.618013
-2790.8531,1000,8305.137935
-2780.879272,1000,8306.671816
-2798.386883,1000,8308.183214
-2834.15504,1000,8312.690247
-2874.951524,1000,8313.750062
-2884.255284,1000,8315.100551
-2425.783652,1000,8316.618683
-2822.454378,1000,8318.164271
-2926.102447,1000,8319.718909
-2835.155539,1000,8321.25262
-889.668711,306,8321.718975
-1096.990226,368,8322.268314
-1433.055638,477,8322.996186
-2705.899135,1000,8324.498615
-1000.875298,360,8325.045078
-3006.245115,1000,8326.583794
-3030.936556,1000,8330.620348
-2948.160043,1000,8331.88873
-2681.042185,1000,8333.379627
-2820.233849,1000,8334.885932
-1042.031628,360,8335.440276
-2692.795487,1000,8336.984487
-47.615027,15,8337.00704
-267.647971,83,8337.132214
-2866.695932,1000,8338.645432
-1235.43402,437,8339.307268
-2891.197214,1000,8340.810174
-652.01047,230,8341.146784
-959.044272,284,8341.568395
-2832.385249,1000,8343.066562
-2923.43974,1000,8347.628069
-2878.121782,1000,8348.722475
-2881.023678,1000,8350.10475
-2954.18936,1000,8351.586088
-3038.896119,1000,8353.078323
-892.247684,342,8353.585955
-2681.164004,1000,8355.082798
-2847.626318,1000,8356.591907
-2814.514444,1000,8358.101233
-160.588066,56,8358.185118
-2893.481217,1000,8359.677944
-815.631551,276,8360.082644
-271.541261,78,8360.193822
-314.797891,112,8360.370588
-189.223284,69,8360.469124
-2972.369497,1000,8362.939481
-491.5156,182,8363.157997
-2830.154287,1000,8364.5095
-2925.368286,1000,8365.952068
-2681.136495,1000,8367.420615
-2807.290074,1000,8368.948884
-2741.287151,1000,8370.456467
-2658.32758,1000,8371.942496
-2605.993,1000,8373.420775
-2777.01468,1000,8374.948052
-2978.094523,1000,8376.408612
-2899.756408,1000,8379.703255
-2997.29383,1000,8380.998875
-2873.917041,1000,8382.44366
-2939.907238,1000,8384.003942
-41.820033,14,8384.024593
-2946.523477,1000,8385.527949
-2828.271267,1000,8387.019491
-2815.363567,1000,8388.48132
-2685.151724,1000,8390.018827
-2943.504365,1000,8391.524725
-2988.852713,1000,8393.003681
-980.662079,331,8393.501267
-2912.291005,1000,8398.684041
-2808.566457,1000,8400.086232
-2711.48241,1000,8401.529784
-2731.374281,1000,8403.013494
-2623.702315,1000,8404.525277
-2801.944125,1000,8406.035341
-2674.554506,912,8407.392011
-2681.781714,1000,8408.876874
-773.060792,290,8409.297597
-2502.279019,1000,8410.797533
-399.52855,138,8411.001765
-61.164385,18,8411.025434
-2750.427608,1000,8412.504062
-2494.148698,1000,8415.395552
-2662.57791,1000,8416.880333
-176.129197,61,8416.985004
-2726.146979,1000,8418.460112
-2816.9115,1000,8419.95939
-2805.179482,1000,8421.455126
-2743.310766,1000,8422.948756
-2287.237828,851,8424.211353
-119.12022,38,8424.265065
-2720.28539,1000,8425.753479
-36.940946,14,8425.774419
-529.025818,204,8426.068094
-2962.599839,1000,8427.538792
-2965.805307,1000,8431.615953
-2939.191311,1000,8432.722172
-2957.828904,1000,8434.109442
-2966.13825,1000,8435.584221
-2946.138811,1000,8437.059197
-2782.195646,1000,8438.548117
-2843.73241,1000,8440.066704
-2941.449116,1000,8441.667498
-2855.144933,1000,8443.188779
-2987.21566,1000,8444.675146
-2970.191924,1000,8447.778116
-73.844657,23,8447.801769
-45.534711,15,8447.816654
-603.292773,205,8448.025836
-3000.618322,1000,8449.305094
-2790.01952,1000,8450.754759
-2722.221641,1000,8452.23298
-2916.568624,1000,8453.710399
-2702.084837,1000,8455.205678
-2582.461341,1000,8456.678252
-2695.162365,1000,8458.152728
-2729.974585,1000,8459.633514
-1284.954961,448,8460.313506
-49.531896,15,8460.337028
-2881.382936,1000,8461.863839
-2786.496782,1000,8465.104239
-2786.897588,1000,8466.49269
-189.161243,66,8466.585869
-660.787254,215,8466.903923
-179.519665,59,8466.989455
-103.915951,39,8467.045433
-861.400238,285,8467.461872
-574.240616,199,8467.747551
-73.313391,25,8467.782949
-43.918774,15,8467.804746
-56.79602,23,8467.836483
-511.709551,164,8468.071392
-141.316971,60,8468.161592
-1016.468889,347,8468.658188
-52.313867,19,8468.68374
-47.361132,17,8468.709753
-2856.402261,1000,8470.180824
-339.11678,123,8470.377727
-1094.464425,404,8470.976849
-76.63822,25,8471.01317
-298.3133,98,8471.171172
-2786.015067,1000,8472.680717
-631.207796,201,8472.977385
-301.229896,98,8473.121054
-563.121668,170,8473.383097
-2882.268241,1000,8474.882675
-2922.523373,1000,8477.189506
-2869.347475,1000,8479.585201
-908.529174,312,8480.142808
-620.057561,209,8482.75346
-727.684051,250,8483.040602
-91.53093,30,8483.072271
-243.198508,85,8483.160623
-1686.10872,588,8483.868439
-911.292137,294,8484.279475
-2835.091639,1000,8485.851675
-199.724072,59,8485.951259
-2775.362681,1000,8487.662745
-2933.645758,1000,8489.36427
-113.870416,36,8489.413196
-537.348584,164,8489.690267
-239.516276,73,8489.961293
-125.763609,43,8490.017102
-2859.336234,1000,8491.642805
-333.854566,121,8491.851842
-341.689029,104,8491.984229
-45.294956,14,8492.005609
-565.41654,209,8492.314903
-215.25235,95,8492.437108
-2802.125898,1000,8494.042779
-224.228439,80,8494.153477
-491.385637,167,8494.385909
-466.336353,156,8494.640553
-2933.816987,1000,8496.248934
-2978.770006,1000,8497.743806
-3032.534689,1000,8500.892512
-895.777312,305,8501.368658
-226.445694,69,8501.455931
-803.573215,269,8501.835581
-84.510372,25,8501.869719
-3068.512535,1000,8503.549588
-235.740455,78,8503.693223
-2842.493154,1000,8505.250856
-197.924263,64,8505.360557
-470.007091,155,8505.600962
-256.078444,88,8505.736554
-961.250267,335,8506.365722
-163.409114,61,8506.483449
-766.234484,260,8506.883824
-1283.088775,425,8507.57636
-379.456135,129,8507.767423
-1477.243366,485,8508.487503
-2804.95731,1000,8510.30478
-198.829226,64,8510.439763
-169.605048,48,8510.504646
-484.58928,175,8510.806373
-377.420519,134,8511.010791
-2770.681912,1000,8512.584573
-2900.675606,1000,8514.143925
-3048.44508,1000,8515.913137
-1668.611962,629,8520.129501
-2583.268503,1000,8521.936671
-2836.563574,1000,8523.57631
-2969.896263,1000,8525.305514
-2849.583088,1000,8527.027167
-1839.844433,616,8527.98599
-2764.801096,1000,8529.675407
-632.727212,210,8530.3026
-166.772954,71,8530.446713
-2994.97805,1000,8532.152116
-2999.992219,1000,8533.796921
-1413.812505,482,8534.567576
-2986.322966,1000,8536.352262
-1329.758484,501,8540.138576
-2596.993617,1000,8541.57546
-2670.152381,1000,8542.942858
-2970.698681,1000,8544.490008
-2994.413098,1000,8546.026589
-2955.329421,1000,8547.696606
-613.027805,205,8547.989652
-730.336473,286,8548.478637
-29.425295,15,8548.504401
-663.735323,261,8548.883396
-331.770356,124,8549.057811
-1009.308838,384,8549.66716
-1017.038257,353,8550.19077
-48.488513,16,8550.22636
-622.530952,219,8550.721066
-2707.41277,1000,8552.207655
-456.272135,147,8552.482512
-82.368016,28,8552.522304
-315.151232,129,8552.737494
-200.901377,70,8552.868762
-2019.886092,742,8553.992478
-78.257346,30,8554.032093
-2774.510708,1000,8557.367287
-350.765374,119,8557.534427
-2696.179043,1000,8559.046989
-336.782762,114,8559.222968
-140.546204,52,8559.30499
-3011.700203,1000,8560.983686
-350.451385,122,8561.149153
-2828.544739,1000,8562.625913
-663.473727,221,8562.960078
-2810.364334,1000,8564.695364
-1301.006769,514,8565.649674
-2734.57954,1000,8567.151652
-2607.894892,1000,8568.679419
-2665.972951,1000,8570.218652
-2557.306372,1000,8571.828526
-41.931725,16,8571.849252
-443.735267,164,8572.070138
-1666.878876,632,8573.941428
-2605.368236,1000,8575.357583
-2778.836219,1000,8576.819803
-47.137088,15,8576.848746
-2825.881837,1000,8578.393418
-49.591885,16,8578.413449
-46.600832,15,8578.432114
-70.840459,26,8578.4633
-2884.251361,1000,8580.037823
-2732.112193,1000,8581.61656
-2731.286508,1000,8583.240571
-2932.093178,1000,8584.926754
-2927.343712,1000,8586.750539
-129.957899,48,8586.820126
-2999.669503,1000,8588.355388
-2957.777159,1000,8592.981723
-2972.942054,1000,8594.430872
-3003.340836,1000,8595.913333
-2981.463697,1000,8597.444917
-2971.645692,1000,8599.172838
-2664.045183,1000,8600.743331
-2967.207867,1000,8602.307256
-174.812406,56,8602.44848
-2985.614704,1000,8604.336483
-2977.071093,1000,8606.049474
-3016.324256,1000,8607.750205
-2950.623612,1000,8612.77113
-3001.449329,1000,8614.235155
-2938.012795,1000,8615.89041
-2990.760476,1000,8617.621174
-2965.316913,1000,8619.488503
-2970.704582,1000,8621.441085
-3007.838276,1000,8623.525612
-3021.272184,1000,8625.209028
-3003.667783,1000,8626.874824
-74.653667,24,8626.930067
-3018.459458,1000,8628.729003
-2959.812017,1000,8634.299404
-3013.735836,1000,8635.544825
-483.037787,163,8635.779636
-2960.217991,1000,8637.265748
-2948.787771,1000,8638.774251
-2969.75705,1000,8640.526712
-2986.00968,1000,8642.372349
-2748.156631,1000,8644.037964
-3024.159834,1000,8645.811589
-2968.890752,1000,8647.304009
-2936.158357,1000,8648.81231
-2945.069836,1000,8652.931462
-2976.643748,1000,8654.265941
-2996.526618,1000,8655.792241
-2967.963337,1000,8657.350814
-2946.818578,1000,8658.894902
-2838.813244,1000,8660.445471
-2838.493841,1000,8662.040872
-2923.485145,1000,8663.587465
-2598.171247,1000,8665.139288
-2646.633613,1000,8666.666598
-2790.865134,1000,8671.331477
-2695.629317,1000,8672.617236
-2746.496029,1000,8674.092242
-2965.074248,1000,8675.638721
-2981.194721,1000,8677.201523
-2958.724995,1000,8678.748242
-2930.514681,1000,8680.3217
-2957.149022,1000,8681.909883
-2968.797145,1000,8683.476239
-2963.114952,1000,8685.02455
-2728.33265,1000,8689.44393
-2729.772879,1000,8690.707487
-2849.465116,1000,8692.159891
-2588.134096,1000,8693.699709
-2761.592782,1000,8695.236855
-2968.353254,1000,8696.772523
-2809.431723,1000,8698.307803
-2790.91743,1000,8699.860253
-2999.103658,1000,8701.441404
-2971.137428,1000,8703.001873
-2916.189231,1000,8707.707275
-2650.070365,1000,8708.98341
-2874.116402,1000,8710.478494
-2766.925794,1000,8712.059725
-2880.246995,1000,8713.615827
-2837.78093,1000,8715.182641
-2687.202475,1000,8716.757035
-2660.214432,1000,8718.341182
-2735.773753,1000,8719.936485
-2961.885302,1000,8721.488365
-2688.521103,1000,8725.86192
-2595.618916,1000,8727.089935
-2579.838064,1000,8728.567322
-2657.146321,1000,8730.128244
-2812.983568,1000,8731.749188
-2621.104915,1000,8733.327546
-3000.999071,1000,8734.858301
-2917.552886,1000,8736.414277
-2987.506339,1000,8737.940202
-2757.614622,1000,8739.518716
-2778.35316,1000,8743.972794
-2753.195849,1000,8745.161176
-2783.343096,1000,8746.624228
-2773.009705,1000,8748.191018
-2520.88762,1000,8749.740592
-3000.231636,1000,8751.298243
-3002.115863,1000,8752.853552
-2986.223857,1000,8754.402418
-3003.102187,1000,8755.938775
-3004.439718,1000,8757.467809
-2999.721088,1000,8761.674117
-3006.292015,1000,8762.867057
-3004.964595,1000,8764.345609
-3005.012991,1000,8765.910416
-3002.117514,1000,8767.462075
-3005.465022,1000,8769.010974
-2599.84724,1000,8770.59512
-2602.707708,1000,8772.177124
-2643.053898,1000,8773.725567
-2998.759711,1000,8775.270043
-2995.246381,1000,8779.617056
-3003.972633,1000,8780.873437
-3003.839595,1000,8782.364403
-3005.66697,1000,8783.890113
-3006.886769,1000,8785.442036
-3005.525824,1000,8786.97785
-3006.957924,1000,8788.512941
-3005.478195,1000,8790.047708
-3003.863746,1000,8791.597264
-2992.159074,1000,8793.140085
-3004.537945,1000,8797.401429
-3004.355486,1000,8798.610993
-2987.297856,1000,8800.304777
-3011.372415,1000,8801.844141
-3001.453532,1000,8803.401432
-3005.564665,1000,8804.939632
-2813.035616,1000,8806.498428
-2992.967345,1000,8808.052772
-45.826463,15,8808.075341
-631.682705,225,8808.421305
-3005.593482,1000,8809.968494
-49.395127,15,8809.991199
-2698.433709,1000,8811.554503
-2966.836894,1000,8814.288524
-360.400774,119,8814.452363
-117.42189,39,8814.519068
-2975.45075,1000,8816.069288
-203.682289,67,8816.17014
-52.816011,17,8816.198393
-2970.36457,1000,8817.770626
-2823.071599,1000,8819.303455
-51.052704,17,8819.32759
-2638.3416,1000,8820.849918
-46.260767,15,8820.873008
-2744.891592,1000,8822.438905
-2999.916532,1000,8824.008597
-2872.203719,1000,8825.540619
-2881.527151,1000,8827.076487
-2671.620587,1000,8830.03427
-2781.698458,1000,8831.366112
-2685.888077,1000,8832.861947
-3000.901006,1000,8834.374747
-3007.482297,1000,8835.943198
-3003.430184,1000,8837.514881
-58.223663,17,8837.539507
-2765.308404,1000,8839.074464
-2887.582344,1000,8840.610683
-2860.925129,1000,8842.142383
-2686.323361,1000,8843.69663
-1088.679222,407,8844.325916
-46.446219,15,8844.348858
-617.150671,215,8844.671753
-106.550217,34,8844.724105
-53.792795,18,8844.750115
-151.882348,45,8844.816524
-2998.922038,1000,8850.717741
-1936.726805,670,8851.723546
-87.200265,30,8851.76709
-2815.836295,1000,8853.29444
-2650.795355,1000,8854.814441
-2640.764251,1000,8856.426198
-2983.773321,1000,8857.975588
-3003.436717,1000,8859.571175
-3007.513627,1000,8861.151206
-3004.735685,1000,8862.686563
-3004.377577,1000,8864.207118
-2884.895497,1000,8867.565635
-2646.932595,1000,8868.903003
-2680.746617,1000,8870.55312
-2724.474528,1000,8872.061202
-2692.403443,1000,8873.611031
-2675.737913,1000,8875.319132
-2680.805287,1000,8876.825041
-2582.783734,1000,8878.379734
-2663.790683,1000,8880.05065
-2674.079509,1000,8881.546768
-2615.935491,1000,8886.673545
-2639.318953,1000,8888.471819
-2604.162475,1000,8890.303811
-35.96514,12,8890.325009
-2583.575336,1000,8892.036897
-2570.223774,1000,8894.088417
-2627.451215,1000,8896.3909
-2582.098111,1000,8898.656047
-2600.244613,1000,8900.634562
-2604.716028,1000,8902.511434
-2637.583766,1000,8904.500654
-2589.531696,1000,8910.835125
-2543.003408,1000,8912.748315
-2572.476469,1000,8914.348145
-2579.423416,1000,8915.929547
-2621.162693,1000,8917.446051
-2694.104064,1000,8918.977824
-2652.173229,1000,8920.488205
-2639.636814,1000,8921.984933
-2628.975277,1000,8923.50186
-2563.311861,1000,8925.011928
-2643.628525,1000,8929.678188
-2706.331898,1000,8930.831544
-2647.97874,1000,8932.26009
-2563.600428,1000,8933.760668
-2528.640419,1000,8935.274113
-2577.561857,1000,8936.768479
-2564.187856,1000,8938.265086
-2564.009572,1000,8939.768572
-2559.954364,1000,8941.26032
-2653.201683,1000,8942.793274
-2769.212826,1000,8947.211926
-2667.09295,1000,8948.42022
-2718.757785,1000,8949.854352
-2554.31919,1000,8951.341347
-870.803188,313,8951.806617
-2871.96349,1000,8953.315585
-2724.852005,1000,8954.817715
-47.068628,13,8954.838748
-2820.463409,1000,8956.344377
-1659.846675,615,8957.251419
-487.018425,175,8957.514834
-33.885432,12,8957.53125
-46.94374,13,8957.550861
-1765.21057,628,8958.504727
-34.028162,11,8958.523662
-733.054762,262,8958.925622
-248.316305,84,8959.049609
-154.3938,53,8959.125164
-1040.551657,370,8959.68151
-2634.212367,1000,8962.769276
-624.385797,232,8963.00402
-2663.974667,1000,8964.274332
-2553.577295,1000,8965.726014
-2682.942981,1000,8967.198416
-271.922595,90,8967.326635
-2668.919412,1000,8968.811201
-154.624015,63,8968.915291
-253.517775,105,8969.071631
-41.666804,13,8969.091793
-72.174174,28,8969.133649
-44.082323,15,8969.156073
-2694.399093,1000,8970.697059
-84.012922,28,8970.735565
-2716.275228,1000,8972.205904
-2644.101823,1000,8973.688359
-2636.543966,1000,8975.165663
-42.510913,14,8975.186804
-2703.362387,1000,8976.685954
-249.620951,101,8976.833669
-70.356792,26,8976.873304
-113.977988,39,8976.930035
-610.970258,229,8980.463857
-429.572876,151,8980.730995
-2665.255284,1000,8982.258672
-2351.337138,1000,8983.758007
-2639.373803,1000,8985.236371
-217.538724,82,8985.356986
-2608.71491,1000,8986.826641
-2659.18164,1000,8988.410245
-387.112607,137,8988.610755
-2657.132871,1000,8990.133884
-2604.583079,1000,8991.62603
-115.105985,40,8991.697635
-358.727237,120,8991.873761
-2559.273978,1000,8993.348334
-75.601836,23,8993.384751
-2801.046342,1000,8994.901843
-122.684046,47,8994.968015
-2806.878057,1000,9000.210455
-2528.91491,1000,9001.561943
-72.385015,27,9001.597949
-2703.55028,1000,9003.06799
-39.914601,11,9003.086302
-864.75754,334,9003.581917
-1471.195231,573,9004.417633
-86.7764,29,9004.459515
-2722.870904,1000,9005.964305
-2598.010187,928,9007.352453
-174.828326,58,9007.439635
-129.046706,50,9007.514055
-308.68188,105,9007.66741
-150.161173,52,9007.740882
-2615.41004,1000,9009.220885
-2605.517033,1000,9010.713452
-380.467508,132,9010.916733
-487.415397,172,9011.167973
-252.190521,103,9011.316724
-2703.181223,1000,9012.784867
-2650.80851,1000,9016.895236
-244.990202,85,9016.979292
-2458.178414,1000,9018.182143
-31.602365,12,9018.198
-89.431597,29,9018.239095
-49.660346,15,9018.259215
-1171.491228,439,9018.876937
-2570.575762,1000,9020.34737
-2607.142199,1000,9021.864811
-186.466125,70,9021.969521
-2564.602516,1000,9023.464534
-2450.271328,1000,9024.940943
-2607.839627,1000,9026.432302
-2651.723175,1000,9027.917656
-498.018022,181,9028.191577
-389.126878,156,9028.414552
-2923.97639,1000,9029.917233
-2484.081095,1000,9034.214218
-2334.021325,1000,9035.281718
-2590.365512,1000,9036.649125
-1017.104589,442,9037.302772
-72.850405,22,9037.332942
-2320.509253,1000,9038.849324
-427.423881,212,9039.170757
-2637.76159,1000,9040.723084
-2340.661465,1000,9042.24765
-2339.438209,1000,9043.744979
-626.063372,260,9044.147639
-2470.283247,1000,9045.716286
-226.61743,93,9045.856754
-2782.758603,1000,9047.356038
-2382.204276,1000,9051.694028
-2472.434282,1000,9052.793096
-2379.870353,1000,9054.176697
-2153.525844,1000,9055.660889
-65.383859,24,9055.696729
-2206.944272,1000,9057.199134
-941.89868,406,9057.81101
-1590.578148,748,9058.920965
-2247.926748,1000,9060.41632
-2115.812086,909,9061.779829
-2439.38145,1000,9063.281893
-40.830204,13,9063.301822
-2353.423358,1000,9064.782258
-2470.931403,1000,9069.008816
-1571.483745,774,9069.865886
-327.052957,152,9070.057243
-2196.595666,954,9071.412347
-1255.461902,499,9072.148523
-2473.551918,1000,9073.649621
-1951.883238,1000,9075.135217
-2374.589814,1000,9076.733663
-2482.165149,1000,9078.243869
-987.631091,448,9078.916101
-2317.048428,1000,9080.402589
-2530.422163,1000,9081.892837
-2430.580974,1000,9086.089474
-2517.872066,1000,9087.149309
-352.38554,123,9087.299221
-2568.0973,1000,9088.68006
-471.060491,181,9088.947718
-2535.68415,1000,9090.418034
-2523.269918,1000,9091.887272
-147.266847,53,9091.967313
-2552.360413,1000,9093.470672
-28.183669,12,9093.488032
-2429.301245,1000,9094.982729
-171.551617,69,9095.083748
-46.003408,15,9095.10546
-127.928551,44,9095.170628
-39.033576,13,9095.188483
-605.456421,222,9095.521143
-599.977303,219,9095.857295
-2644.934796,1000,9097.376193
-1560.962009,636,9098.331909
-46.849145,14,9098.354685
-2591.063081,1000,9099.901262
-2593.372895,1000,9102.893696
-42.084875,14,9102.911028
-1369.905783,572,9103.73817
-2517.280004,1000,9105.265553
-284.844704,118,9105.455287
-2557.723842,1000,9106.983344
-2574.895291,1000,9108.513299
-2641.788128,1000,9110.050121
-2647.060221,1000,9111.572143
-2564.156242,1000,9113.094939
-36.031066,11,9113.113914
-243.004968,76,9113.229214
-2541.756828,1000,9114.767435
-2530.099942,1000,9116.297294
-2546.364171,1000,9120.193648
-30.165967,11,9120.204481
-2618.370035,1000,9121.402613
-36.001122,11,9121.418077
-2735.132191,1000,9122.887528
-2945.270399,1000,9124.385507
-2957.692851,1000,9125.903323
-3005.679794,1000,9127.3877
-3007.481758,1000,9128.873741
-3006.645625,1000,9130.372556
-3009.019265,1000,9131.885665
-3004.901458,1000,9133.367572
-3001.548238,1000,9137.75897
-3009.77932,1000,9138.97518
-3007.116075,1000,9140.385664
-3008.859882,1000,9141.864693
-3005.385121,1000,9143.378344
-3012.635423,1000,9144.871379
-2998.1595,1000,9146.353237
-3009.630381,1000,9147.818064
-3003.195934,1000,9149.284998
-3001.741185,1000,9150.752175
-2976.745247,1000,9156.226713
-3005.575325,1000,9157.620112
-2990.601979,1000,9159.144829
-3006.399846,1000,9160.690679
-3005.804255,1000,9162.222071
-3000.566986,1000,9163.758866
-3000.556014,1000,9165.302113
-3006.687923,1000,9166.808288
-3005.526428,1000,9168.288068
-3002.002136,1000,9169.745933
-3006.067837,1000,9174.383858
-3006.651069,1000,9175.646575
-3002.634323,1000,9177.087647
-3006.758249,1000,9178.55256
-3003.838569,1000,9180.044164
-3004.649745,1000,9181.554414
-3004.505921,1000,9183.054969
-36.15399,12,9183.074379
-3006.837153,1000,9184.562261
-36.343082,11,9184.577971
-38.228675,12,9184.594222
-3016.237037,1000,9186.092599
-3006.4456,1000,9187.571345
-3008.031924,1000,9191.679951
-38.20405,12,9191.695888
-3005.658674,1000,9193.036912
-2843.810125,1000,9194.489952
-2606.146635,1000,9196.339637
-2561.050724,1000,9198.476762
-207.653283,67,9198.624269
-2838.351601,1000,9201.098352
-2662.260132,1000,9203.334253
-2648.501087,1000,9205.646618
-2584.003203,1000,9208.682306
-2975.562946,1000,9210.361747
-3003.165465,1000,9215.372025
-2882.073469,1000,9216.848975
-2595.272722,1000,9218.594258
-2999.659628,1000,9220.330017
-2599.4456,1000,9221.9824
-2996.660754,1000,9223.775864
-3003.68585,1000,9225.406735
-3005.07359,1000,9226.948025
-2995.005984,1000,9228.478875
-2999.225937,1000,9230.025323
-3005.078573,1000,9234.888018
-2686.520477,1000,9236.252934
-2540.809245,1000,9237.758322
-2574.415951,1000,9239.422381
-2945.78098,1000,9241.473743
-2749.7601,1000,9243.353915
-2828.753036,1000,9245.417921
-2726.948726,1000,9247.277
-2708.701141,1000,9248.996039
-2668.69235,1000,9250.722629
-2924.99152,1000,9256.179883
-3002.44031,1000,9257.717084
-221.896407,80,9257.853323
-2607.251952,1000,9259.655033
-2710.939216,1000,9261.416463
-2623.351711,1000,9263.310469
-1343.363983,523,9264.284702
-105.970976,37,9264.356518
-273.096468,93,9264.53299
-2760.36034,1000,9266.061024
-2617.874507,1000,9267.772374
-54.346335,16,9267.797705
-2799.720749,1000,9269.468892
-3003.222252,1000,9271.123561
-2541.27122,1000,9276.993502
-3000.605005,1000,9278.607879
-2998.486872,1000,9280.724505
-2709.176926,1000,9282.596276
-2577.432744,1000,9284.316332
-2983.9877,1000,9286.090099
-2644.583994,1000,9288.017395
-2999.428098,1000,9289.563757
-3004.612533,1000,9291.092742
-3011.336922,1000,9292.657249
-3001.031728,1000,9297.448751
-3008.742041,1000,9298.681937
-3005.517976,1000,9300.176568
-3003.240319,1000,9301.750271
-2756.47339,1000,9303.337084
-2619.278714,1000,9304.940698
-2999.476875,1000,9306.575075
-2579.082067,1000,9308.182743
-2999.55101,1000,9309.829368
-2997.835549,1000,9311.391104
-2878.852877,1000,9315.988065
-2627.110798,1000,9317.285741
-2683.078005,1000,9318.839427
-2668.072178,1000,9320.434395
-2765.918915,1000,9322.079979
-2632.959523,1000,9323.676157
-2552.482302,1000,9325.260782
-2587.600595,1000,9326.85162
-2572.260986,1000,9328.422778
-2581.125572,1000,9330.006138
-2595.241112,1000,9334.480293
-2569.590617,1000,9335.707449
-28.962648,10,9335.721501
-2544.592564,1000,9337.203976
-2603.907721,1000,9338.782087
-2593.127436,1000,9340.394197
-2594.676663,1000,9342.004796
-2655.012515,1000,9343.579908
-2545.550971,1000,9345.154701
-2775.638342,1000,9346.729999
-2634.525366,1000,9348.285742
-2647.005555,1000,9353.468732
-2585.059418,1000,9354.870758
-2559.585033,1000,9356.4805
-2655.548702,1000,9358.119029
-2550.029592,1000,9359.751512
-2609.511168,1000,9361.402954
-2525.471481,1000,9363.018063
-2800.201287,1000,9364.656762
-2556.261798,1000,9366.339448
-2614.186964,1000,9367.954182
-2795.718755,1000,9373.233298
-2673.133644,1000,9374.635993
-2985.308737,1000,9376.302104
-2680.914673,1000,9378.016268
-2926.455883,1000,9379.619708
-2701.7735,1000,9381.206314
-3006.726426,1000,9382.769717
-2896.759644,1000,9384.355791
-2817.893177,1000,9385.921088
-2642.539014,1000,9387.497087
-2822.375339,1000,9392.810366
-2537.573928,1000,9394.139647
-2679.864287,1000,9395.67259
-2598.830666,1000,9397.262424
-2762.520676,1000,9398.887266
-2675.306042,1000,9400.71787
-2798.240465,1000,9402.314878
-2600.529568,1000,9403.878137
-2609.155905,1000,9405.465648
-2574.801304,1000,9407.065114
