#{"t_start": 1764808870.413026, "env_id": "Ant-v5"}
r,l,t
-106.841949,54,1.028734
-13.07084,12,1.0401
-182.896531,154,1.177287
-1050.807024,1000,2.116483
-105.36249,68,2.179255
-13.558087,23,2.199092
-92.738624,60,2.254028
-162.638593,146,2.388861
-73.648652,96,2.478257
-37.503884,59,2.538539
-20.393031,22,2.55882
-99.374794,117,2.673653
-1065.73929,1000,3.897857
-24.084506,52,3.944762
-13.620886,12,3.955432
-19.577509,13,3.96778
-17.677087,11,3.977786
-14.476028,33,4.007092
-84.731537,66,4.067173
-19.181382,15,4.080804
-13.349607,34,4.112818
-88.579964,72,4.179954
-38.12634,41,4.217926
-11.01874,40,4.25448
-2.238865,13,4.266988
-30.899258,18,4.283087
-14.144979,33,4.314025
-95.816138,81,4.392622
-54.456863,55,4.451981
-18.374189,25,4.478353
-30.458085,39,4.514912
-16.393414,10,4.525335
-140.358683,83,4.600658
-35.392963,17,4.617153
-1051.745063,1000,5.833484
-164.059457,146,5.972073
-185.765427,234,6.184084
-5.810804,57,6.235871
-59.289678,46,6.27909
-267.266182,224,6.486357
-8.62774,15,6.500072
-30.097925,21,6.518518
-21.327574,19,6.53643
-18.691336,41,6.573679
-97.189079,66,6.636233
-1095.07177,1000,7.850163
-9.810239,14,7.863469
-78.194611,75,7.9314
-79.498746,53,7.980618
-29.633636,26,8.004167
9.15798,44,8.044475
-45.693589,28,8.070462
-36.349534,42,8.109114
-141.067363,110,8.209066
-31.40902,42,8.247429
-4.371382,12,8.258259
-27.355842,36,8.292468
-20.796684,17,8.307949
-155.669904,99,8.407792
-14.066023,15,8.421742
-3.286226,15,8.435416
-101.553183,112,8.538385
-41.285146,22,8.557896
-12.096149,19,8.575678
-41.577945,36,8.607861
-3.887056,41,8.645619
-35.853445,15,8.659685
-45.223302,28,8.685003
-32.6334,27,8.709767
-53.162021,35,8.741304
-50.266809,27,8.766876
-27.746436,21,8.786139
-143.630469,118,8.894357
-1049.550646,1000,10.121801
-40.039639,39,10.158112
-1.456813,21,10.176828
-49.955541,37,10.211842
-23.520136,54,10.262283
-67.771163,54,10.312598
-27.331141,16,10.328037
-61.300329,47,10.371322
-19.332566,29,10.397554
-1039.872568,1000,11.405145
-39.210984,55,11.460925
-102.804368,82,16.997001
-9.467959,24,17.025637
-8.507018,45,17.079383
-54.202375,60,17.155346
-13.542714,47,17.214083
-28.670669,17,17.236665
-9.948667,49,18.175075
-35.03365,34,18.216186
-48.191999,20,18.238599
-120.653773,145,18.436338
3.756053,24,18.462548
-23.173505,20,18.485829
-43.535809,38,18.526185
-1.965671,7,18.534904
-14.164307,15,18.552205
-36.140656,55,18.618062
-31.137782,29,18.650423
-11.552467,13,18.663291
-57.781672,64,18.735856
-16.834371,18,18.755461
-105.222821,135,18.904543
-18.06418,31,18.938312
-999.847295,1000,20.130895
-67.663702,44,20.183183
-47.124203,57,20.251707
-60.019205,43,20.305003
-44.80973,46,20.358637
-41.998809,138,20.526689
-63.719028,64,20.605485
-22.028599,16,21.146153
-7.753497,35,21.185256
-38.587403,25,21.213898
-44.777292,29,21.244962
-120.725115,107,21.365797
-24.5302,19,21.387519
-59.776411,51,21.454202
-1032.469397,1000,22.659981
-23.756852,18,22.678787
-1006.226154,1000,25.070817
-33.624969,19,25.090774
-14.704182,28,25.119703
-13.758256,29,25.148651
-70.351276,54,25.204013
-36.201909,45,25.248904
-23.843631,24,25.272804
-26.760432,37,25.310854
-13.747662,10,25.32157
-11.306574,21,25.344395
-1035.937918,1000,26.638792
-75.531021,58,26.698878
-33.349996,24,26.723937
-44.155126,60,26.787441
-39.865113,29,26.818856
-102.604403,87,26.910537
-32.104462,29,26.94133
-934.538578,1000,28.662151
-48.285046,39,28.706553
-62.943077,37,28.746018
-19.72398,12,28.758672
-117.96536,81,28.848645
-33.1686,38,28.89959
-86.455382,118,29.048118
-55.42076,35,29.089017
-141.410272,123,29.219415
-22.244037,14,29.23446
-1056.176659,1000,30.815602
-32.324012,14,30.829867
-31.846435,72,30.908572
-12.1693,26,30.937351
-15.028559,13,30.950598
-11.719244,16,30.968018
-63.65573,86,31.057081
-86.952904,105,31.167475
-63.646776,46,31.226626
-62.523245,56,31.299416
-6.668255,18,31.323159
-45.067842,50,31.38839
-35.005341,18,31.412435
-108.841321,105,31.554324
-21.446369,23,31.587355
-75.028626,75,31.690818
-91.512494,77,31.800448
-28.423319,15,31.820694
-42.673156,23,31.849385
-55.498602,40,31.89604
-24.262917,16,31.914978
-11.010887,50,31.979085
-1033.416349,1000,39.21891
-23.162855,20,39.2446
-996.878565,1000,40.472662
-6.12616,21,40.49797
-70.313635,82,40.608004
-107.055007,61,40.694756
-20.992091,24,40.73125
-32.439916,19,40.760699
-15.292649,12,40.776172
-12.150871,9,40.789492
-21.384221,20,40.817549
-48.853484,58,40.890079
-19.750332,27,40.919288
-15.66211,13,40.933583
-53.958532,37,40.972977
-50.306827,39,41.015398
-18.437979,14,41.028767
-32.11799,20,41.050886
-37.463529,75,41.127768
-48.734739,81,41.210479
-1019.15424,1000,42.987651
-20.925853,19,43.016215
6.857553,14,43.037538
-18.019423,14,43.054872
-169.764694,173,43.260413
-1086.127055,1000,44.6048
-15.420478,20,44.630873
-40.72629,91,44.744817
-149.625259,117,45.658848
-8.712918,10,45.671997
-996.296991,1000,46.941861
-140.316853,126,47.117577
-21.397749,14,47.13677
-73.618008,68,47.21893
-24.99983,22,47.244414
-54.280922,64,47.320839
-24.71909,31,47.356463
-179.514981,145,47.530475
-76.010706,69,47.609513
-22.736614,14,47.625651
-1008.256053,1000,49.506236
-140.572673,129,49.674256
-121.388605,78,49.78705
-80.966229,66,49.869436
-946.053508,1000,51.078268
-24.279279,13,51.09463
-991.801008,1000,53.212989
-37.779894,40,53.256252
-43.310731,68,53.326546
-44.895437,36,53.364786
-78.991828,98,53.475287
-33.634801,40,53.520662
-969.615387,1000,60.255561
-131.470062,94,60.363971
-876.063702,1000,61.536818
-171.149756,151,61.702294
-6.419744,47,61.754346
-94.916433,68,61.827484
-15.873944,15,61.84363
-4.363268,26,61.87285
-5.317383,14,61.887482
-58.015617,62,61.956279
-4.432139,49,62.009021
-67.969303,66,62.082879
-947.090956,1000,63.56668
-24.75979,22,63.589464
-49.354772,44,63.636778
-94.745145,103,63.7434
-34.925761,28,63.773284
-53.91617,37,63.811335
-20.860779,32,63.843638
-13.768029,12,63.856572
-19.052574,21,63.878618
-938.286688,1000,64.937814
-902.209324,1000,66.657378
-9.824664,28,66.687212
-31.791798,15,66.702418
-59.986444,41,66.742724
-14.203042,21,66.764996
-10.407815,18,66.78484
-16.415076,14,66.799083
-95.19534,82,66.882583
-16.76163,18,66.901543
-2.823635,14,66.916403
-125.198678,121,67.043028
-885.80428,1000,69.120412
-60.10039,44,69.191227
-21.883082,17,69.218546
-162.993202,110,69.386006
-30.779469,18,69.412235
-64.046172,118,69.572198
-37.159935,28,69.604078
-29.437502,30,69.636137
-384.538801,269,69.944632
-26.451054,15,69.966906
-19.849255,15,69.987885
-177.975916,122,70.166968
-18.497614,19,70.194411
-56.463327,29,70.236586
-46.081449,33,70.284191
-13.486272,12,70.300476
-80.85105,46,70.361796
-54.571909,32,70.399165
-797.117688,1000,72.225942
-111.635173,142,72.389303
-947.727544,1000,78.059951
-99.69704,105,78.167723
-46.033846,35,78.202221
-91.217196,75,78.282058
-165.016529,116,78.398183
-57.014583,35,78.433824
-42.719352,36,78.468263
-29.870642,42,78.509351
-49.949318,54,78.560442
-33.357411,25,78.583633
-31.21418,77,78.657551
-44.123633,37,78.694611
-132.711168,93,78.794135
-28.02856,19,78.813995
-67.007686,78,79.703442
-11.363942,27,79.729544
-61.159643,103,79.834757
-54.227052,54,79.891018
-33.39052,89,79.981254
-19.998978,17,80.000312
-9.781123,19,80.020166
-62.299254,49,80.072694
-19.42969,30,80.105124
-891.178667,1000,81.306172
-50.119106,57,81.373372
-36.779966,35,81.417128
-22.764066,19,81.439301
-7.675054,11,81.45299
-27.586988,40,81.499156
-69.098659,63,81.583629
-13.614941,24,81.61992
-8.289277,16,81.641321
-23.494328,15,81.660625
-75.67548,59,81.733932
-12.35615,22,81.758814
-22.898561,19,81.781861
-12.67878,13,81.796789
-36.303762,21,81.821126
-34.489951,38,81.863374
-50.123595,73,81.940875
-4.803589,31,81.973874
-36.953657,105,82.982696
-22.928017,36,83.018201
-162.740787,118,83.142269
-39.207199,65,83.205784
-5.760167,36,83.244337
-78.342633,68,83.319832
-63.233999,52,83.37326
-27.846955,69,83.440167
-848.51923,1000,84.498976
-68.463121,140,84.635479
-32.452273,68,84.70528
-16.842261,21,84.726194
-16.407058,14,84.739842
18.623112,40,84.778928
-34.04564,28,84.807224
-865.890107,1000,86.488998
-19.245396,52,86.537776
-9.766415,19,86.556539
-46.425219,65,86.618357
-19.265883,24,86.641513
-13.484462,17,86.658317
-85.754837,75,86.730041
-25.836255,75,86.800148
-0.580196,14,86.812812
-140.617017,127,86.930872
-42.799163,49,86.97771
-18.133456,24,87.000102
-25.087984,30,87.028587
-34.333529,50,87.076185
4.545465,38,87.113295
-17.168632,71,87.179104
-13.870791,22,87.200428
-78.327291,139,87.329997
-20.105527,27,87.357028
-31.470248,27,87.38247
-14.286028,10,87.39277
-21.522772,15,87.406499
-111.946649,99,87.500061
-26.910647,21,87.520146
-5.442079,70,87.584858
-21.555259,33,87.616397
-30.855926,37,87.658818
-141.880193,86,87.739151
-26.676809,90,88.268424
-57.681098,60,88.335154
-56.42116,57,88.398567
-39.417025,33,88.435734
-921.194356,1000,89.430512
-15.146745,37,89.464619
-38.349425,55,89.516717
-4.767758,38,89.552437
-81.334598,86,89.637598
-193.869812,235,89.860528
-53.42555,44,89.901544
-2.101615,26,89.925865
-59.049844,89,90.018059
-29.999461,22,90.039404
-6.141656,15,90.053648
-51.307451,60,90.110727
-45.166596,38,90.147377
-804.758908,1000,94.450191
-883.344684,1000,95.450945
-135.339164,90,95.535032
-54.763677,85,95.918981
-69.93319,69,95.985666
-67.18708,152,96.136039
-19.184377,23,96.157223
0.189037,55,96.207217
-11.586801,10,96.217099
-94.959677,87,96.307214
-49.657091,63,96.366356
-45.901564,37,96.400848
-43.989908,58,96.455202
-19.954464,32,96.4862
-30.992345,45,96.528798
-8.627297,38,96.564035
-6.772465,20,96.58243
-13.601549,18,96.599595
-8.324795,38,96.634964
0.207618,22,96.655914
-20.02075,38,96.692268
-20.55772,16,96.706359
-66.652021,88,96.794819
-42.353061,58,96.848366
-17.489078,29,96.878972
-818.848463,1000,98.617161
-19.476144,27,98.64149
-26.052902,15,98.65653
-29.628273,32,98.689889
-30.004884,38,98.727007
0.682962,25,98.751362
-18.143937,56,98.802893
-79.551908,72,98.875849
-813.421364,1000,99.841123
-23.146382,32,99.871685
-52.597681,38,99.907751
-803.838696,1000,101.250516
-18.003248,28,101.277292
-112.731717,126,101.41403
-869.095282,1000,102.447641
-20.707894,22,102.468447
-118.475443,91,102.564695
-18.745854,68,102.62999
-38.73831,30,102.657114
-5.891107,59,102.709643
-837.607167,1000,103.953472
-13.59683,28,103.9798
-6.254946,36,104.012852
-13.02199,12,104.024468
-39.976936,32,104.05406
-29.119145,22,104.075057
-58.946434,46,104.117138
-56.178796,83,104.194907
-24.577619,38,104.234863
-18.271289,43,104.276734
-53.166463,78,104.352112
-830.749991,1000,105.649106
-13.776536,29,105.676936
-17.686467,19,105.695571
-49.384518,27,105.720894
-32.70385,37,105.755974
-9.021644,42,105.795709
-92.809365,138,105.937529
-9.504789,50,105.986325
-63.986888,73,106.067638
-26.636836,18,106.090136
-34.192056,40,106.128419
-837.514992,1000,110.579064
-16.543378,34,110.611442
-23.325008,15,110.624603
-40.587099,83,110.69983
-73.910165,58,110.752792
-11.727232,29,110.780187
-50.690383,88,110.858758
-50.825007,84,110.933923
-67.797618,82,111.015271
-17.940027,29,111.041352
-201.683325,248,111.565968
-74.229831,48,111.608455
-65.235651,81,111.680615
-19.071518,19,111.697231
-11.331327,22,111.717635
-134.352629,120,111.829379
-20.295255,18,111.845618
-103.887667,76,111.913383
-41.690798,29,111.939541
-17.283109,45,111.985588
-27.344497,18,112.009399
-15.58301,19,112.031986
-15.121232,20,112.051175
-3.880988,12,112.062308
-804.258896,1000,113.011184
-7.937443,13,113.02307
-723.450138,1000,114.25016
-28.833541,19,114.268638
-25.842133,39,114.303851
-13.199393,29,114.332911
-36.389009,33,114.3684
-62.272458,69,114.431161
-71.226854,93,114.515155
-16.066474,59,114.568842
-72.484665,38,114.603956
-45.989715,38,114.637813
-19.488811,29,114.664743
-42.91919,56,114.715972
-819.58844,1000,116.02641
-34.145405,23,116.047249
-0.678456,40,116.083441
-13.420133,13,116.09558
-22.349804,22,116.114801
16.221791,82,116.188748
-21.752685,20,116.206826
-21.573726,39,116.242706
-18.452822,43,116.282883
-6.399666,27,116.308247
-87.849879,156,116.458133
-16.206601,67,116.51987
-738.718981,1000,117.463845
-66.760325,81,117.537967
-16.210624,89,117.625371
-62.032965,84,117.705925
-88.641409,192,118.173652
-15.255497,23,118.19486
-5.293303,57,118.246829
-95.71941,57,118.306693
-33.049285,24,118.328909
-133.267967,192,118.519274
-78.442555,69,118.585225
-20.272355,32,118.614468
1.113067,26,118.637308
-750.824426,1000,119.609
-12.338074,21,119.628138
-15.300734,24,119.650468
-82.583006,76,119.725252
-16.811782,19,119.746912
-45.828455,42,119.785563
53.843697,33,119.815072
-32.060571,56,119.865478
-21.18682,51,119.92055
-61.144147,71,119.988187
-24.300415,17,120.008236
-108.770239,128,120.418601
-45.279393,45,120.460404
-773.060626,1000,124.434005
-48.525019,52,124.482024
5.986632,15,124.495217
0.398794,38,124.529389
-71.307636,80,124.607657
-24.105824,30,124.635847
-9.859669,12,124.646472
-30.678342,44,124.696984
-16.976939,14,124.711375
-765.577114,1000,125.968936
-27.781539,23,125.990548
-19.618586,22,126.011761
-5.032025,14,126.024621
-34.943011,23,126.045872
-116.314392,129,126.16314
-9.717085,13,126.174993
-22.981919,21,126.19376
-27.953458,26,126.217302
-50.510526,55,126.266645
-23.962941,43,126.305588
-18.48734,13,126.317362
-36.588995,48,126.361948
-17.444001,78,126.441299
-33.049809,31,126.470099
-12.997096,18,126.485952
-43.870815,76,126.55861
-19.930991,28,126.588647
-42.041255,57,126.649848
-62.980299,80,126.728997
-15.546836,8,126.736467
-38.685807,46,126.778181
8.675972,15,126.791183
-26.09392,25,126.814146
-7.085021,19,126.830612
-22.458286,50,126.876409
-43.378553,60,126.938413
-70.010255,131,127.060277
-22.56967,38,127.09428
-22.063807,28,127.119874
-18.386218,82,127.195377
-33.073481,23,127.216029
-106.516151,129,127.333335
-16.857857,15,127.346544
-19.845377,21,127.365619
-20.588717,54,127.4156
-19.472498,51,127.462342
-62.224166,107,127.566135
-107.994387,101,127.96562
-47.504213,49,128.016143
-39.002577,19,128.033238
-18.386219,33,128.064173
-40.218947,28,128.089967
-14.077159,14,128.102345
-113.628988,66,128.162075
-80.505586,67,128.222031
-22.286811,39,128.257227
-16.747674,43,128.296234
-60.500818,50,128.342174
-12.556762,15,128.356249
-44.428598,52,128.403747
-26.978412,42,128.442184
-20.808504,24,128.463352
-5.606752,13,128.476254
-30.289547,43,128.515825
-7.458775,27,128.540058
4.65999,22,128.560181
-95.472149,116,128.666
-78.21783,121,128.785916
-53.620586,65,128.845041
-12.417526,28,128.8709
0.125039,53,128.91901
-15.024698,24,128.941605
-3.680049,31,128.968917
-772.019323,1000,130.305165
-47.385287,144,130.447242
-21.669772,24,130.469335
-25.108099,35,130.501394
-203.920214,179,130.673894
-734.135591,1000,131.660621
-23.138148,28,131.686181
-5.799342,18,131.702311
-106.189216,143,131.832613
-24.20396,22,131.852958
-93.272418,144,131.986023
-50.97764,81,132.067706
-6.693596,17,132.083726
-3.885309,24,132.106054
-73.310784,64,132.440539
-30.257043,28,132.465039
-79.775772,81,132.539346
-67.187221,65,132.610205
-20.281071,26,132.636878
-16.396612,28,132.66307
-52.688293,52,132.711631
-24.082794,24,132.735205
-24.767181,38,132.771457
-40.076444,70,132.848165
-67.767888,65,132.909524
-872.480738,1000,133.868708
-5.903254,18,133.884512
-35.836603,23,133.905956
-58.179309,109,134.00912
-15.295824,62,134.066123
-3.347692,24,134.087223
-50.444798,29,134.11438
-9.601783,52,134.162009
-3.198994,21,134.180429
-46.15236,81,134.26457
-47.662019,31,134.29348
-129.24031,124,134.685623
24.043195,24,134.707148
-38.190758,24,134.727833
-26.687289,53,134.781459
-19.703572,14,136.281671
-46.847868,69,136.352924
-15.918104,21,136.376856
-69.241999,57,136.435472
-15.955791,33,136.466805
-5.35753,13,136.478468
-33.615019,22,136.498557
-22.193885,66,136.563807
-72.823,69,136.627568
-15.327412,32,136.656691
-85.165208,94,136.747354
-701.614079,1000,137.809165
-22.322448,18,137.828917
-1.11544,12,137.842307
-68.234973,86,137.925108
-58.758649,93,138.011022
-24.627608,66,138.074136
-72.308715,89,138.154941
-13.944152,18,138.172009
-59.667446,48,138.218158
-22.671998,26,138.56339
-64.038636,55,138.612366
-115.027162,72,138.685351
-7.179747,14,138.699722
-16.270488,24,138.725612
-9.791645,50,138.771293
-24.947418,34,138.802056
-7.570968,33,138.831431
-10.024155,21,138.851546
-7.775108,12,138.862363
-792.647543,1000,139.839254
-80.582147,119,139.946236
-55.985448,42,139.984596
-80.455412,106,140.086751
-34.568702,39,140.123044
-16.836499,20,140.141298
-14.316964,19,140.164564
-13.249721,19,140.183361
-50.694985,26,140.207285
-22.336279,38,140.242566
-10.502726,13,140.254827
-4.750365,18,140.271456
-766.891408,1000,141.493481
-115.610862,94,141.579573
-86.471902,97,141.668169
20.953352,19,141.690762
-115.731204,78,141.763252
-68.94509,226,141.969031
-804.396635,1000,145.592233
-13.514779,37,145.625754
-200.92829,222,145.870471
-21.50484,24,145.892907
-10.897755,15,145.906199
-19.71874,19,145.925313
-73.960653,67,145.998442
-791.994094,1000,146.928959
-7.202564,25,146.952098
-6.316233,32,146.980045
-23.074105,53,147.028888
-52.872341,53,147.077081
-29.461698,26,147.100238
-787.766986,1000,148.298902
-81.182207,116,148.405915
-50.73985,60,148.460891
-112.177879,79,148.534768
2.207596,17,148.5501
-19.107184,49,148.593919
-1.372896,18,148.610988
-176.624692,184,148.777326
-123.817674,92,148.858365
-81.23138,82,148.932474
-22.557598,18,148.949083
-730.695951,1000,151.407357
-742.463788,1000,152.602856
-71.567052,96,152.694921
-13.731051,8,152.704622
-16.457752,15,152.720042
-7.011566,11,152.731916
-26.31956,46,152.783502
-22.454174,18,152.801849
-93.562683,83,152.879014
-20.977366,25,152.908806
-14.643453,17,152.927339
-27.516585,47,152.977907
-65.199496,31,153.012887
-22.19495,20,153.03336
-47.671678,62,153.092071
-4.697673,16,153.106447
-32.034785,25,153.128321
-30.194134,91,153.209884
-20.996462,25,153.234234
-72.747082,53,153.588425
-59.593304,112,153.689736
-89.333078,89,153.768983
-6.932999,58,153.821191
-86.093233,70,153.884195
-4.05937,14,153.897905
-22.916059,17,153.913381
-15.954525,16,153.927152
-21.437258,45,153.968268
-23.041247,37,154.00287
39.826669,69,154.066687
-18.949377,19,154.084167
1.798256,27,154.108244
-7.015942,29,154.135506
-7.413413,16,154.149116
-3.702927,19,154.166373
-77.275751,71,154.232035
-40.02,69,154.296445
-24.826388,36,154.329108
-3.534242,12,154.340579
-38.373962,68,154.401196
-41.988078,68,154.464051
-70.678702,161,154.608051
-16.928776,12,154.618986
-27.038573,42,154.656894
-62.148308,122,154.767126
1.004892,33,154.797187
-716.929207,1000,156.078291
-22.44253,37,156.110762
-686.874245,1000,157.114159
-65.052155,93,157.205567
-25.041367,24,157.22754
-34.426367,53,157.276307
-47.045202,34,157.306931
-9.601592,30,157.336506
-97.461278,104,157.434494
-17.538618,11,157.447292
-12.427473,19,157.469385
-3.289173,67,157.553906
-18.594991,12,157.569357
-52.916855,103,157.672333
-22.388039,21,157.690695
-21.576202,61,157.746609
2.138794,26,157.769392
-31.362783,30,157.796553
-26.63652,31,158.116395
-8.251172,17,158.132629
-29.720528,26,158.155953
-13.711056,87,158.235748
-19.910911,22,158.255862
-29.360872,42,158.29324
-20.967041,20,158.311763
-679.16572,1000,159.241783
-722.649969,1000,160.607291
-20.209065,69,160.689472
-48.65761,93,160.797983
-42.672472,48,160.850246
-19.01236,42,160.892184
-57.497389,94,160.978202
-94.798339,148,161.115233
-95.592699,67,161.175522
-38.358681,46,161.218269
-119.963539,111,161.318195
-23.316525,32,161.347886
-17.771379,27,161.372531
-91.468961,102,161.47085
-31.550914,55,161.524059
-34.503311,40,161.561231
-719.067253,1000,164.833074
-32.827208,51,164.879884
-82.106893,99,164.972132
-27.027124,20,164.991589
-41.822228,104,165.086591
-20.52233,15,165.10019
-20.179635,16,165.114522
-10.407013,7,165.121714
-142.513596,162,165.270255
-82.7604,80,165.343267
-3.711384,17,165.35859
-15.435108,113,165.462022
-24.53526,20,165.483168
-13.077422,17,165.498246
-37.060253,61,165.554904
-16.5342,30,165.581798
4.753098,72,165.648629
-10.816739,24,165.669896
-29.554706,22,165.690235
-11.626287,15,165.70424
-5.339475,19,165.722641
-54.037201,23,165.743228
-33.661519,30,165.772644
-18.732476,19,165.791411
36.42529,86,165.878674
-24.825612,28,165.907265
-6.05828,17,165.924389
-54.813695,75,165.999263
-44.924964,61,166.055934
-31.067886,34,166.087098
-15.412237,30,166.114778
-82.367832,87,166.194827
-110.872972,92,166.279026
-1.682156,37,166.3122
-35.625901,38,166.346654
-14.831679,39,166.381881
-67.423553,42,166.421504
-38.224308,37,166.455133
-32.763807,32,166.485611
-29.932113,40,166.522077
-21.51499,22,166.543209
-37.939832,73,166.619112
-66.943816,65,167.004403
1.13285,17,167.020025
-66.907087,75,167.092636
-37.55723,31,167.121119
-100.088197,98,167.213997
-572.213203,1000,168.17998
-48.027507,37,168.225206
-37.816784,30,168.261774
-5.539858,15,168.279106
-43.815252,110,168.38186
-16.197659,16,168.399229
-16.795825,18,168.41968
-68.544982,50,168.480989
-49.651609,108,168.584087
-22.294702,38,168.623949
-1.563062,43,168.676851
-83.400249,51,168.739775
-28.080884,24,168.762304
-24.071234,24,168.783999
-4.493819,15,168.798406
3.10337,30,168.825936
-19.6229,14,168.84128
-25.930691,57,168.905271
-63.714976,117,169.342499
-41.469437,26,169.375542
-36.961945,67,169.451936
-715.833902,1000,170.521066
-22.992806,36,170.560174
-64.239919,102,170.6721
-49.718025,56,170.728685
-2.307978,17,170.744913
-51.323838,62,170.811688
-11.017611,90,170.901603
-42.811331,26,170.924914
-46.958659,42,170.967359
-23.597969,16,170.985032
-20.595731,40,171.030588
-37.478716,49,171.09136
-26.121639,14,171.106803
-18.233516,109,171.209688
-22.881393,85,171.300574
-41.69014,64,171.364593
-75.240094,72,171.431374
-19.515757,15,171.445796
-28.536886,36,171.478846
-30.43057,66,171.816442
-28.959332,85,171.893145
-6.959294,31,171.921432
-43.649007,51,171.967093
-14.027106,35,171.999417
-20.477631,17,172.014976
-609.408933,1000,172.976532
-26.515084,42,173.018009
-51.879625,66,173.083104
-60.308281,54,173.13658
-10.593429,20,173.158037
-83.505884,114,173.268579
-20.730342,16,173.284234
-17.516396,28,173.311159
-29.045008,26,173.335871
-52.826309,52,173.385092
-31.362845,45,173.42749
-18.941729,35,173.461087
-20.09015,26,173.485052
-19.669458,13,173.497575
-43.410487,65,173.558432
-105.486953,152,173.703131
-45.396762,58,174.046933
-106.431223,87,174.130059
-0.874427,24,174.151889
5.498695,39,174.187602
-3.644161,22,174.208179
-43.705194,54,174.259523
-45.610567,45,174.300627
-36.900618,70,174.364499
-152.787254,159,174.512357
-679.523076,1000,176.526506
-25.721829,21,176.55354
-7.42267,23,176.581962
-12.035409,26,176.613628
-122.34522,234,176.909419
-28.794773,46,176.965789
-86.989156,105,177.096354
11.290242,26,177.131309
-5.853632,45,177.550898
-38.870727,42,177.604634
-55.309033,210,177.866979
-67.201944,45,177.923462
-23.326693,48,177.971004
-6.112329,13,177.982726
-37.574778,20,178.005412
-24.480607,55,178.07112
-16.273837,72,178.160161
-15.281417,26,178.193725
-60.865021,69,178.277618
-9.121471,12,178.292114
-38.455392,76,178.380699
-6.18739,14,178.395489
-10.552031,29,178.421788
-7.955417,40,178.458066
-97.775608,129,178.580134
-20.219347,21,178.59875
-55.182547,56,178.649653
-656.087694,1000,179.583551
-0.647391,21,179.602536
-28.014139,28,179.628719
-2.464819,21,179.920727
-3.580556,20,179.939487
-38.938856,26,179.961619
-46.704976,27,179.986649
-49.450464,59,180.038066
-30.37702,58,180.090193
-45.300297,48,180.135366
-20.811333,30,180.165382
5.689013,40,180.202093
-16.171905,37,180.236089
-671.571901,1000,181.174927
-38.551185,36,181.207062
-102.936282,119,181.321537
0.153044,15,181.335722
8.066933,49,181.381249
-19.430239,29,181.407997
-33.994687,34,181.439602
-18.110607,23,181.461403
-7.403346,24,181.483132
-40.261141,41,181.521104
-11.019922,27,181.546329
-101.521822,133,181.668542
-46.267875,47,181.712326
-91.505456,62,181.769876
-48.66112,62,182.097538
-13.26452,19,182.114581
-1.668829,24,182.13616
-9.617387,12,182.147861
-22.605146,30,182.175869
-68.927669,41,182.21365
-50.381184,41,182.251981
-19.333661,46,182.295492
-14.208238,13,182.307159
-17.082217,59,182.362311
-90.010595,104,182.458075
-42.886234,65,182.516734
-10.227779,15,182.530829
-38.802331,61,182.586404
-17.875989,46,182.627323
-29.206781,27,182.651289
-84.888289,44,182.691101
-38.11508,100,182.781758
-13.593249,13,182.793779
-16.524437,36,182.826888
-13.819056,22,182.846303
-3.382577,49,182.891732
-23.635799,14,182.90445
-33.716072,51,182.953218
-6.551786,17,182.969134
16.127577,28,182.995592
-28.416154,31,183.023987
-36.822901,130,183.142531
-18.780456,19,183.159713
-42.403421,49,183.204361
-43.72551,32,183.235413
-4.954338,20,183.254438
-32.186183,27,183.279208
-10.330615,13,183.290576
-53.842881,91,183.374472
-29.043552,36,183.40702
-24.809406,60,183.462835
-13.689973,19,183.480982
1.833945,41,183.518781
-8.683937,11,183.528503
-12.877988,59,183.582659
-11.501032,12,183.594011
-76.530118,107,183.689846
-19.984606,29,183.71529
-76.900947,96,183.803339
-14.05851,14,183.817432
10.019338,54,183.866509
-3.079322,51,183.914237
8.666743,17,183.929211
-29.293151,42,184.242078
-7.141433,22,184.262374
-19.784398,20,184.280773
-31.601142,98,184.371442
-8.98528,25,184.394184
-18.944793,29,184.421456
-49.972444,55,184.471809
-78.636031,143,184.633804
-86.150325,47,184.681597
-9.61685,16,184.697111
-16.997985,22,184.719113
-16.790257,51,184.773835
-43.210789,31,184.8069
-20.940794,29,184.836498
-29.071311,29,184.865442
-79.735796,117,184.984038
-120.22134,189,185.164027
-50.032641,54,185.216141
-12.888587,16,185.237861
-40.63165,55,185.309177
-37.839318,44,185.364947
-18.468827,33,185.40724
-4.34943,15,185.426279
-39.119483,84,185.530117
-7.887548,68,185.614712
-29.070677,45,185.668992
-5.194495,32,185.706876
-9.208278,37,185.749794
-5.017034,12,185.764434
-31.439629,18,185.786533
-19.099577,27,185.816725
-16.378463,20,185.840614
-18.204528,55,185.905792
-16.134009,27,185.938254
-10.569952,35,185.980037
-31.412036,19,186.004653
-12.207377,17,186.025887
-70.88132,66,186.103472
-50.422507,28,186.136363
-32.687994,28,186.172939
6.912127,66,186.253025
-3.537121,49,186.309567
-21.196015,45,186.361969
14.239718,25,186.391588
-72.518045,67,186.468994
8.140904,46,186.843304
-17.168952,36,186.883822
-3.006864,14,186.89852
-97.945874,158,187.071392
-58.841433,52,187.128521
-37.37782,133,187.281626
6.875337,33,187.319523
-43.930948,58,187.378096
-53.562054,96,187.484483
-33.163451,32,187.517557
-8.478725,19,187.537469
-111.4746,109,187.65173
-17.694964,15,187.665606
-14.926151,34,187.696923
-14.314791,18,187.712882
-56.812839,107,187.808019
-74.832549,75,187.875891
-22.836035,20,187.892916
-8.55224,24,187.915979
-45.043228,55,187.96545
-31.695829,40,188.002883
-32.947871,20,188.021236
-673.737451,1000,189.563306
-22.399092,35,189.599351
-7.145371,25,189.624131
9.274921,36,189.656928
-73.288245,125,189.769099
-631.186502,1000,190.707091
-29.751891,35,190.739827
-124.992255,139,190.864972
-20.683043,17,190.880284
-83.3135,90,190.965195
-56.563065,106,191.075239
-54.847252,32,191.105095
3.02389,26,191.131782
-56.337741,34,191.163622
-25.461497,77,191.234979
-36.946944,47,191.27758
4.332567,21,191.296191
-54.684998,41,191.333341
-54.541789,48,191.377967
-16.506939,18,191.67453
-33.89409,24,191.6959
-20.798278,36,191.728871
-11.548434,78,191.800136
-24.239177,53,191.848495
-32.477174,24,191.870692
-20.430788,87,191.950088
14.557547,50,191.995665
-25.055152,31,192.024989
-26.426481,35,192.058001
-2.542673,10,192.066799
-14.221525,17,192.081782
-30.163122,96,192.170488
-642.464124,1000,193.113961
-17.029045,12,193.126151
-15.438402,16,193.142543
7.624826,31,193.172967
-60.345686,47,193.219934
-24.182246,66,193.282631
-13.673792,17,193.298852
-14.955645,18,193.318267
-62.546062,58,193.37544
-77.929941,45,193.419308
-79.484758,105,193.518541
-41.22057,55,193.571526
-7.873334,24,193.876627
-95.292523,80,193.954042
-6.304976,23,193.975843
-54.473981,80,194.075155
-95.336197,83,194.181937
-16.287617,17,194.202428
-1.565029,27,194.233881
-0.977903,29,194.268081
-22.059768,28,194.301022
3.4956,78,194.395974
-16.312928,23,194.425125
-50.000092,59,194.499328
-35.606215,70,194.589644
-16.747978,63,194.666862
-8.084914,22,194.690587
-32.255565,50,194.743702
-45.576344,37,194.779076
-25.486425,24,194.800284
-117.706655,125,194.926459
-41.803233,58,194.979696
-36.090036,68,195.054677
-31.676435,26,195.078657
-16.52883,14,195.090666
-8.198462,16,195.104162
-17.223299,16,195.12084
-21.64442,25,195.151696
-32.136318,41,195.210032
-10.975599,11,195.225829
-39.033349,95,195.339852
-5.945081,38,195.374747
-8.218838,21,195.393346
-15.509181,13,195.404976
-10.34556,19,195.425205
-27.61706,28,195.451375
-35.876312,33,195.483217
-51.081078,77,195.556903
-71.972835,71,195.621387
-53.449702,71,195.686497
-74.154071,58,195.738739
-53.017514,48,195.785838
-32.485923,62,195.848387
-27.788286,43,195.891219
-634.014948,1000,197.128735
-23.754888,30,197.156992
-17.48613,29,197.185051
-45.351148,56,197.237855
-9.278963,14,197.251313
5.274981,33,197.281706
-138.568104,112,197.38394
-56.65172,53,197.43141
-1.557868,12,197.441611
-5.287328,33,197.472006
-40.565445,60,197.529848
-23.195475,48,197.574217
-13.9659,16,197.589451
-26.321911,53,197.638357
-20.33089,57,197.690692
11.334825,52,197.73888
-654.982258,1000,199.0046
-6.075538,14,199.018143
-5.945697,12,199.029019
-18.852082,69,199.093474
-23.829004,26,199.117365
-10.461891,9,199.126277
-7.220106,40,199.161934
-5.261896,26,199.186458
-39.667537,29,199.213112
-0.392754,49,199.258067
-4.065071,72,199.322646
-14.823098,107,199.42037
2.035358,57,199.474009
-25.089824,49,199.760413
-20.681534,23,199.783342
-29.402105,21,199.805197
-13.212012,48,199.850022
1.886404,18,199.866537
-56.285481,70,199.931923
-0.509248,42,199.969802
-37.438524,33,200.000833
-19.345566,31,200.030023
-8.73721,17,200.045274
-31.707154,22,200.066253
-30.455724,76,200.134563
-607.941858,1000,201.362593
-46.754041,111,201.465869
-38.273387,49,201.511063
-4.634509,50,201.55877
14.571455,19,201.576526
-14.235691,13,201.588355
-31.105599,32,201.618475
25.792434,65,201.677339
3.598617,53,201.726039
-52.41697,65,201.78762
1.189766,35,201.819024
-15.874351,41,201.856465
-137.7508,173,202.014676
-44.538901,155,202.159685
1.731783,16,202.174275
-6.787964,49,202.219712
-5.19432,17,202.238305
-20.447193,13,202.252739
-195.55686,224,202.481432
-3.869952,23,202.502446
-631.82837,1000,203.738205
-19.370049,21,203.758348
-60.629727,47,203.802023
-1.198236,20,203.820509
-8.678845,67,203.881785
-12.850786,24,203.904074
-58.012437,58,203.958086
9.411541,16,203.972157
-80.504647,61,204.026776
1.327746,24,204.048733
-9.719989,16,204.063226
-6.842623,93,204.150677
-36.518459,61,204.207268
-2.634694,22,204.227137
-9.659018,38,204.264437
-6.380078,23,204.287272
-11.4655,18,204.305371
-14.40569,20,204.325534
-75.962809,152,204.475536
-6.535123,127,204.600128
-16.681106,40,204.638972
-9.051993,38,204.674796
-29.19059,52,204.722853
-23.367746,43,204.762737
-11.99187,20,204.780483
1.916717,61,204.838677
-62.782959,83,204.938969
-13.237812,28,204.975246
-43.39513,50,205.03784
-5.120091,15,205.058153
-5.002159,42,205.114385
-38.783707,66,205.201155
-0.167174,18,205.223267
-133.232058,142,205.658433
-36.496351,24,205.682286
-23.574931,40,205.723918
-20.882521,27,205.751924
11.537993,16,205.768051
-23.857753,22,205.790943
4.094033,35,205.826239
-20.129783,13,205.838863
-24.20469,38,205.875415
-41.968222,62,205.932003
-23.682695,20,205.956187
-3.430847,10,205.966789
2.786617,54,206.027755
-11.918226,55,206.101078
-2.427934,26,206.135336
-65.999274,49,206.198972
-15.662649,71,206.284547
-2.77471,13,206.298004
-15.45641,18,206.315527
-32.915286,31,206.347615
8.936104,48,206.401634
-8.183944,45,206.443539
-586.701447,1000,207.434512
-13.361438,14,207.448044
-40.280243,34,207.478989
-50.434732,51,207.52611
15.570473,45,207.568432
-5.239291,20,207.587344
-33.02914,46,207.629478
-4.510151,40,207.666836
-32.362368,41,208.051868
-10.249235,12,208.067478
-12.635293,20,208.093874
-1.888406,19,208.118085
-9.447432,25,208.14925
-69.35183,75,208.2421
-12.462931,42,208.295745
-55.581817,50,208.359513
12.983842,25,208.3894
-16.413389,19,208.411533
-5.098172,13,208.426967
1.439204,37,208.469769
-40.413481,55,208.528901
22.842402,28,208.562589
12.859121,35,208.602041
0.511097,12,208.615288
-2.568827,15,208.632847
-27.043087,36,208.674544
-12.114601,19,208.695755
-628.101512,1000,209.843814
-43.153176,38,209.890763
-11.742078,26,209.91951
-13.353084,30,209.948392
-30.660738,37,209.982388
-26.675359,22,210.001786
-529.837541,1000,211.235186
-39.056251,45,211.276477
14.490424,53,212.276396
-22.019996,31,212.304463
-31.942331,49,212.350529
-116.881472,137,212.487426
-43.401101,55,212.545415
20.678199,30,212.576409
-74.817484,129,212.700279
-26.849985,44,212.741059
-7.616606,73,212.806638
-577.421205,933,214.091355
-114.47775,73,214.16189
-9.28499,23,214.184657
-25.924124,39,214.220951
-9.224885,39,214.256208
-15.119356,79,214.335513
-39.351023,46,214.383407
3.554193,23,214.405825
-97.137761,122,214.522005
-4.145844,29,214.550119
-12.966179,41,214.58823
-5.483374,78,214.658837
-54.209294,95,214.746294
-16.817919,15,214.759552
-19.916622,26,214.783937
-16.760704,25,214.806542
-31.850031,28,214.832356
-73.594319,101,214.925586
-47.719176,88,215.008289
-16.918195,23,215.029685
0.336304,55,215.087297
-9.948098,24,215.109514
-18.995768,31,215.13892
-7.631689,17,215.154141
-9.524931,42,215.192288
-31.563167,73,215.259514
-43.594055,49,215.305628
-12.281014,15,215.322968
-101.251335,87,215.407844
-38.986704,66,215.477455
-80.817212,68,215.541434
-26.723194,60,215.602634
35.172552,98,215.69238
-15.980281,17,215.708611
-43.115508,51,215.755443
-44.658793,61,215.813582
-1.814877,30,215.841058
0.731199,20,216.155761
-10.351239,54,216.212683
-11.813351,19,216.23001
-607.058579,1000,217.206015
-45.876303,28,217.23761
-9.272536,34,217.271317
8.747819,17,217.286786
-10.454696,29,217.31357
-78.799152,93,217.404844
-9.354406,13,217.41708
-11.824539,37,217.45779
-5.792802,12,217.469066
-12.013439,29,217.501677
6.326199,15,217.516093
19.351778,34,217.548718
-12.008679,51,217.602413
-9.932119,55,217.653049
-15.39267,30,217.685857
0.280401,12,217.697195
-79.995171,111,217.803209
-36.326128,36,217.836497
-30.724308,104,217.935738
-29.138032,30,217.965137
-37.768735,25,217.98886
-48.021118,47,218.03237
11.058195,45,218.073931
-14.396572,34,218.105006
-17.819235,21,218.12518
-56.381837,50,218.476172
12.369684,50,218.529496
-6.828231,15,218.544307
-2.554567,63,218.607461
-5.89954,17,218.623751
-96.86264,155,218.779893
-34.814566,29,218.807843
18.848112,46,218.856382
-627.827294,1000,219.853345
3.940964,16,219.869233
17.412938,42,219.913212
-13.453983,14,219.92587
-12.313783,15,219.939905
-72.706148,97,220.036517
-20.866722,62,220.099771
-28.254166,23,220.121844
-650.460105,1000,221.390878
-6.825052,12,221.404332
-10.791805,29,221.437624
-42.772809,56,221.490258
9.201457,57,221.548831
-12.428027,10,221.558135
-1.875161,15,221.572926
3.553837,20,221.591662
0.03502,53,221.640073
-49.544139,74,221.708402
-1.629318,22,221.72796
19.650461,33,221.758599
-42.045183,37,221.792149
-30.834106,69,221.854168
-12.171176,18,221.870926
-10.183181,23,221.89139
-0.779195,35,221.923894
-0.281968,15,221.937087
-53.624487,60,221.999206
-15.569052,55,222.049709
-40.72716,38,222.085562
-8.486774,28,222.111302
-56.966853,98,222.201934
-8.063583,32,222.231577
-2.51291,30,222.268224
-23.767274,39,222.304345
-2.808726,17,222.320389
-25.263917,26,222.343885
-31.223425,53,222.392941
-15.074249,28,222.417553
-51.558529,85,222.497367
-15.088833,13,222.509837
22.802726,57,222.564037
-13.685884,24,222.585685
-41.986575,53,222.635197
-23.599445,19,222.653229
-5.509437,16,222.667181
-16.442922,25,222.691335
-60.271548,137,223.094618
20.994868,108,223.193047
5.285689,79,223.265264
21.063339,47,223.317223
-31.387224,52,223.377512
-125.092495,85,223.473767
-7.197326,23,223.501299
4.403563,16,223.517237
-8.626894,18,223.837412
-25.86075,25,223.86606
-4.533857,32,223.901388
2.330388,32,223.936791
-7.281056,18,223.957636
-59.597618,92,224.060022
1.396093,14,224.074865
-14.471853,29,224.107403
-1.657062,40,224.154149
-38.010545,27,224.183964
-21.716423,20,224.206691
-22.203013,33,224.242683
-33.190821,19,224.265818
6.011686,58,224.33232
-18.771331,21,224.359791
-8.443472,36,224.408751
-27.630559,33,224.457773
-40.878412,54,224.525432
-24.41419,73,224.644566
-68.080066,68,224.74478
-22.697648,19,224.784626
-30.191407,36,224.84564
-11.013123,11,224.866883
-23.62523,57,224.960442
-17.597127,26,225.007121
-24.169673,29,225.068147
-8.361901,19,225.099173
-20.070958,25,225.136153
-17.297216,23,225.17066
2.020288,20,225.20426
-9.288347,14,225.225527
-649.257317,1000,228.02056
-4.997884,14,228.040214
6.413691,43,228.107514
-30.633292,31,228.153409
-46.388393,27,228.191004
-20.194259,25,228.224955
0.315001,35,228.272516
-38.076239,45,228.335548
-20.697835,35,228.385402
-8.328915,34,228.432529
-1.350547,25,228.466437
-41.027936,117,228.624385
-17.217528,13,228.641119
-46.668479,54,228.718932
10.384445,35,228.768162
-11.619868,18,228.790522
-26.117691,42,228.845255
-14.841547,77,228.953965
-617.120509,1000,231.727779
15.544749,38,231.78885
21.048565,40,231.856657
0.679259,36,231.913119
-8.935431,13,231.938268
-10.134663,40,232.009828
-8.261628,10,232.028873
-12.019025,31,232.079667
-2.157286,12,232.101627
-13.286463,21,232.137296
-6.557816,26,232.179674
-9.578124,17,232.20976
-115.801992,110,232.406629
-6.749443,38,232.476516
-88.711086,64,232.603857
-3.82391,14,232.629769
-1.29308,22,232.669029
-24.461411,41,232.740019
-542.402262,1000,234.175252
-99.792295,58,234.25498
-24.681032,76,234.353712
-8.563087,14,234.370205
-6.947728,27,234.405752
-16.71347,28,234.44186
-5.819491,21,234.473017
1.050403,14,234.495119
-11.071824,23,234.527739
13.967519,19,234.55849
-10.46799,15,234.58074
-16.00044,20,234.609811
-0.077952,29,234.656393
7.583379,39,234.714537
-499.880398,876,236.801479
-15.594656,16,236.822408
-8.083649,19,236.848456
-2.05814,27,236.883985
-39.835097,33,236.931374
-52.494608,38,236.979777
-101.177541,78,237.087192
4.701036,35,237.136096
-1.019997,49,237.205297
36.468863,88,237.329495
-55.214688,69,237.423517
-5.497686,50,237.492741
31.566122,134,237.676766
0.349262,20,237.706161
-22.507912,14,237.727944
12.426173,63,237.817198
1.120533,13,237.835451
2.340475,31,237.879724
-27.923922,35,237.928555
-11.704419,11,237.944676
-59.316464,61,238.031943
-12.817087,15,238.051321
-2.17965,9,238.063846
-61.542025,127,238.242126
-1.604192,18,238.268661
-31.195226,22,238.304959
-76.630438,65,238.395165
-28.852038,46,239.285177
-3.999048,16,239.30946
-530.470767,1000,240.808856
-11.411701,18,240.837477
-0.502372,25,240.877226
-28.677698,28,240.921309
-14.304341,47,240.99504
-9.174943,45,241.053641
-11.376107,25,241.088557
-1.30365,20,241.117481
2.654798,13,241.136238
-24.592014,42,241.199625
3.821416,40,241.258624
0.735418,13,241.276872
-5.567515,16,241.297318
-10.370785,18,241.322363
-15.483237,19,241.349194
8.905368,49,241.424885
-11.923097,37,241.482054
-3.055193,15,241.50454
-111.861099,135,241.700294
-7.267963,12,241.716456
-11.918919,20,241.746053
-105.919158,63,241.839314
-7.946814,19,241.868679
-20.768715,39,241.928642
-15.757461,45,242.002918
-16.539638,129,242.198715
-58.300699,86,242.323767
-6.578954,21,243.52134
3.29371,18,243.560384
-363.897225,592,244.690772
-1.722756,13,244.70953
2.955927,24,244.743021
-26.012327,17,244.766639
-11.978231,16,244.789688
-16.104965,39,244.842021
5.71016,48,244.914276
-15.131676,26,244.951631
-3.951355,25,244.992366
-29.90417,88,245.126838
3.112891,22,245.158358
14.76234,25,245.192895
-18.730134,13,245.210748
-51.441537,34,245.257803
-6.973534,45,245.317436
-31.238097,50,245.379368
22.784383,58,245.449884
-28.491429,37,245.495761
-10.821661,17,245.517606
-7.536628,48,245.573153
-65.151178,89,245.695786
-8.949585,13,245.71643
8.157664,54,245.801786
8.984745,37,245.859016
-12.014865,31,245.90062
-553.515684,1000,248.161911
0.326357,18,248.181108
-17.889489,19,248.201222
-11.511882,12,248.21277
5.452261,31,248.244553
-28.671069,82,248.340928
-24.461055,28,248.373831
-61.814346,59,248.44132
-40.330836,70,248.520579
-15.986862,29,248.553624
-3.520821,14,248.569138
-45.844694,71,248.651737
2.535307,26,248.680029
-1.704902,18,248.704107
17.247383,26,248.73226
-29.31852,98,248.842526
-52.870186,67,248.913286
-26.07716,53,248.969094
-21.533567,25,248.993405
-0.587389,12,249.006272
7.014309,18,249.024613
-7.747755,16,249.040908
4.606905,17,249.058201
-20.070014,44,249.103246
0.904788,24,249.126466
13.955275,28,249.156133
-21.141761,29,249.187999
31.344874,31,249.220212
-520.539932,1000,250.684917
33.276577,35,250.723635
-16.325207,58,250.786115
-47.77065,33,250.820813
-8.217981,22,250.843203
-38.581294,57,250.903736
-19.10708,32,250.938239
-11.728917,13,250.952295
3.474124,30,250.984801
-12.200954,38,251.026623
-25.71575,29,251.05802
-558.427341,1000,252.119425
-13.661385,35,252.156667
1.892196,22,252.1795
-56.78359,55,252.238212
-9.662529,32,252.271763
-23.589608,49,252.323217
-16.478602,28,252.352471
-64.507641,50,252.404987
-41.108733,49,252.455675
-5.980353,17,252.473284
-7.871178,14,252.872656
-17.301553,53,252.927177
21.053921,52,252.980994
-41.014744,33,253.015156
-12.228536,12,253.02687
-51.906834,94,253.123929
4.147443,15,253.140474
-12.225892,27,253.169683
-4.491326,32,253.203171
1.288667,9,253.21142
20.561682,54,253.269324
-23.961615,32,253.301741
-7.373074,14,253.316369
-22.171875,15,253.330863
-595.188084,1000,254.400728
-6.943365,27,254.429084
-18.808402,33,254.463559
-50.789596,171,254.642889
-57.226364,84,254.729809
-24.676482,36,254.768029
-17.838173,70,254.843563
-18.80385,19,254.863857
-3.418662,24,254.889788
-19.070676,14,254.904288
-546.124681,1000,256.34288
-21.18124,54,256.397825
-4.059104,14,256.411221
-3.644101,21,256.433502
-19.602304,19,256.452786
-12.615949,20,256.47342
-22.335754,37,256.511503
-7.108352,13,256.52494
-44.564455,45,256.571687
-31.069875,49,256.621021
-35.046898,38,256.659939
-11.914761,75,256.737012
-4.548959,68,256.805858
-554.731309,1000,259.553807
-17.129238,102,259.657418
-15.176093,55,259.713518
5.611522,24,259.738284
-16.930896,13,259.751705
-12.200503,94,259.849098
-1.160428,34,259.884421
34.71114,37,259.92759
-7.057347,49,259.980601
-6.63554,51,260.034872
8.070378,46,260.08232
-11.360752,26,260.111519
15.054017,22,260.136728
-5.803099,35,260.17581
-4.931711,23,260.202443
-24.343571,44,260.248276
17.607999,20,260.271536
-8.680237,26,260.298057
-3.213585,35,260.334329
-28.435095,109,260.444969
-9.343267,23,260.469067
-15.552643,43,260.512841
16.256168,28,260.543242
-1.444617,27,260.574576
-62.030245,71,260.646378
-10.767662,28,260.675183
-8.275248,45,260.721438
-54.273231,43,260.764392
-555.294288,1000,262.216537
-4.032722,17,262.234919
0.286269,14,262.24883
-9.425663,25,262.275009
-2.892858,44,262.320472
25.816819,47,262.369279
-10.459292,14,262.384476
-17.859361,44,262.428333
-32.272704,52,262.48351
-68.90567,125,262.611725
-8.995403,67,262.680056
2.884076,33,262.714203
-2.418312,62,262.777827
-3.817106,28,262.807292
-61.500737,84,262.893354
-47.551521,48,262.943098
-13.573601,12,262.956448
-9.639318,12,262.969733
-18.244881,27,262.998691
-38.128125,25,263.023458
-2.770424,23,263.048166
11.889527,165,263.217547
4.919347,37,263.256362
27.20736,25,263.282694
-508.828721,1000,264.903082
-1.359869,27,264.930548
-1.419166,12,264.943005
-38.115971,83,265.029583
-23.110255,24,265.05644
-12.80769,16,265.073026
-20.850037,19,265.092582
-12.678408,15,265.107827
0.216293,22,265.130956
-21.147693,18,265.149278
65.297712,90,265.241754
-3.456275,15,265.257701
-1.201617,13,265.271737
-19.695904,34,265.306583
-24.378199,31,265.338747
-9.754878,33,265.373446
-9.072853,22,265.395952
5.757559,11,265.407429
-29.860801,40,265.45103
-28.121104,46,265.498785
-27.603838,73,265.575862
-23.848735,95,265.677027
7.321969,26,265.705108
-26.60473,27,265.734971
-5.288957,30,265.767364
-17.063886,32,265.801177
-2.323441,30,265.832656
6.811616,87,265.921828
-515.603838,1000,267.379807
20.48808,38,267.418171
-581.425749,1000,268.399678
-19.21672,38,268.434978
-27.981949,24,268.457141
-7.92047,12,268.468738
-30.536388,93,268.554279
-331.992563,703,269.670771
-10.818476,19,269.695472
-4.497949,27,269.727722
30.046486,39,269.771954
-13.635729,31,269.803934
-16.182894,27,269.829179
14.808072,20,269.847304
-0.259862,27,269.872166
-12.860192,15,269.885434
-52.192813,110,269.984959
-88.284705,122,270.128791
-2.789637,23,270.15618
-13.744823,37,270.194344
-0.261352,16,270.209072
-482.690577,1000,271.231732
-54.021895,53,271.280429
-7.035978,26,271.304229
-13.664804,33,271.335278
-22.819022,16,271.349385
-24.006993,24,271.371766
16.15144,95,272.247764
8.61748,77,272.320167
-21.174769,43,272.363219
-7.776918,56,272.702552
-20.043725,20,272.719832
-89.423083,126,272.836073
5.552555,14,272.848213
-9.070368,45,272.891146
-20.085649,17,272.906945
-88.18841,54,272.956506
3.170907,27,272.985616
-24.589192,26,273.009866
-14.821946,54,273.060007
-2.626574,17,273.076413
-45.127092,71,273.140208
-7.760462,38,273.174698
-24.91904,59,273.227773
-10.586323,35,273.260391
-35.033946,21,273.280266
-28.3964,34,273.310949
0.744983,10,273.320647
-11.147968,12,273.33162
-20.139562,25,273.354304
4.523741,29,273.380978
-14.010682,46,273.422747
-2.771702,40,273.462222
-32.916503,64,273.524539
-30.431406,34,273.555293
9.838113,28,273.580581
-22.681172,53,273.629422
-2.483952,12,273.64099
-19.013355,31,273.66939
1.587101,15,273.683379
-13.614342,28,273.70905
-557.659561,1000,275.041275
-49.740028,107,275.138551
-7.155185,32,275.167503
-7.33625,23,275.188632
-0.901786,11,275.198828
24.204461,45,275.23867
-4.88346,17,275.254317
-23.873366,34,275.285267
-441.947177,1000,276.215753
-62.604828,88,276.295547
-32.071709,35,276.327229
-13.033006,34,276.358493
22.151617,106,276.455193
21.726095,48,276.499039
-9.393135,15,276.511882
11.029916,31,276.540155
-38.753262,58,276.594298
6.67507,21,276.617395
-18.535821,32,276.64774
-5.762521,22,276.66858
-27.961086,76,276.738719
-453.580818,1000,277.936188
-256.848106,543,278.440876
-13.038878,25,278.464331
-11.02487,14,278.476946
-18.392839,16,278.492235
4.63747,57,278.543981
-10.877804,14,278.556328
-8.354396,35,278.588584
-19.270263,20,278.606587
-22.119948,151,278.743252
-11.185463,46,278.785353
-6.974879,16,278.799842
-5.743011,16,278.814418
-48.751387,72,278.886157
-23.482508,52,278.937822
-42.081385,82,279.012553
-13.480385,39,279.33941
-18.836401,74,279.405771
-17.402238,14,279.418559
-18.815211,34,279.449817
-13.892432,12,279.461035
13.960975,56,279.512925
-28.972464,16,279.527127
-15.089709,25,279.549721
14.7727,27,279.574625
-0.236576,10,279.583853
2.544996,15,279.598384
-11.366706,26,279.621736
-7.253412,16,279.636228
-23.163338,43,279.674228
-15.792968,15,279.688267
-60.387753,88,279.768326
-15.146275,16,279.783284
2.590832,13,279.79474
-4.348252,54,279.843901
-4.368098,44,279.884429
4.500649,45,279.924296
-8.646445,19,279.942209
-59.08782,44,279.981864
-34.143595,84,280.062561
-10.229271,18,280.0792
-7.23695,34,280.11075
-9.549274,33,280.140297
-3.574029,16,280.155394
12.427692,23,280.176378
13.328674,65,280.23595
-57.395308,92,280.320483
8.772294,22,280.34105
-16.919576,31,280.369124
-53.711831,125,280.484313
-5.128075,12,280.496023
-3.207537,14,280.509145
-41.971097,62,280.565538
-41.656792,31,280.59489
-6.242384,19,280.611482
-27.864584,43,280.650018
-13.453011,18,280.666528
-27.744587,120,280.773456
-56.725011,68,280.834985
-12.006515,31,280.863606
-2.092332,25,280.886721
-46.179791,80,280.959815
2.874959,24,280.98284
-16.464543,15,280.99606
-8.816325,22,281.015917
-12.994258,29,281.042407
-20.032857,27,281.068162
-42.707475,52,281.118548
-32.096634,108,281.498011
-3.202275,31,281.526118
9.692704,49,281.570245
-17.562807,22,281.590023
-7.621831,12,281.601427
-4.197228,12,281.612305
-6.906742,31,281.639746
-7.079236,13,281.651924
-10.280413,14,281.664888
29.518908,43,281.703836
3.914923,34,281.734899
-74.522306,125,281.86112
-17.876728,24,281.883304
-32.250712,33,281.914588
13.743395,18,281.930159
3.990302,61,281.985912
-9.480735,15,282.000123
-5.430753,15,282.013418
-24.040383,45,282.055022
-30.299232,60,282.108117
-1.691117,16,282.123097
-15.200051,17,282.13835
30.658067,37,282.172895
-5.057635,18,282.188571
5.302818,23,282.210171
-21.113983,26,282.233605
-5.612233,22,282.254266
2.93221,12,282.264685
-30.281417,43,282.304453
-5.543975,44,282.351128
-12.662907,27,282.376319
-11.32576,22,282.396649
-35.929186,26,282.423633
-16.378523,43,282.477316
7.028126,14,282.491965
-30.683934,70,282.577412
-6.696797,17,282.600854
-3.322736,24,282.627396
-11.094655,23,282.651979
-15.313482,13,282.66872
15.347468,49,282.725827
-11.864799,27,282.758802
6.710843,37,282.802993
-1.522382,20,282.823974
-82.746009,104,282.94509
-42.768947,182,284.197829
0.525686,69,284.260712
-47.738848,76,284.33051
18.555694,71,284.395142
-10.418121,22,284.415115
-14.147227,15,284.428648
-9.516606,29,284.453897
-25.620276,21,284.476686
2.365798,45,284.520595
-39.46481,81,284.870672
-11.298419,22,284.890975
-2.489937,32,284.918899
-13.012294,24,284.941457
-54.567318,169,285.101628
13.835473,75,285.169402
6.377992,16,285.184682
-53.616679,54,285.23404
0.800962,17,285.248972
-454.716271,1000,286.17983
-20.609055,43,286.219764
7.179617,42,286.258253
-11.613659,15,286.271461
-16.948513,28,286.297276
-35.465818,41,286.334375
-12.884255,40,286.371367
-46.428891,54,286.421892
-18.496549,18,286.439806
0.104057,46,286.48895
-38.155486,31,286.518608
-12.20451,17,286.534116
-12.210582,54,286.585207
-83.319363,71,286.651529
-10.553956,14,286.664259
-155.35681,98,286.753326
5.193105,22,287.058163
-7.562183,15,287.072
-22.348615,15,287.08582
-37.724835,53,287.14139
-6.69197,18,287.158167
-9.528455,25,287.181072
0.037842,30,287.208829
3.814404,16,287.223713
-20.090303,31,287.252635
-2.650238,16,287.266915
-6.9801,28,287.292869
2.02469,15,287.306732
-16.225704,20,287.325686
1.52391,11,287.335838
-8.185493,14,287.348532
-34.930602,47,287.392081
-1.093651,12,287.403248
-31.330523,33,287.433369
42.394986,55,287.482375
-9.369511,27,287.510451
-21.957461,22,287.533484
-4.782449,14,287.546291
-34.829618,73,287.613317
-16.520626,36,287.646044
-16.628255,22,287.667246
-39.035038,73,287.732911
-29.195544,114,287.836104
2.796163,30,287.874955
-10.931842,19,287.895091
-47.548957,89,287.991564
-24.644416,95,288.110295
-16.319714,69,288.180565
12.37696,74,288.249736
3.278873,11,288.260496
-9.028745,40,288.303534
-7.383347,46,288.358677
-491.891476,1000,289.642025
-17.650653,42,289.680156
10.961711,24,289.701556
-1.111088,13,289.71492
-9.751777,22,289.742559
-22.763461,17,289.760691
-62.308315,75,289.837358
-53.736169,53,289.897377
7.074814,21,289.917156
9.804296,14,289.930531
-3.982625,15,289.944156
-4.702505,19,289.961359
-28.00703,35,289.993408
6.843188,86,290.072632
-28.769812,22,290.099198
-5.508561,14,290.115997
9.420983,73,290.187093
-4.996077,10,290.196164
-15.32078,18,290.211823
-6.443346,31,290.241358
-27.480138,26,290.265202
-57.375531,70,290.327138
-28.376053,51,290.374218
-7.349669,24,290.398753
-12.360223,28,290.428278
-12.202726,34,290.459894
-67.227479,99,290.551327
3.189622,30,290.578327
-28.581936,197,290.780202
-23.981418,22,290.801173
-98.675909,76,290.869903
11.893285,49,290.915365
-21.432904,63,290.976186
-6.623062,16,290.995237
-64.589686,58,291.055307
-20.909274,31,291.086222
-6.28875,30,291.114117
-19.42349,23,291.134774
-24.260803,28,291.160536
-2.166955,30,291.18652
14.390206,32,291.215806
17.206772,45,291.256589
12.560888,28,291.281361
-0.746935,14,291.294714
-9.552633,35,291.326144
-11.299592,47,291.680116
-5.249617,7,291.688536
4.014905,13,291.700026
2.950427,33,291.733296
-0.223024,29,291.761945
0.904729,14,291.774837
9.26311,36,291.811076
-24.260094,53,291.869954
-0.134105,37,291.904773
0.917565,22,291.926953
23.231984,49,291.973328
1.137857,14,291.986096
11.134518,28,292.012187
-11.253333,34,292.042977
62.542382,66,292.10304
-42.058961,93,292.187547
-427.117345,1000,293.179819
-518.131495,897,294.317155
-24.313008,65,294.378527
-20.090811,23,294.399593
12.441608,50,294.445863
-5.291039,20,294.464706
-9.279928,23,294.485459
-396.53136,1000,295.743618
-8.522656,48,295.786746
-17.161302,33,295.816655
-46.727526,132,295.959234
-4.95558,22,295.980671
-45.118835,60,296.047906
-10.766896,56,296.110585
-24.289298,59,296.170763
-16.123136,27,296.198532
-34.245188,49,296.52862
-16.718227,68,296.602317
-17.06104,32,296.632187
-31.16456,65,296.704195
-460.25199,1000,297.716028
-31.307216,37,297.756015
-105.597926,77,297.828408
2.448569,31,297.856446
-60.639064,114,297.968461
-28.439405,62,298.025425
-35.136931,45,298.074992
-65.023014,83,298.16041
1.943173,35,298.198729
0.009651,32,298.230366
8.398564,54,298.283022
-66.524429,115,298.401544
-20.502851,74,298.469698
3.867177,12,298.480188
10.371128,86,298.557379
-20.324165,21,298.895238
0.991238,19,298.912872
-22.393381,46,298.953507
-9.448593,30,298.981272
0.878488,18,298.996637
-33.695583,64,299.056373
-30.946026,32,299.086044
14.914279,42,299.128535
-15.538676,28,299.159554
-3.069847,10,299.168684
-9.970454,53,299.217447
-28.360599,32,299.247395
-7.466047,18,299.265434
2.663098,17,299.280802
-69.534868,91,299.363049
-5.12481,36,299.396295
-23.357952,100,299.492877
-13.303745,82,299.568089
15.583699,65,299.627942
-31.082795,76,299.703536
2.951186,14,299.716873
-13.738959,28,299.745858
20.76701,40,299.787498
-7.55241,14,299.800059
-9.706502,56,299.850274
-29.705416,60,299.903
-9.927537,29,299.928462
-29.996799,45,299.969072
-24.257061,29,299.995565
9.141383,16,300.009439
-11.770211,49,300.054915
-15.969989,31,300.084045
-6.596671,18,300.099934
-12.637491,53,300.1478
-19.727389,28,300.173985
-4.287233,15,300.191403
-0.498407,16,300.20856
-16.789615,27,300.233539
-10.688951,19,300.251404
15.225999,23,300.271777
-38.938479,42,300.309
-31.418427,54,300.3583
-76.998194,72,300.423754
-44.616734,78,300.493878
-379.501723,1000,301.738978
-14.961633,27,301.763626
-12.304565,58,301.817556
-10.850619,12,301.829543
-2.551096,31,301.857717
-4.354051,62,301.913413
-10.414541,33,301.943159
17.190118,26,301.967807
-6.877195,34,301.999838
-38.625149,57,302.05336
-9.046211,35,302.087027
-23.615519,53,302.135977
-14.562799,35,302.168137
-2.811261,13,302.18053
-2.755526,22,302.200616
23.130373,38,302.236379
2.902077,41,302.274988
1.30134,15,302.288262
-18.005007,18,302.305808
-7.355727,16,302.320173
-2.096655,22,302.340818
2.437348,18,302.356862
36.63181,50,302.402919
-42.008224,142,302.540479
-3.202031,22,302.561676
6.391683,13,302.573078
-6.022555,11,302.583385
-11.374795,29,302.611043
20.883037,30,302.639846
-2.531365,11,302.649875
24.849984,32,302.679514
-13.112725,53,302.728172
13.750729,21,302.747445
-13.451135,15,302.761248
-11.830822,13,302.773776
-9.374215,20,302.791855
2.345602,13,302.803977
-40.576498,27,302.829629
-11.008174,16,302.844197
-38.892601,70,302.909064
-4.31231,18,302.925165
3.613366,59,302.979123
41.687755,53,303.30567
-10.416536,50,303.359139
-108.749684,157,303.509533
-28.979729,37,303.543404
0.557487,17,303.558818
-24.672452,19,303.582055
-3.63076,20,303.601857
-2.333244,21,303.622529
-2.556329,14,303.63517
0.72774,24,303.657898
-4.303573,24,303.679389
1.502703,21,303.698674
-16.026857,20,303.71775
-13.677978,42,303.756654
-1.972786,52,303.804041
-37.157978,70,303.868105
-44.235909,70,303.932889
-7.70861,17,303.948498
8.815414,36,303.986947
-36.350509,92,304.100437
-11.968391,26,304.123435
-13.988051,71,304.188083
-32.940287,48,304.232279
-41.663207,68,304.312573
24.057635,39,304.361253
47.071298,81,304.444741
-21.870161,70,304.516568
8.056303,47,304.559372
4.346351,21,304.582583
17.35772,27,304.610515
-22.046365,40,304.6554
0.59047,38,304.690762
-48.337904,73,304.756667
-8.917803,21,304.776262
-4.491879,14,304.790661
-7.547954,27,304.820063
-12.830808,19,304.837004
-13.818775,12,304.84795
-3.388501,22,304.868881
13.745716,31,304.898891
-31.683033,35,304.931026
-108.647625,143,305.070809
-57.221266,62,305.142155
39.601424,43,305.186511
-24.170258,58,305.243284
-31.168479,67,305.304938
-5.053131,17,305.319365
-39.444316,43,305.669921
-15.384646,30,305.696606
-54.73093,55,305.74691
-49.456677,77,305.819535
0.415935,14,305.832192
-32.661555,25,305.859795
-5.751608,19,305.880462
2.157181,41,305.919439
8.192512,58,305.971974
1.020932,18,305.992272
-2.501617,78,306.0684
-32.900274,80,306.149614
-1.727802,19,306.166348
3.606276,35,306.198675
-11.685333,17,306.213954
-17.484354,32,306.243073
-10.047438,35,306.277445
-11.921877,21,306.299362
5.117385,38,306.336287
19.816635,69,306.402799
-14.169767,25,306.426708
-30.713685,46,306.469055
19.211132,39,306.506298
10.599043,15,306.520501
-409.752472,1000,307.714818
-9.051827,21,307.740797
-28.560357,36,307.780179
20.144036,92,309.737424
-16.792196,36,309.769575
-47.956154,90,309.853702
-7.42863,12,309.867932
1.544522,74,309.937887
-444.204996,1000,310.871092
-9.023856,25,310.893413
-35.750225,81,310.967794
7.863451,27,310.992091
-16.293975,24,311.013951
-61.577887,79,311.085203
-7.76284,44,311.125553
1.587546,16,311.140547
-6.699879,13,311.152113
-0.888321,35,311.184584
-34.176994,84,311.261324
-9.871764,32,311.29104
0.425047,50,311.335584
-48.404163,43,311.373362
-15.393535,14,311.387147
-26.305048,45,311.429751
3.549265,8,311.436845
4.662616,21,311.455639
8.40151,35,311.487953
-14.535911,21,311.507178
-1.076403,11,311.5179
-1.451588,19,311.535563
-15.127963,30,311.563481
11.462861,25,311.585724
-33.70012,34,311.616788
1.778224,47,311.929049
-1.804064,53,311.976968
-9.275924,33,312.007173
-15.495709,34,312.0388
1.627927,19,312.056122
-15.519857,26,312.080415
5.480201,24,312.101824
-0.542876,13,312.114147
1.013302,46,312.155407
8.220603,87,312.23491
-12.53686,18,312.251095
-27.773343,57,312.303042
-5.536996,36,312.335646
13.987736,42,312.373404
0.450104,12,312.384272
-6.823824,19,312.400586
-3.19632,15,312.414572
-26.564043,28,312.438444
-79.978614,64,312.496127
37.500255,65,312.554207
-6.61748,25,312.577706
-71.424021,138,312.703502
-0.878939,13,312.715578
-15.078058,36,312.74814
31.628656,158,312.892365
-14.329828,14,312.904809
-18.203408,39,312.940815
-32.148518,47,312.983559
-25.405244,77,313.077076
-20.874655,34,313.118296
-0.721962,23,313.150934
-55.955492,114,313.268317
17.651147,33,313.309199
-11.976127,38,313.357924
-18.10173,44,313.414268
-16.518545,56,313.474893
9.159499,14,313.487528
18.531008,29,313.51307
30.326708,39,313.547999
-44.815193,56,313.599746
-23.120641,26,313.623296
-8.530716,42,313.661711
1.962588,21,313.680025
-1.247929,14,313.693316
-354.078718,1000,316.847317
-12.219047,35,316.882545
-6.106714,11,316.893334
-14.021613,20,316.911971
0.124185,30,316.940178
-11.509123,59,316.99461
-0.936229,19,317.01163
-26.042716,41,317.052067
-6.54504,13,317.06496
-46.473491,95,317.151032
-21.140391,44,317.190545
-2.567378,13,317.201552
-6.57995,15,317.214628
40.05597,58,317.268029
-4.763734,27,317.29273
-10.527697,21,317.312563
-2.138903,49,317.3579
-15.668395,21,317.376668
-44.869895,62,317.433795
-9.413217,23,317.455431
-24.806888,47,317.498067
-3.345806,11,317.508538
-12.338976,57,317.564727
3.339677,12,317.576674
-6.276144,30,317.604264
2.922261,29,317.631551
29.282145,45,317.672629
-15.400601,21,317.690798
-8.576276,44,317.729966
6.746999,38,317.764697
-7.531477,49,317.808859
-7.785972,45,317.849479
-0.547509,12,317.860611
8.946327,18,317.878633
11.547829,66,317.93804
-14.612813,57,317.990473
-16.45105,32,318.290474
15.170405,21,318.310438
-7.308674,29,318.336318
39.763852,40,318.371973
-26.143976,102,318.464906
-2.523273,30,318.492082
-8.460086,54,318.541905
1.819212,13,318.55452
7.904078,20,318.572815
-9.22953,13,318.584576
-8.43362,29,318.611375
27.946511,63,318.66792
-3.907935,15,318.68243
-7.437672,33,318.71207
-4.825058,15,318.726195
-14.442082,22,318.74532
-10.474479,10,318.754918
16.446868,58,318.808688
-28.127223,79,318.880904
-15.325729,15,318.894956
-11.655474,22,318.91524
-6.697273,39,318.950888
-13.162779,54,319.000342
1.453842,35,319.031974
-11.8703,68,319.093891
-1.572588,14,319.10684
14.148967,61,319.163777
-6.43626,50,319.209437
-16.028129,39,319.245076
5.260402,22,319.2641
53.38342,113,319.36694
-22.500004,93,319.453617
2.314947,37,319.487429
13.090589,37,319.5207
-16.079435,93,319.605863
-16.419582,21,319.625046
-20.854478,56,319.676478
1.539326,16,319.690974
-395.575828,1000,321.074576
-14.108968,22,321.097576
-31.00421,53,321.147007
-24.46892,104,321.244428
-16.922505,31,321.272659
-16.855483,18,321.289076
-4.441058,37,321.322403
4.980866,30,321.349632
-84.859324,220,321.705102
-19.626734,21,321.724354
52.881937,76,321.793763
-23.259551,42,321.830939
-25.582815,47,321.873887
-1.504247,13,321.886407
-8.097748,19,321.904355
-14.724197,23,321.926828
15.077158,68,321.988864
-1.680705,16,322.003212
-7.90787,36,322.036427
19.154307,69,322.100495
-16.249106,55,322.15088
-15.681048,49,322.196999
-14.261006,32,322.226516
6.185558,66,322.288148
-3.916383,25,322.310974
-20.665551,44,322.352216
5.739082,44,322.392217
-28.647323,33,322.421388
8.939436,14,322.435277
-6.939649,56,322.486946
-10.293478,36,322.519862
-3.259471,9,322.528145
3.21791,30,322.555018
-4.778501,12,322.567789
6.849381,70,322.638261
12.024726,29,322.951857
24.02581,37,322.986482
-370.200998,1000,324.04894
-12.163022,14,324.068334
0.259439,34,324.112505
-9.432478,16,324.133412
-4.390568,19,324.159267
33.564927,63,324.242393
1.539594,20,324.268422
-68.114148,83,324.374111
0.056467,27,324.407603
-45.471586,44,324.462867
5.425253,68,324.529831
-12.94596,22,324.551651
-17.691273,55,324.60392
18.284518,69,324.676349
-3.874167,64,324.743437
-11.583198,31,324.772267
-4.03524,23,324.795876
-3.884692,32,324.825052
-3.397628,17,324.840646
-4.998325,29,324.867715
36.764248,72,324.932202
-385.699677,1000,326.163305
-15.692536,19,326.18014
17.114193,66,326.242494
16.319765,59,326.296097
-23.392274,58,326.348571
27.9853,39,326.383804
22.227284,53,326.431439
-5.075677,24,326.453264
14.922563,86,326.531418
-2.634796,30,326.558637
-8.923643,30,326.586808
8.82895,45,326.631109
-8.362624,45,326.671283
-6.644625,13,326.683218
-4.012084,20,326.702424
-16.45774,20,326.72059
18.995504,30,326.74784
-50.479676,31,326.775002
-8.274287,63,326.832542
-5.773662,56,326.883275
-27.393247,31,326.911666
-6.963793,11,326.921869
-13.728976,56,326.973976
6.194518,16,326.988985
20.055229,161,327.136152
2.9829,16,327.150552
-317.176049,1000,328.441632
-422.903983,1000,329.407989
-7.685917,18,329.423728
16.398494,29,329.451221
10.272189,23,329.471968
16.456817,65,329.533367
-307.772803,1000,330.855805
-312.632863,1000,331.821307
-15.150335,89,331.903022
20.977436,92,332.455734
-37.806676,32,332.484854
-55.666942,70,332.550625
10.201137,32,332.580347
13.411345,49,332.626307
5.628191,21,332.646544
-6.614338,76,332.717878
6.765214,74,332.785181
-18.781812,46,332.827168
-22.564378,50,332.872371
-2.157623,29,332.899795
0.807451,20,332.917746
-2.719598,56,332.969637
11.438342,67,333.22034
-37.730184,106,333.318381
2.64635,22,333.338855
-24.322311,47,333.382535
-5.340482,59,333.436545
10.043359,33,333.468314
-9.407689,28,333.494138
11.28016,33,333.524572
-5.713167,17,333.540568
1.632232,29,333.566897
15.103625,36,333.599807
-2.013101,11,333.61059
-7.407976,37,333.643683
18.589141,30,333.671787
-7.252444,14,333.68397
-201.356908,1000,334.946872
5.584362,17,334.961736
5.929688,36,334.994543
6.337702,13,335.006394
9.180979,26,335.030534
6.074621,56,335.084114
11.915881,25,335.110521
-40.427682,56,335.162873
-1.532092,15,335.176931
-39.47716,40,335.214118
3.775346,40,335.251533
-3.47898,24,335.273445
-89.447451,99,335.365481
-7.838391,12,335.376303
-18.600706,19,335.39413
4.839282,281,335.652127
32.141667,41,335.688285
-18.389298,83,335.763615
3.122113,25,335.78687
-59.93454,90,335.868342
34.253212,50,335.914565
-0.306205,45,335.955686
5.948398,13,335.967484
1.28269,20,335.985997
0.130712,36,336.017869
-25.026287,49,336.06367
30.647449,42,336.102112
-17.21414,47,336.145094
-1.550298,22,336.164471
-13.01784,35,336.197019
-78.535112,81,336.270687
24.351072,27,336.294545
-4.283232,32,336.324993
-15.422501,42,336.363756
-18.126815,94,336.449458
-8.411463,17,336.464298
2.858452,31,336.492285
-10.819339,31,336.520913
19.006171,69,336.583592
13.11189,24,336.607229
-15.000927,38,336.642873
-6.891709,17,336.658435
-5.860161,29,336.685893
-18.230231,27,336.710119
5.399972,69,337.044963
-53.66321,107,337.139647
5.213589,21,337.159069
-0.713275,27,337.181976
-0.120201,15,337.196163
8.392383,103,337.289674
6.337624,141,337.418976
-4.917328,33,337.449212
-7.988216,21,337.4696
2.364019,31,337.501664
-11.038924,25,337.526419
-14.748189,23,337.54935
-0.452057,39,337.586837
-2.854127,40,337.624763
-7.803942,86,337.705477
8.632241,68,337.767652
-13.31522,26,337.79094
26.911881,18,337.807597
8.520481,25,337.829851
2.527969,50,337.874943
-18.810225,19,337.892189
-14.657652,22,337.911107
-2.589243,19,337.929324
-12.329148,25,337.951211
1.517119,11,337.961993
-4.55971,56,338.012783
4.104276,19,338.029287
-20.923302,62,338.095469
-32.108313,61,338.155749
7.379611,22,338.176947
-18.39721,19,338.194752
-60.570154,206,338.384392
-2.499367,43,338.425503
41.692121,41,338.465172
19.562653,20,338.484635
49.869634,30,338.511925
-3.121094,96,338.606862
-60.273289,79,338.690886
20.065015,29,338.718739
7.399919,81,338.798216
8.06967,48,338.846506
6.764097,9,338.855125
-12.343403,20,338.87537
-4.399244,21,338.895472
2.421018,39,339.281255
12.304349,33,339.310877
-33.266605,51,339.357083
-5.727857,13,339.369485
25.036832,105,339.471287
16.570191,68,339.534351
-6.030215,12,339.546351
22.974511,57,339.601296
23.078075,95,339.701233
7.311074,59,339.757274
-3.747538,9,339.765117
45.518983,43,339.804372
0.282839,16,339.818102
-8.754899,52,339.866158
8.991,23,339.887402
-36.60497,136,340.011749
0.830226,103,340.106322
9.054584,20,340.124521
-50.962808,98,340.212184
-8.678777,23,340.233505
8.247674,92,340.31792
-277.992339,1000,341.725159
-13.933956,39,341.771093
-3.69898,50,341.825871
-1.35145,24,341.856628
71.430741,128,342.026835
-211.853366,1000,343.624849
15.902878,109,343.793076
21.07666,35,343.848686
-20.647878,42,343.916823
2.955376,24,343.952947
-11.237864,30,343.992676
9.711456,30,344.037061
-9.304219,65,344.132216
-2.377446,16,344.153081
2.435523,75,344.251005
2.840751,10,344.262907
34.048361,87,344.385953
21.717297,74,344.493943
-1.321353,67,344.577636
-6.999563,45,344.633149
-25.464696,97,345.379541
-26.782819,76,345.491471
49.448814,125,345.689711
-13.787745,17,345.718189
8.285329,104,346.29651
20.866855,57,346.381095
8.847905,35,346.438802
-13.742107,17,346.467873
-265.452428,1000,347.976296
-7.373278,24,348.01359
13.503476,56,348.115857
53.000307,114,348.314273
5.532656,39,348.377947
-7.727758,26,348.420924
-2.898603,15,348.444602
-9.719699,32,348.490777
-211.967632,1000,351.645521
-13.098883,19,351.669808
-0.126467,16,351.68845
-281.488883,1000,352.957607
34.508522,34,352.99462
-31.362185,68,353.072531
20.201061,26,353.10064
-248.498715,1000,355.604493
-103.205791,215,355.854279
-2.950478,14,355.869582
44.252389,40,355.910001
-44.17867,123,356.037777
-2.881071,13,356.051913
-7.721875,58,356.109929
-18.796167,116,356.227783
36.464622,45,356.273363
-43.545903,126,356.403027
1.531821,34,356.438446
-25.386893,26,356.464978
-148.204455,1000,357.775847
-12.870052,39,357.812723
-14.141332,50,357.858333
-63.057886,130,357.975422
18.200149,44,358.015353
13.982697,24,358.038041
-0.54148,78,358.111173
23.870219,95,358.198314
-2.180493,29,358.223989
-7.790236,21,358.243355
-171.252945,1000,359.535387
14.116976,51,359.586498
-4.419814,23,359.614202
11.870651,15,359.628023
3.527348,19,359.645881
-1.933306,109,359.746078
-32.323511,176,359.909532
-169.142302,300,360.23873
-1.973801,23,360.260383
45.423746,53,360.308995
-6.615198,21,360.328911
-0.758219,35,360.361677
1.139127,28,360.387124
-7.724578,52,360.435347
-158.664069,1000,361.430846
11.739475,40,361.483631
23.609012,29,362.093947
-14.291748,104,362.193973
12.342199,51,364.365865
-11.203705,59,364.42055
10.293519,27,364.453135
8.029658,24,364.480282
-155.624548,1000,365.51175
-33.694493,61,365.582164
7.232082,60,365.648616
21.851091,79,365.73141
6.941598,28,365.757317
-42.200543,85,365.83596
1.828715,11,365.848887
15.138354,71,365.92168
2.138011,15,365.935211
-21.45155,38,365.970888
-2.303834,15,365.984173
16.959783,24,366.006372
67.591961,127,366.135017
-2.512873,35,366.165994
7.181468,31,366.195333
-8.968263,20,366.220748
-2.78752,12,366.232063
11.779923,19,366.249111
-23.692421,78,366.600512
47.637348,138,366.729191
11.516867,42,366.775266
11.237519,35,366.808186
0.357114,12,366.820665
-26.695669,44,366.863282
-7.684779,84,366.958797
-86.078058,429,367.361425
22.534172,24,367.383797
6.149153,48,367.42937
9.07374,14,367.444332
0.405741,88,367.546078
-236.461611,1000,368.558477
31.458249,29,368.584829
-2.872714,41,368.902192
18.709024,80,368.978296
-152.996752,1000,369.956764
-32.630063,96,370.047701
7.745324,27,370.073426
3.883879,34,370.105725
-25.193398,25,370.127881
-210.56603,1000,371.429179
-41.764149,125,371.543507
10.955942,24,371.565867
-12.18179,25,371.5887
-6.995967,87,371.671321
7.566887,77,371.755594
-2.998608,21,371.777439
-3.115639,36,371.816635
-5.337183,18,371.836056
15.300717,62,371.899462
-12.183821,22,371.920875
12.717186,28,371.949791
-7.123361,37,371.987598
0.820472,40,372.029284
4.640308,34,372.062049
-18.999365,114,372.166217
39.936452,103,372.260918
-11.066481,29,372.287677
-19.329226,141,372.414547
22.956748,51,372.461113
0.418409,10,372.470349
18.892844,68,372.535355
-11.222401,28,372.56749
-8.780544,14,372.581695
8.567002,23,372.603047
8.560124,34,372.635148
-9.684452,21,372.654648
-7.564873,94,372.745046
-0.376809,19,372.767917
-7.542108,45,372.809991
9.823604,83,372.885898
8.702898,46,372.92966
32.723935,94,373.015558
29.44465,46,373.05688
-15.089335,135,373.47004
29.583813,84,373.552957
6.341726,40,373.590994
0.405616,24,373.612673
-16.986766,29,373.640587
-28.056437,47,373.6838
20.906893,184,373.865007
-191.96668,1000,374.83093
-2.353649,13,374.843182
1.652506,21,374.863022
-8.189867,68,374.929817
41.245629,56,374.991545
-7.888773,31,375.021131
-18.491371,64,375.079608
-133.558592,1000,376.634584
-0.51353,37,376.668844
54.721135,188,376.843343
11.583628,70,376.90839
-4.639816,15,376.92282
-143.829724,1000,377.857001
8.342169,28,377.883453
19.346101,126,378.279233
4.782325,29,378.306373
-0.612905,55,378.356885
-0.606202,8,378.364137
-5.965864,27,378.389571
67.5836,45,378.431459
22.210452,37,378.466087
-2.750964,22,378.485667
1.852718,40,378.522763
3.071532,11,378.532264
-4.106417,36,378.565047
-13.184465,14,378.577776
-211.327193,1000,379.553033
12.535814,57,379.605528
0.578304,15,379.623317
13.074478,24,379.653313
-24.717627,47,379.698136
-7.058061,19,379.716051
3.608988,27,379.74285
-30.024817,90,379.826926
44.679131,98,379.918245
-12.26885,137,380.069482
-38.183146,154,380.699199
14.402031,20,380.718311
-20.45684,65,380.779958
7.586783,13,380.792213
14.303622,22,380.812764
36.54776,77,380.884585
-6.2842,49,380.936687
9.319905,39,380.974853
-3.764885,25,380.998053
6.793464,27,381.023848
-25.555384,58,381.078744
-23.700714,33,381.112169
36.379467,38,381.147268
32.148318,33,381.177266
-8.543692,32,381.206947
-7.156346,17,381.22194
-16.320221,18,381.239375
-4.431008,13,381.251067
-43.441627,117,381.359349
-10.59477,28,381.384923
-29.530741,72,381.458537
16.658948,62,381.514441
1.896262,137,381.640625
1.13083,33,381.670583
9.875472,128,381.789795
1.250182,50,381.836126
41.122667,52,381.884297
-0.888839,28,381.910437
-15.418566,15,381.92483
-15.623996,33,381.955678
3.853166,78,382.026951
20.485909,21,382.047282
28.812542,57,382.100813
28.616768,45,382.141923
7.681695,37,382.176076
13.769882,65,382.244597
6.331758,49,382.290041
2.479918,25,382.314472
-4.324994,59,382.368605
4.845908,28,382.394876
-29.579144,98,382.508507
-14.262291,37,382.552148
-25.724485,150,383.030066
29.011023,32,383.060119
-13.485159,105,383.166307
-53.919593,149,383.303427
-66.737864,1000,384.250377
6.190974,17,384.26638
13.648158,93,384.349752
8.09345,26,384.382459
42.46524,99,384.489056
4.622869,44,384.52941
-107.187506,1000,385.915024
32.222298,145,386.064359
4.351844,59,386.12395
-41.329566,1000,388.380984
-11.410702,213,388.574248
-20.964508,127,388.983558
56.708814,63,389.049247
-3.689933,18,389.068184
12.124024,35,389.106526
13.726942,58,389.161466
-5.717025,35,389.194421
58.553103,58,389.247306
96.868909,105,389.343756
-20.773749,33,389.376395
8.377112,22,389.396725
12.699762,61,389.451533
-1.066972,12,389.462566
-76.243494,1000,390.44558
44.311609,40,390.482053
8.522407,45,390.530487
18.252059,21,390.549324
8.56993,22,390.569682
5.870787,23,390.591041
-19.355768,78,390.662212
-51.538297,212,390.886003
-14.141708,71,391.26427
-1.123407,20,391.281788
4.733429,35,391.313362
10.906499,184,391.479974
-5.669598,34,391.510378
14.966592,83,391.595457
-1.536926,13,391.607374
-3.868514,27,391.631593
-7.420111,57,391.685406
6.728624,44,391.725681
27.923932,46,391.767177
-8.070634,18,391.783862
-63.741931,1000,392.74332
23.537982,90,392.82529
9.5288,17,392.841006
-11.454995,27,392.865661
-13.832079,20,392.884416
-16.194919,23,392.90533
-6.658511,46,392.94764
-3.081407,13,392.959359
71.136744,81,393.034338
2.404406,31,393.063323
2.990076,28,393.088808
-2.507412,44,393.128286
-4.138098,20,393.147377
-12.854426,53,393.468152
4.697307,38,393.502855
-0.161945,52,393.549948
41.788989,66,393.611372
6.78117,70,393.674653
21.395552,119,393.791791
-4.282748,63,393.848901
1.154925,24,393.87187
-19.369414,264,394.115916
-6.46025,18,394.133039
6.309431,16,394.147205
25.74376,62,394.204695
50.803642,118,394.311069
9.266607,15,394.324366
-54.073397,1000,395.260209
-33.617611,1000,396.481097
-27.284204,81,396.555928
-2.063564,20,396.573575
1.125637,53,396.631956
4.262839,17,396.646993
8.297799,107,396.745691
5.877648,25,396.772902
81.403214,252,397.014203
8.543355,125,397.160793
13.009416,58,397.214366
0.803877,69,397.277642
18.641114,59,397.332718
2.109997,22,397.352148
-3.845502,53,397.401091
23.0379,99,397.490999
-4.516045,65,397.549673
0.545819,12,397.560266
23.230553,67,397.911216
-15.432753,79,397.982146
-6.57429,34,398.012902
6.115156,75,398.089842
70.599122,169,398.250478
1.529604,68,398.313137
-9.390978,35,398.349081
-39.155404,40,398.388833
29.514882,120,398.496913
6.834136,44,398.544154
-61.226454,160,398.69801
-24.058696,43,398.737919
11.537607,37,398.772496
-4.753462,109,398.881832
9.42489,43,398.925295
32.363139,174,399.098293
-0.096457,13,399.11327
12.879893,67,399.173351
40.992558,45,399.220008
-15.401512,1000,402.028283
17.463019,119,402.148106
10.3843,16,402.165748
3.621008,27,402.192994
0.928574,12,402.204746
11.886871,18,402.22318
-2.709224,192,402.412283
3.091138,17,402.428709
-0.695696,23,402.451748
-0.181365,24,402.474329
-10.873062,41,402.515986
12.775453,111,402.631247
18.115779,46,402.675605
11.883692,23,402.700609
0.682062,51,402.746705
-63.493639,1000,403.959394
12.09165,55,404.009049
2.765192,23,404.034102
2.964809,22,404.056878
-5.98915,13,404.068581
-9.437659,30,404.097214
-3.632147,27,404.12164
7.092867,41,404.159161
-11.341443,348,404.476908
16.98183,75,404.546561
-4.220421,19,404.562584
84.577569,134,404.683436
-45.241365,1000,405.817536
-1.149732,34,405.860584
62.753177,58,405.935164
10.208948,50,406.006283
-8.505608,18,406.030508
7.315494,23,406.061156
-11.301448,26,406.096262
19.015383,85,407.392336
44.498772,71,407.485001
8.818297,44,407.54199
37.502107,54,407.612785
25.890305,80,407.714447
-1.918287,29,407.751248
-2.612716,42,407.804473
23.715733,1000,408.997297
-9.332587,19,409.024812
23.80623,65,409.109963
-3.66137,12,409.125916
20.997847,29,409.162855
-33.022004,138,409.341015
35.002076,104,409.478456
1.776467,12,409.495624
19.722509,30,409.540551
2.74654,15,409.562173
-4.086192,116,409.720359
19.978233,18,409.743227
1.182078,119,409.888995
-109.611292,1000,411.655598
33.302751,63,411.718971
-5.566394,43,411.760385
43.408496,42,411.805013
57.720257,77,411.88354
36.742205,196,412.08333
6.069443,60,412.143624
3.650665,16,412.160513
12.272667,94,412.25622
-11.532722,49,412.306305
20.298927,87,412.393764
-12.746392,1000,413.899981
-36.25034,121,414.057618
0.740486,88,414.166004
-25.057793,136,414.328193
-6.121433,100,414.44555
61.169167,146,415.775228
23.605482,39,415.819325
10.374284,27,415.846813
22.806478,302,416.180452
124.125859,1000,417.722791
-9.428419,124,417.844055
75.329557,125,417.956897
20.589733,47,418.000255
-0.563337,41,418.038889
3.979441,57,418.091767
45.010465,79,418.16316
30.366317,57,418.214515
17.073486,55,418.278108
10.307032,52,418.338512
-8.228262,74,418.414278
48.840851,107,418.510943
98.081224,111,418.615996
19.374719,32,418.645557
12.694728,16,418.660431
4.458727,29,418.685937
-15.443621,26,418.710083
58.026917,1000,419.936357
14.523917,49,419.980945
2.051501,16,419.994656
63.96464,79,420.067157
12.576317,23,420.087463
-6.975614,103,420.187666
1.822137,38,420.222278
9.795457,18,420.239153
52.95026,1000,421.184809
21.325349,79,421.263017
-3.464773,39,421.298663
19.900356,33,421.627547
4.697841,16,421.642363
9.253089,41,421.678111
-12.445059,78,421.750741
-5.818352,16,421.77048
-41.185187,170,421.930653
10.710034,68,421.99336
-8.86938,237,422.234339
24.726089,101,422.332439
5.619357,31,422.362405
46.837097,50,422.407561
33.946505,35,422.438064
37.354228,78,422.509212
40.288053,73,422.575486
1.048006,120,422.693999
-1.235485,39,422.73191
9.629241,102,422.825489
32.919772,69,422.895746
6.191489,25,422.918814
34.531328,36,422.951207
22.917928,109,423.058244
35.257617,55,423.112777
-24.223503,193,423.292783
40.696022,77,423.364378
14.989683,139,423.490117
27.989927,216,423.99165
15.80892,41,424.032087
12.313832,23,424.054894
5.303495,11,424.066474
12.930947,197,424.253029
19.728655,90,424.33806
-22.20196,287,424.637283
6.788776,18,424.655057
8.705545,8,424.663174
-20.257434,36,424.697082
-5.293713,44,424.739581
-16.515979,137,424.878436
4.669542,38,424.916749
-3.269181,31,424.951157
36.654226,82,425.031914
0.900377,74,425.106417
5.449544,18,425.124467
23.442307,61,425.185587
27.896714,47,425.233089
35.014314,108,425.342298
-18.03581,120,425.463722
29.627412,46,425.509871
43.343199,52,425.561222
5.435606,27,425.586533
28.663723,65,425.651552
66.598994,1000,427.602001
-13.55848,81,427.677728
-5.153183,40,427.714436
3.795935,46,427.757366
-16.803457,14,427.77035
-4.106815,21,427.790864
70.316598,1000,429.820648
96.185054,78,429.903919
46.645281,50,431.03924
41.793569,197,431.301318
18.58405,84,431.409455
48.720818,52,431.476372
18.713915,21,431.509207
5.987559,46,431.569688
38.324828,83,431.676017
-2.856787,12,431.691607
1.836262,141,431.872866
69.446794,1000,433.209619
22.899507,78,433.308791
46.336904,152,433.493417
30.359837,1000,435.353981
17.147757,86,435.461998
-23.580872,58,435.539152
16.416652,22,435.569708
-5.763717,22,435.599729
2.050377,14,435.617733
-22.021715,43,435.675003
56.933853,119,435.834809
9.440526,14,435.853369
11.309442,17,435.875699
76.388554,58,435.949476
11.248323,63,436.031287
-27.527635,108,436.173152
13.783051,153,436.371162
35.215537,158,436.565356
39.166521,61,436.644657
18.061827,123,436.802656
136.65023,1000,438.714995
6.692147,33,438.75817
-2.395202,22,438.787163
19.98203,34,438.83097
-0.975742,80,438.934103
45.969875,99,439.061976
83.604291,145,439.257336
3.583763,54,439.32634
56.333561,1000,441.217218
10.452871,1000,442.51837
11.645082,36,442.566611
85.868888,113,442.719133
2.445853,170,442.944433
3.798699,21,442.973882
18.61607,27,443.011948
-6.04969,14,443.030246
8.937021,290,443.421549
61.405848,79,445.533992
1.443192,31,445.561035
17.362699,32,445.591522
26.093841,128,445.718258
87.836976,1000,448.595051
90.468278,1000,449.945699
10.773045,72,450.011903
50.697961,48,450.055802
-3.92267,23,450.077161
10.640041,24,450.099501
-6.946314,15,450.113459
22.22009,61,450.168826
33.840596,30,450.196393
61.07853,72,450.261732
45.109746,58,450.314704
76.240037,461,450.737343
3.859985,20,450.755557
6.919819,61,450.814237
130.697173,1000,452.03847
94.717469,171,452.198213
4.662122,24,452.220409
85.274191,171,452.37879
27.086035,23,452.400798
-3.434325,30,452.427397
57.475927,210,452.621492
100.975348,110,452.721302
66.085089,172,452.880559
135.32622,1000,453.841405
16.091887,31,453.870601
56.591072,91,454.238747
44.094458,31,454.27169
53.00815,61,454.327679
54.676404,53,454.375345
4.263066,9,454.383418
6.866104,193,454.5752
24.563696,53,454.638195
47.214713,105,454.771777
83.026445,132,454.926497
18.660659,26,454.955393
65.98458,76,455.035675
108.000997,218,455.253261
32.643296,39,455.294487
-7.377246,32,455.328794
5.601891,103,455.436239
13.44251,214,455.661856
75.72949,281,455.965591
4.987473,39,456.017705
25.046197,38,456.061954
97.533327,1000,457.66643
12.801536,25,457.689273
83.465459,102,457.789684
25.355373,38,457.827974
14.221422,130,457.968393
-2.134529,110,458.078537
3.124245,38,458.115626
20.857241,30,458.144174
31.193275,221,458.354591
6.174117,53,458.4083
3.885795,64,458.473151
136.351606,241,458.707227
-101.988851,252,458.964591
105.824475,326,459.625251
44.514093,56,459.680872
6.889691,13,459.694225
31.126133,105,459.796533
72.300379,93,461.027502
116.327675,1000,462.007088
34.169778,156,462.154037
-7.757749,37,462.187605
24.20635,39,462.224065
-0.016001,30,462.251457
169.421511,1000,463.551206
67.079482,138,463.684546
8.581816,65,463.742301
157.534319,1000,464.841386
57.185308,304,465.486549
35.775911,47,465.529372
21.339775,76,465.600333
139.886851,1000,466.571586
30.047794,33,466.60398
77.629268,110,466.714696
49.205122,70,466.785615
-2.045842,17,466.80178
26.616146,45,466.844147
3.863299,36,466.878132
64.813064,153,467.035554
4.278374,20,467.056199
2.774445,84,467.141409
28.439872,55,467.194543
39.312968,40,467.232626
19.15298,40,467.557765
17.773156,61,467.615527
193.276544,323,467.947052
130.14794,258,468.190938
40.269957,134,468.316121
30.159029,98,468.406265
4.778637,71,468.470545
8.843757,45,468.511281
35.513473,60,468.567025
-1.404416,45,468.608629
44.981058,56,468.66396
4.275438,22,468.684335
61.686767,83,468.761047
3.075757,46,468.806516
36.75553,120,468.916618
51.147037,173,469.077862
22.351462,98,469.174641
34.044256,102,469.280604
69.555034,108,469.384027
6.024458,9,469.392213
39.000162,192,469.866025
33.707018,108,469.968209
28.485885,315,470.279087
154.545171,467,470.711539
104.165622,126,470.82671
-39.069142,190,470.998709
6.30156,20,471.016758
4.499427,23,471.037832
49.4236,43,471.076811
40.362164,51,471.125189
36.970076,127,471.242597
-17.296869,271,471.506527
49.409422,91,471.602186
42.550349,36,471.650288
-30.310612,174,472.142454
-1.093454,20,472.162688
230.809154,284,476.299363
44.986193,56,476.359023
30.073071,46,476.410662
35.007069,66,476.493696
20.807931,207,476.703393
15.679252,40,476.741248
-8.462801,30,476.774316
65.161638,44,476.819114
23.714183,79,476.891387
39.776702,165,477.070515
80.482437,131,477.201005
-0.062052,22,477.228238
5.115449,33,477.260464
14.780532,94,477.355697
70.487764,187,477.560524
25.72048,88,477.658811
193.757287,1000,479.042521
63.525518,77,479.124407
86.27717,113,479.231796
-4.076197,53,479.283242
4.288637,19,479.301294
52.202991,104,479.397518
196.470707,1000,480.435982
82.969408,87,480.837139
1.841514,21,480.859658
36.159146,135,481.001917
49.813616,65,481.062998
63.614705,130,481.202543
38.294461,83,481.284959
35.895665,137,481.414973
10.197876,22,481.438751
23.702603,56,481.490185
-13.06533,183,481.716638
30.175172,112,481.818973
249.926959,1000,482.798592
50.036668,131,483.19683
-31.843166,144,483.328102
122.043728,212,483.521606
19.036666,112,483.628834
31.905645,58,483.682204
205.245985,242,483.905171
3.166134,42,483.944136
142.416126,268,484.189352
21.140948,40,484.225322
19.925704,102,484.32018
45.519811,132,484.439654
336.416989,1000,485.653857
29.00385,110,485.755587
21.057021,32,485.78577
11.152088,47,485.829241
2.16843,17,485.843647
38.6894,30,485.872451
34.774765,39,485.909931
370.181303,1000,486.903584
28.08187,101,487.018235
135.536731,241,487.318049
9.495802,31,487.34855
69.420291,64,487.705268
134.220302,249,490.866099
31.695746,36,490.901465
50.323862,74,490.980774
266.058665,356,491.327388
163.238167,290,491.620682
15.61913,69,491.690571
226.232434,1000,492.945227
154.731099,537,493.586242
68.128212,68,493.684427
70.292628,99,493.829432
212.932813,1000,494.99017
53.156009,137,495.133951
7.618548,54,495.190508
196.942138,1000,496.766557
-2.662923,115,496.906245
253.613337,1000,498.198808
224.768614,1000,500.152548
21.85356,60,500.230579
221.488269,399,500.703807
17.257458,14,500.718319
295.214277,1000,502.88013
326.188895,1000,504.138063
336.241576,1000,510.006252
30.33125,186,510.205639
77.437394,95,510.302247
285.483855,1000,511.398359
112.300916,152,511.568426
27.712483,25,511.593443
37.340489,153,511.765104
89.327984,102,511.877505
525.429412,832,513.142081
399.195634,1000,514.169748
271.035821,1000,515.628562
11.568044,34,515.670643
123.817982,305,516.037134
73.526124,114,516.160423
250.985702,1000,518.415376
104.077284,242,518.713558
135.280013,222,518.975765
40.869352,176,519.187436
3.400862,14,519.202809
73.459267,166,519.393903
0.50792,19,519.413709
17.352359,46,519.471422
309.464657,512,520.039505
-7.746823,20,520.061859
62.80866,81,520.159153
68.117432,61,520.235603
183.628259,398,521.499512
2.229512,27,521.528331
81.735068,349,522.043152
312.392971,1000,523.455968
311.805355,1000,529.506471
76.078943,99,529.61409
195.835546,515,530.15181
57.114249,99,530.25581
148.186326,186,530.455705
340.703044,1000,532.808997
380.576247,601,533.703156
325.99774,869,534.884257
38.340282,48,534.938138
184.506585,364,535.818518
211.688912,337,536.197247
45.23536,71,536.275559
322.819933,1000,537.547603
53.271941,87,537.639101
338.058077,1000,539.142442
18.267656,23,539.16532
31.093695,112,539.280989
157.867984,220,539.557223
13.60314,38,539.624325
114.490537,201,539.93884
-2.144302,18,539.965093
359.165724,1000,542.1016
58.431763,70,542.198475
227.79053,392,542.776047
26.576522,173,542.99821
302.204816,1000,549.024204
75.660323,89,549.130741
81.188962,160,549.709651
62.680802,79,551.183462
169.648286,252,551.665764
114.650286,177,552.023335
28.926394,167,552.271625
338.155458,1000,553.604672
104.607569,578,555.664131
350.686629,1000,556.918334
21.719331,152,557.093143
63.062887,340,557.533222
6.613974,14,557.553438
123.466405,130,557.740523
92.653041,155,557.988744
47.460697,70,558.095929
42.413028,65,560.656286
407.374597,1000,562.11083
69.935442,247,562.484124
58.165317,44,562.552509
65.04444,57,562.637311
69.426889,114,562.793916
84.556662,228,563.07469
379.167237,1000,564.970829
251.166393,342,565.421312
40.912287,146,565.594843
21.675842,91,565.701898
321.87383,574,566.392499
39.836883,201,566.625046
96.746698,251,567.50946
382.58036,564,568.159667
64.330917,83,568.260185
206.84119,427,573.993519
83.453609,221,574.232476
2.191445,18,574.252853
255.877526,600,575.391653
104.555563,124,575.525068
12.178315,52,575.580191
55.991754,173,575.770273
96.456591,138,575.921493
319.364742,1000,577.066025
381.25703,1000,578.986936
461.795779,1000,580.18645
47.75886,129,580.320452
452.917633,1000,582.228253
170.715622,185,582.420296
150.849094,224,582.652516
39.210905,29,582.684126
0.199318,18,582.705239
13.596246,18,582.724808
42.097282,184,582.944616
433.171817,807,584.507818
31.850291,47,584.559663
74.032727,109,584.681026
147.439591,276,584.996886
98.510845,101,585.112591
69.380474,242,585.39151
56.592409,108,585.514468
14.59573,32,585.551021
77.351116,135,585.705854
349.77549,485,586.263493
155.452965,434,586.809473
111.823702,134,587.668591
37.454304,181,587.892583
133.157596,198,588.175828
18.340474,21,588.205646
64.227972,102,588.35752
113.329514,178,588.582727
253.023543,647,594.391851
44.319193,94,594.487751
76.711088,183,594.676987
28.371801,42,594.721378
120.429038,256,594.991144
134.281228,131,595.487291
23.506965,51,595.538201
507.015939,1000,596.692392
27.253104,46,596.751572
69.481603,102,596.876856
76.806692,216,597.14501
85.904745,129,597.320507
195.522643,435,598.655493
343.789053,878,599.565523
89.301303,91,599.670091
47.89134,339,600.044648
322.322085,485,600.592285
376.309313,1000,602.045528
213.873536,794,602.971523
452.45499,1000,604.825782
-14.288049,16,604.844457
318.604226,445,605.375655
229.108204,359,605.7781
182.785968,319,606.108935
409.75119,1000,607.746336
87.175171,95,612.950453
9.25747,25,612.983799
299.957902,750,613.856677
189.112657,259,614.130179
120.457124,315,614.475263
105.946694,160,615.108342
310.227994,866,616.067798
91.867881,139,616.20848
66.971102,95,616.304993
22.839341,23,616.328414
542.686694,1000,617.776854
258.75048,496,618.282919
48.995032,52,618.334616
463.879863,1000,619.360806
107.755347,308,620.099335
238.897613,437,620.550556
129.423482,167,620.721415
120.956016,285,621.014627
18.523573,31,621.04563
201.250666,236,621.288477
411.54165,1000,622.85707
50.706071,212,623.072033
291.089998,601,623.691539
175.811774,281,623.991552
444.075727,1000,625.434751
62.198055,110,625.54732
381.782573,505,630.682577
415.361266,1000,631.728856
65.876479,88,631.818875
84.528404,121,631.94244
577.529896,1000,633.357988
329.591871,837,634.216771
418.052801,1000,635.617718
256.535296,486,636.113372
587.697882,765,636.895926
228.53687,426,637.683191
139.679832,379,638.065257
27.306362,31,638.096257
63.995795,125,638.225617
25.642402,67,638.295079
592.219673,1000,639.327711
521.935842,877,640.624483
345.811948,674,641.389722
161.418982,258,641.695078
568.343269,1000,648.065141
217.623715,360,648.483232
88.483099,422,649.004999
508.387025,1000,650.446215
317.872199,514,651.025666
558.508522,1000,652.095549
341.864014,596,652.996585
104.279704,125,653.154077
392.037083,764,653.85868
315.458693,622,654.618565
321.575413,474,655.687515
88.355101,208,655.904547
518.885508,1000,656.994242
88.70253,138,657.145088
101.351842,192,657.34966
99.578515,432,658.311946
394.812957,824,659.191292
316.949936,414,659.620628
60.634407,173,659.804974
180.757039,217,664.907552
614.708388,1000,666.54373
12.836212,31,666.580711
363.100188,454,667.092413
483.578552,1000,668.755484
668.273057,1000,669.865919
66.717883,144,670.025729
101.284406,196,670.244313
462.094387,1000,671.918333
451.593829,1000,673.104293
474.765675,1000,674.839947
461.97034,1000,676.084501
755.269623,1000,677.449496
342.019163,371,677.791846
25.072956,29,677.820702
54.372667,46,677.865435
119.664028,128,677.981483
142.467898,143,678.124784
497.193595,1000,683.562256
184.921176,217,683.832738
105.702088,91,683.938113
426.867119,852,684.86342
577.381408,1000,686.812311
106.13018,112,686.938158
323.180502,547,687.554929
110.151174,173,687.758785
448.335179,637,688.52274
41.584832,74,688.603959
112.64241,92,688.702394
494.151377,1000,690.373898
288.378594,316,690.701622
80.295602,95,690.798601
538.108898,1000,692.377741
58.218529,136,692.530483
362.198933,440,693.043339
292.823833,461,693.487868
96.77048,129,693.607324
61.474582,193,693.787774
443.534812,623,694.68137
459.82365,1000,695.621937
213.352389,274,700.108905
560.930228,1000,701.309178
530.443162,1000,702.242765
459.017291,1000,703.463323
581.242732,1000,704.393548
815.248756,1000,705.656309
91.739674,64,705.718602
569.471107,1000,706.720072
323.303546,429,707.153046
632.242965,842,708.280892
725.232841,1000,709.252856
579.837201,1000,710.53384
53.172879,57,710.586755
599.596788,1000,715.874581
555.466057,1000,717.156444
538.687488,1000,718.121776
485.90091,719,719.101639
812.434469,1000,720.067884
486.32132,577,720.655791
598.78092,1000,722.165697
281.932531,584,722.731368
109.077936,146,722.866509
251.565618,877,724.005582
381.821969,804,724.764745
462.341919,1000,726.012747
118.524375,129,726.191654
51.086306,51,726.259919
295.619652,696,727.202699
594.563247,1000,732.795186
213.559917,329,733.421247
146.323195,309,733.790991
546.122567,1000,734.841204
124.1925,257,735.076906
204.462178,236,735.670095
285.088629,480,736.119682
486.878572,1000,737.059322
476.026729,1000,738.392919
38.407364,40,738.429773
407.967807,923,739.380218
252.574092,390,739.828466
43.593643,105,739.948657
130.728346,140,740.419503
597.278599,1000,741.43588
395.414078,753,742.155226
299.676519,433,743.157231
595.960097,1000,748.987484
509.457472,643,749.690253
601.226802,1000,750.920809
110.271389,95,751.006719
131.90342,290,751.273313
214.043578,347,751.600415
634.334334,690,752.546968
451.531104,889,753.383322
267.221884,273,753.63728
565.20637,551,754.141361
695.330338,1000,755.362231
912.913032,1000,756.31967
623.02011,887,757.45989
529.249238,1000,758.495964
74.435539,154,758.648044
380.401961,380,759.347117
229.81596,235,759.592758
552.663875,1000,764.7804
274.263125,537,765.316653
733.87512,1000,766.570408
99.911966,172,766.749374
609.991413,1000,767.72734
584.944738,1000,769.08981
422.649251,422,769.501231
731.862982,1000,770.900677
678.402037,1000,771.944708
48.039958,50,771.991706
303.644359,564,772.510493
341.095886,364,773.114669
604.888104,643,773.727275
634.60537,1000,774.655621
401.529692,399,775.304724
514.731184,1000,780.947419
554.111965,1000,782.402259
183.705539,192,782.600925
312.199376,314,782.923514
601.317696,526,783.465701
118.728865,127,783.598224
229.662271,233,783.863526
593.163783,1000,785.371664
140.937532,131,785.506724
698.61023,1000,786.640227
841.82058,1000,788.038141
280.011959,275,788.328279
676.862337,1000,789.456734
43.894667,52,789.513006
921.292484,1000,790.981399
63.169585,125,791.125075
718.199029,756,791.838594
5.171658,21,791.859187
275.326908,420,797.057511
360.077189,385,797.413513
659.127104,1000,798.351446
628.453319,1000,799.890246
551.777517,645,800.669385
621.867409,761,801.518063
739.459211,1000,803.167628
105.089517,103,803.261456
441.223232,536,803.794717
161.412886,302,804.076752
229.449516,241,804.598561
540.360297,1000,805.651559
1053.533133,1000,806.617321
202.66142,219,807.088956
829.352801,896,807.910777
200.898857,242,808.132217
43.996977,20,808.149282
636.439595,1000,812.920665
21.523902,25,812.945261
147.157608,137,813.075504
148.803506,247,813.359543
767.672728,1000,814.363671
68.187258,81,814.476039
777.286553,1000,815.834739
764.517955,1000,816.919076
392.522521,353,817.724435
965.45083,1000,818.804927
44.70959,25,818.830068
10.699808,37,818.871133
366.38774,385,819.274174
20.887839,25,819.301923
311.160745,339,819.68532
156.101848,268,820.232213
273.197294,410,820.627872
546.478598,1000,821.579521
150.745156,131,821.699297
220.659969,227,821.911814
648.501647,1000,823.233875
999.373867,1000,827.57711
487.470718,594,828.405986
504.285229,615,828.974949
253.821122,293,829.241587
871.584741,1000,830.473217
195.849812,197,830.658633
119.2301,151,830.798932
86.656568,139,830.925242
634.34569,1000,831.858378
808.106007,849,833.158953
620.570323,864,834.072843
907.389847,1000,835.450212
222.449364,225,835.658651
284.93237,273,835.945327
232.252894,236,836.179984
542.721798,1000,837.221689
782.416248,1000,838.494429
257.885219,262,838.735935
308.959849,300,843.989778
692.568909,596,844.957736
808.503634,776,845.788983
54.462788,58,845.855094
16.117161,25,845.881981
459.347479,818,846.795133
912.216307,1000,848.410055
227.384739,271,848.701887
719.724263,1000,849.883207
112.570298,104,850.79541
871.18326,1000,852.057044
594.243084,1000,853.802485
259.507044,524,854.410458
90.96327,102,854.522798
284.360916,290,854.825297
373.467696,462,855.322045
53.479229,87,855.415364
1067.270599,1000,857.275762
550.263205,1000,863.206108
923.482973,1000,865.811398
119.706112,117,865.930448
996.290621,1000,867.02822
743.318168,1000,871.423331
649.237185,1000,872.83265
29.068673,45,872.892853
299.897398,313,873.3459
579.416853,449,874.446771
585.38767,1000,875.5273
467.346256,456,876.162499
257.048266,290,876.526837
896.926685,1000,878.520244
202.494142,148,878.675517
752.863214,1000,879.836636
1048.195591,1000,886.014064
564.70366,677,886.703053
948.112874,1000,888.097874
677.265927,1000,889.135958
911.545521,851,890.897537
1026.474668,1000,891.930437
212.875289,237,892.207872
438.330276,442,893.224765
904.312798,1000,894.309116
888.838305,1000,895.826013
598.666037,625,896.471854
501.412787,451,896.95555
1012.055656,939,897.953336
226.181114,262,898.626033
798.631716,920,904.29597
301.138196,263,904.552695
1048.102975,1000,905.80184
145.056433,148,905.935412
21.327815,21,905.95478
1106.536511,1000,906.927432
565.021842,582,908.280358
364.893416,428,908.698234
1088.913569,1000,909.693132
444.330794,346,910.07532
28.714948,22,910.101864
809.281802,1000,911.636393
1016.755133,1000,912.704444
993.264196,1000,914.127139
46.139757,51,914.178694
71.798391,70,914.248192
49.393252,51,914.298401
201.956563,216,914.532606
839.559806,1000,916.149371
1138.740552,1000,921.406071
366.211033,296,921.737356
1143.137497,1000,923.267262
750.73824,1000,924.309402
260.390906,324,924.65192
123.904239,223,924.888028
829.032012,1000,926.303061
975.791545,955,927.276234
849.939281,809,928.449127
928.199332,1000,929.487969
87.555643,89,929.578927
626.583018,478,930.623937
307.760423,298,930.922518
117.328512,104,931.032217
256.808504,225,931.278729
1017.632893,1000,932.360518
146.675567,133,932.516677
1044.207284,1000,937.190117
317.788799,394,937.559256
1094.081261,945,938.712512
1112.278536,1000,939.637792
391.876824,281,939.925088
825.402667,769,940.922689
1092.008258,1000,941.84331
1153.058186,941,942.707753
807.436811,1000,943.925706
718.494883,590,944.47758
384.264046,390,944.857316
289.227893,287,945.514974
120.111672,81,945.600767
754.381604,774,946.430811
1059.152884,1000,952.147031
55.306507,65,952.206081
700.524389,1000,953.166847
1122.332709,993,954.445119
984.655016,813,955.263454
594.460105,496,955.743657
315.759546,296,956.031825
997.2748,711,957.166745
683.312122,1000,958.21275
684.411977,518,958.690924
250.273522,167,958.873272
765.495708,1000,960.248539
261.355641,209,960.456583
951.18572,857,961.349879
397.979066,608,962.199275
817.344216,1000,963.180017
683.159326,1000,968.103717
953.766843,747,968.841047
274.811846,241,969.072866
63.614723,66,969.136478
1034.664874,1000,970.487384
800.210057,1000,971.482398
1073.830085,866,972.810973
1033.47924,1000,973.801233
204.261899,165,973.974164
747.813097,664,974.973054
1016.941086,813,975.750514
284.727826,267,976.029952
231.292344,178,976.200752
532.633071,467,976.646871
630.144848,1000,977.944327
411.478885,288,978.240178
878.269267,732,982.542158
914.899217,896,983.729763
447.22165,323,984.047976
1256.627706,1000,985.027474
552.988911,393,985.719971
761.059697,561,986.268782
31.562211,28,986.295284
1356.940566,1000,987.270464
707.791732,634,988.189129
505.722632,452,988.676777
1261.597396,1000,989.671183
828.599238,1000,990.995354
588.809773,499,991.491143
1258.384733,1000,992.77237
88.144642,82,992.84999
259.455168,174,993.043489
694.938636,532,993.602089
282.55375,188,997.286283
95.913693,110,997.394843
1088.524654,862,998.505896
612.751889,488,998.980403
867.301761,1000,999.95802
111.806516,69,1000.028912
261.482076,268,1000.591137
400.429067,294,1000.870198
707.856735,1000,1001.90107
246.482707,191,1002.093393
198.471919,162,1002.256874
165.902893,135,1002.394585
1282.366959,1000,1004.17019
449.633718,359,1004.528967
752.290838,1000,1005.981614
1328.313727,1000,1007.043323
134.215208,97,1007.139486
413.901451,371,1007.52425
1275.558449,1000,1008.990811
594.171023,618,1012.899125
213.442227,357,1013.264138
385.141006,268,1013.53197
834.421793,684,1014.571772
1225.52168,1000,1015.574875
728.875383,1000,1016.929921
332.579661,281,1017.208976
201.21071,158,1017.370128
135.889106,124,1017.498855
224.214001,152,1017.655707
82.917476,55,1017.711711
20.506331,23,1017.733608
1203.902479,998,1019.132135
678.704485,1000,1020.199313
384.446915,335,1020.53851
1187.907985,1000,1021.937156
359.842196,297,1022.256587
74.40716,53,1022.316628
131.708349,100,1022.41674
998.993979,814,1023.300686
149.211451,122,1023.424011
855.271625,693,1024.474039
1208.74818,1000,1029.496033
75.746068,64,1029.578506
61.107629,41,1029.640009
714.583822,1000,1032.054666
1165.356918,1000,1033.44164
229.125148,167,1033.61842
960.634965,624,1034.705811
935.334478,1000,1035.855731
346.870766,252,1036.177443
255.305301,197,1036.383828
253.431131,252,1036.648573
430.229007,347,1037.516232
481.435753,403,1037.926069
753.713053,1000,1039.10981
922.0968,656,1040.778279
927.358161,628,1041.49648
321.407435,291,1041.902069
417.320259,332,1042.268489
996.476047,826,1043.67006
1399.230861,1000,1048.131516
687.135695,1000,1049.829958
773.490285,585,1050.421953
344.113659,261,1050.683875
368.34909,295,1050.982196
385.111205,292,1051.290267
394.286035,287,1051.580893
139.449382,103,1051.684209
117.289404,83,1052.230553
713.388313,1000,1053.222837
864.471583,658,1053.855197
1277.582176,1000,1055.101308
93.657928,76,1055.178394
948.09222,1000,1056.152894
921.487403,1000,1057.543142
981.362061,1000,1058.530105
127.506472,105,1058.626264
1025.080283,1000,1064.092194
613.767396,574,1064.648839
1283.685886,882,1065.738032
34.550969,37,1065.770935
849.975443,584,1066.332745
131.431363,107,1066.438567
492.568723,388,1066.836171
1018.181586,1000,1068.302983
753.093048,1000,1069.325937
823.858003,673,1069.940163
277.045222,211,1070.487341
1047.167004,1000,1071.549007
219.83953,139,1071.718274
931.279448,1000,1072.958123
13.766061,20,1072.978539
886.246339,1000,1073.953202
862.5823,655,1074.61111
1250.017966,1000,1079.471205
1376.201847,1000,1080.399067
699.648901,451,1081.10441
90.786206,61,1081.158639
1367.424746,1000,1082.066645
399.887568,282,1082.317601
69.775807,63,1082.374861
1124.642231,782,1083.343996
62.930238,47,1083.385911
257.148007,173,1083.543459
330.068235,280,1083.795322
1221.645342,862,1084.5775
720.06539,1000,1085.791105
1023.547847,1000,1086.718824
785.718095,640,1087.573849
19.126477,22,1087.594244
1186.980646,1000,1088.532216
803.837058,1000,1091.777503
615.698557,541,1092.276877
457.16866,313,1092.565902
1299.333637,939,1093.44665
655.054466,1000,1094.642303
365.120768,246,1094.861098
77.846861,50,1094.906147
730.206663,514,1095.369799
358.517329,240,1095.58971
1070.593058,718,1096.524896
1343.217417,1000,1097.427169
1317.108183,1000,1098.620398
34.86079,25,1098.643021
724.727294,595,1099.187699
24.244449,19,1099.205929
1368.298417,1000,1100.438571
765.050243,1000,1101.429896
1254.369021,1000,1106.206561
582.692803,765,1106.912458
1324.683873,1000,1107.868521
73.964455,43,1107.908011
1440.93375,1000,1109.097879
862.854867,588,1109.634612
486.460267,306,1109.905748
747.973034,1000,1111.093323
261.338652,206,1111.289876
1135.390488,849,1112.057847
516.97,356,1112.642633
813.546718,552,1113.173228
491.857413,290,1113.431068
469.672359,244,1113.659016
922.750134,646,1114.258592
925.268147,812,1115.281185
1411.281364,1000,1119.052031
1341.538983,1000,1120.311206
1461.020769,1000,1121.246138
557.046887,376,1121.627585
179.615009,130,1122.060287
568.309571,1000,1122.981626
379.890046,270,1123.23005
360.063379,275,1123.479554
315.777981,187,1123.659431
76.531473,49,1123.704017
711.213574,549,1124.544548
460.86808,318,1124.832604
289.405327,186,1125.016559
124.240057,190,1125.197401
165.456337,126,1125.317022
196.881508,119,1125.425154
750.291053,1000,1126.658206
94.875795,66,1126.719013
707.86369,543,1127.212394
1116.473986,1000,1128.141696
397.855905,337,1128.758414
858.961141,1000,1129.697904
777.248443,1000,1134.157911
591.84295,337,1134.457623
98.267297,66,1134.521179
1172.617409,1000,1135.461424
1339.394301,1000,1136.686728
124.429792,63,1136.742291
1428.07159,1000,1137.655826
839.408812,1000,1138.878851
1502.176644,1000,1139.893858
913.87468,1000,1141.148965
187.832764,114,1141.259635
413.570697,293,1141.535785
1230.570045,892,1142.366361
414.744379,288,1142.64995
625.778512,439,1143.34855
150.03392,94,1143.432942
746.558777,1000,1147.055424
1288.278664,1000,1148.343834
786.619885,539,1148.835265
1293.81273,838,1149.591018
123.331168,64,1149.647331
586.366551,332,1150.232755
736.860095,1000,1151.157798
1075.077978,683,1151.817907
99.817424,37,1151.853681
1229.59154,1000,1155.085363
1001.006324,1000,1156.05137
281.46895,201,1156.278446
1510.876045,1000,1157.618393
778.703262,537,1158.156554
1285.69503,871,1159.740685
794.030857,1000,1164.86093
65.336593,54,1164.943613
417.809215,267,1165.344208
971.838587,1000,1170.604861
1316.969287,943,1171.971637
127.537043,108,1172.125571
526.155365,339,1172.623293
1021.157921,1000,1177.403203
956.517593,1000,1179.010526
55.544629,58,1179.104047
190.202302,111,1185.467629
823.750963,1000,1186.713503
1256.877513,876,1187.819931
781.221475,1000,1194.540801
191.316501,119,1194.691414
1199.185821,720,1195.604988
545.584043,395,1196.722587
1760.98909,1000,1202.005164
22.92237,23,1202.034036
1366.258054,1000,1203.822876
326.058039,215,1204.090504
856.441608,512,1204.725855
685.520123,1000,1206.02078
607.229775,419,1210.087053
605.096437,450,1210.65294
195.279443,139,1210.821787
1592.873065,1000,1212.056289
1050.49078,1000,1214.341735
910.202827,595,1215.060153
1562.837909,1000,1217.009351
1276.328877,760,1218.014547
46.686138,31,1218.057196
412.63034,225,1218.302213
159.642478,108,1218.410849
186.057911,122,1218.534323
97.932861,49,1218.584819
177.537058,105,1218.691511
782.571166,1000,1224.05409
87.581411,52,1224.114192
1310.515899,709,1225.034324
647.783859,443,1225.555511
755.538547,1000,1227.324751
46.925247,38,1227.373809
1084.971606,1000,1228.691425
883.104212,1000,1230.323634
223.250541,131,1230.469407
343.188539,229,1230.722992
329.446688,250,1231.000576
972.065743,1000,1232.561754
787.897992,1000,1233.887479
600.712924,364,1234.276037
380.985782,233,1234.49839
429.97225,330,1235.120899
805.302624,1000,1236.872714
258.882061,163,1237.039953
239.201609,135,1237.1627
383.998832,245,1237.395156
72.898815,62,1237.452674
1090.220155,705,1241.664294
291.683144,152,1241.801983
313.790137,204,1241.991374
909.42715,595,1242.537194
563.599618,362,1242.881497
1515.625479,1000,1244.079169
286.527167,258,1244.311338
1507.261005,1000,1245.223526
294.91627,201,1245.683304
223.554243,137,1245.804859
930.843727,585,1246.344005
1520.257884,1000,1247.265301
389.729065,320,1248.028757
905.806007,1000,1248.961882
61.028858,43,1249.000558
1490.264294,1000,1250.86708
1448.777318,1000,1251.872764
998.801897,757,1256.551347
176.352794,122,1256.666416
524.093353,366,1257.301969
1492.037435,1000,1258.269969
685.536897,396,1258.648598
787.955333,1000,1259.913671
884.374085,537,1260.426082
133.15916,83,1260.506263
23.606425,28,1260.531512
1471.370036,1000,1261.782965
791.870063,1000,1262.793137
190.860559,83,1262.872908
17.436266,23,1262.89281
92.045514,48,1262.955013
298.492227,243,1263.189142
266.687063,177,1263.362722
626.821841,411,1264.054239
699.121281,433,1264.470769
898.687659,1000,1265.440909
138.661566,82,1265.521941
773.942598,465,1266.259957
211.014555,119,1266.371903
1372.301063,992,1267.324843
209.42049,173,1267.491615
140.849068,109,1267.595726
945.238973,1000,1272.295215
1462.566425,917,1273.183684
1616.216699,1000,1274.447181
929.31788,1000,1275.435241
1219.952853,1000,1276.695695
701.420519,467,1277.151546
235.376587,149,1277.293519
546.45867,372,1277.65359
1200.286761,706,1278.330765
1597.311109,1000,1279.61113
1365.500395,1000,1280.599154
1404.545172,1000,1281.800472
528.362279,348,1282.114928
548.421664,317,1284.644331
1194.160497,1000,1285.838733
542.811314,311,1286.124466
1569.952662,1000,1287.030495
282.027968,199,1287.212823
801.036815,508,1287.948076
766.998838,1000,1288.876423
919.59955,1000,1290.11125
180.089172,79,1290.184583
758.698958,483,1290.622536
850.300002,583,1291.167229
254.950197,146,1291.301132
1540.385744,1000,1292.491417
1616.715632,1000,1293.405854
401.256231,295,1293.6797
1063.506613,1000,1295.388061
601.335831,420,1298.255613
287.665296,168,1298.413905
1644.770364,1000,1299.654856
1086.481198,1000,1300.616425
1249.458188,1000,1301.861227
1305.706547,1000,1302.804754
739.381304,508,1303.292132
1502.239817,1000,1304.554933
170.812303,123,1304.672254
763.269534,458,1305.11599
281.385728,162,1305.272707
247.426893,238,1305.503222
1717.884267,1000,1306.75157
1614.322702,1000,1307.72678
589.444273,375,1308.407748
60.433298,39,1308.443692
1556.403183,1000,1312.75032
500.834687,322,1313.135157
180.011584,259,1313.443241
1590.447821,1000,1315.724765
495.148991,272,1316.035964
1155.793031,741,1316.920305
336.514265,229,1317.201708
162.231259,103,1317.355754
295.534241,191,1318.292814
596.001658,289,1318.641935
75.472158,52,1318.706674
524.446368,287,1319.038608
637.576324,392,1319.483814
1345.744195,857,1320.419703
418.082798,219,1321.324828
824.141897,1000,1322.432943
1670.508467,1000,1324.20101
861.557033,1000,1325.287382
1605.762482,1000,1326.865676
158.121906,79,1326.949389
300.187701,190,1327.147641
1795.926123,1000,1331.551046
1705.925936,1000,1333.257501
494.044178,275,1333.582412
190.739535,110,1333.698831
318.679758,212,1333.929347
1050.67245,1000,1335.041326
630.158167,363,1336.081614
1699.826606,1000,1337.164842
819.741952,1000,1338.641367
408.35352,210,1338.863518
1835.661126,1000,1339.922006
291.987098,159,1340.089479
787.757141,1000,1341.575201
1913.51061,1000,1342.827627
482.476963,283,1343.176096
1350.010808,778,1346.967304
582.008461,316,1347.351886
1605.021847,900,1348.391194
952.206999,547,1349.959277
442.754204,229,1350.224756
1267.437186,1000,1351.299697
1175.512349,710,1352.582533
994.056225,1000,1353.630169
1613.991007,1000,1355.520024
1042.686298,619,1356.261949
844.222156,465,1356.822468
1369.103465,1000,1358.869097
1761.535842,1000,1359.99755
471.684417,233,1360.238235
1476.05166,1000,1366.16331
1378.287232,1000,1367.290578
102.692558,40,1367.344242
1686.973948,1000,1369.251494
303.113077,166,1369.43959
502.165556,269,1369.786274
1662.223664,1000,1371.004784
1487.611435,828,1372.805879
399.965116,281,1373.154019
137.22544,91,1373.265767
180.87734,91,1373.373531
1647.415699,1000,1374.497872
170.167717,104,1375.043433
632.353792,444,1375.551069
915.861362,525,1376.104453
1423.076537,1000,1377.16445
501.503641,343,1378.108695
753.146884,1000,1379.321286
746.890892,1000,1384.22287
846.994988,486,1384.724884
1434.822612,1000,1385.916204
1800.148312,1000,1387.742334
945.251462,1000,1388.852173
820.3733,1000,1390.408047
129.42542,68,1390.493441
940.650056,1000,1391.643834
739.555297,1000,1393.146854
504.176459,303,1393.459259
1722.843883,1000,1394.570761
562.59157,307,1396.241851
739.54598,453,1396.793862
1557.542095,1000,1401.98878
1667.360334,1000,1403.506088
1092.023639,626,1404.210753
1589.656965,1000,1406.932239
1333.858282,1000,1407.998402
410.605765,251,1408.254176
220.166322,101,1408.3673
111.624855,76,1408.451276
1831.122849,1000,1409.893411
1217.279061,1000,1410.92434
23.607608,23,1410.948523
1103.745701,634,1411.968881
232.947801,119,1412.093035
702.642721,1000,1413.190387
1336.596683,1000,1416.229145
612.717098,349,1416.637188
82.911609,35,1416.673964
1732.523936,1000,1419.799433
1099.049894,554,1420.944772
1538.632063,808,1421.821499
1547.198178,921,1422.79897
1110.865267,584,1424.041585
1059.326785,1000,1425.139579
525.626894,303,1425.483382
1104.339467,570,1426.550926
1914.454034,1000,1427.624815
1997.996926,1000,1429.20536
1852.581719,1000,1430.338715
1607.955621,1000,1432.575845
1665.030868,890,1433.579949
1732.937743,1000,1440.463598
301.361171,158,1440.653906
858.144486,650,1441.362844
325.665125,218,1441.594907
902.565992,455,1442.121944
767.169727,1000,1443.676279
761.383079,382,1444.142338
406.091454,251,1444.465173
1119.389671,1000,1446.687221
1283.760762,633,1447.371045
617.070275,373,1447.776727
1752.331099,1000,1448.874783
975.226197,494,1449.841264
1862.388433,1000,1450.946549
1766.907898,1000,1452.583155
1832.069693,1000,1456.65433
1423.112751,797,1458.165064
1227.50558,641,1458.869089
852.909156,501,1459.434141
1905.044433,1000,1461.089819
439.334007,220,1461.33019
1916.666071,1000,1462.503772
1335.123627,731,1463.810188
1884.795381,1000,1464.838826
1743.502503,1000,1466.313701
1968.138737,1000,1467.333117
1207.420037,1000,1468.712603
800.683839,417,1469.13339
1627.601514,1000,1474.11687
483.251831,246,1474.363159
1896.586854,1000,1475.758258
1548.116927,1000,1476.742575
1868.028132,1000,1478.531814
1040.735504,602,1479.172988
888.363371,1000,1480.449237
1759.119638,869,1481.354133
408.212727,241,1481.598934
1891.155508,1000,1483.804975
843.212546,1000,1485.005379
755.232518,1000,1487.409493
741.056979,406,1491.356925
598.447459,343,1491.70724
1023.749018,1000,1492.785856
452.595523,267,1493.656658
1494.250712,784,1494.659224
1140.677608,1000,1495.906047
919.694324,1000,1497.982137
1213.416862,1000,1499.092947
290.194994,163,1500.698006
1500.893726,1000,1501.838667
1934.874995,1000,1502.94276
1620.289281,863,1504.564895
1654.833471,1000,1505.709459
1136.516278,607,1510.794583
1354.756307,766,1511.612706
869.463794,1000,1513.085383
53.378144,33,1513.118004
2029.476201,1000,1514.1315
1247.028256,1000,1515.784942
752.362997,1000,1516.874069
659.585366,446,1517.366314
165.155657,130,1517.502256
1023.318376,564,1518.526935
1554.416254,826,1519.394902
847.651871,1000,1520.474764
1397.253868,748,1521.690015
258.983372,118,1521.809335
1278.401454,1000,1522.956738
289.759956,164,1523.135946
1115.41859,1000,1527.799685
736.092741,1000,1528.860812
378.804635,188,1529.462438
1491.87187,778,1530.263077
924.566696,472,1530.741781
636.380557,317,1531.08328
1535.410736,759,1532.220338
1956.952628,1000,1533.310503
300.842889,174,1533.486506
2031.444611,925,1534.782833
58.718929,38,1534.820794
208.856579,105,1534.928475
588.434029,287,1535.2237
969.348087,543,1535.789441
1793.783892,944,1537.181248
858.258811,418,1537.625341
188.080788,112,1537.737937
1811.314723,925,1538.698516
1455.208317,1000,1543.628573
1947.477931,990,1544.702722
1586.111346,848,1545.96471
583.147401,288,1546.2677
232.862441,124,1546.410148
1067.547558,537,1547.059854
705.485663,1000,1548.649363
1965.493887,1000,1549.698315
1288.96795,650,1550.379783
1098.556164,524,1551.472083
1703.525699,1000,1552.561368
785.606993,394,1552.971753
1595.343343,814,1554.313144
897.806471,464,1554.82885
159.877432,70,1554.899383
1650.477735,868,1558.936267
32.565183,26,1558.96265
698.179387,337,1559.327555
1778.349685,1000,1560.43056
40.851071,27,1560.464062
300.909526,120,1560.624466
180.894764,111,1560.773387
1701.765696,819,1562.169506
1002.786522,1000,1563.227031
111.073961,55,1563.285469
2119.884769,986,1564.88992
2100.76412,1000,1566.015635
148.200936,110,1566.129944
1616.446295,998,1567.575819
2038.902039,1000,1568.620939
1733.06643,1000,1570.017201
745.695299,371,1570.412749
514.350103,294,1570.779082
167.116284,104,1570.905467
1300.342405,562,1576.109413
1898.580857,892,1577.472078
1032.790122,560,1578.089074
12.935784,22,1578.113735
960.065874,496,1578.677904
1696.107407,877,1580.026326
453.910879,220,1580.257143
1232.615102,637,1580.94346
791.763847,1000,1583.152976
742.396336,1000,1584.462174
1516.540559,1000,1586.925854
394.142388,194,1587.165368
212.393925,111,1587.285273
643.598802,331,1587.676275
797.813445,1000,1588.867582
1039.082381,1000,1591.37727
1148.042278,1000,1595.140981
1142.964394,640,1597.078149
724.74932,1000,1598.124111
1404.499848,803,1599.371626
426.825025,223,1599.611798
497.743442,246,1599.887625
743.530196,405,1600.428418
1964.281497,1000,1602.344535
750.737738,453,1602.911689
1946.712747,1000,1604.220157
1141.201294,537,1604.901353
342.560189,168,1608.113384
1966.492158,911,1609.233995
948.278657,449,1609.732582
1976.599554,1000,1611.461973
806.624153,1000,1615.488652
1729.426117,1000,1616.936819
479.375391,229,1617.179046
946.052617,1000,1618.406418
847.874638,395,1618.862108
2053.742999,1000,1620.735507
1916.070038,1000,1621.927008
1910.648161,1000,1623.845108
2143.928349,1000,1624.993283
179.050943,97,1625.098059
1227.902485,614,1626.188661
1867.672404,1000,1627.406289
97.68166,48,1627.470333
1996.018852,1000,1634.395154
267.291526,149,1634.566622
1632.471291,1000,1635.740798
225.183699,93,1635.837819
43.622166,34,1635.871873
