#{"t_start": 1764956181.6753807, "env_id": "Ant-v5"}
r,l,t
-46.409944,65,1.240353
-1003.148971,1000,1.9265
-16.295367,31,1.944513
-1064.818935,1000,2.831361
-18.656459,13,2.840187
-106.200519,71,2.888233
-113.543701,74,2.937891
-46.589503,42,2.968389
-30.75747,39,2.997216
-49.079778,24,3.011573
-60.234426,63,3.048555
-106.831281,82,3.095227
-55.241181,46,3.122082
-87.95702,63,3.161582
-91.811996,85,3.218169
-54.635017,85,3.272576
-22.747466,17,3.283629
-15.547938,35,3.305343
-17.985614,13,3.313183
-88.390675,60,3.359792
-12.151665,15,3.370146
-18.020261,14,3.380442
-9.329356,13,3.390317
-19.159356,19,3.401304
-49.012642,47,3.432298
-57.935515,49,3.461965
-113.766719,100,3.528522
-48.954076,79,3.576342
-21.221249,15,3.585552
-28.804898,30,3.60353
-11.638634,44,3.632634
-23.207712,24,3.647714
-978.321483,1000,4.521328
-59.620377,43,4.550707
-173.310344,162,4.646243
-20.964137,14,4.655414
-62.488465,61,4.697209
-107.566162,59,4.732212
-12.872377,13,4.740601
-88.399602,58,4.776417
-5.673317,15,4.787932
-14.197015,13,4.796576
-3.079375,13,4.805473
-63.096446,47,4.835412
-91.817155,39,4.861808
-23.034115,28,4.87883
-8.396053,21,4.892843
-10.218776,21,4.905231
-100.705036,61,4.942585
-150.12093,135,5.031582
-27.480533,28,5.049971
-8.214014,13,5.059419
-135.814171,117,5.133576
-62.323024,59,5.170531
-58.894217,49,5.200392
-14.487806,10,5.206352
-22.284528,15,5.214802
-63.029612,70,5.259374
-57.464759,32,5.277951
-65.752943,54,5.321319
-1015.300898,1000,6.216297
-22.855752,22,6.232802
-1119.504066,1000,6.885069
-16.555396,14,6.893707
-215.106744,137,6.977071
-7.018269,27,6.993951
-31.930483,17,7.004388
-5.736057,30,7.026436
-35.917487,50,7.058947
-128.51029,132,7.140928
-545.308542,510,7.728807
0.80954,28,7.74461
-19.09787,12,7.754387
-51.979494,83,7.806046
-8.451579,16,7.815217
-42.760864,57,7.852967
-21.626106,18,7.863705
-46.721153,31,7.883726
-31.713874,65,7.924981
-1045.927969,1000,8.561064
-89.229338,79,8.611944
-30.223344,19,8.62561
-45.568907,43,8.6532
-12.956072,37,11.528035
-13.590569,14,11.537782
-126.049603,110,11.605554
-25.335971,17,11.615596
-58.81609,46,11.643935
-149.63313,139,11.967303
-978.140967,1000,12.616713
-53.52743,61,12.657264
-142.693137,71,12.700838
-53.992795,87,12.756121
-7.44204,14,12.765373
-5.15414,6,12.769065
-7.916719,39,12.793457
-11.831889,12,12.800791
-79.617393,93,12.861732
-105.39352,90,12.917238
-14.203943,47,12.946973
-90.800261,66,12.9911
-133.066251,114,13.065028
-13.566919,37,13.096806
-36.648957,19,13.109457
-63.633792,47,13.140114
-42.98651,26,13.15737
-57.265967,48,13.187992
-52.4175,32,13.207277
-105.895649,114,13.535146
-37.686584,57,13.571921
-71.536127,61,13.611576
-67.753831,61,13.649122
-1034.017461,1000,14.292307
-29.252546,38,14.317997
-1.614923,39,14.343831
-8.086089,17,14.35551
-41.415098,27,14.371787
-5.52258,32,14.393324
-51.839085,54,14.42871
-43.061606,30,14.448943
-18.274204,13,14.457166
-1030.006521,1000,15.403091
-177.476713,123,15.475278
-46.090915,78,15.526651
-20.247332,28,15.54294
-69.112716,53,15.575743
-35.804498,47,15.606523
-165.378018,119,15.685146
-990.276072,1000,16.332292
-34.599055,14,16.341967
-49.932511,35,16.363219
-44.546046,40,16.387775
-7.438623,23,16.401335
-56.3651,67,16.739644
-54.319055,54,16.78302
-20.382004,24,16.800001
-3.287688,11,16.807177
-20.888993,21,16.82205
-26.464371,24,16.836215
-22.138115,32,16.858909
-92.580778,81,16.914756
-43.069565,43,16.939657
-12.378299,11,16.94601
-12.337424,23,16.960536
-9.626613,53,16.993459
-22.261225,21,17.006072
-984.539723,1000,17.641659
-88.761705,105,17.716736
-48.647479,65,17.762119
-88.062684,82,17.815577
-41.533841,34,17.83847
-6.538259,25,17.85661
-11.077844,50,17.886796
-58.621634,34,17.90766
-39.106151,20,17.921221
-25.289846,19,17.932718
-9.314139,14,17.942007
-11.858229,20,17.95636
-37.699652,41,17.981276
-23.437188,40,18.007301
-128.308348,85,18.304135
-78.189622,55,18.33797
-11.877342,8,18.342351
-862.202599,1000,18.977213
-128.280425,155,19.077747
-20.215392,12,19.086294
-14.109404,14,19.095819
-69.086697,97,19.157897
-131.508638,68,19.198866
-977.237984,1000,22.95314
-987.784685,1000,23.590628
-30.055623,14,23.599824
-76.384565,133,23.689006
-71.278162,93,23.753917
-21.715746,20,23.768929
-60.246838,39,23.794719
-102.722433,84,23.845362
-16.790128,23,23.862629
-17.185659,20,23.874773
-51.955618,34,23.896398
-46.769418,45,23.927119
-16.966103,14,23.935136
-19.78871,17,23.945009
-37.784749,53,23.978738
-22.440592,59,24.017463
-51.434526,31,24.262672
-40.780101,29,24.28055
-215.773498,220,24.429313
-25.456798,24,24.444155
-10.909955,17,24.454581
-1.151721,16,24.463455
-35.37633,28,24.479599
-57.798068,42,24.503869
-24.310042,20,24.515489
-11.325936,12,24.52295
-50.857961,26,24.538585
-32.654327,37,24.562465
-20.444616,26,24.578089
-14.680419,23,24.593055
-38.81732,29,24.612057
-76.332312,53,24.645341
-56.279694,69,24.688957
-93.496943,107,24.755187
-9.86963,14,24.763503
-13.723999,13,24.771691
-68.710256,72,24.81899
-109.810644,138,24.904948
-24.808393,22,24.920266
-63.232484,37,24.942399
-18.929911,26,24.960498
-37.820822,41,24.988728
-20.147738,25,25.007163
-33.167139,35,25.030806
-4.750272,23,25.045413
-33.904325,34,25.067493
-12.019891,20,25.079391
-20.752958,16,25.090844
-14.935781,34,25.111205
-29.244192,28,25.129678
-13.187319,13,25.137332
-92.011682,43,25.16578
-99.798857,100,25.23577
-24.649636,18,25.246199
-10.753392,39,25.272992
-15.002481,25,25.292876
-54.32911,90,25.352323
-26.569911,19,25.363608
-14.235594,16,25.373228
-3.825754,27,25.392012
-79.772395,40,25.416683
-23.192794,16,25.427401
-43.158891,48,25.456503
-30.711953,33,25.476634
-28.062727,20,25.490207
-9.372134,12,25.498199
-20.819477,30,25.51745
-197.752277,176,25.878202
-106.083364,94,25.94004
-11.344943,15,25.948969
-79.717416,101,26.017364
-25.036372,27,26.032212
-28.222387,31,26.049151
-116.053406,91,26.102695
-34.334639,64,26.141553
-60.605933,35,26.167463
-39.868571,26,26.186551
-23.959202,24,26.201196
-141.25307,117,26.272856
-50.947902,34,26.295538
-60.560657,76,26.348642
-44.368894,37,26.370808
-100.094576,115,26.442357
-22.292873,30,26.461307
-185.946248,199,26.5885
-21.309544,13,26.596225
-102.390952,102,26.659455
-85.236271,50,26.699092
-60.387272,50,26.742712
-10.474624,23,26.761308
-57.44519,61,26.802032
-120.782939,90,26.85332
-33.24801,33,26.872381
-39.66946,76,26.921598
-17.391193,26,26.93979
-4.827265,9,26.945431
-59.778676,34,26.966762
-65.329461,57,27.004478
-32.182181,29,27.022798
-1.424726,24,27.037296
-907.465642,1000,27.941751
-21.0455,13,27.950432
-27.867435,21,27.963748
-26.939522,50,27.996461
-19.092912,24,28.010782
-47.9601,91,28.068865
-911.59684,1000,28.719738
-37.162443,34,28.987446
-86.544541,104,29.059552
-10.708551,10,29.06817
-68.635861,65,29.112114
-44.985883,50,29.144223
-81.998126,107,29.208342
-22.944785,20,29.220983
-148.800816,138,29.31011
-108.459349,92,29.36656
-44.702228,25,29.381101
-25.140816,16,29.392301
-28.878651,15,29.401488
6.665768,48,29.433298
-23.063003,29,29.451904
-52.94613,28,29.469032
-16.618846,22,29.482107
-5.357614,35,29.506657
-16.368117,19,29.520954
-998.487672,1000,32.940104
-7.910506,14,32.948445
-17.999935,14,32.959307
-27.405207,30,32.977277
0.124207,7,32.981412
-103.309658,74,33.032705
-50.394635,53,33.298837
-70.153562,48,33.331844
-41.649688,44,33.361397
-20.178215,43,33.388919
-11.228478,17,33.399349
-76.782034,117,33.476587
-66.956354,70,33.520543
-22.612602,32,33.538917
-20.51776,33,33.558352
-276.705184,215,33.69378
-88.147219,126,33.779311
-14.336145,14,33.790647
-30.781084,51,33.826016
-168.810309,155,33.923744
-93.752587,66,33.964446
-53.80544,90,34.022611
-34.119664,31,34.041574
-102.60253,73,34.090495
-40.950799,29,34.107654
-39.927945,35,34.131145
-24.489816,23,34.144523
-886.480225,1000,35.028487
-16.874475,18,35.0403
-32.129132,22,35.055555
-57.026581,62,35.092087
-974.077638,1000,35.833085
-3.608505,35,35.856957
1.352299,18,35.869215
-66.606785,50,35.926259
-16.450523,19,35.942278
-23.016292,20,35.962746
-43.974527,94,36.0657
-36.294314,66,36.111355
-21.2032,29,36.132041
-172.538525,122,36.21901
-17.434777,36,36.243299
-52.171982,35,36.269602
-84.317239,80,36.325379
-40.788459,86,36.775111
-88.844318,80,36.867031
-54.596326,48,36.921802
-58.408479,52,36.972396
-10.029607,22,36.990003
-49.783902,27,37.006131
-45.20685,94,37.069753
-45.270921,25,37.087325
-901.518803,1000,37.856868
-9.764548,54,37.899311
-53.482627,87,37.956675
-103.448456,77,38.009835
-6.828277,10,38.019612
-75.725803,69,38.068613
-15.395814,26,38.08777
-38.622297,55,38.12429
-917.834824,1000,39.275683
-64.341958,81,39.341002
-43.422178,33,39.370377
-108.532495,87,39.43959
-17.919618,18,39.455945
-910.820656,1000,40.52276
-53.373453,119,40.669255
-52.939863,54,41.176043
-74.570364,55,41.221157
-4.818445,28,41.250168
-972.839695,1000,44.625495
-53.221319,28,44.642845
-27.360556,73,44.686325
-150.389446,198,44.792068
-148.212243,179,44.889762
-9.236959,14,44.896941
-26.847222,43,44.921784
-72.887523,54,44.951134
-149.662833,90,45.001131
-144.098643,109,45.061354
-12.36492,13,45.069295
-26.402228,28,45.0855
-62.952293,81,45.132178
-181.228898,146,45.479406
-42.766598,41,45.507658
-34.415379,22,45.526841
-59.21733,93,45.58811
-66.007727,151,45.672249
-53.46013,72,45.710049
-120.525035,89,45.757949
-900.357231,1000,46.314499
-38.675354,16,46.323215
-28.412729,20,46.334782
-26.645855,20,46.344781
-43.713004,63,46.379871
-60.491733,74,46.422775
-16.950062,13,46.429307
-127.976912,121,46.494652
-43.959109,41,46.516771
-53.43389,51,46.542294
-34.332944,19,46.555151
-5.848963,17,46.564182
-36.841844,30,46.793013
-89.374722,103,46.859557
-27.299538,26,46.879027
-13.042049,25,46.899538
-20.101397,37,46.924972
-25.168708,20,46.938532
-5.968638,30,46.963063
-72.515171,83,47.032578
-35.184315,52,47.07212
-26.578179,18,47.083199
-27.918061,53,47.112287
-8.325505,43,47.136428
-39.965117,38,47.156286
-30.305388,26,47.171775
-37.34067,40,47.194286
-99.240557,88,47.250312
-11.787667,17,47.262917
-15.728518,13,47.273865
-52.634308,49,47.303272
-17.234906,23,47.316378
-59.87385,54,47.345995
-83.443298,74,47.389502
-912.976232,1000,47.965906
-26.596197,25,47.978813
-30.200294,18,47.989644
-25.549119,37,48.010131
-39.455655,23,48.023728
-10.056603,19,48.251923
-7.833992,37,48.274751
-14.192193,21,48.28688
-35.609678,40,48.309661
-15.189417,17,48.321367
-80.097147,54,48.40727
-20.138589,23,48.421935
-25.13402,13,48.428983
-46.57591,68,48.468082
-98.607339,96,48.518667
-78.174695,136,48.589959
-13.977642,14,48.597992
-61.144552,44,48.62151
-7.113006,18,48.63118
-62.29437,53,48.659849
-46.576316,53,48.689436
-24.921905,16,48.697835
-77.79421,88,48.744104
-91.956689,104,48.801706
-123.949121,77,48.84323
-21.312146,39,48.867069
-13.180341,25,48.879261
-7.091972,18,48.889516
-16.631709,33,48.916926
-10.948351,42,48.939507
-49.285654,67,48.974251
-23.609789,35,48.993161
-37.706141,27,49.043564
-6.481422,18,49.057194
-47.174189,42,49.078516
-10.676015,27,49.092276
-144.531904,105,49.149227
-87.79448,66,49.184321
-99.966326,91,49.235494
-103.470501,76,49.27562
-61.332928,45,49.299829
-159.680347,123,49.366509
-21.775227,17,49.375468
-22.993708,20,49.387155
-31.957864,41,49.408823
-32.785854,28,49.424916
-32.537144,22,49.438474
-888.873157,1000,50.303807
-17.273642,27,50.318963
-36.809018,26,50.335187
-59.024997,56,50.369521
-39.735637,46,50.396224
-42.693963,72,50.441015
-914.546483,1000,51.284823
-32.415044,53,51.324711
-828.804476,1000,54.352082
-21.707195,15,54.360457
-25.203924,23,54.374055
-31.023645,27,54.389494
-89.543907,43,54.414528
-65.973097,90,54.468581
-90.719356,80,54.515934
-17.75309,26,54.531082
-40.991103,51,54.560376
-907.948018,1000,55.651051
-12.450662,15,55.661439
-45.810696,54,55.701438
-9.309349,17,55.718149
-36.487718,26,55.7365
-65.269145,33,55.759135
-33.615511,45,55.789887
-37.072782,19,55.803504
-18.877696,39,55.832137
-50.830644,39,55.859423
-85.525449,61,55.902373
-8.927077,20,55.916955
-50.374058,38,55.942885
-100.249004,75,55.993855
-105.826943,44,56.023559
-37.823112,34,56.045487
-58.979927,33,56.068938
-29.877568,31,56.089368
-11.599043,14,56.099422
-41.174747,26,56.116819
-50.128255,49,56.147114
-69.995503,101,56.210456
-844.331115,1000,57.265352
8.775928,36,57.305119
-31.924096,49,57.348125
-48.587236,57,57.393604
-104.203607,69,57.450414
-28.017783,25,57.469817
-874.196601,1000,58.197487
-37.296296,21,58.211743
-21.374388,12,58.220765
-24.422644,26,58.238833
-900.31268,1000,59.160899
-28.715669,30,59.182781
-150.330322,129,59.27147
-215.631039,185,59.394985
-7.692872,25,59.411966
-106.834085,121,59.49024
-25.199401,51,59.523133
-4.554459,52,59.556825
-49.836591,57,59.595843
-32.642131,39,59.621096
-27.321174,50,59.652795
-80.588704,61,59.692703
-23.95723,36,59.715778
0.864835,39,59.73945
-13.601564,25,59.75617
-14.507404,31,59.775475
-64.647127,50,59.808054
-10.296217,10,59.815694
-28.772921,16,59.824914
-76.98756,84,59.878452
9.747154,28,59.895871
13.602659,17,59.906531
-75.339974,54,59.94025
-22.07634,23,59.955073
-69.446315,65,59.993814
-35.748054,42,60.020342
-112.527945,97,60.077315
-13.881153,23,60.09135
-60.543352,62,60.127929
-121.148063,99,60.4338
-17.636686,21,60.447876
-60.816099,41,60.476919
-53.123336,57,60.519056
-22.073777,34,60.542946
-9.910382,31,60.566101
12.036179,18,60.578317
-9.13598,21,60.594087
-19.30642,16,60.606264
-82.25833,123,60.691153
-54.328327,48,60.724488
5.474744,44,60.754787
-937.505746,1000,61.402587
-821.867337,1000,62.270785
-117.203151,116,62.356594
-96.760099,66,64.073308
-9.114265,57,64.109093
-86.695754,55,64.141288
-8.675915,13,64.149103
-55.308406,60,64.183397
-6.914137,28,64.198844
0.418497,27,64.213433
-71.956133,40,64.237737
-838.442406,1000,64.821942
-60.687678,60,64.856608
-17.292728,17,64.866811
-197.571842,172,65.188982
-27.347358,17,65.200466
-126.997404,181,65.328283
-5.062882,18,65.340601
-39.921123,77,65.39278
-69.876,90,65.45304
-61.053872,152,65.549289
-36.256946,34,65.570428
-27.976231,21,65.584579
-19.089371,62,65.623518
-7.150464,14,65.632911
-5.709337,19,65.644212
-16.423181,18,65.65573
-14.187377,24,65.670916
-21.285803,17,65.681473
-6.619297,53,65.717109
-46.010838,49,65.746674
-33.238009,32,65.767783
-62.882694,37,65.790069
-60.28088,62,65.82735
9.932041,31,65.846417
-40.125823,24,65.861137
-32.765548,31,65.879842
-6.01557,10,65.887199
-10.005871,20,65.899995
-56.527249,55,65.933723
-13.775952,46,65.960275
-91.800182,51,65.990891
-34.264635,39,66.015327
-61.753284,103,66.074801
-55.385446,55,66.106866
-49.937165,39,66.129077
-7.960584,28,66.145971
-10.151526,14,66.15483
-9.813281,40,66.177078
-22.055585,34,66.196522
4.761228,29,66.212549
-116.438329,121,66.280451
-168.062369,115,66.346434
-22.051564,11,66.353915
-11.535112,58,66.386805
-60.019841,38,66.632368
-38.218789,64,66.675977
-54.64229,39,66.705221
-18.135009,13,66.713585
-5.689522,13,66.723994
-25.500576,35,66.750506
-15.331269,13,66.758781
-94.481341,77,66.815886
-133.027067,148,66.916581
-11.938166,21,66.930708
-16.795991,13,66.94031
-48.449737,39,66.968192
-60.448762,54,67.003991
-33.276791,25,67.020824
-38.138112,38,67.046155
-40.258172,39,67.073243
-26.047252,28,67.090766
-86.106337,47,67.121818
-66.613728,46,67.152923
-10.94938,55,67.187727
-52.430663,36,67.210561
2.007918,15,67.221099
-821.986408,1000,67.869332
-12.578789,20,67.880968
-155.084165,85,67.929551
-38.208027,51,68.218067
-12.79518,13,68.226568
-7.320172,36,68.254776
-0.774748,20,68.269944
-814.306967,1000,68.974897
-46.24213,37,68.999213
-11.050618,83,69.051625
-112.241223,101,69.110959
-146.994855,121,69.185388
-60.516719,71,69.227837
-809.55129,1000,70.107317
-39.040319,32,70.129572
-786.018194,1000,70.776733
-812.077989,1000,72.534587
-54.201463,55,72.57512
-16.148224,38,72.603961
-62.728014,79,72.658111
-28.682618,82,72.707308
-59.079632,40,72.757546
-11.29543,15,72.76715
-14.695846,12,72.774265
-66.409699,67,72.813238
-816.285614,1000,73.439865
-17.800432,50,73.469885
6.271045,50,73.500198
-0.898515,65,73.538672
-18.002606,26,73.555153
-130.695924,114,73.854231
-22.315297,55,73.894517
-105.657225,154,74.014706
-33.202461,31,74.036657
-3.315121,14,74.046326
-25.067057,19,74.059714
-27.237334,20,74.07444
-93.875742,93,74.14012
-11.572472,10,74.146719
-51.073204,88,74.207575
17.302361,68,74.254449
-30.72275,73,74.305427
-47.685387,40,74.33312
-38.303494,50,74.367328
-59.5809,85,74.423757
-68.242545,150,74.522676
-6.346371,32,74.543407
-50.596303,66,74.587314
-755.817045,1000,75.449658
-147.027926,93,75.514772
-95.113476,74,75.570541
-46.573342,39,75.601273
-37.62312,73,75.652499
-44.331406,45,75.684608
-48.902715,71,75.736389
-26.467379,31,75.758161
-2.519677,29,75.778662
-3.772722,9,75.785768
-22.602714,25,75.803709
-723.969852,1000,76.470199
2.980087,32,76.490219
-151.115833,136,76.572281
-39.096477,33,76.592598
4.143656,12,76.600641
-4.739776,14,76.608286
-86.293185,83,76.657239
-3.949543,22,76.670334
-53.028181,58,76.703767
-22.711176,14,76.711452
-10.336028,21,76.725332
-43.342307,74,77.00603
-21.147151,20,77.021082
-10.500712,13,77.029331
-40.033814,50,77.068505
-789.366597,1000,77.821828
-45.942569,56,77.860882
-16.63884,30,77.883973
-13.007991,10,77.89046
-17.053321,15,77.901347
-26.494697,30,77.921032
-9.057502,54,77.959112
-3.086008,36,77.984318
-64.581916,70,78.033799
-20.779584,34,78.056673
-4.58962,25,78.072988
-18.586509,14,78.084173
-23.353945,14,78.093092
-821.88021,1000,79.056931
-6.376603,18,79.071847
-25.317675,24,79.090398
-9.109063,26,79.110885
-18.376695,45,79.146175
-6.178465,18,79.160257
-47.673103,78,79.218836
-32.631185,91,79.285588
-30.136957,32,79.308907
-7.434692,17,79.321718
-21.666609,36,79.346642
-20.20664,53,79.384623
16.815616,38,79.409757
-63.808449,53,79.446815
-23.35328,13,79.457024
-58.639021,50,79.491013
-20.202088,27,79.508676
-23.681273,38,79.536304
-58.180969,33,79.55838
-8.392413,16,79.570286
-69.917254,75,79.620839
-8.272251,49,79.652326
-23.8191,31,79.673418
-35.400681,44,79.703238
9.44803,20,79.71618
-5.688645,20,79.728516
-78.133069,54,79.765049
-45.515446,33,79.786027
-52.692909,61,79.824898
-11.439819,46,79.85628
-135.2032,81,79.908293
-21.738036,42,79.936064
-18.129522,13,79.943578
-22.860538,43,79.970849
-14.697829,12,79.977782
-11.127303,18,79.989974
-27.172069,17,80.001008
-65.145707,47,80.029164
-36.073195,30,80.047672
-29.238177,27,80.063321
-15.241294,14,80.072411
-47.938436,102,80.136007
-26.410582,54,80.405028
-27.002278,35,80.429772
-27.933857,55,80.472495
-10.990946,14,80.483588
-53.901592,132,81.342483
-21.236946,28,81.362719
-23.530616,72,81.41711
-52.876722,21,81.432374
-119.564396,132,81.529567
-18.100111,26,81.55187
-28.169531,23,81.585759
-805.682064,1000,82.578189
-885.256839,1000,83.805813
-69.177481,66,83.859483
-71.081697,155,83.983238
-56.033516,35,84.009413
-47.450573,29,84.032122
-123.416974,121,84.120435
-795.318737,1000,84.819207
-843.228571,1000,85.828538
-24.404998,22,85.845937
-1.67888,13,85.85597
0.536048,38,85.884688
-4.160581,25,85.902858
-7.260319,34,85.927109
-46.44194,55,85.966655
-24.878976,40,85.9933
-36.6209,73,86.046177
-24.176374,16,86.057173
-46.993578,53,86.092567
-4.668817,13,86.101848
-9.11567,9,86.107487
-39.200723,20,86.122314
-799.114659,1000,87.054314
-56.142695,59,87.099836
-138.142597,140,87.207551
-53.085797,27,87.227306
-20.016869,48,87.263337
-99.684057,42,87.296395
-185.902987,186,87.43464
0.417831,18,87.446691
-29.327874,23,87.465325
19.549227,37,87.49203
-50.37692,78,87.548532
-31.289905,58,87.588785
-898.740741,1000,88.298252
-45.426145,22,88.312835
-61.789932,37,88.33841
-22.634458,18,88.351021
-28.011841,20,88.363356
-38.27392,43,88.651377
-22.386069,42,88.684744
-2.50173,17,88.696759
-61.013662,81,88.762377
-695.449865,913,89.446231
-4.035401,23,89.462161
-14.161993,22,89.47698
-8.563063,12,89.485846
-14.325257,27,89.505025
-35.54618,32,89.525863
-135.901153,143,89.622
-34.642273,21,89.636326
-28.892486,17,89.646564
-39.84169,33,89.669364
-77.467539,69,89.713354
-27.68722,49,89.744988
-9.575559,18,89.757167
-71.06678,90,89.816876
-66.780379,39,89.841182
-9.286003,14,89.850368
-24.911886,24,89.86482
0.643401,15,89.874014
-19.143563,25,89.88948
-13.419659,22,89.903527
-40.26188,146,89.993207
-175.625752,185,91.770257
-25.345791,43,91.804105
6.75849,17,91.817793
-17.300292,58,91.861967
-0.930073,62,91.912271
-78.773872,66,91.960695
-9.718654,8,91.968167
-9.006021,12,91.976634
-15.913655,22,91.993811
-19.686262,14,92.005323
-132.569011,96,92.077997
-12.679775,18,92.091339
-67.871303,62,92.137787
-4.836115,20,92.15305
-113.190564,67,92.201873
-742.29711,1000,92.903389
-11.622573,19,92.915871
-56.955898,55,92.951392
-51.253411,42,92.984412
-23.53073,27,93.007252
-32.432766,23,93.026192
-173.472342,202,93.167133
-40.768261,32,93.188392
-57.132895,85,93.501476
-6.511799,15,93.51201
-16.107685,33,93.539242
-22.84552,36,93.57117
-78.134665,84,93.641623
-15.48433,20,93.656392
5.85858,21,93.672833
-756.430796,1000,94.418169
-3.445819,26,94.435624
-66.301891,45,94.465574
-106.018939,78,94.51818
-17.961172,11,94.524835
-18.672741,14,94.534488
-3.324557,19,94.545678
-19.142358,13,94.555309
-37.901823,24,94.57144
-19.19809,20,94.584272
-7.433982,25,94.600476
-21.678494,20,94.612063
-91.831704,54,94.646392
-23.092569,69,94.69127
-20.309749,73,94.737513
-14.478719,37,94.759767
-76.896421,127,94.839368
-40.000768,60,94.877915
-54.28051,85,95.187736
-25.342706,30,95.21229
-12.702234,40,95.244604
0.168864,31,95.277246
-9.509174,37,95.303695
-27.376907,47,95.34286
-58.306259,30,95.369319
-44.137551,59,95.413423
-15.594823,64,95.462285
-3.272226,21,95.478651
-10.941391,30,95.502901
-28.638318,61,95.551311
-99.091576,109,95.635257
-30.480021,36,95.661263
-64.443371,59,95.705132
-2.954107,37,95.732917
-37.579329,57,95.773761
-756.031073,1000,96.486075
-42.935749,19,96.499076
-42.825854,58,96.537693
-28.710457,20,96.552207
0.160197,18,96.563247
-47.547044,61,96.604799
3.992188,49,96.645452
-96.201601,111,96.970284
-75.153968,65,97.022884
-7.41026,43,97.059815
-42.154973,51,97.103813
-6.262548,30,97.129005
-10.615213,14,97.139993
-40.824674,54,97.181151
-20.478337,24,97.201074
-33.458058,57,97.243973
-37.807202,25,97.263489
-766.035725,1000,97.998605
-12.926841,45,98.030252
-27.991256,16,98.042224
-19.900662,23,98.058716
-26.813706,21,98.079184
-71.270877,106,98.175679
-57.344686,55,98.222939
-29.197578,49,98.259617
5.29535,35,98.286968
-14.778823,16,98.300653
-34.837915,45,98.337035
-69.686347,42,98.372374
-53.046037,45,98.40966
-22.618143,16,98.421974
-9.536965,11,98.429562
0.804372,43,98.462271
-0.00577,9,98.469917
-46.785818,51,98.881957
0.883579,15,98.896378
-29.077612,60,98.95011
-24.715147,23,98.971228
1.937655,13,98.983373
-39.538867,39,99.021607
-20.658517,69,99.095721
-16.128213,13,99.109097
-39.768413,35,99.143145
-60.463944,58,99.197206
-33.22995,59,99.252054
5.345319,15,99.265526
-10.985682,26,99.289602
-3.685471,14,99.303004
-15.690168,28,99.327603
-51.16267,132,99.446177
-19.537562,27,99.470716
-93.633799,83,99.542658
-95.207133,109,99.6381
-31.769615,22,99.657357
-15.327173,29,99.680249
-4.663915,23,99.700027
-65.74073,42,99.734807
-10.040062,75,99.793712
-17.562248,40,99.825648
-2.332123,22,99.842569
-26.10735,22,99.859849
-26.345708,32,99.886382
-1.670294,19,99.900847
-449.399503,624,101.475948
-110.476741,63,101.527745
-4.823168,28,101.546427
-91.66545,97,101.613891
-33.247024,30,101.636658
-12.117395,21,101.651842
-27.594811,75,102.035678
-66.201109,93,102.116138
-34.36607,32,102.143572
-4.500289,12,102.153596
-6.001869,32,102.183796
-2.044345,19,102.205728
-30.173617,24,102.22777
5.434939,18,102.245055
-154.352775,115,102.349009
-37.10936,25,102.371972
3.939015,15,102.385664
-8.165928,23,102.406364
-38.146001,68,102.465607
-10.419688,10,102.474144
-39.738515,68,102.531274
-19.546069,20,102.54845
-18.64136,23,102.568306
-155.734287,145,102.694422
-8.727389,35,102.725816
-21.530266,50,102.767333
-13.713871,20,102.785702
-108.701436,61,102.837975
-30.103054,23,102.857537
-19.553904,24,102.877738
-20.682784,30,102.902844
-34.399494,67,102.957369
-82.574208,73,103.018437
8.110504,21,103.03525
-33.841661,29,103.058484
-18.140368,12,103.069579
-12.437053,20,103.086616
-20.01515,33,103.112852
-7.606501,28,103.13606
-10.999889,25,103.155914
-12.228272,17,103.16944
-8.332676,26,103.190711
-743.882252,1000,104.540507
-4.71824,14,104.554303
-1.869082,25,104.576887
-47.492004,49,104.62388
-3.895341,35,104.65453
-24.562105,27,104.678488
-32.03825,19,104.69539
-6.670722,9,104.704844
-740.260706,1000,105.608436
-44.734944,70,105.668004
-35.554336,33,105.695112
-91.397279,88,105.770766
-50.957398,48,105.810866
-40.824954,36,105.839761
-6.786485,27,105.861503
-28.6889,46,105.899669
-11.365266,17,105.912616
-14.425427,13,105.923833
-37.208196,32,105.95122
-77.660951,41,105.986394
-18.825573,37,106.017363
-37.424319,33,106.043178
-54.338582,59,106.508762
4.721016,55,106.568642
7.455983,37,106.605362
-23.054333,42,106.647822
-41.139995,51,106.701493
-13.164779,29,106.729843
-10.80735,32,106.762035
-13.492812,15,106.777509
-71.480722,54,106.829504
-23.862533,11,106.840547
-5.070839,29,106.869516
-328.199479,406,107.253967
-58.737665,60,107.308088
-22.723221,38,107.342005
-26.111422,19,107.359573
-18.590729,61,107.417327
-10.116326,37,107.450737
-17.038432,17,107.467466
-5.990479,15,107.480921
-22.098333,19,107.49791
-60.100636,33,107.534084
-33.727179,45,107.574989
-30.355819,34,107.604831
-44.528145,36,107.63641
-6.766492,24,107.657043
-75.430227,83,107.72815
-48.528235,63,107.783572
-54.240938,37,107.81513
-1.681729,77,107.878989
12.646234,80,107.945235
-5.388309,13,107.95629
-19.079971,14,107.968546
-52.819544,93,108.045366
-8.552681,41,108.078353
-29.716013,69,108.135947
-15.663882,13,108.145687
26.072687,47,108.18283
-50.146728,39,108.213014
-11.170922,42,108.24642
-27.520916,66,108.297443
-20.731889,18,108.312284
-90.26108,86,108.805217
-50.244887,38,108.844282
-724.416447,1000,109.878671
-77.731365,69,109.940867
-2.648226,18,109.956508
-9.663173,26,109.978
-829.356634,1000,111.299787
-37.327865,42,111.338314
-25.538243,17,111.35465
9.115431,23,111.374494
-7.845681,20,111.391958
-14.278853,20,111.409921
-21.93892,18,111.425956
-39.495816,88,111.505842
-30.667623,22,111.526122
-24.580234,21,111.545425
-9.653672,12,111.556959
-48.51482,73,111.626738
-145.161863,122,111.738179
-5.974448,39,111.774701
-23.462392,53,111.824863
-20.170517,48,111.870837
-18.174837,87,111.949927
-19.942334,38,111.988536
-36.793935,61,112.04851
-824.288901,1000,113.561702
-37.403019,59,113.62235
-33.245187,25,114.047338
-28.03847,20,114.066656
-20.275558,90,114.160949
14.531049,16,114.177142
-19.209464,32,114.208323
-318.465356,483,114.691785
-39.92269,34,114.722591
-13.942097,26,114.746287
-118.666968,117,114.856595
-27.559278,20,114.87537
35.712756,63,114.929339
-29.399296,20,114.946281
-26.320039,31,114.972783
-18.177437,20,114.990752
-13.030111,24,115.01123
-85.927589,97,115.095086
-21.134944,43,115.129689
-26.089433,23,115.149927
-65.82306,63,115.20095
-127.154744,109,115.290427
-53.532102,66,115.338688
-14.783181,22,115.35521
-11.54801,12,115.36401
-0.474795,26,115.384828
-26.97286,32,115.408745
-28.828073,23,115.425651
-57.154288,61,115.470276
-19.760932,21,115.485864
-6.363831,15,115.496494
-9.477726,12,115.505352
-10.016907,27,115.526175
-9.070699,18,115.539612
-43.416209,52,115.575288
-4.311203,28,115.594988
-64.18581,53,115.63101
-43.971652,46,115.664347
-58.295168,49,115.700696
-24.890319,24,115.716893
-39.275321,27,115.735462
-13.204467,14,115.744663
-80.566958,106,116.102441
-10.958353,9,116.109297
3.276998,43,116.149088
-1.849181,25,116.177501
-92.29999,91,116.268588
-48.050161,90,116.344045
-18.977597,26,116.366473
7.355828,32,116.392344
-95.615933,99,116.472098
-7.028206,17,116.486613
-32.87521,35,116.514807
-10.322182,29,116.538497
-8.802244,33,116.566374
-28.058904,26,116.587787
-740.866556,1000,117.335778
-19.0389,21,117.351096
-18.645154,41,117.378317
-26.840541,20,117.392202
-15.971749,54,117.431167
-51.046633,61,117.471562
-26.583906,74,117.522666
-16.951421,12,117.530059
1.904685,32,117.552255
-140.93888,103,117.620811
10.221125,10,117.626988
-33.74003,32,117.98204
-33.441847,51,118.026384
-3.616455,17,118.042134
-108.352521,66,118.094955
-11.296751,13,118.107821
-21.106025,73,118.177567
-6.644075,45,118.218131
-25.369899,21,118.236663
-17.245177,50,118.281701
-25.219989,35,118.311404
-6.146712,23,118.330889
-4.533945,28,118.355593
-32.688291,48,118.396411
-23.545087,25,118.417818
-18.486243,28,118.440734
-24.667284,58,118.487524
-15.716746,48,118.526819
-14.993655,17,118.540838
-25.014101,24,118.558744
4.456896,49,118.598199
-9.415506,18,118.612148
-31.689083,32,118.637866
-95.892287,110,118.742098
-3.53533,19,118.758945
-35.781013,56,118.807559
-5.898465,11,118.817645
-18.225546,48,118.855577
-156.587689,131,118.959333
-2.487021,13,118.987421
-2.262471,9,118.996853
15.621194,71,119.049397
-27.161643,75,119.103593
-0.346706,29,119.125821
-21.282404,105,119.203844
-17.38771,37,119.230593
-6.975286,37,119.26001
-31.214735,30,119.284685
2.885519,57,119.324863
-708.072383,1000,120.380935
-17.534858,31,120.40546
-49.08552,35,120.433119
-12.849475,15,120.443837
-94.766832,148,120.55534
-16.986185,28,120.57667
-795.754061,1000,121.265048
-9.384179,14,121.274412
-64.614075,95,121.336338
-22.19219,16,121.345736
-690.358666,1000,122.328035
-21.418658,17,122.341506
-20.120759,23,122.359066
-15.880285,19,122.372795
-1.654154,11,122.380107
-35.69768,60,122.422597
-24.964725,41,122.451122
-36.355441,26,122.469165
-26.989949,24,122.485403
-58.277748,42,122.513898
0.360247,25,122.535132
-110.154507,63,122.833987
-8.005977,43,122.862804
-28.878748,36,122.888246
-24.043345,20,122.90204
-10.760819,17,122.911988
-62.955807,86,122.968277
-11.050361,10,122.974245
-20.331819,16,122.985715
-21.188369,18,122.996654
-18.379827,26,123.013406
-8.148994,12,123.021499
-35.138188,40,123.046394
-6.409604,13,123.055386
18.086418,56,123.089441
-20.307818,24,123.105158
-55.933176,58,123.143
-15.233954,16,123.153656
-38.320908,43,123.181582
-16.710612,48,123.212403
-35.437093,37,123.237528
7.096312,24,123.252656
6.186817,17,123.26252
-26.647595,53,123.295774
-78.777604,60,123.335859
-9.619501,13,123.343625
16.065349,24,123.603975
-18.249414,29,123.625913
-12.627371,85,123.695669
-5.124284,11,123.705522
-32.583792,32,123.733452
-11.588717,21,123.752756
-48.419699,39,123.786375
-62.78371,65,123.854702
-13.52272,76,123.927397
-15.186615,15,123.939758
-32.52249,40,123.973925
-6.025472,29,123.996548
-71.265956,72,124.055952
-9.686477,13,124.066226
-5.092195,10,124.073771
-15.005926,33,124.09842
-10.874553,12,124.10862
-31.52953,43,124.141861
14.183537,30,124.165613
-27.804288,22,124.182847
-34.843097,57,124.227643
-34.767895,84,124.289208
-5.114399,10,124.296239
-10.859529,13,124.30671
-18.462681,18,124.320256
-29.04849,54,124.358484
-23.110369,40,124.387384
-66.776199,39,124.414685
-18.364815,29,124.436648
5.610286,42,124.467217
-31.52067,52,124.503905
-58.662832,48,124.53773
-12.370464,23,124.554381
-38.33074,21,124.570294
-22.24612,49,124.604618
-2.83708,30,124.624422
-15.827639,21,124.638616
-54.335759,28,124.657065
-9.183298,14,124.667275
-5.912453,29,124.687096
-12.074755,20,124.701215
6.195932,20,124.713297
-51.525709,34,124.738716
-75.584897,71,124.786996
-9.77845,15,124.796258
-9.491483,9,124.803681
-0.869566,15,124.81254
-6.990529,19,124.82577
-3.660605,17,124.837645
-23.167173,33,124.85944
-48.270667,60,124.900649
-13.152786,12,124.908178
-30.951775,25,124.924592
-11.423229,12,124.933547
-10.9748,18,124.944785
-4.995851,20,124.958476
-9.267092,10,124.965805
-34.940572,34,124.987567
-22.103875,41,125.015921
-48.773241,47,125.04654
-5.448956,11,125.054504
-10.023874,41,125.079978
-32.537118,31,125.10007
-7.166601,16,125.109572
-16.95434,33,125.383324
-24.454238,28,125.405632
-64.927096,38,125.437125
-8.874291,36,125.465689
-69.39214,74,125.525203
-50.526383,53,125.569667
-21.486573,49,125.60534
-88.530037,74,125.662937
-39.123079,27,125.68511
-3.878596,17,125.697116
-11.667455,16,125.709658
-27.554177,49,125.749212
-63.277554,67,125.803005
-24.986648,117,125.890208
1.82024,18,125.903641
4.433262,55,125.945865
-55.758534,71,126.001138
-11.770687,12,126.009048
-28.122617,24,126.026677
2.150708,10,126.034818
-17.908055,19,126.048098
-41.358692,64,126.093744
-29.9475,27,126.112969
-57.464276,46,126.146022
-20.910755,36,126.171636
3.125997,11,126.178892
-17.518215,24,126.19565
-66.194344,40,126.224445
-10.418114,41,126.25302
-6.963488,14,126.262497
-5.08077,13,126.27253
-14.277103,28,126.291675
-45.140091,56,126.329772
-13.711389,16,126.342244
-739.287033,1000,127.296946
-21.79306,35,127.32466
-39.673742,36,127.351632
-26.737349,70,127.407042
-806.436946,1000,128.131872
-36.440487,43,128.159252
-49.399297,92,128.22026
-5.604608,8,128.224909
-18.132047,47,128.254384
-19.036594,19,128.266977
-0.448088,27,128.285908
-15.435821,13,128.293482
-2.495437,17,128.305269
-23.578865,61,128.345255
-27.287502,46,128.375151
-23.164092,27,128.393145
-13.50702,34,128.413663
-18.401818,16,128.424048
-45.590444,113,128.495251
-676.094453,1000,129.520756
-21.209989,55,129.560846
-689.717645,1000,130.248628
5.733139,17,130.26031
-28.077562,37,130.28531
-14.333142,18,130.296418
-35.335803,91,130.632592
-13.858554,19,130.64659
-18.043948,12,130.657304
-12.550689,18,130.672515
-19.720601,17,130.686948
-22.608456,21,130.708811
-33.619179,165,130.840878
-10.75611,27,130.861658
-41.272711,27,130.884917
-10.948271,9,130.891334
-52.623593,61,130.937814
-5.861296,35,130.967401
-30.836687,38,130.996284
-8.215722,15,131.008348
-28.049263,70,131.060018
-14.837232,19,131.074804
-50.863217,44,131.108748
-20.492192,14,131.120292
-12.747349,16,131.1316
-58.686657,50,131.169536
-14.831072,27,131.189085
-6.595722,13,131.198007
-12.201844,14,131.208391
5.465951,17,131.220866
-14.140994,30,131.242048
-10.797252,13,131.251588
-12.016919,11,131.258644
-14.020772,12,131.267897
-22.029859,23,131.284759
-60.850924,134,131.656328
-31.300702,95,131.719097
8.185701,16,131.728763
-5.739969,24,131.744404
-36.500058,49,131.777464
-8.713451,18,131.790059
-21.532383,57,131.82688
-7.488016,22,131.841148
-19.108561,26,131.857946
-5.621498,36,131.882444
-19.721997,13,131.891093
-682.681715,1000,132.860723
-6.638001,18,132.875916
5.526609,33,132.902292
-67.802316,80,132.968323
-55.885825,59,133.010424
-16.746978,14,133.021076
-12.337773,19,133.035384
-30.618332,25,133.05328
-32.684146,48,133.089316
-7.836729,13,133.099082
-14.139904,93,133.167315
9.567866,48,133.201459
-90.154654,45,133.233209
-41.285629,50,133.269153
-38.047437,25,133.2867
-21.217316,16,133.297562
-18.365873,21,133.312518
-16.402581,40,133.343437
-30.308043,29,133.364055
-14.454373,35,133.389218
10.370187,16,133.401376
-46.102485,62,133.446229
-11.922111,38,133.474025
-33.894271,18,133.487328
-9.735138,22,133.503644
-54.938547,43,133.534683
-22.604552,31,133.555902
-57.029058,43,133.587045
-37.09418,26,133.605876
-15.056275,12,133.613696
-66.671523,111,133.69348
-29.426015,23,133.710283
-48.411637,78,133.765033
11.689205,41,133.793272
-22.138267,15,133.804651
-18.824213,56,133.842831
-18.423435,42,133.872659
-32.463746,33,133.894031
-116.684558,103,133.963413
-29.345764,65,134.007833
-4.034559,26,134.02508
-9.893226,13,134.034859
-1.314996,27,134.05544
-14.222266,12,134.065831
-8.165998,14,134.075343
-11.503303,40,134.380949
-75.835318,73,134.442203
-20.350626,18,134.459568
-6.762428,29,134.485169
-26.206484,42,134.521194
2.946682,19,134.538333
-67.651623,84,134.608628
-22.435801,35,134.637258
-75.294462,57,134.684327
-9.180729,41,134.717936
-668.34146,1000,135.454979
9.727457,19,135.468454
-19.055851,54,135.504389
-25.463084,29,135.524883
-20.004745,31,135.545277
-66.704193,45,135.575534
21.846744,30,135.595601
-58.13227,92,135.657255
-35.548871,33,135.679973
-13.108008,22,135.6939
-30.234439,57,135.732416
-25.842329,78,135.78325
-34.1969,46,135.811978
-9.5326,42,135.840251
-2.119118,26,135.856328
-52.04297,75,136.16357
-18.500726,13,136.175047
-65.552068,49,136.213162
-25.346463,33,136.239952
-36.104796,42,136.273355
-28.482383,39,136.304878
-10.663539,21,136.321591
-13.4302,9,136.328469
-20.760843,31,136.353279
-61.411773,98,136.4325
-6.427064,20,136.447049
-18.84483,43,136.479773
-7.430783,102,136.558325
-37.157315,26,136.57745
-16.907691,14,136.588767
-41.322798,35,136.614202
-34.047417,23,136.633151
-7.455114,17,136.644904
-44.077965,48,136.679745
-7.541942,36,136.705545
-28.673232,35,136.730845
-35.274796,57,136.771892
-0.065737,14,136.781218
-15.098432,13,136.790841
-702.968614,1000,137.469513
-35.732889,63,137.510117
-34.01228,53,137.543626
-33.858446,41,137.570755
-5.653526,56,137.861346
-11.607802,13,137.872508
-1.649195,10,137.879383
-7.822232,11,137.889329
-40.320107,36,137.919474
-21.980385,32,137.945893
-25.602806,82,138.018879
-24.538894,32,138.044353
-9.305477,24,138.063865
-11.247587,17,138.076075
-9.994375,13,138.087416
-1.825864,8,138.093262
-44.414701,38,138.123236
-58.418262,58,138.170031
-19.720654,16,138.181709
-15.745013,15,138.19266
1.614628,32,138.218943
-43.554898,29,138.240763
-8.968345,27,138.261061
10.933996,43,138.293276
-33.252516,50,138.329911
-45.498958,51,138.369566
-43.145487,37,138.398749
-35.123487,19,138.412765
-38.426158,49,138.451047
-44.102436,78,138.507601
-12.009241,11,138.516273
-4.599641,18,138.528462
-92.294059,81,138.588106
-13.418811,18,138.600556
-18.74098,22,138.616243
-67.787792,58,138.657443
-19.178445,30,138.678308
-53.686383,60,138.720275
-36.883062,75,138.771638
14.152344,41,138.798617
-4.863338,19,138.81088
-87.441589,80,138.862673
-45.909567,64,138.906236
-125.967927,204,139.046122
-54.837909,43,139.0736
-1.511296,25,139.089976
-139.458248,140,139.190911
-9.379189,22,139.208765
-74.743057,84,139.26924
-33.831079,34,139.291313
-99.334343,76,139.34285
-3.930668,11,139.601675
-232.422479,347,139.90028
-35.390771,38,139.929322
-1.048936,11,139.938736
-12.765639,55,139.982722
-10.495228,119,140.07393
-21.375883,39,140.103767
-18.619,135,140.479097
-14.878698,31,140.504332
6.54006,28,140.524545
-4.433694,20,140.538756
-17.119973,15,140.549782
9.599219,34,140.572652
-16.212182,48,140.604806
-37.047797,27,140.62343
11.645548,24,140.639685
-76.186866,88,140.696847
4.980988,31,140.718842
-25.778465,65,140.761606
-36.460975,33,140.784943
-33.62118,40,140.810951
-17.756985,55,140.847782
-78.56353,79,140.901846
-13.14625,41,140.928385
-22.355152,16,140.939239
-22.343635,16,140.950055
-78.6919,73,140.997183
-23.819187,41,141.024929
-30.346407,47,141.056518
-65.608645,70,141.1019
-17.103215,12,141.109033
19.665553,25,141.12534
-90.624093,123,141.205638
-59.184127,45,141.234279
-36.450443,47,141.263367
-19.018773,58,141.302862
-37.672778,100,141.609185
-10.837617,27,141.629416
-11.624827,15,141.641363
-34.760032,35,141.6692
-1.733338,30,141.6918
-110.577062,75,141.748245
-49.312172,62,141.799048
-8.432137,18,141.812255
-152.125062,147,141.924767
-14.105432,17,141.938779
-4.905623,14,141.950247
-7.308041,7,141.955255
0.46431,16,141.96747
-5.484784,22,141.985966
-48.80694,48,142.021413
2.134936,22,142.037173
-61.345882,43,142.068655
-15.196753,73,142.121145
-26.183311,28,142.140826
-21.629066,39,142.169561
-7.802094,34,142.194173
-42.09825,26,142.212549
-25.50291,31,142.236319
-2.83912,99,142.304296
-10.849312,15,142.313926
-3.072298,24,142.332027
-17.693444,57,142.371897
-1.911793,13,142.380038
-2.155795,14,142.390482
-2.156343,13,142.400302
-5.561993,50,142.4342
-16.880259,23,142.449964
-28.144044,33,142.471903
-6.234908,9,142.477957
-9.114899,23,142.493701
-34.040175,41,142.52202
-42.611863,104,142.592088
5.27445,26,142.60958
-20.711548,52,142.64381
-78.422897,160,142.751939
-42.177907,80,142.804109
9.757123,28,142.822415
-15.828793,35,142.845462
-29.831593,45,142.874592
-54.625509,54,142.90958
10.951408,27,142.926961
-19.800868,14,142.936973
-26.785891,40,142.962026
-7.254,12,142.970883
-84.630224,66,143.01365
-67.338292,79,143.322971
-38.255988,73,143.379701
-8.639622,43,143.413646
-96.327202,67,143.467897
-34.567912,23,143.487036
-17.186664,18,143.500898
-31.194165,39,143.528996
-18.424949,44,143.562383
-2.630812,11,143.572028
-20.777266,30,143.59453
-27.31405,29,143.617551
-12.238527,14,143.627361
9.207062,60,143.674113
-5.606517,12,143.683187
-11.020391,11,143.691016
-82.279074,70,143.740074
-9.771598,11,143.747807
-65.7787,43,143.779644
-20.311094,37,143.806536
-13.446972,20,143.820636
-6.85974,12,143.828424
-1.222567,10,143.836531
-18.708111,42,143.865331
-29.993568,68,143.911014
-6.616189,13,143.921047
-10.224589,30,143.94197
-11.935247,42,143.971727
-21.167541,46,144.004156
-20.116058,31,144.025535
-37.358248,30,144.046231
-33.59753,43,144.076527
6.605971,29,144.096021
-19.966808,12,144.105631
-44.456589,31,144.126001
-41.875435,60,144.167345
-12.820994,19,144.179001
-571.104479,1000,145.301364
21.780764,25,145.32459
-7.774944,11,145.335482
-7.321781,12,145.345012
-64.503629,60,145.39338
-2.504672,19,145.409266
-27.578609,54,145.455408
-28.652395,47,145.494815
-7.791398,13,145.506277
-30.683977,22,145.524159
-76.014096,81,145.591137
-22.916443,46,145.629054
-11.206919,90,145.704264
37.326679,93,145.775926
-23.62639,31,145.801055
-18.444145,24,145.819316
15.456769,19,145.833836
-36.42876,69,145.886269
-45.076413,40,145.91706
2.234594,36,145.944451
2.649869,28,145.965806
-9.766103,19,145.978991
-87.586106,123,146.072464
-14.289142,13,146.082546
-1.155221,15,146.092986
-47.368481,61,146.145581
-10.45453,17,146.158748
-5.685949,18,146.172166
-12.51566,25,146.190033
-11.596261,64,146.23524
-7.606431,21,146.250058
-24.728984,24,146.267436
-30.565943,31,146.289138
-2.806589,16,146.30116
27.532961,55,146.339469
-27.92076,17,146.35236
-15.11957,18,146.364214
-23.268207,21,146.37871
-9.662916,16,146.39046
-5.799115,19,146.405996
-18.58126,26,146.425081
-14.801154,19,146.439538
-9.921014,75,146.493326
-9.61841,57,146.534115
-0.987122,13,146.542635
-11.631137,30,146.563969
-26.524167,23,146.581185
13.368151,61,146.624374
-25.845798,25,146.641273
33.54611,39,146.66786
-7.775845,38,146.693135
-37.221642,59,146.994609
-18.570436,28,147.019193
-7.262509,16,147.031483
2.693141,42,147.068987
-7.597723,16,147.081433
-10.534675,17,147.095941
-4.017093,26,147.120164
-18.361011,23,147.138994
-82.61555,58,147.189939
-17.199776,30,147.213063
-56.142385,104,147.301359
-3.423259,28,147.323703
10.668926,33,147.349364
-25.299774,13,147.3591
-8.127306,11,147.368941
-53.527002,64,147.418483
-16.489379,19,147.433971
7.747041,78,147.492806
-4.617344,16,147.505129
-15.910114,13,147.515049
-30.243064,40,147.54521
10.043914,35,147.573224
-20.68174,20,147.587509
-654.47268,1000,148.293072
-45.698531,52,148.327549
-17.312062,15,148.338911
-22.357572,34,148.36105
-691.721693,1000,149.573402
-21.026149,22,149.591239
1.226214,14,149.602533
-5.218136,26,149.622036
-130.893737,143,149.727654
-16.778627,68,149.775838
-15.082648,20,149.791261
-4.961048,20,149.806035
-107.797229,176,149.930411
0.977626,53,149.969507
-1.988761,70,150.018416
-25.662134,31,150.040023
-26.975471,17,150.052819
-18.247189,43,150.082213
-2.229993,34,150.105807
-7.777419,17,150.117912
-65.816919,185,150.241777
-77.772864,83,150.302007
-36.778411,33,150.324688
-12.269765,13,150.334685
-6.253843,14,150.343998
-13.022647,38,150.371398
-2.309966,13,150.379953
-10.025258,22,150.395178
-25.216119,24,150.411837
-14.605473,13,150.421843
-16.65272,29,150.441372
-21.634904,14,150.451238
-34.25959,58,150.848725
-3.857443,11,150.857754
-76.237172,67,150.914027
-29.81108,39,150.950864
-59.095841,85,151.029401
-33.00944,50,151.080913
-13.875212,17,151.098801
-51.316873,95,151.195629
-29.59764,27,151.223576
-40.782442,45,151.267553
-62.675282,71,151.336934
20.912064,36,151.371993
-19.913324,14,151.385226
-17.874314,23,151.406944
-13.980226,25,151.432648
-11.429782,8,151.440154
-20.261894,33,151.472797
3.81394,45,151.516538
-2.631116,19,151.534023
-25.655577,31,151.561506
-3.600938,35,151.592973
-89.587809,116,151.69391
-26.644044,28,151.718412
-34.446551,34,151.745277
-26.842073,15,151.758722
2.218538,24,151.778197
13.434644,20,151.79514
-11.332544,40,151.829426
-11.389641,29,151.854481
-9.362335,14,151.865604
-12.29782,32,151.891958
9.672194,76,151.955832
-17.514099,33,151.982658
-52.377256,50,152.023203
-7.283842,15,152.035598
-8.340303,53,152.076985
4.457254,23,152.09517
-39.86913,68,152.147938
-29.429924,97,152.222791
-11.290653,72,152.27773
-43.170776,80,152.33826
-15.27218,15,152.350586
-29.95699,16,152.362319
-5.246785,19,152.376678
-21.557323,70,152.428593
-21.161703,28,152.447716
-3.557437,16,152.460013
3.378392,16,152.471495
4.487123,33,152.49483
-6.625977,19,152.510231
-8.809185,41,152.541548
-28.760554,44,152.573398
-45.365706,42,152.978633
-47.751215,69,153.044132
-68.409783,62,153.10098
-64.584038,67,153.16245
-11.156951,21,153.181019
-25.394852,27,153.206028
-14.692904,19,153.222761
-8.248544,28,153.246696
-15.529732,12,153.258214
-18.471455,79,153.334107
-10.762188,18,153.349868
-19.505428,34,153.379167
-40.214875,36,153.407974
-60.618388,88,153.484787
-8.025621,29,153.509093
-4.416789,34,153.538219
0.803303,26,153.560076
-17.677367,44,153.598745
-40.138865,49,153.64162
-19.311545,25,153.663031
10.842198,21,153.680359
22.202337,92,153.757515
-2.598403,25,153.777579
-17.217996,17,153.791773
-33.203677,75,153.854601
-86.905648,93,153.931233
2.927086,46,153.96939
-87.384582,52,154.011184
-40.669092,22,154.028379
-35.657022,25,154.049258
-30.792592,31,154.074208
-17.526834,13,154.084591
-34.152712,84,154.151031
-7.435054,21,154.168491
-1.146355,17,154.181718
-0.589035,41,154.213185
-0.719303,39,154.244036
-0.848504,11,154.253296
-61.022197,57,154.297508
-21.802102,36,154.32599
-12.591121,9,154.33318
-7.412279,33,154.358359
-25.3268,101,154.435374
-490.893781,825,155.581718
-19.437575,22,155.602883
-18.402015,42,155.642196
-18.75101,13,155.654266
-15.867775,19,155.672378
-33.820999,61,155.727301
-4.153403,21,155.745762
-80.117004,57,155.801642
-3.865082,26,155.824314
-54.822776,61,155.878265
-16.613391,18,155.894132
-17.995712,17,155.909563
-8.014593,16,155.924013
-23.068878,33,155.954481
-5.703226,30,155.982104
-18.179792,28,156.006484
-120.421764,79,156.073999
-0.728328,18,156.08889
-53.996692,32,156.115979
21.453823,45,156.154214
39.007515,37,156.18554
-38.011795,47,156.224916
-11.698153,34,156.252219
-11.360727,45,156.29047
-10.792164,17,156.305839
11.526927,30,156.330132
-10.809758,62,156.380282
-4.621739,22,156.397703
45.44984,70,156.452935
-17.032695,25,156.472436
-10.004485,37,156.501743
-23.732144,12,156.511275
-20.635813,16,156.524037
-23.706321,23,156.542727
-35.053848,37,156.571938
-32.058166,36,156.60245
-106.276345,59,156.649986
-23.331984,77,156.707031
-100.095037,87,156.773309
-32.944079,49,156.810108
-36.718755,52,157.247247
-24.901747,43,157.297738
-61.074705,87,157.374457
-18.15837,34,157.403868
-20.644857,36,157.434378
-9.418626,65,157.491524
-2.338179,16,157.505649
-28.494798,25,157.527477
-50.295597,49,157.569978
-20.201886,23,157.59007
-78.466664,88,157.664269
-12.055599,14,157.676889
-34.120045,32,157.704554
-33.966792,35,157.735631
-0.654934,45,157.771584
-10.277261,12,157.781028
-36.165738,42,157.816078
-598.596449,1000,158.581607
-76.73827,90,158.646717
-106.014914,66,158.693117
-649.540955,1000,160.045431
-22.990262,50,160.085877
-10.815657,17,160.099324
-12.317978,46,160.136624
-19.411936,37,160.165733
-76.602573,96,160.24252
-11.421497,26,160.262524
-15.083823,42,160.294732
36.15393,53,160.334017
-15.869425,58,160.376268
-19.392016,47,160.411097
-12.223315,17,160.425255
-13.112475,12,160.436001
-1.178076,23,160.453558
-21.564974,45,160.486547
-47.367504,66,160.533478
-8.092007,25,160.551733
-26.905236,24,160.568236
-419.935024,612,161.289632
-49.767851,75,161.366807
9.605395,20,161.384736
-6.292022,15,161.398756
-5.194932,12,161.409108
-222.281102,169,161.553225
-12.592246,42,161.589031
-2.564027,21,161.607031
-29.248621,31,161.634336
0.651804,14,161.645063
-13.207177,12,161.655788
-18.338176,28,161.676925
-3.783255,29,161.701553
-19.582602,41,161.734401
-52.949585,73,161.791371
-19.79804,26,161.810657
8.142205,38,161.839701
-14.76661,14,161.850845
6.239998,35,161.876806
-41.443479,37,161.90562
-3.82519,13,161.915022
24.98451,72,161.969347
5.290793,20,161.984295
27.195787,35,162.008658
-4.598629,16,162.020976
4.639791,15,162.030455
-12.473455,22,162.048907
2.224426,27,162.068236
35.725931,130,162.159575
-55.659837,129,162.247101
-29.552202,31,162.268946
-15.650059,32,162.290111
-17.630186,19,162.302839
-8.360619,64,162.34479
-25.870025,58,162.384703
-17.274513,14,162.393658
-15.629267,41,162.420999
-6.387646,24,162.435815
-27.432533,31,162.455822
17.752584,33,162.475971
-35.612656,26,162.492133
-3.666379,40,162.518322
4.893484,14,162.526667
-19.520325,38,162.551387
-16.071079,19,162.562595
-72.457493,61,162.602765
-10.82794,14,162.611063
29.603904,32,162.631613
-9.410656,22,162.645462
11.397388,32,162.666847
3.363971,51,162.697348
-42.810476,76,162.745294
-23.314004,41,162.770944
-18.767099,27,163.058063
-208.49571,329,163.319628
-14.350791,20,163.335594
-26.740606,62,163.382108
-35.857494,40,163.414222
-11.844984,11,163.42295
-12.113593,25,163.441695
-13.577811,13,163.452387
-13.379206,11,163.46027
-9.931144,15,163.470902
-78.727732,79,163.526872
-34.638702,47,163.562159
-8.053323,16,163.57494
-10.285619,33,163.598543
-33.830004,46,163.632646
-8.769598,26,163.65147
-8.180186,12,163.659406
-25.680932,15,163.670315
-9.575161,19,163.683481
-11.032737,25,163.700966
-69.992318,53,163.737488
-16.209824,31,163.758743
-50.936885,65,163.803807
-13.497633,45,163.834249
-64.370769,80,163.889338
-3.920545,24,163.906762
-37.05781,65,163.947801
19.518957,40,163.974887
-35.974178,45,164.004493
-4.825467,16,164.014
11.861849,56,164.052472
21.011552,21,164.066197
-5.506055,36,164.089023
-21.856815,34,164.110743
-25.398134,26,164.128193
-5.725508,36,164.153173
-607.438978,1000,165.163524
-9.222217,13,165.174828
-2.902538,9,165.181038
-4.494184,22,165.196633
-15.309662,68,165.248144
7.904871,11,165.256608
-57.80305,55,165.29651
-8.833114,52,165.335677
-38.884725,49,165.371236
-14.270041,12,165.379447
-59.776987,57,165.420218
-3.064904,106,165.495316
2.847465,18,165.507961
-0.698083,22,165.523707
-44.837228,69,165.569306
-0.110919,16,165.579316
-26.007435,15,165.589546
-48.863594,73,165.637208
-31.389063,113,165.71161
2.216221,23,165.727118
-24.546172,28,165.745883
6.448741,14,165.75585
12.717309,76,165.805622
-14.89796,28,165.82434
-0.842506,14,165.834159
-12.699578,22,165.847773
-15.631993,15,165.857297
-15.096522,16,165.867987
-37.893879,64,165.909087
9.35241,34,165.933257
-42.000895,26,165.950336
-22.962996,61,165.989785
0.541488,29,166.008195
-10.343121,19,166.020527
-20.839933,54,166.05583
-17.86671,25,166.071918
-19.436909,28,166.089342
3.04268,36,166.112621
11.694713,29,166.133195
-27.503015,32,166.154009
-17.836941,14,166.162124
-72.550247,86,166.219082
-268.862358,417,166.771169
-12.703647,15,166.783388
3.531782,11,166.791598
-16.23182,24,166.809879
-4.303236,18,166.824368
-15.760692,17,166.836468
-27.997655,63,166.884305
0.052803,16,166.895613
-21.648408,40,166.926148
-41.568102,36,166.951956
-6.004408,26,166.970863
-29.79192,19,166.984978
-11.026301,14,166.994446
7.927213,31,167.016967
-25.475271,28,167.037285
-54.029266,116,167.121806
-13.380548,22,167.13853
-49.095484,105,167.220846
-2.556828,25,167.238903
-26.92699,28,167.257246
-15.589457,20,167.272211
-59.804047,81,167.328112
14.614621,20,167.342956
-3.1002,68,167.389727
-4.354836,13,167.398536
-10.103916,21,167.412413
3.003123,22,167.428856
-11.534816,17,167.441476
-5.107449,36,167.466682
-25.280053,17,167.478001
-19.017666,12,167.48752
18.462607,38,167.513982
-10.509729,17,167.525571
-36.78211,69,167.573141
-16.865091,16,167.584165
-574.553157,1000,168.702509
-33.723524,58,168.745434
-580.559464,933,169.406688
2.674823,18,169.41927
-5.370508,32,169.440227
-3.131734,17,169.451809
-22.130566,22,169.466798
-2.218534,49,169.498765
7.193055,56,169.536236
-19.612992,26,169.553596
-29.733129,50,169.586375
-25.753401,18,169.596849
-37.147695,41,169.624583
-11.952959,39,169.650537
-109.212206,86,169.705295
-15.692172,22,169.719658
-65.230047,82,169.771914
-18.59259,24,170.075665
-234.26945,430,170.439003
-78.500298,72,170.495774
-43.527907,28,170.519606
6.972686,17,170.531857
-12.160111,32,170.556638
1.173427,17,170.569647
-42.108928,98,170.643412
5.239431,48,170.678026
-22.009681,76,170.733922
-12.796078,55,170.773639
-20.476243,44,170.805786
29.55824,64,170.850374
-37.349729,97,170.920025
-21.479249,42,170.948373
-46.502832,88,171.007804
42.264031,92,171.06911
-21.529165,66,171.111651
-10.166409,34,171.13494
4.877586,12,171.14224
-7.077145,17,171.154054
-25.266632,45,171.184608
-54.401775,44,171.212534
-33.86108,52,171.247301
-43.23889,55,171.284795
-8.444326,17,171.295312
0.177536,24,171.310999
-32.239876,16,171.322252
-11.344379,29,171.340962
6.130424,24,171.355454
-5.658527,19,171.368255
7.626032,33,171.390123
-1.172669,23,171.406519
-14.91756,14,171.415747
-31.53211,43,171.443576
-33.550476,79,171.496043
-9.235834,29,171.514848
-1.359972,68,171.55664
-52.377152,49,171.827401
-8.046277,26,171.850715
-3.063979,19,171.863509
-27.124587,21,171.879378
-12.249769,31,171.904742
-398.915217,818,172.51254
-16.719731,33,172.53413
-6.435461,14,172.543121
-74.636828,105,172.616
-12.596767,13,172.624119
-4.682514,42,172.652826
-26.102787,37,172.677022
-1.011525,88,172.735869
-9.416774,15,172.745295
-9.745832,16,172.757539
-28.601302,56,172.792352
11.321446,25,172.808573
7.985357,18,172.819818
-23.478755,52,172.851824
-457.335784,853,173.809733
-10.778298,14,173.821644
-3.61191,15,173.833638
-0.547784,25,173.853871
1.376443,36,173.883
-34.220406,49,173.921985
-7.161338,38,173.952051
-25.302536,39,173.980639
-677.494908,1000,174.710855
-9.836281,14,174.720117
-32.318143,35,174.742781
10.866108,39,174.768649
-4.646267,48,174.800112
-8.582172,22,174.814186
-11.217978,22,174.829292
-15.954108,93,174.892132
-44.821368,32,174.912838
2.013844,10,174.919914
2.632132,11,174.926729
-49.279559,60,174.965477
-18.454355,52,174.999799
-13.407996,24,175.019514
-10.200004,14,175.030369
55.54559,116,175.392369
-65.987541,82,175.462579
-4.445531,17,175.477113
-31.68239,53,175.522908
-2.590004,17,175.539243
5.272832,25,175.560179
-13.876251,30,175.585404
-7.00263,17,175.599471
3.64231,18,175.614452
12.2883,28,175.640989
-5.671668,28,175.663855
25.080014,48,175.702876
-19.683455,23,175.720806
-73.221514,42,175.754241
-7.133961,32,175.779022
-43.162347,80,175.842478
-2.922738,12,175.852265
8.985178,26,175.87187
-21.267569,40,175.902357
-13.550586,24,175.921162
-10.750679,15,175.933671
-2.637782,11,175.94151
-31.088527,33,175.966254
-28.689969,32,175.990989
-21.537364,24,176.008825
1.006364,14,176.020485
-38.553614,73,176.074563
-8.369136,21,176.089886
-11.907552,32,176.112524
-2.358034,16,176.124558
8.234016,20,176.139285
-8.135246,40,176.168911
-51.365241,67,176.215286
-25.954589,37,176.241138
-17.583409,22,176.256387
-39.099642,33,176.27996
-7.622862,76,176.33333
-15.995603,64,176.376575
-4.604535,82,176.436021
-15.64586,19,176.448403
-16.06732,80,176.500086
-20.759075,27,176.518536
1.59267,25,176.534238
-8.836855,26,176.551799
-48.388777,37,176.576393
-424.057338,739,177.99533
-37.658335,31,178.01948
-22.682771,55,178.059681
-15.84974,53,178.100511
-29.469301,127,178.195812
-0.374199,11,178.204174
-6.772814,24,178.221182
-15.060362,50,178.256859
-104.204387,97,178.324698
-45.48046,65,178.371547
1.976485,21,178.386823
-6.206903,12,178.394767
-19.042715,23,178.41169
-25.552788,28,178.432751
-4.302386,18,178.444409
-568.088305,1000,179.109386
5.421023,16,179.120973
-6.601874,22,179.135812
-17.003801,42,179.162651
0.098477,45,179.192322
-21.502392,22,179.463347
-119.180147,106,179.545657
-16.481574,25,179.566613
-29.111582,33,179.593531
-20.536213,69,179.651098
-20.093549,23,179.66835
-17.541065,42,179.698925
-54.668709,62,179.747217
7.764487,37,179.778297
-28.151094,23,179.796282
2.843888,15,179.808143
-21.620367,37,179.836794
-4.507174,18,179.850429
-18.077266,40,179.879825
1.191313,55,179.922902
-47.487303,87,179.9888
-8.428065,14,179.999175
-11.880985,48,180.036413
-18.1714,44,180.068437
-30.236043,45,180.101587
-0.164652,39,180.136631
-28.07392,38,180.169236
-22.833553,40,180.205667
-28.816491,34,180.229373
-16.046078,14,180.238927
-3.170925,26,180.257263
-11.686579,22,180.273302
-13.589645,14,180.283612
-21.808764,58,180.326089
-10.773668,16,180.338624
23.04493,28,180.358776
-8.793164,35,180.384346
2.327074,13,180.392606
-44.939483,49,180.428162
-18.91846,59,180.470921
-9.260559,9,180.476758
-42.140039,31,180.498655
-8.174015,15,180.508805
24.812779,23,180.525016
-27.924622,26,180.543102
-17.496558,27,180.560326
-40.921763,37,180.58601
-14.98688,13,180.594351
-157.327375,366,180.844259
-4.07258,16,180.85538
-5.485756,14,180.865203
-7.633313,10,180.871847
9.271657,30,180.891224
-53.474572,75,180.942801
-42.113936,64,181.226174
-23.101031,30,181.252345
-5.932459,47,181.289622
3.166613,18,181.304113
-42.281748,34,181.334875
-6.981523,19,181.350219
-2.819149,46,181.38831
-51.390666,72,181.444733
-2.66903,22,181.462382
-7.671962,21,181.478955
-117.447931,62,181.527322
-25.52849,46,181.562084
-18.875794,19,181.576374
4.065612,14,181.588255
4.046188,16,181.601247
-7.222197,19,181.615171
-13.694277,55,181.655563
-18.386254,17,181.669003
-18.900865,23,181.68652
-8.032589,14,181.695913
-10.973425,12,181.706159
14.756279,17,181.719373
0.463599,12,181.727433
-4.818022,11,181.73626
16.630693,42,181.766483
-35.221941,48,181.802322
-621.054107,1000,182.482062
21.469503,32,182.504131
-52.324544,72,182.550064
0.054892,22,182.56304
-14.269627,14,182.572777
-23.29286,20,182.586241
-47.462488,38,182.61061
-10.887618,30,182.629978
7.386873,30,182.646854
-14.173054,16,182.656366
-11.242046,12,182.892202
-7.928323,21,182.908555
-23.930458,22,182.926021
-48.109303,80,182.989262
-39.651287,29,183.012802
-17.359383,20,183.028914
-0.387797,34,183.056592
-9.363486,22,183.074204
5.305292,20,183.09049
3.241996,57,183.133766
-189.598644,422,183.457415
-11.097446,41,183.484379
-31.652502,42,183.51464
-31.020108,43,183.546374
3.04798,49,183.582955
11.594127,51,183.617771
-69.009964,64,183.662108
-26.061913,40,183.690359
-9.409568,21,183.705433
-3.769625,13,183.713535
-0.806688,9,183.72026
-40.370175,43,183.748313
18.932472,48,183.780712
-19.164838,16,183.792692
-7.089379,29,183.811889
0.411552,19,183.825316
4.438644,43,183.854989
-16.167918,24,183.871284
-8.152986,9,183.876767
8.450558,27,183.893769
-0.12443,26,183.910373
-24.228427,40,183.936832
2.054444,32,183.957152
-31.42165,90,184.016173
-40.946569,42,184.043317
-14.52222,24,184.059649
-7.730847,13,184.068536
16.756331,52,184.101287
-27.420165,23,184.115743
-10.807745,12,184.123634
13.213592,71,184.169401
-13.998812,15,184.17816
-28.460328,27,184.195892
-21.372384,29,184.214889
5.095377,47,184.243834
-8.477074,20,184.256996
-10.844986,28,184.274852
-7.441152,15,184.285196
-22.505668,29,184.303332
-6.556138,27,184.320798
-22.222701,16,184.329986
-42.740651,64,184.611352
-7.216575,15,184.623517
-17.512074,50,184.661335
-2.005019,42,184.694138
-12.935839,17,184.707856
12.383479,43,184.741193
-37.213748,29,184.7631
0.086689,61,184.808479
-23.407808,76,184.869197
-29.641446,34,184.893668
21.23908,44,184.927288
-31.276018,31,184.95232
-16.085408,31,184.974349
28.491001,37,185.002981
-19.506439,44,185.037021
0.430836,23,185.055401
-3.660755,18,185.068589
-12.963907,47,185.103328
9.212591,34,185.126766
-3.860179,40,185.155025
-11.121256,30,185.176777
6.812825,77,185.234952
46.934126,70,185.293483
-12.864775,28,185.316887
-7.283256,25,185.336617
-9.122737,19,185.350709
-23.559449,18,185.36296
-65.313819,51,185.398014
-13.10041,56,185.438146
-42.429861,42,185.467941
-18.891724,38,185.4937
0.384986,20,185.508216
-19.172012,29,185.529118
-7.403745,12,185.538826
-14.811196,51,185.574351
-24.1713,20,185.588132
-0.96461,22,185.603219
-14.016551,15,185.612936
-42.797792,64,185.65975
-4.411177,59,185.698964
34.958771,44,185.729342
-5.334922,78,186.013899
-32.697925,31,186.038781
-9.703883,19,186.052886
-31.548617,72,186.097196
-3.560671,19,186.10948
-7.222802,17,186.120547
-12.422363,15,186.129715
-13.728358,21,186.143316
-4.963946,16,186.154255
-13.783958,30,186.174159
-12.017235,34,186.195733
-1.840808,32,186.21762
1.91857,14,186.226002
2.571406,68,186.271691
-12.125894,12,186.278805
-7.860692,22,186.53039
-4.453924,12,186.540607
-548.158755,1000,187.313125
-9.92114,19,187.326888
-73.935809,62,187.370033
-11.93584,46,187.401489
-20.536271,29,187.420323
-43.381723,57,187.458175
-6.518185,24,187.473659
-3.196033,30,187.492927
-30.059919,70,187.537238
-13.99092,48,187.568958
6.55229,30,187.588406
-15.589304,18,187.600322
-3.355998,11,187.607553
9.5065,26,187.624237
-17.16308,30,187.643858
-15.575234,23,187.658749
-8.880249,25,187.674944
-17.452807,68,187.72576
-15.533857,49,187.755271
-39.593932,31,187.773642
2.10391,80,187.824845
0.468072,56,187.860631
-28.288668,28,187.879106
0.444529,52,187.911846
-7.486293,51,187.944881
0.59319,24,187.963603
19.840895,64,188.246494
-7.064986,20,188.262964
-26.861272,31,188.291133
-30.866247,24,188.309309
-7.467465,11,188.318688
-62.812626,50,188.356672
-15.743658,19,188.371827
-1.161054,18,188.386436
-2.788586,16,188.398127
-28.489342,46,188.434674
-516.793784,1000,189.159228
-28.153564,27,189.177244
-1.743059,38,189.20283
1.694385,28,189.221162
-31.778325,40,189.246874
-16.145228,59,189.285992
-1.2046,33,189.307138
-0.351491,27,189.327733
-2.361494,22,189.34179
-3.406287,18,189.35367
-0.503116,11,189.36016
-13.254686,24,189.375719
23.100718,39,189.401183
-5.719994,14,189.409454
-27.455681,19,189.422426
-522.67009,1000,190.391135
-31.750918,19,190.407982
-18.42717,34,190.440009
-24.607695,52,190.476835
2.314146,24,190.493049
-13.134098,13,190.503423
-31.61224,30,190.525135
-37.054283,20,190.539773
-18.418676,25,190.558969
-21.355513,55,190.599665
-8.675382,20,190.613645
-46.262571,53,190.6535
-25.893428,22,190.669673
5.431099,19,190.684092
6.163266,22,190.699386
-34.063795,52,190.736551
-9.479434,63,190.782079
-5.108386,9,190.788736
-303.82862,593,191.202625
-23.713547,58,191.240172
14.850335,14,191.250353
-9.907356,16,191.2601
4.993467,34,191.285743
-109.408895,121,191.361803
-3.025535,22,191.375969
-33.099335,17,191.387029
-0.182412,17,191.397015
-16.989017,36,191.660192
-23.748502,55,191.711041
-19.580213,40,191.741867
-105.52269,102,191.838333
-54.047781,35,191.866771
-3.009486,16,191.878824
-48.889767,103,191.961222
-2.850284,14,191.973031
-16.571853,13,191.984059
-24.016249,25,192.003161
-3.146884,15,192.014731
-13.230008,18,192.029273
-3.481979,15,192.041672
-5.160133,88,192.112564
10.286792,17,192.126028
-18.869627,36,192.154923
3.001111,31,192.177654
7.712151,29,192.200188
-18.557985,26,192.220854
-14.487546,39,192.251148
-70.531479,77,192.309149
20.026055,25,192.327961
-36.575374,38,192.356952
11.88309,35,192.38359
9.273153,32,192.406904
-13.445285,19,192.421028
-65.244375,37,192.446922
-23.777244,22,192.463464
-12.888754,14,192.474413
-33.124198,62,192.518548
-43.771271,55,192.555492
-18.441017,22,192.570053
-38.245108,34,192.591768
-43.339413,70,192.639217
-4.819531,25,192.656336
-15.607047,32,192.676988
-19.053994,35,192.701086
-64.640441,95,192.762594
10.710022,23,192.777917
3.274456,23,192.793741
3.896876,26,192.811021
-8.091674,20,192.824854
2.099649,16,192.835955
1.462594,57,192.873199
-33.394852,22,192.888068
-532.760566,1000,193.960624
0.424602,31,193.986329
-8.773954,17,193.998628
-6.026667,18,194.011487
-1.069079,20,194.026405
-5.161115,13,194.03674
-47.997669,64,194.084959
-9.670897,24,194.102278
-13.217125,13,194.110968
-509.761056,1000,194.879366
-35.925785,60,194.919674
2.638972,20,194.931792
-6.987478,39,194.957223
-90.562775,86,195.012238
-14.890273,9,195.019439
6.170372,24,195.034979
-34.352113,28,195.278747
-14.814906,60,195.325814
10.416847,11,195.33605
-537.07722,1000,196.138232
-2.997839,24,196.155348
-52.935647,52,196.189614
-56.393681,56,196.22823
-29.21526,22,196.244105
-20.501947,19,196.257407
1.103552,21,196.271974
8.942898,43,196.3008
-18.141335,24,196.316918
-10.087474,43,196.344896
-91.971448,146,196.44385
2.002265,61,196.486718
13.615705,17,196.497397
-3.993253,29,196.517498
7.01284,15,196.526416
-47.426298,54,196.561716
-40.570558,54,196.597947
6.206701,54,196.634413
-3.789831,12,196.641576
-1.309559,14,196.651779
35.295201,94,196.712569
-17.427269,12,196.721614
-9.1298,14,196.729855
-51.865175,67,196.775354
-5.888719,44,197.098853
-89.52672,250,197.315581
-8.965509,21,197.332125
10.94344,24,197.352446
-7.464853,29,197.375819
-2.868621,10,197.384677
-24.458179,86,197.453096
-16.469747,24,197.471192
0.881166,37,197.500368
-7.297203,36,197.527105
2.836459,22,197.544307
31.076222,46,197.579488
-9.667667,17,197.59248
-4.47128,29,197.616422
3.654973,32,197.64072
-24.324007,31,197.663426
0.138195,45,197.69523
-34.313935,34,197.721632
-48.620802,42,197.752765
6.40907,11,197.760039
-10.472565,15,197.771442
-28.395783,39,197.800211
5.170007,30,197.821919
6.996301,10,197.828719
-5.705981,16,197.840401
-3.0906,11,197.848183
10.706827,23,197.864842
-5.653879,15,197.876543
21.952946,47,197.909597
-19.405924,23,197.925494
-22.543528,22,197.941247
24.018689,29,197.960812
8.859957,31,197.981602
-32.303061,41,198.009793
2.442291,22,198.024193
12.628704,45,198.054738
0.753179,15,198.063913
-11.156829,27,198.083724
1.290011,14,198.092701
5.504,18,198.105107
-13.332831,38,198.130184
-28.812039,57,198.169106
-5.808679,29,198.188993
18.479447,51,198.2232
-36.691695,39,198.248343
8.432167,36,198.273012
-9.933112,14,198.281966
-46.742163,38,198.3071
6.400648,26,198.324151
6.071679,21,198.338569
-6.960445,15,198.347787
35.046229,42,198.374408
-28.897903,55,198.41098
1.580012,17,198.423361
-9.215329,16,198.433871
-11.220633,36,198.455924
-4.875183,15,198.466418
-46.299264,103,198.530263
-8.351755,37,198.554296
-70.193977,62,198.833393
12.306595,33,198.859824
-14.881011,25,198.878876
-43.203995,59,198.925872
-17.064831,19,198.941176
-1.774923,30,198.964791
-4.732582,13,198.97432
-10.658417,37,199.003492
49.777727,36,199.029413
-8.278848,19,199.044065
-20.866583,22,199.06184
-2.759,38,199.092131
-21.874962,29,199.113587
-0.093242,31,199.1391
-28.827749,38,199.168212
-16.667915,21,199.183592
-12.639901,50,199.221455
-6.044831,23,199.239141
-23.180925,31,199.262068
10.326483,24,199.280054
-15.94696,21,199.294557
-601.974796,1000,199.976511
-26.386605,42,200.004291
8.934637,29,200.021631
-19.867075,59,200.058512
-21.152024,51,200.089354
14.163871,26,200.104733
-4.584153,26,200.120565
-523.950193,1000,201.146286
-3.237638,40,201.17421
-158.853273,342,201.414934
-25.546878,28,201.434384
-13.181873,14,201.442762
-6.929438,22,201.457838
-40.778726,73,201.507608
-553.12721,1000,202.456712
-8.290769,24,202.476523
-19.312853,18,202.490625
15.333654,32,202.516506
-37.916203,109,202.602563
-11.88604,12,202.610891
2.19961,19,202.625852
-10.832835,33,202.651589
-14.754713,27,202.671866
-29.890725,42,202.701883
-32.028434,55,202.741041
-15.193556,61,202.786678
-11.389966,29,202.806825
-40.204203,32,202.829535
0.210777,15,202.841255
-21.327217,80,202.897312
-37.69575,45,202.929461
1.91978,17,202.942199
2.023416,10,202.953867
-37.180942,39,202.979598
-5.67412,40,203.007658
-0.664239,26,203.025133
-46.656017,65,203.168655
-12.409359,12,203.176327
-0.995386,13,203.185926
-4.95911,19,203.197336
-6.545045,16,203.209167
16.371768,29,203.228347
-1.414821,33,203.249529
-4.096696,22,203.263044
6.095089,45,203.292275
-16.580129,30,203.311357
-14.399607,66,203.35412
-11.361132,71,203.398053
-13.628097,21,203.411214
2.491968,13,203.420269
-14.958946,21,203.433506
-22.886316,27,203.451758
-13.327781,32,203.474656
3.685513,19,203.487679
-4.825571,50,203.520798
-4.606768,20,203.533907
-526.005226,1000,204.488502
-377.798268,1000,205.174752
9.508383,54,205.207748
-26.144954,39,205.231967
-4.269195,11,205.239194
-24.120393,21,205.252539
-9.01615,42,205.277649
-11.189357,15,205.287483
-22.866349,27,205.304634
7.447775,45,205.332827
1.916073,16,205.342356
-124.307523,382,205.905348
19.888429,32,205.9303
-18.566581,24,205.94939
-14.985037,14,205.959469
-26.358754,22,205.977967
-51.66588,58,206.026241
0.334936,37,206.054706
-0.839158,23,206.071683
-42.277711,69,206.123249
2.807233,38,206.151824
38.105734,27,206.171255
-31.77449,60,206.214344
34.08312,27,206.235075
-21.271998,56,206.273249
-8.27437,29,206.292927
-0.073766,26,206.312072
15.660091,37,206.339787
-8.561959,37,206.365772
-8.988048,16,206.376773
-10.84789,35,206.401599
24.31077,28,206.420491
-22.961003,38,206.446074
-6.754529,76,206.500164
16.482438,26,206.51826
-9.432662,27,206.535752
-11.325361,31,206.555931
-115.251549,323,206.776414
-13.638445,23,206.791722
-5.901804,18,206.804843
-10.256117,11,206.811465
-9.270552,14,206.821735
-89.042025,78,206.872961
-8.215963,15,206.883132
2.666546,15,206.892026
-22.307556,15,206.902707
-40.539222,29,206.921038
5.397125,59,206.958011
-44.179074,86,207.01283
1.504918,19,207.026238
-6.875327,71,207.077198
56.81367,63,207.117534
-19.32721,18,207.128094
-58.648507,50,207.42225
-9.569411,36,207.447751
-14.20081,27,207.468541
10.558765,21,207.48536
-1.237563,37,207.518292
-25.936787,23,207.534972
-5.109522,39,207.56271
-39.542697,52,207.605372
6.252006,25,207.624673
-30.493761,36,207.652338
0.318546,39,207.683966
4.201023,52,207.723835
-15.034678,23,207.742059
-20.42852,25,207.761484
2.980459,44,207.796401
-3.132306,35,207.824402
-21.975604,34,207.850634
-52.599916,70,207.903369
-16.713249,12,207.911616
-4.495301,12,207.921327
1.06885,36,207.947351
-33.627282,86,208.012233
9.304358,29,208.034799
-8.457009,14,208.044198
-0.894622,13,208.054038
-3.499933,43,208.085043
-25.382298,42,208.114047
-36.021959,71,208.163705
2.254303,77,208.218774
-5.790606,20,208.233912
-22.622018,27,208.252589
6.668063,30,208.273532
20.724301,44,208.303002
-12.606993,10,208.309096
-30.167017,30,208.328712
-9.544995,13,208.338069
-60.475895,83,208.393903
-4.438856,14,208.404014
-0.856418,75,208.455148
-9.288583,27,208.472557
7.630102,46,208.504804
-28.188132,34,208.527679
0.403975,15,208.53854
-29.094258,20,208.551984
6.763875,9,208.557572
7.295528,30,208.584409
-4.366406,15,208.593444
16.354064,16,208.603091
-8.91528,56,208.637619
-64.526126,77,208.686808
-4.467307,35,208.708541
6.933639,44,208.737261
-454.039793,1000,209.719791
-48.694011,55,209.758556
37.369226,35,209.789347
-46.033321,56,209.827628
-12.954185,16,209.838895
-2.845536,27,209.857179
-11.833765,13,209.865949
20.553907,43,209.894264
1.257168,13,209.904619
-2.546396,31,209.925553
-30.619637,40,209.95286
-13.564186,62,209.994023
-23.103701,29,210.012685
-9.543306,11,210.020982
-16.419094,25,210.036897
-2.212341,53,210.071406
-14.951877,20,210.08429
4.968251,20,210.096145
-1.124696,81,210.147547
-26.764194,123,210.226995
-11.576101,26,210.243955
-20.795896,58,210.28068
-7.635533,46,210.309563
-13.936644,18,210.321879
-1.337923,69,210.366382
-21.74731,36,210.388596
-13.077794,22,210.402871
-9.853035,15,210.411436
9.291333,94,210.470798
-6.980863,38,210.494303
-21.707039,30,210.512586
-16.001242,50,210.543874
-19.717751,37,210.798576
-10.749605,81,210.873335
0.980207,27,210.905974
-2.024878,21,210.929444
-10.476454,30,210.955118
1.155791,17,210.96916
-3.730709,16,210.981079
-9.063784,30,211.003635
-8.107343,13,211.012795
51.045328,151,211.13279
7.859948,114,211.219559
-4.964381,12,211.2277
-56.336149,74,211.287049
6.585541,16,211.297817
-19.032596,34,211.322599
28.619827,63,211.369426
-26.664478,40,211.396467
-388.121226,1000,212.187968
16.848807,25,212.204465
-94.945032,54,212.238382
0.18516,16,212.248128
-15.511396,25,212.263446
-9.214448,28,212.281181
0.648335,30,212.301984
-5.58056,18,212.312581
5.302973,32,212.334337
-20.946691,128,212.658876
4.435612,9,212.666318
-14.082976,32,212.691303
1.686056,8,212.69693
-13.398216,24,212.717981
16.584891,22,212.735317
25.439825,38,212.764762
-15.056572,27,212.7876
-24.307896,26,212.809088
3.124829,37,212.836849
-10.529407,20,212.852863
-7.948844,19,212.867814
-7.998721,12,212.876139
-19.026608,30,212.898135
27.120399,78,212.959405
1.049475,29,212.980954
0.442386,23,212.999382
-58.053913,85,213.063326
10.724704,24,213.082647
-14.454663,11,213.090554
-17.975969,43,213.121919
-20.062919,59,213.164815
3.354607,10,213.172777
-7.197237,42,213.204198
13.730822,48,213.237261
0.344885,10,213.243709
-516.161321,1000,213.905937
13.211071,20,213.920022
-381.864735,1000,214.891234
6.074426,16,214.902661
-23.605603,35,214.926326
-6.995145,19,214.939688
-16.983024,18,214.952487
12.237877,41,214.978973
-34.169346,52,215.013953
15.707521,21,215.028177
-412.73743,1000,215.67728
13.057144,71,215.972539
17.98268,43,216.022626
14.83068,24,216.052405
-38.832997,38,216.085441
2.908621,20,216.104944
-9.934228,24,216.124571
1.339503,17,216.136964
-29.615578,31,216.159707
-2.625394,18,216.174852
0.010442,19,216.190552
-1.208354,88,216.260165
14.154311,57,216.304384
1.964231,12,216.313058
-8.251337,60,216.35774
-18.280784,46,216.392301
-5.023613,40,216.421401
1.341989,32,216.444447
-2.885945,22,216.460911
-6.666699,17,216.473952
-17.301761,120,216.562081
-7.079535,14,216.573374
-9.091977,21,216.588699
-377.1832,1000,217.259749
-15.033015,23,217.275039
-34.131408,74,217.321102
-12.52767,91,217.377433
-34.536249,44,217.404564
-7.424378,36,217.66072
-348.484545,1000,218.409347
-5.077764,15,218.419747
-39.476944,67,218.462717
4.859444,22,218.478384
-9.93524,20,218.49162
-2.268273,73,218.539832
-46.925718,86,218.597482
-0.01659,52,218.635593
-1.898536,21,218.648584
-8.620405,46,218.677992
-9.671612,16,218.689229
1.073152,13,218.696702
-9.095233,40,218.723344
-32.668016,68,218.767812
-341.656232,1000,219.712464
-15.128323,23,219.729905
-63.344972,39,219.758343
0.741722,13,219.768708
-20.57913,19,219.782328
21.787787,53,220.000264
-4.930536,10,220.007494
2.577352,12,220.016419
9.936874,60,220.058872
35.547701,31,220.078831
22.539808,32,220.100703
-75.143781,80,220.153848
-6.495762,19,220.166197
8.08337,51,220.200392
-39.333525,73,220.249102
-4.535872,22,220.262926
-40.802971,26,220.280693
-8.003037,84,220.336578
-3.577386,16,220.346186
-5.622345,24,220.362132
-5.905559,32,220.384481
-15.078696,20,220.396211
16.7946,44,220.423857
-6.845714,12,220.431001
1.779321,14,220.440441
-1.845988,13,220.448954
-9.689465,15,220.457979
9.583486,14,220.467721
-35.696176,53,220.501179
24.743789,39,220.525481
1.735112,37,220.550207
12.21801,28,220.568386
-5.131653,40,220.593316
-35.207767,64,220.634803
11.591286,24,220.649295
-16.264148,19,220.660963
11.349006,23,220.679895
-63.825768,80,220.729412
17.271088,14,220.738812
11.605626,49,220.769491
-17.314787,44,220.796247
2.180696,40,220.821918
-39.807726,57,220.856985
-11.373003,39,220.882588
23.623011,45,221.2033
8.1782,28,221.225067
71.197374,72,221.287892
30.206208,29,221.310689
0.588532,10,221.321112
122.342423,123,221.424024
2.412164,51,221.463628
-288.89543,1000,222.194308
29.502322,37,222.220293
-9.860389,56,222.256981
26.375199,27,222.274485
-0.728,11,222.280894
-67.009661,94,222.341096
-20.162319,30,222.361942
-7.144933,14,222.371785
2.485996,25,222.387053
5.818497,15,222.395734
-15.043361,20,222.408336
-0.685696,73,222.457067
29.751169,47,222.487459
4.06862,17,222.497387
-6.878604,142,222.586142
7.967455,16,222.595234
-25.787107,29,222.613366
-5.740951,30,222.634015
14.734653,49,222.893438
-45.501971,74,222.950852
28.050536,38,222.979554
-2.423052,28,223.000245
5.068906,44,223.033515
-48.137109,40,223.064449
-1.86532,38,223.094134
56.048357,40,223.124408
-0.800361,12,223.134448
12.112639,22,223.150892
-396.570087,1000,223.894464
-2.065468,27,223.913381
14.048294,12,223.921894
-12.076508,14,223.930447
12.340928,17,223.942519
-7.840056,25,223.959645
-14.119297,31,223.980385
-25.742647,43,224.009351
2.438561,39,224.035937
-12.051484,49,224.069552
12.780441,14,224.07805
-6.481601,21,224.09303
12.000875,25,224.109677
3.123836,12,224.118965
-11.097355,10,224.125609
-6.607592,25,224.142451
12.032727,39,224.168651
-36.063041,82,224.220933
-9.556861,36,224.243706
-36.904233,38,224.268714
-0.246176,16,224.277985
-15.685046,15,224.288663
-48.436836,57,224.325105
-8.334554,41,224.35156
-8.903605,16,224.595273
-10.745629,46,224.630151
22.056658,19,224.645089
-9.92588,47,224.682079
-43.918404,114,224.774388
38.25661,43,224.807472
3.667321,30,224.830016
9.032855,47,224.866691
52.449819,61,224.912079
2.624663,18,224.926265
20.901862,59,224.973108
14.095995,28,224.993975
-5.765172,11,225.002293
-319.888901,1000,225.692752
0.735816,42,225.720642
-52.31491,60,225.757746
-4.157661,20,225.76981
-44.508063,166,225.87308
2.535811,30,225.89149
-17.469679,33,225.911388
-4.741312,27,225.928446
-19.607613,22,225.942036
61.8662,119,226.016479
-54.683689,97,226.400786
-0.4612,31,226.425607
-42.09903,83,226.496387
38.672723,98,226.578404
10.004414,51,226.62242
16.997664,27,226.643604
15.295287,124,226.738462
-2.691361,12,226.746742
-13.91357,22,226.763422
9.214039,61,226.81142
-7.800742,17,226.825778
1.474288,24,226.844001
2.028604,58,226.88751
23.456596,45,226.920206
-0.533534,15,226.929914
10.283742,47,226.963477
-25.965839,20,226.977666
-24.815789,56,227.018752
-17.733005,28,227.037949
-20.562693,34,227.061234
5.61212,20,227.075748
-4.780943,17,227.088012
48.632908,110,227.162973
-26.329978,138,227.258458
-48.269276,207,227.39466
2.738067,18,227.406749
-405.167126,1000,228.511563
-0.950361,20,228.52675
9.161572,29,228.547092
29.069418,77,228.600475
-1.549394,17,228.611141
-15.597876,21,228.62674
-100.679643,139,228.722802
-44.836446,111,228.799563
-1.906505,15,228.809427
-8.504809,50,228.843529
-12.530274,32,228.864154
-11.196696,41,228.891997
-7.246978,15,228.902092
0.259799,28,228.920491
26.03212,29,228.93966
0.462987,23,228.955503
30.753493,42,228.983144
-49.476696,59,229.02023
-10.145093,25,229.036563
-8.846645,72,229.083245
0.444643,16,229.09268
28.267352,31,229.112114
4.857593,31,229.132847
-1.547814,10,229.139126
-4.353791,14,229.147349
-6.077968,15,229.157722
-22.924526,36,229.178706
-24.740783,51,229.210638
-11.274775,12,229.219135
10.7674,30,229.24494
-0.20429,14,229.253263
-7.100264,25,229.267862
-2.667583,32,229.286546
14.974868,46,229.31318
4.079035,36,229.335614
-25.440157,67,229.375418
-30.33522,77,229.424417
31.877059,28,229.442447
10.951802,43,229.469999
-9.452888,18,229.480352
-20.695726,42,229.507773
-0.964876,32,229.529468
-18.726688,20,229.542915
-3.509261,31,229.562434
-1.92403,12,229.570583
-323.217976,1000,230.536845
7.872099,26,230.554627
6.535713,94,230.62064
-8.877911,24,230.638186
21.366835,43,230.666218
-6.563857,62,230.707152
8.484005,18,230.719915
22.159653,24,230.735424
-15.892677,16,230.745158
-440.571465,1000,231.738591
18.003082,62,231.786916
3.284879,35,231.814028
-12.34783,29,231.838301
5.629542,47,231.874143
-10.019006,49,231.911431
13.475014,65,231.963041
-0.324957,16,231.975989
2.281932,17,231.988692
6.285927,28,232.009205
-6.202839,203,232.158476
-11.36356,89,232.222407
-5.972094,18,232.235575
4.772831,20,232.249299
-10.420152,100,232.318164
-4.129211,18,232.329525
15.260512,51,232.364342
-44.073477,100,232.431558
3.518351,27,232.448949
-68.959436,86,232.50524
-1.488977,21,232.519292
-3.549188,12,232.526498
-2.481139,44,232.555442
-21.806158,33,232.577939
-11.196167,16,232.589707
-12.299634,17,232.601456
23.863397,73,232.647414
-3.929853,42,232.67498
9.104519,57,232.71137
-1.554928,25,232.727203
0.31988,29,232.745652
1.121554,54,232.779284
-11.652847,27,232.796051
-25.036256,32,232.817613
-25.241363,38,232.840779
-18.217823,23,232.854985
32.935257,36,232.876485
1.714779,44,232.904166
15.570892,27,232.92104
-28.591223,43,232.947196
-3.620196,14,232.956511
-303.964273,1000,233.924597
3.28768,36,233.94852
-20.067782,192,234.076981
-3.496614,34,234.100883
-10.28026,56,234.137002
24.688789,38,234.160654
-8.37712,82,234.213624
12.199974,41,234.24071
-18.90268,27,234.258242
-15.86251,73,234.304834
-9.266305,19,234.317763
46.660122,68,234.360119
0.664924,14,234.370573
-0.365828,19,234.382162
-2.785994,97,234.442513
-0.033166,38,234.468294
-8.018395,22,234.480988
-16.127885,46,234.510748
25.284479,105,234.577273
-32.537385,94,234.863668
32.723644,60,234.91028
2.414032,47,234.945837
20.925094,86,235.012897
-3.946177,17,235.027094
17.464986,25,235.046897
7.002935,64,235.094413
-8.479284,16,235.10717
32.149328,35,235.134443
8.991524,25,235.153043
-1.697128,19,235.167231
-14.797716,106,235.244499
13.480468,71,235.296552
10.057111,132,235.392588
-75.881719,83,235.450391
-20.237199,25,235.468471
2.043764,36,235.493682
-6.69281,28,235.513463
50.801687,40,235.540651
-5.087119,27,235.558239
0.314156,12,235.566884
6.554797,102,235.635037
10.62559,18,235.645767
4.576229,25,235.662799
2.325026,14,235.673561
24.833828,38,235.697388
5.660121,20,235.710459
5.461042,20,235.724183
1.505678,33,235.745439
22.792215,44,235.775491
10.874529,36,235.802324
5.177397,29,235.8229
9.76892,15,235.833458
15.316377,63,235.874613
-17.856232,38,235.899753
34.378397,58,235.937685
-1.805586,24,235.952963
19.29746,27,235.97044
-278.624771,1000,237.141474
-9.159228,19,237.156912
-192.182728,1000,237.847164
-4.545399,31,237.866917
-5.475113,23,237.880764
3.040075,14,237.890912
-21.566554,114,237.964599
11.734081,13,237.973315
-29.929366,92,238.033934
11.527974,17,238.044603
60.903902,36,238.067462
-21.909131,62,238.106366
-66.815277,134,238.430042
-4.897502,16,238.443765
-1.449319,13,238.454621
87.80513,151,238.577748
11.838622,20,238.594109
7.71256,32,238.620653
-7.72928,14,238.630746
-3.47306,24,238.64863
6.588135,53,238.691405
-335.566413,1000,239.426947
3.470885,10,239.434774
-287.6813,1000,240.369037
4.930096,13,240.378781
30.018968,76,240.438218
3.898844,18,240.451556
4.85207,35,240.476295
-3.203139,10,240.485474
-2.838183,66,240.535264
8.975979,61,240.580089
-250.969229,1000,241.268762
-15.915668,58,241.304265
10.147528,13,241.311631
29.160767,48,241.341171
-6.507928,17,241.35279
-22.696905,42,241.378151
-27.421318,44,241.406272
2.367132,20,241.419306
-8.900446,82,241.471425
6.461586,27,241.488294
31.958468,36,241.509671
-7.79913,49,241.548018
-31.002926,37,241.85379
17.829362,27,241.875684
40.677191,55,241.919302
5.39638,17,241.931218
-19.659225,17,241.946362
-0.601045,52,241.990168
-0.578456,15,242.003206
-48.200135,81,242.068376
-25.768576,55,242.109806
-25.512757,90,242.180335
-16.908616,96,242.253661
12.017633,61,242.29946
5.868115,16,242.310734
-11.739532,13,242.321177
3.49157,23,242.33806
41.255882,52,242.37659
-32.542681,93,242.444618
-7.423226,40,242.473589
-2.249789,37,242.501327
10.06946,27,242.521055
67.73146,44,242.552469
-261.45642,1000,243.236344
10.734666,19,243.247615
-47.584897,108,243.574476
3.233279,10,243.584237
-18.793774,28,243.606698
2.155665,14,243.617822
2.534836,11,243.625617
-267.958448,1000,244.387903
9.279932,30,244.407873
-4.989097,12,244.416925
-10.39771,24,244.432596
18.542961,33,244.454836
0.282718,13,244.462748
56.129846,84,244.519508
-11.145401,87,244.579311
-9.077864,13,244.58868
23.341172,56,244.62466
11.593855,36,244.646049
2.175575,17,244.656483
-241.608208,1000,246.27567
6.647442,20,246.291107
-7.58096,11,246.299097
9.550447,39,246.327458
-3.227888,10,246.337191
0.237087,32,246.360923
-10.73002,60,246.404726
3.65625,20,246.419516
-10.488295,27,246.43876
-10.951782,60,246.479809
-5.518512,25,246.496361
4.166034,21,246.511126
19.121587,40,246.539036
-20.19789,61,246.582445
3.425669,12,246.5912
-2.12123,31,246.612754
-9.89575,13,246.623335
24.845208,20,246.637554
11.080778,46,246.671339
-1.642715,13,246.680718
42.369647,136,246.786791
33.162934,47,246.818442
2.705869,43,246.846844
15.92034,15,246.857245
-26.699991,87,246.917594
5.118716,23,246.934038
5.541211,25,246.951231
-256.372026,1000,247.959816
-10.85084,73,248.0229
6.059231,21,248.039776
30.805288,55,248.084703
-15.739895,21,248.100968
3.245956,18,248.114091
6.586977,69,248.17015
-6.322545,14,248.180206
30.965115,29,248.204507
-11.81571,18,248.21856
10.986096,43,248.253029
14.045875,20,248.268865
-2.490673,30,248.291785
8.839014,14,248.302753
-167.844764,1000,249.004257
34.441509,47,249.036703
-64.754523,66,249.080029
20.587131,46,249.110299
2.862006,7,249.114712
0.009434,18,249.127034
0.685564,13,249.137465
-4.152069,26,249.153973
0.05421,10,249.160058
2.765927,15,249.171489
6.150243,79,249.457608
5.570057,40,249.487518
-4.326021,17,249.500808
-192.743075,1000,250.262545
13.808926,29,250.283208
25.377057,131,250.371865
-19.964154,45,250.402984
-8.568202,27,250.420666
-0.371973,66,250.462653
-10.776218,94,250.524155
-15.123677,90,250.581924
-22.886421,68,250.625637
36.06033,74,250.673767
-15.526282,30,250.692557
-27.811104,83,250.745478
12.052613,25,250.761118
28.859718,38,250.78637
-4.439575,31,250.805692
-138.455939,842,251.666882
19.538968,60,251.70873
5.841724,15,251.720287
-41.445912,53,251.756799
4.122436,31,251.779459
29.586707,49,251.817421
4.387826,28,251.841392
-4.35387,49,251.885256
21.105767,21,251.899782
11.011844,66,251.945887
-10.830257,100,252.018546
10.831788,13,252.027918
-13.931098,29,252.05007
2.213128,46,252.084307
11.354447,19,252.096454
-25.438088,52,252.13588
-0.200569,25,252.152908
-10.166882,17,252.1635
14.377189,37,252.189582
37.386378,131,252.277495
-142.703327,1000,253.238808
2.340834,24,253.256483
-15.982468,53,253.296322
-3.051371,23,253.313616
25.076663,20,253.328525
-0.015496,21,253.344271
-103.434582,1000,254.050852
-3.162091,37,254.073391
-2.647461,64,254.275683
8.454398,17,254.288458
36.337468,55,254.323361
5.696442,18,254.335459
16.609235,30,254.354367
1.7137,15,254.362902
-7.737986,15,254.372607
13.762755,34,254.392642
-0.333359,61,254.42928
0.182711,25,254.445445
1.402151,74,254.724743
58.566081,83,254.790299
-4.264137,35,254.817608
11.617898,27,254.838647
17.634247,38,254.869324
-35.071252,56,254.913558
-21.477957,23,254.92993
-2.497882,13,254.94094
31.937885,40,254.971088
2.81605,13,254.980162
64.031166,82,255.043621
9.141284,55,255.085835
10.05207,33,255.109503
24.630025,110,255.191492
2.193741,44,255.223261
-103.816977,145,255.327765
-0.722582,23,255.344071
-7.918218,20,255.358869
18.928662,46,255.392444
-3.103324,12,255.403342
-42.454755,81,255.456599
66.594091,138,255.549912
1.107334,33,255.572222
-26.919521,32,255.592684
-33.391919,86,255.651309
12.591716,17,255.661521
-14.774879,31,255.680896
-12.616379,64,255.723198
18.685854,29,255.742344
0.912571,18,255.754037
12.487839,125,255.83394
-40.399113,81,255.885465
-3.064812,55,255.920413
-1.454425,18,255.930523
30.809966,32,255.951894
4.636825,19,255.962607
-57.573756,304,256.391249
1.244073,15,256.403884
-1.573594,17,256.416283
17.777121,71,256.472443
5.048405,40,256.503684
36.293873,23,256.522142
-22.215874,43,256.557392
35.646304,180,256.692462
-19.125705,76,256.749091
28.752158,65,256.796309
3.867016,17,256.808948
-4.465577,14,256.820095
16.372711,28,256.839334
4.726216,19,256.85334
-13.791957,34,256.877252
-30.851651,48,256.918599
15.484509,83,256.986325
-5.578415,59,257.032156
4.719139,19,257.045158
38.044846,70,257.093601
42.409982,51,257.133699
-117.645076,114,257.218517
-20.171331,152,257.325264
11.294023,17,257.337377
21.077981,58,257.375407
-9.765907,29,257.394653
21.020592,24,257.410974
18.293961,45,257.44134
-1.38094,20,257.455285
11.757238,25,257.47201
26.670553,64,257.512973
-0.291294,26,257.529776
0.872269,12,257.538646
19.534979,121,257.62144
1.44509,72,257.668765
12.619457,55,257.704739
4.045413,24,257.721388
13.521805,24,257.738081
1.685947,12,257.746074
-0.198483,14,257.755903
-5.284994,16,257.767426
46.281909,56,257.803572
7.324626,24,257.818839
-4.442096,28,257.83652
3.860139,18,258.081536
10.641881,20,258.096601
4.201169,14,258.108433
-12.484753,96,258.182219
19.077047,13,258.193031
-36.222594,176,258.3355
-9.474234,15,258.346135
-0.71504,32,258.370854
61.530601,81,258.431017
114.013747,171,258.55772
8.607402,12,258.566993
55.230246,85,258.629127
11.022225,29,258.651247
2.534455,59,258.692044
9.280103,31,258.713203
9.589516,24,258.730304
-15.032172,58,258.771631
-2.589549,15,258.781052
2.564995,93,258.844889
-15.992006,55,258.881912
-144.91715,1000,259.763628
-7.814242,29,259.787545
3.002875,18,259.801493
47.781314,40,259.831048
-21.730196,19,259.845722
1.38079,11,259.855725
-37.376553,41,259.887866
12.399337,33,259.912914
-3.906081,13,259.923987
8.644066,23,259.93997
1.723788,28,259.959769
22.869451,29,259.980614
17.221889,25,260.000613
5.151546,158,260.11649
48.318285,41,260.145664
2.111308,67,260.194633
-14.47318,28,260.21549
3.570935,74,260.267261
7.336954,13,260.275523
89.331887,63,260.317624
-8.051926,137,260.410704
-148.881679,1000,261.074889
61.650482,59,261.111642
3.122702,61,261.393536
37.654185,44,261.426777
23.218403,35,261.454435
-8.370416,20,261.469757
-7.911904,17,261.482424
-11.999887,25,261.501018
23.185898,31,261.524046
56.683417,44,261.559923
10.777454,27,261.585603
29.646489,91,261.653037
-9.283883,31,261.676231
14.761606,30,261.698356
22.301157,30,261.722497
28.615223,65,261.770594
-34.03555,46,261.805029
-94.355868,1000,263.170736
42.746578,62,263.208827
-86.593983,168,263.310874
47.708039,138,263.397549
6.976625,15,263.406894
-10.208077,20,263.420479
2.283868,17,263.430595
3.498916,62,263.468349
32.428839,102,263.762369
2.156834,33,263.788594
49.868188,75,263.845726
3.970342,12,263.855984
78.979948,84,263.925117
13.955779,35,263.950421
1.438992,23,263.967973
-224.408656,1000,264.677036
64.03475,112,264.748326
-45.613254,83,264.803012
5.415439,8,264.807762
-159.444525,1000,265.727355
-31.551082,78,265.785542
3.585203,13,265.794027
-16.378121,16,265.805753
6.566903,44,265.837563
-0.649605,63,265.884281
6.234541,9,265.890691
58.990166,79,265.942825
-122.636383,1000,266.616615
-31.140568,1000,267.632117
9.992758,31,267.654911
-12.52156,44,267.687466
-10.466041,28,267.706646
13.661448,45,267.741232
-2.54179,10,267.74771
-9.26438,27,267.770154
-37.265335,90,267.833807
-4.378462,58,267.873792
9.496218,32,267.895818
38.618118,124,267.981103
-0.463848,16,267.992359
-3.912338,31,268.013835
-9.325272,28,268.035128
24.295921,106,268.109819
27.731058,34,268.133617
-35.679599,107,268.206613
-122.206452,1000,269.200719
-3.452763,25,269.219638
-7.078868,29,269.241674
3.955753,35,269.269769
-4.405546,50,269.307562
-0.308448,29,269.328753
11.632083,108,269.407919
-2.898372,21,269.423685
14.875081,47,269.457892
-16.380501,43,269.488061
23.183545,45,269.519975
-12.796677,40,269.547255
-54.892609,1000,270.231017
1.884534,18,270.243239
79.594474,91,270.560362
28.793932,49,270.601019
-15.536112,32,270.626339
1.807624,50,270.668777
17.982883,26,270.690263
13.986863,66,270.744245
32.174111,107,270.834246
58.523089,85,270.902361
17.937742,70,270.957195
7.919755,89,271.022954
6.228588,52,271.06035
14.414775,28,271.081465
18.670715,67,271.130739
-116.684352,170,271.256794
-4.743146,19,271.271011
0.502909,20,271.285078
13.98462,25,271.302337
-68.839312,1000,272.19734
-3.269699,71,272.536514
10.882469,29,272.560099
2.454878,46,272.598028
49.675058,113,272.69305
24.633498,78,272.756417
39.080276,39,272.786959
31.615364,80,272.850936
0.356528,15,272.862339
9.919028,23,272.880813
-44.910887,130,272.980185
12.269236,24,273.000309
44.574143,70,273.05175
-66.585451,1000,273.743813
18.773776,19,273.756748
6.920479,46,273.787069
34.49195,55,273.82195
-15.200078,131,273.905849
21.01325,222,274.289943
19.257768,28,274.310893
22.924829,105,274.396899
40.801383,29,274.420757
-7.783618,18,274.434036
-0.814524,38,274.460735
49.955828,34,274.487183
2.648146,1000,275.198984
53.09566,51,275.229817
1.834925,14,275.239309
6.064146,19,275.251599
-42.368434,1000,276.188099
9.777016,57,276.231519
9.397388,34,276.258539
4.946007,181,276.394782
18.97171,32,276.419317
-1.663929,1000,277.112806
7.21214,1000,278.160628
-2.733146,16,278.175684
-43.528094,107,278.254015
-10.668729,32,278.27652
28.084016,32,278.299979
1.235392,23,278.316111
6.781869,1000,278.98688
23.3771,45,279.014178
10.656201,25,279.030757
16.618989,127,279.108118
-6.442075,72,279.393513
17.911939,45,279.429106
43.293393,41,279.461328
10.467824,26,279.481033
1.928307,15,279.493731
41.117839,108,279.576903
-11.980042,52,279.614276
1.560175,24,279.633446
9.112823,31,279.657791
22.873937,1000,282.063784
3.661665,28,282.080755
14.817446,35,282.102384
-1.154232,89,282.155627
15.223007,52,282.187763
18.147236,66,282.226683
-11.768665,50,282.256244
34.050289,1000,283.381095
22.539058,28,283.409527
11.652277,30,283.438419
-13.570879,168,283.576678
80.701837,86,283.658568
12.44074,116,283.755774
10.26809,62,283.810071
10.817767,50,283.855264
9.76891,39,283.888884
19.610091,39,283.918993
24.419425,49,283.95557
-2.823565,63,284.003497
52.608352,118,284.089485
28.014189,36,284.115816
60.552854,85,284.17618
14.474316,27,284.195406
17.203968,25,284.212304
43.682995,73,284.262603
-1.17338,26,284.281037
14.484589,35,284.306042
-38.963708,48,284.338979
20.966666,27,284.356965
13.560186,15,284.366722
18.086408,60,284.406749
44.656512,71,284.72545
32.472066,1000,285.624995
-1.746484,79,285.694628
-9.05111,57,285.743059
19.894185,80,285.82681
9.710041,27,285.86205
-40.709678,42,285.904407
4.528417,105,286.002965
41.560736,55,286.047312
20.059233,56,286.104131
36.126313,40,286.148343
47.624278,32,286.189498
-56.009618,126,286.324226
9.253039,296,286.617332
46.276766,52,287.027785
-3.578648,30,287.058811
7.936061,81,287.140001
0.214879,22,287.160585
8.177479,21,287.185318
-6.552474,61,287.25892
47.171018,68,287.327366
-25.25948,37,287.362591
-11.391274,1000,288.457786
84.326876,95,288.556489
7.369068,71,288.626429
5.35169,1000,290.052083
0.885364,27,290.080346
21.010266,31,290.109212
18.106931,106,290.214046
8.311235,28,290.243196
17.17453,50,290.307181
48.232962,1000,291.139988
9.849734,1000,292.247354
35.944782,65,292.304208
-5.335493,50,293.096799
25.238252,87,293.170241
105.910672,167,293.31273
60.289792,1000,294.228446
30.580019,48,294.608392
30.148393,63,294.682554
16.457331,45,294.750082
45.374672,1000,295.968838
24.571448,37,296.014271
52.378763,61,296.079279
28.218408,184,296.267971
51.805445,148,296.420717
22.055963,34,296.446572
13.399605,36,296.484773
37.589353,41,296.523617
-0.755543,26,296.547062
77.102847,1000,298.013624
-6.728668,19,298.041974
110.034353,1000,298.970964
136.608034,1000,300.163669
45.959135,53,300.205774
79.398534,97,300.275891
14.922691,123,300.368471
35.029385,97,300.441238
29.811833,106,300.515043
6.645209,47,300.547415
22.089642,89,300.609183
14.804239,30,300.629692
8.378625,16,300.642029
14.862114,41,300.670916
-21.575402,132,300.75944
4.596431,52,300.794077
-5.433122,42,300.822067
24.264001,86,300.877284
10.461654,16,300.888253
-8.258724,55,300.923737
68.488023,1000,301.937949
16.877585,104,302.01681
45.014083,84,302.077062
68.323849,90,302.143044
36.149315,47,302.17771
22.681024,41,302.207552
10.724716,24,302.225475
3.895708,16,302.238053
32.984484,45,302.270757
19.162752,113,302.346839
-3.73689,13,302.356876
-11.553522,122,302.441643
3.426004,47,302.473603
0.041554,14,302.483303
10.820287,22,302.497264
26.548412,29,302.519236
-29.684047,78,302.571014
5.972899,34,302.59426
17.881253,57,302.633995
127.215364,195,302.776672
-4.400789,26,302.793308
-34.162462,1000,305.635063
30.672634,91,305.69096
12.602815,19,305.703835
13.479158,34,305.724842
-1.357412,15,305.734483
11.048383,23,305.74868
-0.474779,145,305.840965
88.235064,154,305.939881
66.222402,74,306.004973
32.884381,62,306.044424
28.260555,101,306.106472
38.988009,21,306.119768
9.839731,40,306.144625
25.03608,83,306.197568
4.921883,84,306.250974
25.778145,28,306.268082
-31.994325,91,306.329666
3.226791,121,306.407885
4.973147,65,306.686655
49.698015,68,306.731562
27.592507,41,306.760165
-8.598713,74,306.812715
131.720437,1000,307.622415
101.718603,1000,308.643429
161.937264,1000,309.428592
44.544335,95,309.49557
10.77715,31,309.518337
44.621759,37,309.542392
5.130552,37,309.566314
3.048841,16,309.576577
-11.59862,33,309.597599
-26.593504,264,309.771608
43.398194,39,309.797144
33.889329,91,309.855792
31.374062,74,309.904624
40.68291,59,309.943351
6.098725,14,309.954057
44.445138,45,309.982869
67.154351,96,310.321661
3.795195,11,310.329369
82.391156,1000,311.10073
31.488516,131,311.189236
143.586627,1000,312.126929
99.273968,1000,312.891596
120.090781,1000,314.005022
190.871743,1000,316.235945
4.745176,20,316.247149
-6.32241,51,316.279524
37.570788,115,316.361713
19.82647,29,316.385316
2.584927,17,316.394681
52.975072,178,316.504156
-14.405143,158,316.603311
205.029114,1000,317.563464
24.089591,32,317.588382
-13.421036,59,317.63043
-15.615588,182,317.765105
59.094593,120,317.854359
34.891873,27,317.87255
13.321378,36,317.897101
209.969612,1000,318.618219
28.602547,72,318.941167
15.754446,148,319.059753
139.972056,1000,319.825081
59.537492,203,319.960102
-12.552988,356,320.194088
-8.667794,51,320.225968
32.132192,26,320.243585
52.83631,52,320.277842
10.728555,113,320.349087
18.955608,81,320.671484
32.920483,139,320.777836
15.92644,33,320.805012
173.681004,1000,321.556746
17.823601,17,321.568901
0.584367,69,321.613959
10.680599,16,321.625484
46.345631,70,321.674092
42.937452,85,321.727893
20.140917,52,321.761967
196.224956,1000,322.813789
24.634727,40,322.845874
1.628246,89,322.914557
18.587242,21,322.931827
3.926606,104,323.009393
13.075769,23,323.025598
207.098988,1000,323.787564
43.279118,35,323.810986
255.350488,1000,326.65707
26.265969,48,326.692079
12.074569,54,326.724819
24.057252,37,326.746857
5.251322,23,326.761353
20.988734,33,326.781029
18.873637,212,326.911623
0.292173,39,326.937892
81.547149,159,327.038261
25.402069,40,327.061618
-5.596396,175,327.17163
23.256747,60,327.208519
79.46583,94,327.265267
7.482981,23,327.278955
20.51082,28,327.295481
18.607487,75,327.342651
61.32993,144,327.428449
223.763673,1000,328.467764
59.866317,51,328.503621
73.422725,88,328.563626
-3.299979,56,328.60382
28.176333,57,328.641754
32.440178,152,328.756962
27.756095,114,328.849884
43.158927,65,328.894075
160.835245,1000,329.922869
25.323638,47,329.959223
59.454908,234,330.139443
-2.802979,30,330.161831
13.135517,23,330.179951
83.256889,157,330.296159
18.883511,57,330.337233
8.325633,51,330.372558
60.496067,90,330.435285
24.771331,77,330.48943
24.186044,103,330.555815
32.839648,41,330.581099
245.578993,1000,331.547309
161.043751,1000,332.274583
25.224073,52,332.310105
17.825721,60,332.351626
47.010068,153,332.45394
3.210175,14,332.462136
-1.466766,15,332.47318
-5.037576,35,332.495484
24.100039,23,332.510535
18.200734,34,332.532233
48.819974,68,332.575742
88.610972,180,332.751689
27.749563,74,332.816606
7.227779,60,333.175364
18.011607,72,333.229835
44.185559,55,333.273571
-14.467625,40,333.304593
14.7907,77,333.365202
47.093092,39,333.395842
45.802656,60,333.444477
13.523188,147,333.560037
19.151119,41,333.593673
23.5263,54,333.635083
8.814657,23,333.653055
6.503472,18,333.666693
3.670073,23,333.683973
1.444398,14,333.693487
223.684608,1000,334.472668
42.696953,103,334.542241
32.360486,48,335.537265
1.900368,15,335.545981
15.022883,86,335.605375
23.0267,28,335.624828
118.610953,302,336.090406
255.353133,1000,336.830687
24.31373,61,336.872857
45.149555,120,336.947789
71.428909,196,337.092729
39.895341,175,337.20482
11.798024,20,337.218466
126.143122,182,337.334401
84.491164,112,337.668785
11.603879,13,337.678005
124.990697,226,337.869913
40.0594,73,337.949611
15.439142,45,337.994883
61.95014,53,338.046781
-32.644375,168,338.209615
118.786542,174,338.344096
220.350847,1000,339.14209
91.294263,114,339.23436
124.995738,153,339.625199
30.944789,104,339.707373
51.177139,35,339.735185
37.394809,52,339.775276
29.129608,36,339.805465
40.473914,93,339.880822
81.168478,63,339.937303
110.851664,238,340.127764
183.534584,1000,340.874247
297.813797,1000,341.944974
81.672961,66,341.99689
71.037979,100,342.074424
6.716242,78,342.130502
261.450819,1000,342.959571
52.528355,173,343.110259
14.047246,26,343.423354
12.177046,39,343.454115
136.706583,98,343.531128
57.117861,119,343.62985
32.685892,51,343.674697
-7.713651,17,343.688701
249.324133,1000,344.498735
12.189534,23,344.51631
281.32378,1000,346.46045
24.859438,69,346.513234
205.397647,533,346.933042
20.901043,42,346.983976
45.633597,133,347.130023
36.287773,100,347.241788
8.526451,24,347.267628
10.433114,96,347.381236
22.255051,42,347.429655
18.5896,194,347.631464
27.739204,43,347.66955
23.332213,40,347.703697
377.57471,1000,348.876812
-15.668667,62,348.931473
40.14737,48,348.969548
36.920493,111,349.055186
17.374718,24,349.072714
331.875383,1000,349.885638
2.751873,51,349.919014
44.129925,55,349.956019
70.094741,132,350.301121
85.69474,164,350.426811
42.480618,39,350.457372
52.808225,87,350.530491
280.794569,1000,351.284377
71.115334,147,351.380897
251.42299,1000,352.369437
11.048116,22,352.387211
137.691914,292,352.603719
34.421887,85,352.664589
28.579664,81,352.72498
4.335699,19,352.738687
106.843818,139,352.833809
8.816063,180,352.956742
350.803624,1000,353.897951
114.676611,140,354.007908
35.309604,65,354.06168
322.36169,1000,356.67569
86.248505,169,356.788722
36.503507,51,356.820647
56.755808,56,356.855193
44.681934,61,356.891325
426.169915,718,357.633512
91.674934,130,357.729207
135.033696,170,357.92167
27.002468,141,358.072676
42.839227,191,358.223396
55.58466,186,358.353625
14.886757,58,358.393103
84.137946,87,358.451455
303.459287,1000,359.426881
380.699664,1000,360.248248
124.403276,113,360.328352
82.498414,119,360.410964
364.261555,1000,361.41485
53.539549,131,361.516696
137.742382,123,361.610222
1.445161,13,361.62069
62.672377,103,361.693222
149.745111,409,361.995381
59.315341,143,362.094303
101.05623,226,362.24377
93.112487,180,362.359143
111.043464,137,362.446213
402.747759,1000,363.503962
314.24779,1000,364.189544
347.595115,1000,365.257991
-0.587506,90,365.323931
138.513789,195,367.605461
106.7853,327,367.813206
17.207398,86,367.865614
36.744457,53,367.899603
-4.421955,14,367.90819
8.141706,13,367.916544
349.415521,1000,368.87883
112.680824,226,369.040495
26.255229,32,369.061776
418.66772,1000,369.801884
16.982483,28,369.834215
347.537217,1000,370.97725
87.230364,275,371.234612
305.650763,385,371.602777
-23.665779,81,371.65894
81.95346,164,371.796834
188.465674,198,371.938515
16.458297,57,371.977862
53.632355,79,372.309443
86.402437,112,372.396195
404.615806,1000,373.214948
382.85062,1000,374.20536
4.955605,17,374.21723
74.554807,165,374.343826
109.79799,174,374.487561
352.55167,1000,375.277787
348.98238,1000,376.315441
88.767952,161,376.46042
22.07,36,376.488743
331.070674,1000,379.310958
414.136023,1000,380.324567
70.086547,101,380.405486
35.841883,40,380.43735
66.133175,323,380.676069
339.352608,1000,381.362098
39.760331,37,381.386676
389.444161,1000,382.402841
69.35599,137,382.497718
371.331181,1000,383.502409
386.535079,1000,384.272421
114.856541,217,384.488466
98.433732,125,384.573056
392.593452,1000,385.613706
64.737165,99,385.693289
26.072645,86,385.759563
78.344635,86,385.825663
411.030096,1000,386.523563
73.168647,87,386.580112
50.465894,64,386.622118
36.806627,51,386.65476
147.829956,174,386.764403
28.709315,42,387.04587
82.006671,556,387.469571
457.76547,1000,389.971923
126.578598,263,390.130692
45.141374,76,390.178083
41.566145,51,390.210478
125.176429,224,390.6719
73.358112,75,390.72984
79.95745,122,390.824847
104.551688,176,390.960947
20.537263,38,390.989715
14.34695,13,391.000069
447.146757,1000,391.713815
261.330412,464,392.020455
35.790366,39,392.305511
22.13832,41,392.337487
184.33242,240,392.523357
241.40136,342,392.782852
62.747566,231,392.957255
116.796142,126,393.04615
469.608965,1000,393.713426
201.666385,547,394.387905
133.53782,144,394.492753
435.853509,1000,395.189026
175.376912,314,395.393791
85.622768,118,395.787843
50.194857,78,395.850146
24.939982,80,395.911037
398.441843,1000,396.68066
462.489747,1000,397.633196
411.866531,1000,401.11805
33.481446,108,401.188794
39.55618,89,401.24443
360.282666,1000,402.192001
96.93823,370,402.481124
106.145177,147,402.58944
463.660216,1000,403.271036
256.660289,695,404.031851
301.355308,513,404.413795
250.123111,327,404.642421
146.032683,247,404.805778
274.604831,471,405.110552
242.747885,392,405.644747
159.97476,463,406.118189
307.597469,480,406.544804
600.047387,1000,407.527761
549.498378,1000,408.280398
497.851497,1000,412.103205
69.782775,114,412.17975
67.107065,206,412.306745
164.568188,200,412.429849
123.79129,494,412.740543
485.759078,1000,413.648933
95.661908,104,413.726236
103.054047,142,413.835311
213.192152,314,414.070892
75.426213,122,414.1574
177.991857,371,414.41484
99.626576,131,414.505161
78.08784,127,414.587389
484.670457,1000,415.5322
146.074136,383,415.81791
509.858076,930,416.508811
164.498249,384,417.030395
68.498758,160,417.154523
95.253885,94,417.22646
467.280597,1000,418.045896
480.389263,825,418.875381
23.261794,40,418.906254
484.752949,1000,419.659033
558.327448,1000,423.427219
489.007394,1000,424.190485
138.500886,241,424.354909
102.239794,107,424.426173
109.335485,86,424.480086
455.8826,1000,425.464912
499.330254,1000,426.187366
240.253546,324,426.453323
65.671723,117,426.53729
454.389337,1000,427.589491
111.159252,289,427.7951
483.990308,1000,428.709478
548.262769,1000,429.456183
502.025762,1000,430.380846
524.847132,1000,431.141018
106.082841,189,431.271178
536.589511,737,434.680831
36.983176,59,434.719138
426.748377,864,435.637774
93.064699,140,435.737288
25.201419,43,435.765843
54.604198,87,435.824649
327.453748,488,436.15488
69.34268,154,436.255172
601.704768,1000,437.324265
499.333592,1000,438.026389
17.832279,17,438.038401
254.629022,397,438.568356
558.143746,1000,439.313265
519.239032,1000,440.25056
5.610808,17,440.262687
350.126714,546,440.685869
151.65231,207,440.831643
124.006677,132,440.925162
516.503456,764,441.434755
682.323148,841,442.357627
26.344621,30,442.379774
150.920745,196,442.528559
238.109345,243,442.713725
656.954383,1000,445.973049
41.850844,47,446.002177
130.873332,219,446.421691
600.717876,1000,447.226382
175.849995,280,447.422954
561.682802,1000,448.492336
22.223165,42,448.525522
230.123599,296,448.753504
168.735743,191,448.894941
529.019241,1000,449.568188
217.030965,335,450.063876
155.907572,245,450.259835
23.809513,43,450.292132
282.760433,342,450.541343
596.545829,1000,451.202648
70.421592,79,451.253878
535.94011,729,452.102705
513.79123,686,452.618227
633.34454,1000,453.702588
194.526017,202,453.862104
540.056107,1000,457.304792
397.026672,533,457.642247
164.535169,145,457.989822
200.619465,262,458.192194
227.700168,230,458.37641
667.331448,1000,459.075292
197.069986,289,459.263883
120.50654,220,459.679219
587.209284,1000,460.427991
624.789242,1000,461.337508
106.036969,132,461.44072
346.325773,454,461.79098
167.815207,235,461.970057
211.35327,240,462.143771
239.163722,472,462.508066
445.329628,807,463.360486
657.216096,1000,464.092006
755.667752,869,464.935522
471.439727,1000,468.019658
781.754432,1000,468.95861
9.701571,43,468.992321
435.237375,1000,469.741135
260.171706,441,470.030937
556.844846,1000,471.003888
485.97077,1000,471.706658
219.699501,295,471.89785
555.829893,1000,472.94169
611.311076,1000,473.615599
826.52212,1000,474.603676
749.021711,1000,475.277164
65.11862,67,475.320565
590.46196,1000,476.285727
28.163051,28,476.305882
305.160369,427,479.361289
188.379053,221,479.497458
252.90853,439,479.770738
124.984445,128,479.85108
692.565903,937,480.781167
405.358217,686,481.241028
592.811866,1000,482.218689
672.686141,1000,482.976092
588.826966,1000,484.00664
528.942281,1000,484.873006
646.536897,1000,485.867449
430.96648,567,486.292462
379.118564,578,486.689244
546.813131,773,487.471358
811.810379,1000,490.910465
449.561839,644,491.306821
822.366706,1000,492.295913
33.744294,26,492.313712
423.207106,458,492.62695
554.902498,1000,493.742208
571.23748,1000,494.506489
344.95078,422,494.786872
741.238567,1000,495.776846
580.554252,1000,496.462477
35.76552,30,496.481699
562.37372,803,497.306208
266.811486,291,497.52361
113.486162,135,497.618297
33.274541,44,497.647279
80.394473,82,497.703662
693.381905,1000,498.413211
383.255463,566,501.881486
836.929086,1000,502.496896
494.571694,560,503.119101
146.635208,264,503.358651
654.840261,1000,504.095908
726.146515,1000,505.031659
521.905425,780,505.610508
749.228303,1000,506.261155
86.341462,70,506.577878
573.341366,1000,507.323934
528.936283,1000,508.371063
57.290357,58,508.43181
773.461097,1000,509.215707
638.208722,1000,510.150832
673.256291,1000,513.048335
446.066789,573,513.393888
644.020277,1000,514.411179
643.773539,1000,515.106973
521.786159,1000,516.156589
58.97916,51,516.196179
691.471527,1000,516.91717
70.827902,65,516.961904
746.675602,1000,517.931613
61.930442,68,517.98229
615.137504,1000,518.71248
611.531564,1000,519.746683
378.602493,610,520.189483
814.19265,1000,523.92538
-3.230765,49,523.96128
646.160774,1000,524.732134
663.204666,1000,525.660577
324.122202,321,525.897336
897.987773,1000,526.628013
772.223539,1000,527.627586
83.398404,170,527.755014
914.810357,1000,528.432223
794.729382,1000,529.50609
838.117756,1000,530.227398
334.851961,333,530.445567
495.790147,1000,531.540538
696.649539,878,534.914293
458.151664,718,535.681804
924.697665,1000,536.381677
707.509259,1000,537.332158
631.271981,1000,538.042748
727.667326,1000,538.968086
855.792564,1000,539.783021
36.005041,37,539.810544
642.662249,1000,540.778226
650.489288,1000,541.558325
382.175061,490,541.919656
295.909164,306,542.409764
117.207587,115,542.495199
666.314308,1000,543.254583
232.029755,285,546.272711
255.965215,440,546.552777
747.31517,1000,547.495224
616.471567,1000,548.175999
193.666481,204,548.309368
161.487163,158,548.6697
709.750042,1000,549.422789
777.031249,1000,550.402479
699.464774,1000,551.163835
988.036434,1000,552.145286
647.495709,1000,552.930651
521.188904,517,553.421209
213.519582,277,553.604686
757.234236,1000,554.65088
207.965747,496,557.710806
832.556871,1000,558.616339
675.75453,1000,559.341528
357.84029,371,559.587653
1007.781844,1000,560.633964
710.785776,1000,561.350166
175.923395,374,561.593227
746.927323,1000,562.619105
785.813289,1000,563.286365
844.17846,789,564.123681
985.930385,1000,564.839294
668.663313,1000,565.839412
898.73679,1000,569.356339
7.42839,17,569.365907
616.669164,1000,570.355914
1012.965823,1000,571.055746
738.220722,1000,572.015046
977.313393,1000,572.731914
887.464258,841,573.602926
277.617627,211,573.769032
789.56141,825,574.376575
837.964887,1000,575.421649
142.781191,99,575.508559
942.777983,1000,576.253248
143.314324,110,576.323731
453.178596,409,576.590893
609.878074,679,577.342266
896.869775,1000,580.757268
429.012001,606,581.402896
944.025483,1000,582.148273
1016.803168,1000,583.074287
707.063446,1000,583.814817
112.870056,123,583.901527
783.35738,1000,584.81035
907.399058,1000,585.605436
34.680603,50,585.641756
42.9856,36,585.665626
712.869234,1000,586.629209
1025.038984,970,587.392242
479.536952,408,587.675348
688.230662,1000,591.442059
957.796047,1000,592.064807
816.841559,1000,592.982737
863.536148,780,593.545121
942.144236,1000,594.469015
187.472586,180,594.613636
1118.24484,1000,595.332903
913.338047,1000,596.33853
1200.207187,1000,597.071557
879.388833,1000,598.063867
810.19837,1000,598.807311
1157.983672,1000,602.623536
1154.310816,1000,603.240659
1096.357057,1000,604.162738
837.735191,1000,604.908433
709.525517,1000,605.871588
1094.398449,1000,606.642556
1083.138546,1000,607.589783
701.982138,1000,608.342601
1188.098117,1000,608.996253
937.648088,1000,610.088704
1078.835453,1000,613.506634
763.21352,1000,614.530984
666.599033,1000,615.193549
838.793949,1000,616.218706
750.82621,1000,616.927489
624.07961,586,617.622738
919.583922,1000,618.333821
1047.347658,1000,619.282804
1142.541962,1000,619.986402
864.505336,1000,620.921499
1080.972691,1000,621.710511
759.81599,1000,625.49809
1204.658626,969,626.21011
149.897555,129,626.296184
769.944348,1000,627.332759
939.720229,1000,628.09543
961.10291,1000,629.045556
1280.953855,1000,629.764499
779.205548,1000,630.800373
1300.845053,1000,631.571235
1077.440588,869,632.44579
405.351577,302,632.674445
1090.183367,1000,633.387681
1174.464658,891,636.893112
925.444985,1000,637.646152
1262.960227,1000,638.620345
1243.881132,1000,639.357049
755.059637,1000,640.280231
1177.141373,1000,641.1402
787.723655,601,641.550345
975.168361,756,642.461863
1151.224859,1000,643.188823
1287.11445,1000,644.142183
1221.467228,1000,647.586676
781.903542,1000,648.715905
1107.994635,1000,649.461834
1312.930807,1000,650.426255
788.621263,1000,651.261636
711.618973,1000,652.311171
155.619646,138,652.426972
758.05294,593,652.881243
842.520239,1000,653.55957
1203.410453,966,654.524272
1087.361602,1000,655.172628
685.544212,505,655.805732
995.043246,1000,658.747516
961.619525,1000,659.658696
713.621191,1000,660.390441
806.240191,1000,661.308274
272.308875,193,661.457759
19.96755,23,661.475211
433.368545,397,661.76178
1302.813088,1000,662.46456
1223.035126,1000,663.53256
1257.059491,1000,664.224349
1183.20989,1000,665.241622
1257.539479,1000,665.913956
956.439621,680,666.664511
1299.087171,1000,670.24307
1011.899279,1000,671.147139
1145.789229,1000,671.847389
359.094678,295,672.037437
1342.877769,1000,673.156456
998.280791,1000,673.95735
371.649242,324,674.174332
1244.432918,1000,675.146243
45.491613,49,675.181594
1046.736655,1000,675.843855
1318.225529,1000,676.856236
1074.673804,1000,677.686398
1312.61177,1000,681.358134
1282.925407,1000,681.972174
1305.455082,1000,683.052997
1104.344701,1000,683.780576
1375.244578,1000,684.822206
268.576305,181,684.956425
1197.292145,1000,685.633604
911.856316,1000,686.606449
936.495674,630,687.032991
844.607092,1000,688.048649
1285.502839,1000,688.83173
258.790017,212,688.985079
1188.076918,1000,692.057026
538.656642,337,692.262941
1298.93317,1000,692.880614
1000.30015,1000,694.124923
557.47286,460,694.544871
1033.226727,1000,696.376637
1006.25242,713,697.499041
1425.597427,1000,698.633625
1370.059714,1000,699.993481
698.245357,482,700.38337
1400.819912,1000,701.506112
525.359287,348,701.773387
1088.780486,1000,702.555711
1351.005523,1000,706.090609
841.276497,1000,706.893657
61.290431,46,706.929293
835.834874,1000,708.109383
784.256567,1000,708.87924
765.282568,1000,709.995139
1321.536606,1000,710.758806
186.018693,165,710.883836
1482.831617,1000,711.999025
833.072908,1000,712.77129
1148.668892,1000,713.891269
594.168633,426,714.218208
367.896316,247,714.406474
987.916018,1000,718.678393
1312.524956,917,719.400045
576.29937,393,719.705029
933.86253,649,720.53965
1427.825847,1000,721.297585
1363.144541,1000,722.40694
278.637403,181,722.544272
1030.227098,731,723.107034
1460.963148,996,724.201761
1467.410496,1000,724.979656
1372.987177,1000,726.087064
783.773091,1000,726.86686
1215.826671,853,730.500435
1472.141277,1000,731.604464
1499.07148,1000,732.387378
925.665146,1000,733.629236
89.88912,61,733.675949
1255.043075,1000,734.441079
1120.508714,824,735.411531
1276.303177,1000,736.211013
284.645919,177,736.34715
1476.532915,972,737.437112
36.540202,30,737.4601
1395.273109,1000,738.232389
161.26733,110,738.316868
1483.575235,1000,739.423721
1546.113399,1000,743.095093
1408.157329,1000,744.19761
1299.848195,1000,745.049491
341.738638,264,745.255887
822.482822,510,745.992109
800.874487,1000,746.874504
992.067321,1000,748.450109
375.85082,247,748.72253
1593.940979,1000,749.822918
192.716206,141,749.976604
1008.512686,1000,751.496109
288.641745,197,751.712301
81.669864,52,751.770922
513.193848,361,752.169078
784.430781,533,752.766268
1378.276562,1000,754.286698
1450.96141,1000,759.070717
496.99205,335,759.672594
883.597409,1000,760.521238
18.706291,28,760.551724
91.375508,63,760.610327
1025.765556,1000,761.738294
1196.698724,1000,762.518999
1471.718544,1000,763.623852
369.872852,240,763.808249
869.827379,1000,764.595139
496.664877,419,764.921969
1480.130168,1000,766.111224
1028.515221,702,766.64485
1189.821589,1000,767.79194
885.932374,590,770.125424
521.661848,391,770.424836
794.200913,588,770.937167
1500.843911,1000,772.091719
36.367221,37,772.121043
778.422381,1000,772.900447
1351.198209,934,773.965314
1517.849886,1000,774.728455
227.943599,183,775.207552
55.668664,36,775.23719
338.315769,245,775.432329
1512.1702,1000,776.208286
885.751701,1000,777.324048
823.454708,1000,778.176324
130.03936,86,778.255014
814.829911,1000,779.376409
161.842668,107,779.457783
1479.689424,1000,783.432947
1412.140768,1000,784.530941
740.606184,430,784.939523
1300.211676,1000,785.822946
403.723329,286,786.038532
1389.500826,1000,787.140529
929.078527,566,787.588456
742.38091,1000,788.714674
51.216305,45,788.748688
981.882999,611,789.217628
1401.831054,1000,790.320684
919.307346,1000,791.107095
1080.005846,1000,792.317538
30.324941,27,792.340439
806.661755,818,795.519372
319.409443,228,795.69342
1291.292805,1000,796.8422
791.567706,1000,797.678278
861.843328,603,798.146565
1138.702004,1000,799.26386
786.756888,1000,800.059999
900.173303,1000,801.17013
1201.752148,854,801.825426
1509.998365,1000,802.939602
645.566224,412,803.261389
591.959819,426,803.589194
739.005629,577,804.031691
851.126118,1000,808.375152
1501.216868,1000,809.156313
861.451682,1000,810.338956
472.205972,302,810.581683
227.334835,155,810.703623
1243.953789,1000,811.829313
1205.287167,1000,812.608706
1068.468443,1000,813.722113
130.242101,71,813.778692
1052.635001,1000,814.547843
1365.000684,1000,815.6799
1111.216705,1000,816.447212
1574.361976,1000,820.693289
967.804237,1000,821.468543
1312.162987,1000,822.577724
1065.697264,1000,823.34986
969.702296,1000,824.113914
558.323536,320,824.705652
1207.857924,1000,825.473506
1557.394622,1000,826.677049
820.276765,1000,827.505261
698.550261,750,828.086597
1394.095143,1000,829.206868
82.044281,66,829.25826
983.315586,1000,833.129032
214.24632,183,833.608583
799.496974,1000,834.366334
685.464488,1000,835.50282
1552.792952,1000,836.273539
1039.130781,1000,837.386737
1578.677972,1000,838.253707
1495.311364,1000,839.369802
1496.423904,1000,840.145153
78.62387,72,840.201699
748.519508,480,840.56985
1534.325509,1000,841.684824
1328.266168,1000,842.458083
569.73151,432,845.702501
985.51035,1000,846.807445
943.135173,1000,847.589586
552.063998,415,848.256858
1548.959561,1000,849.039534
886.970783,1000,850.163423
792.131544,510,850.566408
1131.765831,1000,851.338886
821.561446,1000,852.53676
1102.470142,714,853.145867
1544.507514,1000,854.314531
773.920312,515,854.712571
1217.621802,1000,858.457655
1588.893135,1000,859.561159
1452.561255,1000,860.339482
192.440919,127,860.435508
1344.940062,1000,861.558961
420.325628,263,861.761961
1121.644105,1000,862.888711
512.239284,360,863.172019
218.961185,133,863.273562
915.742785,1000,864.045825
1582.11911,1000,865.151453
1297.766851,1000,865.926659
917.657723,1000,867.043941
1387.278039,951,869.8571
541.178997,347,870.123079
122.276388,100,870.197434
511.736257,347,870.795605
137.974135,103,870.877643
120.621965,110,870.962961
702.078083,511,871.356161
1473.104339,1000,872.116661
1524.373287,1000,873.339022
1029.605383,1000,874.131268
431.222458,261,874.673137
1454.908228,1000,875.486554
1026.563855,1000,876.604248
1770.735729,1000,877.390274
1616.15437,1000,878.175329
1566.964909,1000,882.451908
838.656168,1000,883.32398
1230.269785,785,884.269843
1011.199268,1000,885.03709
1635.209521,1000,886.142351
236.457607,131,886.241432
773.352222,1000,887.01517
1605.713478,1000,888.166682
1497.23111,1000,888.925614
1226.31072,1000,890.043944
1683.040803,1000,890.843449
1424.136557,1000,894.946587
979.041838,656,895.450816
1649.361695,1000,896.549715
1030.569594,1000,897.361237
29.450462,22,897.378885
1635.589038,1000,898.579117
1650.319093,1000,899.364039
1625.234004,1000,900.488571
1641.105468,1000,901.256966
1079.574342,1000,902.366549
818.266666,1000,903.138692
928.039549,1000,904.242481
1015.097565,1000,908.139713
928.741981,1000,909.265347
1039.5534,602,909.741158
1767.458436,1000,910.511528
1444.978267,911,911.561018
654.51332,374,911.849841
847.901593,553,912.270871
1180.139109,1000,913.513543
678.710948,394,913.856953
1577.011909,1000,914.629124
1416.837382,1000,915.740829
502.333461,308,915.98211
845.091671,1000,917.099948
853.236328,1000,921.097468
1650.904072,1000,921.8601
1542.091329,1000,922.971748
1158.56817,1000,923.740134
1521.099016,1000,924.861034
1573.142208,1000,925.706929
931.945243,1000,926.845788
296.089761,187,926.990634
1272.515801,1000,927.776277
1306.324136,771,928.738501
1082.714759,1000,929.512222
1022.45891,1000,933.837548
1405.700695,1000,934.598265
1313.099359,901,935.649041
1623.509943,1000,936.414996
931.622362,1000,937.539346
1300.465412,1000,938.307617
888.306587,1000,939.56656
1003.530793,1000,940.688373
1460.29588,845,941.862992
1276.743784,817,942.500901
1557.563974,1000,946.646078
1633.113872,1000,947.506053
1481.812578,1000,948.336887
1604.35308,1000,949.471576
1700.045288,1000,950.248247
949.655811,1000,951.390863
1676.221075,1000,952.169785
1260.590479,1000,953.40735
320.64838,218,953.579235
1330.400629,1000,954.708322
993.101556,1000,955.517031
1532.402523,1000,959.677505
319.812643,201,959.840231
1642.164499,1000,960.639677
1432.222659,1000,961.814979
1667.114159,1000,962.609257
815.858164,1000,963.752363
1549.695495,1000,964.544809
697.061789,459,964.906499
1298.241808,849,965.928092
1101.387654,703,966.508417
1664.935873,1000,967.647215
1643.596598,1000,968.429751
639.465369,378,971.744542
1743.86203,1000,972.96635
1188.814404,1000,973.891756
961.839257,544,974.316545
805.993498,1000,975.45594
1582.882392,1000,976.241972
1378.472977,789,977.196451
1602.567681,915,977.916514
717.147746,460,978.273504
1750.296856,1000,979.414651
1826.5179,1000,980.192871
327.417283,164,980.674536
799.209016,1000,983.77559
910.655731,1000,984.893346
442.399275,277,985.115741
920.361386,545,985.546752
557.59551,339,985.808669
1170.056286,1000,986.954876
968.962457,1000,987.844987
1559.841039,1000,989.037358
910.04589,561,989.485184
1634.754513,1000,990.267582
1793.744391,1000,991.388017
354.285363,233,991.576082
874.422302,1000,992.40325
1697.218982,1000,996.449454
817.943214,1000,997.256241
1105.617677,1000,998.390611
64.185015,45,998.425995
955.155404,1000,999.31063
1653.871482,1000,1000.45455
1486.630288,1000,1001.249521
395.308148,218,1001.421693
72.088369,49,1001.45874
1335.689835,1000,1002.598149
1494.04382,903,1003.312755
911.230888,1000,1004.439935
1024.242932,1000,1005.219969
1664.996682,1000,1008.980185
1127.178697,1000,1009.779215
779.905568,471,1010.475326
1690.189034,1000,1011.277877
975.699306,673,1011.812395
317.967692,275,1012.366406
504.386356,275,1012.589978
962.635427,1000,1013.48062
1677.875831,1000,1014.618381
1174.977548,1000,1015.4112
716.226785,430,1015.746607
784.595012,1000,1016.87923
786.290141,1000,1017.656576
369.97159,225,1017.839439
861.677165,1000,1021.793971
718.86039,408,1022.112573
1797.948424,1000,1023.228419
1644.06025,1000,1024.044446
1649.85692,1000,1025.172363
706.625557,352,1025.46021
860.486195,1000,1026.300931
479.058041,288,1026.525643
508.918808,312,1027.108253
1601.800226,1000,1027.9155
945.286595,1000,1029.035571
1736.851508,1000,1029.828218
96.731173,73,1029.883809
1733.524507,1000,1033.458237
156.807564,89,1033.529689
1178.779262,691,1034.07709
1753.943002,1000,1034.849737
1391.330312,800,1035.805317
675.727209,421,1036.149132
969.015344,552,1036.579139
253.176162,155,1036.703272
1698.284695,1000,1037.832553
1125.14632,1000,1038.60925
89.663696,56,1038.650998
541.121862,328,1038.909456
1695.20525,1000,1040.042542
904.876537,484,1040.411713
1183.236826,670,1041.295869
1688.948,1000,1042.068356
1605.224947,1000,1045.770713
1801.775324,1000,1046.575499
1727.318784,1000,1047.69257
1123.149578,1000,1048.590931
1600.520095,1000,1049.383501
1744.789741,1000,1050.593589
53.448375,44,1050.627303
530.795793,273,1050.836799
981.698461,581,1051.284935
1032.361847,580,1052.077691
1726.236714,1000,1052.869589
587.445712,382,1053.166163
1197.702159,1000,1054.334395
1379.738757,1000,1057.447946
123.016914,60,1057.495214
1570.597487,1000,1058.626577
226.936728,142,1058.738545
1630.72238,1000,1059.522458
1429.868746,1000,1060.643606
1712.772288,1000,1061.442034
1482.457477,1000,1062.578911
1265.75064,1000,1063.459125
1273.181373,790,1064.42203
918.358084,1000,1065.213486
567.945004,332,1065.471279
1739.6561,1000,1066.696863
1737.885322,1000,1070.467492
1402.901196,1000,1071.596854
1645.24766,1000,1072.367857
1759.729429,1000,1073.574922
757.102427,454,1073.946541
1123.440426,1000,1075.068098
1733.798561,1000,1075.845021
1727.467381,1000,1077.056422
1114.123358,606,1077.534585
988.400747,1000,1078.331833
1017.144328,1000,1079.463254
1148.280461,616,1082.715031
1275.059571,1000,1083.845149
1148.703285,1000,1084.623194
1919.844292,1000,1085.847878
1151.06415,1000,1086.647849
1889.600955,1000,1087.785622
167.743945,103,1087.90816
1652.222609,1000,1088.77637
881.177422,472,1089.145233
997.603186,1000,1090.271451
280.742057,161,1090.39977
1882.86332,1000,1091.17572
1141.939903,629,1092.007493
1449.152858,841,1095.446889
1049.63946,675,1095.973853
1840.112218,1000,1097.081064
1804.817107,1000,1097.8729
1175.676101,1000,1098.998099
615.510992,357,1099.297817
1609.995306,1000,1100.419462
1716.385258,1000,1101.222296
940.618335,1000,1102.348457
39.931348,31,1102.373993
682.727404,357,1102.652498
972.664094,519,1103.065536
1873.514892,1000,1103.843389
1009.870156,1000,1108.097799
1776.288011,1000,1108.90092
