#{"t_start": 1764997027.529922, "env_id": "Ant-v5"}
r,l,t
-78.515634,62,1.369788
-113.051966,87,2.70819
-56.87075,40,2.779045
-31.568111,31,2.833901
-11.139593,47,3.820167
-20.856923,25,3.864452
-41.742825,35,3.926204
-59.133906,64,4.993024
-61.6255,105,5.177231
-38.397135,22,5.694191
-71.912911,74,5.826308
-47.281577,45,5.905267
-16.565414,14,6.823991
-17.305991,27,6.87207
-79.649778,68,6.991644
-42.402516,52,7.944245
-129.912645,78,8.112952
-36.514192,45,9.501623
-18.57643,20,9.545707
-46.449864,67,9.663522
-72.471267,63,10.69856
-2.098662,41,10.774117
-75.786903,47,11.745166
-11.479285,11,11.767656
-81.670813,85,11.970326
-96.714398,47,12.971286
-55.369227,55,13.221214
-174.045462,126,14.904776
-9.003647,12,14.926024
-142.193671,107,15.841696
-23.935424,21,15.882925
-50.952997,46,16.725866
-1048.961735,1000,20.530953
-27.039529,32,21.475212
-67.652791,96,21.6562
-9.305877,15,21.683028
-80.62985,93,22.996757
-70.617536,70,23.895699
-25.705529,18,23.928221
-155.832012,129,24.832307
-49.791484,69,24.984158
-16.595766,17,26.324347
-15.894246,53,26.417692
-12.676634,17,26.447708
-10.620788,18,26.479646
-23.135829,37,27.5181
-76.876138,59,27.621441
-1087.903733,1000,32.44706
-60.397372,33,32.505583
-8.374005,13,32.528736
-108.885097,63,34.359262
-164.671783,266,35.680007
-63.937275,88,35.836464
-11.32758,18,36.509041
-92.388336,106,36.694464
-35.487415,33,37.839127
-58.983772,52,37.941233
-37.195348,29,37.992526
-1001.985481,1000,42.5555
-81.481811,42,42.63303
-9.735652,30,43.947047
-20.937498,20,44.132926
-20.667862,10,44.153025
-33.164403,27,44.200199
-13.233108,32,44.258629
-41.521679,43,45.219714
-42.312637,47,45.304224
-24.452303,21,45.351584
-51.987341,40,46.785597
-79.046822,98,46.958398
-1114.963323,1000,51.755502
-9.108039,33,51.835341
-1042.885887,1000,55.644268
-69.121244,56,56.303156
-64.607264,26,56.352636
-46.683431,37,56.417367
-39.086232,30,56.46964
-40.244561,58,57.361717
-1062.501877,1000,60.734677
-67.981327,65,60.850232
-74.603539,41,60.921831
-64.481504,44,62.194948
-29.1198,15,62.221643
-107.245646,54,62.318787
-36.565631,51,70.1746
-19.227218,28,70.223999
-46.390947,41,70.295409
-57.819942,48,71.223964
-75.712668,78,71.359529
-28.540035,24,71.401552
-22.065974,14,72.34664
-14.930992,17,72.376572
-10.311394,31,72.431031
-22.174408,12,72.452405
-12.78568,22,72.491374
-25.375307,24,72.533402
-88.366973,138,73.487957
-96.998007,97,74.309205
-36.645197,45,75.039507
-337.484522,220,76.112979
-21.960243,29,76.768339
-89.335672,76,76.904568
-62.0812,37,76.969737
-90.91087,62,78.217345
-94.905351,82,79.238591
-20.184625,16,79.286978
-15.215831,19,79.324735
-22.844423,15,79.367407
-97.83829,77,80.306744
-20.344443,19,80.340205
-2.697976,20,80.375389
-11.291169,25,80.41915
-12.663102,13,80.442066
-54.409722,39,80.510133
-31.170938,24,81.310768
-43.683109,47,81.396683
-63.259007,59,81.499905
-95.351447,126,82.813499
-17.982783,26,83.460534
-20.787472,28,83.509935
-1080.222112,1000,86.905326
-23.22041,14,86.938776
-33.558116,53,87.052737
-49.113331,52,88.435359
-39.154531,27,88.483659
-26.342173,42,88.558035
-41.844119,35,88.619568
-41.28918,26,89.517171
-22.058591,15,89.544009
-1058.348439,1000,93.152123
-211.040383,156,94.218925
-37.091007,17,94.282074
-46.695714,43,94.381874
-78.25663,35,94.461119
-51.298218,68,95.516525
-0.246024,50,95.604076
-67.219386,48,96.80011
-37.232262,35,96.86181
-16.876639,21,96.898908
-60.62438,74,97.931813
-758.493732,697,100.417892
-142.607871,109,101.154943
-53.082782,52,101.245148
-59.622718,75,102.113288
-66.60263,39,102.180952
-55.429468,42,103.376588
-63.822064,80,103.519608
-22.556948,50,104.415292
-26.157173,42,104.488431
-52.981435,34,104.547548
-25.90798,17,104.577361
-53.045208,25,105.529405
0.740892,23,105.569713
-14.54684,12,105.591073
-34.132436,60,105.695592
-43.366274,51,106.665879
-35.062047,29,106.718172
-34.134811,20,106.753372
-157.699805,107,107.774768
-50.536501,40,107.844831
-17.037243,16,107.873115
-22.21133,15,108.956701
-26.489926,44,109.037236
-30.033288,37,109.101985
-25.382523,42,110.167211
-9.259282,15,110.193749
-26.435218,76,110.325446
-1121.235738,1000,114.057707
-21.479178,13,114.081775
-52.256735,30,114.138891
-24.248353,16,115.051444
-53.344597,66,115.169315
-86.825033,55,115.264859
-42.144176,39,116.42075
-8.743447,15,116.448275
-24.926086,53,116.540923
-17.217214,14,116.565464
-107.098311,82,117.727885
-82.671242,37,117.794794
-35.732014,122,118.756173
-47.653309,29,119.416382
-41.526799,62,119.524727
-5.733792,33,119.582421
-8.729248,10,119.60024
-70.128052,91,120.743081
-48.655847,37,120.811594
-97.91008,149,121.846565
-32.435118,51,122.078809
-13.379034,25,122.124275
-8.855118,32,122.18154
-131.698287,82,123.22783
-83.258381,60,123.332273
-1171.334311,1000,127.165579
-14.002897,13,127.189357
-29.222624,65,128.234226
-80.851187,57,128.333354
5.69956,99,129.53519
-0.915898,17,129.565396
-17.540032,42,130.162455
-15.037318,11,130.1823
-4.69794,56,130.279909
-178.035602,160,133.354836
-14.51816,28,134.033027
-25.562695,14,134.05802
-90.552482,120,134.972264
-15.49344,10,134.990308
-1067.605217,1000,138.279648
-23.933856,17,139.083686
-127.858058,82,139.229278
-12.988342,11,139.249741
-28.537673,15,139.276969
-35.60953,21,140.384152
0.535405,26,140.430056
-71.434079,61,140.53638
-77.887152,79,141.56945
-17.178882,16,141.597883
-42.576664,50,141.684927
-79.595301,46,142.912408
-72.876898,66,143.027221
-109.517244,89,144.133145
-191.621806,143,145.075054
-1109.246105,1000,148.511903
-62.734957,42,148.585447
-79.853906,82,149.715052
-23.574563,17,149.74521
-21.089025,22,149.783836
-90.689806,90,150.591226
-26.059136,13,150.61517
-79.080535,61,150.723792
-56.086418,55,152.08145
-69.528498,44,152.157845
-19.436052,16,152.185817
-89.20656,70,153.384946
-36.812408,29,153.438208
-25.127864,26,153.48606
-54.889706,51,154.495454
-247.837938,176,155.361855
-44.089753,33,155.421208
-37.615247,16,156.079603
-38.367627,25,156.124422
-53.915189,37,156.189951
-47.657082,32,156.259903
-53.726651,57,157.201272
-22.301034,23,157.245814
-24.373403,13,157.269451
-33.624041,101,158.314262
-30.237139,25,158.358489
-94.850962,91,159.109022
-46.332729,24,159.15134
-31.844631,31,159.206213
-67.633852,57,160.177779
-15.567262,13,160.20113
-20.684007,17,160.23158
-50.212001,47,160.314056
0.13919,17,160.344479
-29.148194,12,160.365922
-54.393489,47,161.197105
-61.144676,48,161.281443
-54.890289,69,162.221419
-61.728787,26,162.271023
-41.309897,22,162.310333
-14.028812,16,162.338794
-98.325493,94,163.35091
-13.135007,25,163.397394
-23.773069,25,163.443726
-12.028144,18,163.477114
-22.103733,19,164.415784
-140.048821,101,164.595268
-37.328483,29,165.791629
-45.664149,24,165.834332
-1222.714189,1000,169.336141
-29.52798,45,169.416385
-69.009955,54,169.514212
-126.750004,79,170.558009
-28.842615,111,171.431283
-65.147907,33,171.489651
-1129.646499,1000,175.415838
-64.023718,90,176.290741
-14.737184,16,176.319692
-85.675173,61,176.427738
-117.019714,55,177.439952
-14.245474,13,177.463754
-22.208387,22,177.503355
-38.542877,62,177.614723
-28.712842,22,178.624951
-91.013791,43,178.701153
-96.17024,80,179.917141
-49.69784,21,179.954497
-38.133983,29,180.005661
-47.997122,22,180.044674
-27.625247,19,180.078464
-47.688157,54,180.950125
-24.814098,44,181.030876
-52.465741,33,181.090055
-8.98469,9,181.106452
-80.23323,58,182.093944
-77.609833,56,182.196036
-25.762015,19,182.23001
-29.803822,30,183.371491
-58.435173,25,183.416094
-45.988537,37,183.481919
-89.243429,77,184.570642
-73.564619,84,184.719113
-19.370317,12,184.74067
-57.515787,25,185.895277
-278.355937,143,186.646277
-15.12953,16,186.675094
-26.679588,16,186.70383
-13.267628,20,186.739456
-45.802263,29,186.791295
-23.822688,21,187.596755
-125.84688,82,187.741408
-115.594022,76,189.011175
-36.642024,44,189.088601
-90.835115,54,190.040343
-90.104529,51,190.134679
-24.809695,17,190.165386
-51.410171,52,191.398105
-33.625674,19,191.432219
-2.658051,16,191.460819
-70.617567,97,192.663826
-64.218809,30,192.717515
-18.610927,14,192.742865
-1118.048064,1000,196.402536
-33.556269,58,196.50763
-15.459177,19,196.54157
-54.275763,22,196.582199
-64.749558,41,197.54331
-45.966636,56,197.642617
-74.935638,68,198.704225
-33.75008,26,198.750984
-7.606329,13,198.77452
-18.360777,25,198.818959
-68.187472,41,199.731037
-8.863216,14,199.756306
-1.771732,16,199.785149
-22.900717,30,199.83843
-10.155708,17,199.86902
-20.123023,12,199.89075
-24.001835,21,199.928374
-20.639588,19,200.673929
-44.920998,33,200.732253
-14.596601,13,200.759412
-25.96854,20,200.79515
-42.794797,59,201.777552
-8.619974,19,201.81141
-28.102807,15,201.838096
-13.850719,11,201.857866
-12.190647,13,201.8811
-13.642964,16,201.909767
-19.99005,11,201.929785
-86.374304,63,202.711882
-24.749044,17,202.742703
-24.345902,11,202.7625
-84.751571,40,202.83343
-8.703794,17,202.863795
-23.175324,12,202.885529
-27.476112,22,203.725191
-37.848039,48,203.810173
-30.628063,20,203.845741
-37.881186,15,203.872666
-85.271428,35,204.864053
-50.934199,26,204.909973
-17.36818,14,204.934875
-84.30227,36,204.998252
-21.882222,15,205.024859
-39.283985,30,205.872463
-79.151228,38,205.944035
-651.639214,565,208.218254
-46.568927,33,208.276924
-19.767713,12,209.097731
-11.304011,12,209.119348
-24.792921,51,209.209263
-50.338085,74,210.395501
-5.077243,28,210.445718
-43.942441,37,210.511303
-36.091719,29,210.562772
-37.519372,30,211.425122
-33.201497,17,211.459422
-67.32167,37,211.52492
-21.253782,26,211.571608
-18.744978,18,211.603864
-24.42107,19,212.369473
-911.872594,718,214.884463
-142.237317,123,215.698819
-33.860394,18,215.730886
-69.394235,40,216.4579
-83.611747,54,216.556995
-17.018661,11,216.576739
-37.726594,21,216.613938
-18.574594,11,216.633639
4.076017,17,216.663962
-34.11629,23,217.541878
-80.637728,27,217.590337
-11.723368,37,217.656599
-37.993463,43,217.73367
-90.993215,74,218.799531
-8.220937,18,218.833224
-66.099814,43,219.54515
-18.946533,16,219.57366
-21.297184,10,219.59271
-14.987822,26,219.639397
-20.976741,26,219.685563
-16.243165,25,219.73005
-15.33297,9,219.746465
-57.859778,39,220.493021
-105.681923,56,220.591361
-21.657658,25,220.635694
-26.957118,49,221.638935
-25.83585,16,221.670952
-28.858426,14,221.696294
-22.060642,17,221.726767
-27.374993,15,221.753628
19.393888,47,222.60881
-38.365589,33,222.667418
-29.059417,22,222.70683
-50.982002,37,222.774578
-28.058287,27,222.824054
-4.587268,34,223.703589
-15.210168,16,223.732993
-7.040219,11,223.753237
-26.334857,26,223.799986
-43.740613,24,223.843153
-74.096873,54,224.709171
-204.410144,169,225.613217
-23.495936,70,226.382745
-35.278215,18,226.415089
-17.048244,12,226.436644
-1313.021969,1000,230.125156
-39.852276,31,230.180893
-12.06567,7,230.193882
-9.529741,14,230.219067
-26.886405,75,231.066751
-13.383011,13,231.090263
-15.117966,21,231.127954
-34.932981,30,231.181384
-40.554088,56,232.114321
-14.346937,22,232.153551
-24.205724,21,232.19113
-30.143665,21,232.228918
-53.085784,47,232.311987
-28.944489,16,233.15521
-43.843091,43,233.235557
-70.547698,136,234.486841
-42.146666,16,234.515459
-14.728913,13,234.538855
-22.85038,29,234.5904
-16.95263,13,235.62312
-24.608352,16,235.651944
-37.370844,34,235.712636
-52.485341,40,235.783586
-20.740936,21,235.821198
-22.073126,19,236.730708
-43.178341,55,236.828525
-164.874383,155,238.274158
-43.364477,29,238.329595
-35.538623,51,239.336471
-11.005104,15,239.363168
-67.52399,57,239.462649
-12.369845,19,240.428984
-45.188267,52,240.520961
-2.529806,17,240.551246
-51.462556,55,241.697406
-64.204309,80,241.836765
-20.857886,18,241.86859
-36.213482,33,242.631888
-21.533515,15,242.65868
-70.757219,54,242.753598
-87.766214,43,242.829611
-8.639902,13,243.774372
-24.129305,36,243.838362
-64.029579,45,243.91857
-20.53315,18,243.95078
-17.27658,13,243.974141
-17.35766,26,244.975231
-29.245561,15,245.002429
-8.41059,12,245.024304
-19.040279,22,245.063845
-4.833139,15,245.090998
-18.218984,16,245.12005
-16.783249,23,245.161616
-19.041588,14,245.835842
-0.528982,13,245.859692
-90.176775,49,245.947002
-32.455146,23,245.988518
-37.961651,19,246.022822
-36.184393,79,247.005791
-9.418095,17,247.036404
-38.221295,17,247.066648
-27.188951,19,247.100939
12.09537,24,247.854888
-9.013929,13,247.878555
-15.808393,14,247.903964
-20.16669,15,247.93113
-26.656005,18,247.963549
-18.678944,18,247.996215
-44.400088,44,248.826567
-8.512589,14,248.852302
-10.224772,18,248.884629
-27.35486,22,248.924148
-31.910973,24,248.966956
-35.10288,17,248.997939
-21.056412,35,249.78834
-18.642663,39,249.857714
-54.029756,41,249.930584
-55.493332,33,249.989365
-14.89626,31,251.032061
-23.328671,13,251.055883
-114.983336,73,251.18893
-47.671028,45,252.260581
-28.940138,31,252.316674
-12.067258,13,252.340152
-39.243171,52,252.433463
-56.054382,44,253.574695
-50.563367,37,253.640485
-22.185545,14,253.665689
-17.773452,17,253.696166
-54.863942,25,253.740975
-19.42313,19,254.621195
-20.350254,11,254.64107
-7.575704,15,254.668179
-38.938211,69,254.789886
-13.288005,12,254.811481
-5.755929,19,255.838439
-28.076485,27,255.886863
-56.286308,43,255.96333
-14.654487,15,255.990527
-4.682661,21,256.028123
-11.95335,14,256.908762
9.574309,35,256.971015
-118.071141,70,257.09538
9.436402,17,258.173203
-42.004556,21,258.210795
-22.092318,16,258.239823
-1242.819865,1000,261.757221
-86.164138,57,261.858665
-13.579749,18,261.891
-41.87599,25,261.935952
4.59398,16,262.928069
-37.983481,48,263.012866
-21.618749,34,264.510238
-16.384385,10,264.528473
-26.163198,15,264.555287
-11.823919,13,264.578561
-23.374071,25,265.443926
-1208.049738,1000,268.675292
-30.684899,22,269.425934
-24.668853,44,269.503894
-7.955864,11,269.523867
-9.181332,10,269.541928
-17.747568,53,270.679481
-35.903467,20,270.719278
-13.674699,10,270.737875
-70.441242,55,270.83593
-31.715142,14,270.861188
-3.379272,14,270.886292
-40.045169,24,271.775153
-49.287856,36,271.838861
-13.4614,15,271.865991
-44.799705,27,271.913898
-72.801571,46,272.795235
-14.891667,12,272.816787
-33.770777,27,272.864842
-10.471125,20,272.900694
-19.161865,23,272.941477
-25.591905,18,272.973212
-189.803314,84,273.768688
-8.94268,20,273.806093
-7.663639,13,273.829396
-15.251785,13,273.85288
-23.204703,24,274.518291
-19.275037,17,274.548753
-776.129732,617,276.759216
-31.840394,14,276.784582
-41.165896,48,276.86932
-65.514686,62,278.059129
-23.621674,16,278.088179
-18.178227,17,278.118912
-25.685485,33,278.179575
-38.91081,56,278.28987
-77.859004,73,279.246639
-6.274472,12,279.268445
3.294974,29,279.320006
-8.835966,40,280.196092
-37.814813,51,280.289751
-3.10294,14,280.315887
-9.974968,14,280.342144
-35.070539,23,280.383792
14.407058,31,281.204658
-42.19395,25,281.250167
-13.222667,14,281.279524
-45.803157,44,281.358397
-29.542981,27,282.319339
-1232.689985,1000,285.577691
-189.693116,127,286.507363
-32.073284,18,287.018716
-67.071678,51,287.10867
-25.273936,26,287.154936
-74.104167,44,287.232692
-45.729804,27,288.332364
-949.511474,732,290.883321
-32.876288,16,291.461807
-12.871896,12,291.485574
-16.751407,23,291.530514
-43.215852,39,291.605881
-15.73717,19,291.640475
-18.24112,19,291.675013
-7.039268,35,292.49723
-21.146832,28,292.547179
-33.499408,21,292.584713
-10.088972,14,292.610062
-37.065737,14,292.635145
-30.477287,23,292.676174
-67.175319,54,293.398383
-32.442907,32,293.455997
-36.226842,22,293.49578
-49.633945,24,293.53891
-84.326591,45,294.550188
-18.253567,18,294.582456
-7.309654,12,294.604414
-47.04518,41,294.677244
-28.2606,64,295.679862
-35.232631,24,295.722783
-10.338118,18,295.755003
-8.562818,15,295.782031
-37.210823,23,295.823155
-39.159119,38,296.532266
-5.926664,11,296.555811
-12.071703,12,296.577355
-28.012982,22,296.616236
-15.716371,31,296.671261
-26.135285,15,297.545045
-16.53846,16,297.574467
-18.454982,18,297.60717
-110.820448,76,297.74325
-30.000949,48,298.707676
-56.179948,42,298.781686
-58.778302,41,298.854306
-48.960492,30,299.877007
-34.075612,29,299.929365
-18.211219,24,299.972731
-36.029868,26,300.019665
-67.258811,59,300.936063
-15.00967,15,300.963084
-175.701876,89,301.845631
-28.497522,16,301.874895
-87.550705,61,301.984562
-8.396999,23,302.025703
-43.853099,40,303.054735
-20.682462,34,303.114697
-78.401877,81,303.896671
-7.156631,12,303.9189
-10.338758,34,303.979424
-31.501528,37,304.045386
-7.17033,24,304.088066
-17.103797,26,304.999968
-80.329033,100,305.175776
-28.794098,16,305.204215
-19.730748,15,305.830977
-24.483814,12,305.8528
-55.876647,30,305.906247
-18.771368,13,305.929746
-20.544794,26,305.976119
-44.025743,31,306.031127
-21.741411,14,306.837209
-29.748932,22,306.876465
-27.770258,15,306.903713
-66.180479,59,307.008266
-22.999831,38,307.994198
-9.183277,11,308.014222
-53.462305,43,308.090003
-34.297398,57,308.190137
-20.06857,14,309.345656
-9.650735,36,309.409628
-41.399793,22,309.448856
-17.730079,16,309.477747
-41.484853,24,309.520524
-56.310405,34,310.401067
-16.220172,13,310.424502
-29.307766,21,310.463186
-61.299375,49,310.550515
-39.699736,35,311.506644
-86.04175,53,311.603813
-19.578852,13,311.628099
-899.644962,706,314.76521
-78.086718,69,314.886591
-833.018097,643,317.821028
-28.392455,14,317.84644
-49.187653,42,318.616137
-12.594672,11,318.635989
-41.906609,44,318.713951
-22.009583,30,318.76736
-64.376337,36,319.734655
-15.944618,13,319.758198
-28.259668,13,319.781537
-21.026409,15,319.808605
-4.672769,11,319.828388
-48.355227,42,319.902616
-21.197344,19,319.936456
-20.415666,14,319.961806
-101.759659,83,320.894833
-54.759556,40,320.965867
-42.074315,34,322.040887
-25.27669,12,322.062607
-27.254593,23,322.103745
-22.645495,15,322.130896
-43.553707,21,322.168689
-39.969411,19,322.202704
-23.613893,19,322.915442
-17.186436,13,322.938807
-11.076046,16,322.967495
-76.914293,112,324.019466
6.112406,30,324.073208
-21.449796,28,324.123504
-16.992983,12,324.145247
-50.79798,40,325.023404
-49.434161,52,325.11613
-34.739281,21,325.153813
-44.978044,37,325.220449
-25.622155,53,326.26927
-25.539957,28,326.319644
-20.754187,16,326.515518
-15.677353,11,326.538998
-24.301982,23,326.581863
-53.762587,25,327.442706
-28.295066,31,327.498651
-26.057106,18,327.531079
-95.206128,52,327.623398
-26.442081,18,328.507282
-16.988733,23,328.548653
-52.795548,21,328.586113
-13.093762,13,328.60997
-27.24497,35,328.672133
-16.126604,12,328.69392
-19.643392,30,329.503502
-16.101499,17,329.53433
-32.584119,16,329.563329
-54.955676,29,329.615584
-34.288088,26,329.662126
-9.513916,15,329.68919
-43.308745,26,330.373011
-42.052294,37,330.439026
-27.75957,32,330.495813
-20.009876,10,330.513948
-93.829909,69,331.577187
-19.908836,22,331.616202
-15.662708,11,331.636026
-25.593224,12,331.657633
-14.574852,19,331.691638
-12.650742,13,331.71507
-35.326354,21,332.408431
-23.474174,12,332.430335
-47.864927,24,332.473177
-45.741976,37,332.538944
-93.992487,49,332.626154
-25.287175,17,333.710218
-8.652528,16,333.738971
-29.1034,62,333.849283
-148.952749,78,334.945936
-85.073004,91,335.773561
-27.432698,37,335.839408
-20.153265,15,335.866475
-45.563396,29,335.918517
-3.50204,13,335.94218
-32.866375,45,336.872875
-20.856211,12,336.894631
-9.973695,13,336.917975
-19.346105,17,336.948476
-13.166036,14,336.97372
-33.969557,22,337.013253
-17.811243,20,337.048831
-43.658671,20,337.64495
-21.151569,10,337.663105
-38.650666,24,337.706065
-83.514377,38,337.773802
-31.761311,29,337.825786
-18.33838,13,337.84915
-33.710777,37,338.743472
-47.73043,24,338.786299
-39.910532,40,338.857487
-518.822697,365,340.711288
-119.488891,69,341.530744
-9.486224,14,341.555814
-26.049649,24,341.598423
-32.934113,21,341.63595
-27.324165,19,341.669941
-17.513185,13,341.693189
-30.287659,17,341.723661
-71.736191,39,342.385669
-153.527126,113,343.207853
-92.883387,51,343.300054
-28.748694,16,343.328865
-51.716173,32,343.385803
-11.533922,11,344.377581
-28.7122,16,344.406422
-2.236082,17,344.436974
-15.87453,11,344.456843
-15.124484,13,344.480336
-63.927323,44,344.558182
-78.553195,66,345.467878
-15.540314,12,345.489834
-9.566595,8,345.504402
-1240.63044,1000,349.118504
-19.69946,27,349.168958
-6.82792,14,349.195375
-66.781479,59,349.998281
-55.009145,66,350.115278
-44.467427,19,350.149565
-4.131097,36,351.355914
-70.906064,26,351.402696
-14.426181,20,351.43847
-197.896055,106,352.586159
-32.411703,39,352.655284
-921.504186,753,355.367006
-72.820967,48,355.45206
-7.405239,10,355.470186
-88.622037,62,356.594304
-24.81807,22,356.634073
-10.123378,12,356.655832
-26.507053,25,356.700526
-15.09102,8,356.715173
-17.724199,23,357.592173
-32.808651,21,357.629641
-12.867532,13,357.653105
-18.475703,11,357.672988
-43.76094,44,357.751294
-16.160297,23,357.792713
-18.049198,12,357.814493
-9.905867,21,358.651675
-17.781696,12,358.673419
-45.838887,36,358.737907
-33.873606,25,358.782377
-9.349551,20,358.818494
-11.506211,12,358.840246
-18.376116,13,359.622203
-22.607968,23,359.663116
-30.400093,11,359.6831
-101.753398,63,359.794847
-31.721434,20,359.830848
-14.633514,9,360.847736
-12.905652,10,360.865935
-26.427902,9,360.882308
-19.728412,31,360.937042
-1241.234782,1000,364.640398
-88.349817,53,364.734641
-58.624636,63,365.745153
-4.510386,13,365.768816
-56.291626,23,365.809924
-19.587142,14,365.835109
-4.518562,22,365.874444
-9.977218,9,365.890983
-12.682359,21,365.928293
-96.961352,57,366.672307
-22.644637,19,366.70629
-17.835622,25,366.750837
-49.908449,55,367.489614
-6.193582,11,367.509726
6.381021,30,367.563107
-47.409747,38,367.630727
-40.224727,21,367.672171
-109.989782,43,368.576005
-40.845432,31,368.63112
-31.84355,50,368.719935
-47.29936,27,369.832321
-29.001924,21,369.870134
-17.492675,9,369.886613
-69.555383,36,369.950975
-33.322241,23,369.992094
-34.264326,57,370.853348
-3.993489,17,370.883749
-19.816241,10,370.901958
-6.893335,21,370.939412
-117.978311,49,371.732298
-23.742522,23,371.773282
-107.070866,118,372.589344
-12.943921,27,372.637598
-19.762904,35,372.703542
-32.057203,23,372.744831
-15.589862,17,372.775257
-28.646257,42,373.588228
-44.448056,25,373.632631
-13.154611,10,373.651036
-18.406012,12,373.6729
-18.285019,12,373.694481
-58.072204,52,374.588706
-14.502068,33,374.647548
-1204.553179,1000,378.162512
-10.674533,19,378.197264
-33.614268,36,378.261548
-91.58856,64,379.295821
-1161.325107,1000,382.446197
-37.28158,26,383.269691
-22.017018,43,383.350101
-58.736812,29,383.401973
-36.538207,22,383.441326
-57.999397,97,384.427434
-43.965153,35,384.711054
-111.211364,64,385.945345
-49.373299,44,386.023554
-13.82808,11,386.043702
-26.373905,30,386.927773
-21.70659,17,386.95788
-21.018231,12,386.979695
-18.853801,11,386.999594
-53.392699,49,387.086515
-63.086299,55,388.021814
-63.235805,45,388.101312
-19.10488,16,388.130083
-15.109865,16,388.158913
-40.170393,24,388.2019
-16.184763,12,389.032531
-27.630017,12,389.054256
-36.182142,24,389.097277
-27.007789,24,389.140429
-26.411167,25,389.18517
-23.391092,24,389.228069
-71.622627,28,389.952418
-28.118482,14,389.977733
-37.873503,29,390.029395
-28.091094,16,390.058287
-929.193106,723,392.945789
-30.267991,40,393.017027
-135.883871,92,394.0249
-7.522087,26,394.071423
-14.066246,12,394.093149
-1035.794254,759,396.725571
-26.541125,11,396.745553
-13.883617,12,396.767359
-48.620223,45,397.336012
-21.076125,44,397.414502
-21.712515,27,397.462724
-29.4888,27,397.510975
-38.439473,26,398.44458
-32.528906,14,398.469821
-33.3607,18,398.502195
-55.058887,33,398.560869
-14.00313,40,398.63162
-13.603742,15,398.658838
0.546804,13,399.476475
-26.109393,24,399.51933
-46.570647,53,399.613742
-22.784621,25,399.65852
-160.301218,42,400.676676
-54.220397,37,400.742807
-12.933067,12,400.764533
-36.636331,18,400.797336
-20.234606,9,400.813864
-400.142323,312,402.41683
-60.002839,30,402.471662
-19.955291,16,402.500374
-61.152057,32,402.556975
-34.009711,17,402.58747
-25.7019,24,403.453695
-8.90603,25,403.498508
-21.487434,11,403.518412
-18.131073,15,403.545401
-17.100655,15,403.57247
-23.002516,13,403.595848
-28.931484,18,403.628407
-23.189789,18,404.258084
-21.459185,16,404.288116
-1204.922783,929,407.639995
-84.615532,81,408.517581
-29.668816,19,408.551723
-23.483016,14,408.577019
-98.72278,58,408.679883
-16.594376,47,409.735471
-1064.631218,797,412.551958
-114.970223,69,412.674305
-11.44057,9,412.690706
-1337.248801,1000,416.629624
-48.689424,33,417.346216
-40.699122,22,417.385791
-48.770257,26,417.431991
-44.509775,23,417.474749
-56.203473,29,417.529633
-63.003318,37,418.341256
-42.478311,23,418.382435
-17.708264,17,418.412971
-18.749435,13,418.436514
-12.904155,11,418.456451
-51.543547,30,418.51014
-6.49527,20,419.268681
-5.70111,10,419.28695
-19.562955,21,419.324517
-69.240563,40,419.396139
-47.069521,37,419.46243
-23.737574,21,420.358517
-14.547911,6,420.370138
-46.453847,31,420.426023
-150.148856,72,420.55361
-21.443824,25,421.620311
-66.818832,55,421.717449
-11.308285,17,421.748101
-31.566258,23,421.79016
-60.7183,31,422.753311
-1248.660497,1000,425.94736
-51.047136,30,426.72963
-38.979085,27,426.778583
-20.454279,20,426.814245
-53.583965,44,426.892092
-51.724659,59,427.87143
-65.309185,39,427.940921
-47.147806,16,427.969694
-44.382306,47,428.916737
-34.683988,32,428.974148
-1.743711,16,429.003049
-49.238053,24,429.046133
-16.423833,14,429.071641
-26.664922,28,429.121883
-179.207645,111,430.085766
-40.518672,38,430.808787
-9.152162,16,430.847768
-57.323351,30,430.911721
-33.342517,16,430.956001
-67.477097,35,431.11142
-11.45651,14,431.14507
-447.811141,307,432.89466
-95.190498,56,432.995739
-11.6227,12,433.017935
-0.013338,17,434.032973
-9.884584,28,434.084257
-31.117985,17,434.115392
-404.063731,272,436.344401
-44.515127,26,436.39135
-11.646612,22,436.431163
-95.841073,54,437.406525
-24.384474,59,437.513035
-61.874958,48,439.402455
-26.10357,15,439.438055
-12.050651,6,439.449358
-24.550522,28,439.51938
-26.885064,22,439.638529
-58.340301,44,440.63834
-1280.185798,1000,444.86435
-9.752625,13,444.888483
-66.377355,34,445.510988
-43.304487,27,445.559899
-11.470808,9,445.576579
-118.20095,47,445.66051
-23.941245,15,446.590109
-5.151329,13,446.614418
-50.76247,17,446.645472
-22.152913,19,446.680453
-60.635206,47,446.764998
-51.042527,24,446.808431
-18.636297,37,448.361607
-28.972331,21,448.402726
-9.961259,13,448.426145
-12.066612,45,448.505646
-5.850948,25,449.441283
-68.432278,48,449.528296
-31.275518,25,449.576718
-35.574153,25,449.621878
-21.183315,28,450.541559
-40.531289,28,450.592544
-15.129391,14,450.618476
-11.38889,39,450.688311
-90.435501,75,452.430046
-26.151119,17,452.460542
-31.610976,19,452.494612
-17.078052,11,452.514437
-1202.569748,1000,456.700021
-21.103386,18,456.732828
-40.406691,28,456.783777
-24.32073,16,456.813583
-26.510163,25,457.796371
-37.454236,34,457.857761
-62.250675,41,457.931187
-118.48858,79,459.074306
-37.05244,20,459.113555
-58.291375,78,460.843236
-11.2408,14,460.868251
-16.045979,18,460.900202
-26.072844,16,460.928698
-107.100284,100,461.934074
-55.133711,30,461.989904
-53.313978,42,462.065039
-55.844727,45,463.00005
-25.202834,20,463.036705
-10.027343,12,463.05861
-39.559445,25,463.103621
-1224.114993,1000,468.185984
-17.783202,13,468.210351
-25.825806,23,468.251337
-26.730924,13,468.274628
-36.377232,19,468.308291
-67.581546,69,469.371764
-19.269799,12,469.393814
-50.665847,44,469.472095
-63.810038,33,470.482217
-45.260666,20,470.518578
-24.164012,13,470.542596
-21.22735,12,470.564308
-169.379302,78,472.24582
-139.554831,75,472.381035
-34.740121,23,472.423559
-27.269199,18,473.24472
-47.006808,50,473.333981
-7.977145,14,473.358994
-174.744706,79,474.718493
-16.684896,29,474.770939
-8.77122,13,474.794755
-14.274881,14,474.820161
-38.622195,23,474.862146
-22.199058,12,474.883657
-40.397162,23,476.227197
-24.479524,16,476.255872
-49.254816,44,476.333778
-61.853726,22,476.372661
-25.893385,12,476.394277
-43.372024,38,477.35975
0.82307,34,477.423962
-16.875298,9,477.440429
-9.829059,61,477.548773
-65.812504,28,478.647819
-7.701905,12,478.672312
-13.266371,11,478.699289
-17.822448,33,478.766897
-1195.135164,1000,483.159673
-86.961966,53,483.478434
-13.183159,14,483.56334
-50.585581,46,485.000859
-24.485478,31,485.056017
9.691339,23,485.096866
-21.691171,30,485.150286
-65.323145,64,486.08482
-42.208917,31,486.140371
-53.34392,49,486.879069
-73.177049,44,486.958605
-27.193278,18,486.991005
-15.853805,22,487.030267
-25.030218,16,487.059021
-20.281235,33,488.549133
-16.946582,23,488.590067
-2.348233,16,488.618641
-96.870376,54,488.713656
-180.565517,202,490.135175
-32.610182,16,490.164403
-75.00296,44,490.243455
-17.580026,9,490.260599
-0.26052,12,490.28312
-78.714793,40,491.81074
-18.19652,34,492.014905
-4.787362,15,492.100368
-52.503358,41,493.149774
-34.926649,21,493.187672
-15.722649,32,493.248151
-63.060867,54,493.343605
-32.497287,29,494.347009
-48.246275,21,494.385062
-19.223369,18,494.417504
-110.415702,52,494.509716
-35.952276,36,496.064898
-66.551259,46,496.166146
-6.78329,11,496.186095
-86.04083,63,497.47193
-49.334986,38,497.540378
-51.36402,62,497.650471
2.979009,47,498.754824
-18.931923,13,498.778759
-18.80934,20,498.815204
-17.600221,16,498.844355
-46.389516,21,498.882447
-44.855499,20,498.918157
-33.03286,44,500.26633
-55.508525,27,500.314314
-22.90968,24,500.356948
-33.490756,26,500.403002
-22.41192,20,500.438606
-75.570969,33,501.238221
-29.024288,23,501.279863
-112.046144,50,501.368679
-17.23763,15,501.395704
-35.54472,29,502.312936
-17.079942,11,502.333491
-27.953566,13,502.357155
-13.05376,9,502.373614
-9.739608,16,502.403396
-27.376285,23,502.444457
-18.667337,17,502.475573
-32.409478,29,503.30759
-54.899244,36,503.52484
-9.706201,14,503.609948
-10.759813,13,503.688613
-100.422799,76,505.099432
-28.483384,30,505.152217
-30.897246,16,505.180626
-47.458459,66,506.043139
-38.474323,21,506.080941
-51.62813,30,506.134045
-18.818931,15,506.16083
-83.145289,45,506.240146
-35.472225,25,507.215433
-9.873802,12,507.237128
-108.620162,78,507.374177
-54.764537,29,508.241707
-89.927743,54,508.336811
-25.95148,15,508.363715
-61.475209,40,508.436279
-65.517132,61,509.564636
-26.205286,17,509.595568
-66.547346,35,509.657581
-15.763121,13,509.680861
-31.019661,14,509.706002
-58.319935,34,510.798527
-14.62405,14,510.823666
-71.522852,45,510.902429
-53.888903,19,510.936102
-17.919742,18,510.968256
-50.734088,26,511.888582
-18.016,16,511.918443
-41.396438,23,511.960922
-86.360132,54,512.058394
-56.077575,39,512.993037
-9.042887,11,513.01288
-19.198773,32,513.06928
-28.250777,22,513.108247
-23.609583,13,513.131469
-12.539507,13,513.154817
-13.605898,10,513.172851
-13.799858,10,513.940583
-127.552988,60,514.047158
-9.001481,15,514.074039
-37.863045,31,514.128931
-76.001488,47,515.243629
-54.559277,30,515.300593
-37.308568,18,515.332686
-64.596293,66,516.212368
-15.36327,17,516.242681
-26.81559,33,516.300536
-85.360146,53,516.395919
-41.14082,66,517.449394
-38.989186,47,517.531528
-34.406158,47,518.502432
-20.855377,16,518.531057
-76.35773,50,518.618307
-20.80267,15,518.645032
-24.648275,13,518.668173
-78.362105,67,519.845527
-20.340681,13,519.868672
-42.488882,56,520.769408
-11.03952,13,520.793022
-33.280689,18,520.825169
-89.865196,47,520.908112
-14.55663,22,520.947462
-21.674014,14,520.972682
-47.163566,34,521.879559
-21.47047,9,521.8959
-21.424738,22,521.934856
-21.521276,50,522.026936
-82.864284,49,523.648093
-1283.203175,1000,526.749607
-19.226268,15,527.484065
-12.116861,10,527.502096
-35.997805,44,527.579829
-38.789609,22,527.618709
-55.678156,55,528.782387
-14.848248,9,528.798815
-25.55789,18,528.830692
-99.577885,91,529.671838
-34.066406,29,529.723373
-18.181231,29,529.774689
-16.651971,25,529.819105
-13.259931,11,529.83899
-1225.875688,1000,534.073127
-28.047057,13,534.097708
-1148.034866,1000,537.622612
-22.421504,10,537.641258
-46.172117,18,537.673034
-22.230327,46,538.441733
-26.392855,12,538.463312
-18.782582,16,538.49195
-6.353386,15,538.518841
-109.793479,67,538.636384
-22.805419,13,539.612404
-10.819739,8,539.627103
-25.239805,27,539.674637
-1303.55707,1000,543.286723
-40.654658,18,543.319336
-11.849515,9,543.33566
-54.00633,42,543.40986
-5.927249,9,543.426414
-28.61806,12,543.448092
-16.969966,10,543.466039
-47.328464,46,544.330031
-16.494959,13,544.353347
-64.162571,44,544.431035
-53.576198,38,545.473303
-59.081073,33,545.531521
-30.331901,25,545.575822
-22.675298,11,545.59556
-20.535368,16,545.624024
-14.998374,9,545.640296
-32.759971,13,545.663483
-23.666557,25,546.401082
-1153.634074,853,549.266197
-2.362118,42,549.98183
-59.587807,39,550.050766
-21.683724,16,550.079267
-23.927771,14,550.104191
-24.094975,13,550.127347
-16.545392,36,550.190528
-43.219713,30,551.088925
-10.942297,17,551.120412
-18.010606,19,551.155501
-19.251736,15,551.183246
-9.654301,11,551.203643
-6.461814,9,551.219915
-28.360996,19,551.253465
-92.353941,80,551.988433
-30.513685,21,552.025721
-21.23398,13,552.050961
-29.295611,22,552.090288
-54.516962,44,553.102998
-38.226764,65,553.217628
-22.808816,38,554.378985
-27.646745,13,554.402524
-23.924364,23,554.443358
-39.23803,33,554.501395
-17.906632,9,554.517735
-68.382392,59,555.448411
-50.439535,32,555.504952
-39.478626,21,555.542086
-129.596823,72,556.675584
-28.855505,19,556.709699
-25.967887,13,556.732874
-1301.325197,1000,560.84484
-25.212919,20,560.881137
-12.127825,8,560.895708
-40.687123,27,560.943767
-36.015807,25,560.988089
-97.516923,62,561.846606
-82.753769,66,561.961787
-22.77544,10,561.980508
-21.183738,15,563.070857
-46.204611,25,563.116997
-16.574966,11,563.136966
-34.468493,30,563.190687
-16.447761,14,563.215704
-27.366793,25,563.259939
-44.673759,40,564.083701
-31.813646,19,564.117527
-54.096355,31,564.172189
-42.561222,45,564.25152
-42.985648,36,565.134874
-48.586311,47,565.221326
-17.553268,14,565.246174
-49.506317,30,565.308201
-66.751007,37,566.277125
-20.578673,13,566.30028
-193.193639,120,567.383914
-14.497369,11,567.403614
-41.897385,26,567.44964
-44.152712,28,567.49917
-25.264099,27,567.54719
-12.941082,22,568.380432
-24.416225,20,568.415816
-39.004627,30,568.468717
-2.461694,19,568.50236
-23.922816,23,568.542974
-9.528366,14,568.567906
-9.190206,11,569.28782
-8.442461,10,569.305855
-15.254051,10,569.323892
-1279.508201,1000,573.506793
-1195.755547,1000,576.772195
-118.173325,76,577.508842
-19.86452,18,577.540821
-15.078875,28,577.592685
-92.83139,76,579.095022
-56.954913,29,579.146142
-63.116041,57,580.013863
-1220.095195,1000,583.33432
-51.9768,55,583.937102
-22.079124,36,584.00045
-25.302968,39,584.069164
-29.430704,14,584.094035
-44.173348,43,585.077446
-102.480214,58,585.179182
-75.605951,45,586.219087
-255.226066,238,587.325435
-55.820181,34,588.038728
-17.866364,13,588.06219
-16.942481,13,588.085431
-32.109584,16,588.114093
-17.553696,10,588.132267
-16.998575,11,588.152119
-70.731943,49,588.947032
-102.039606,73,589.078545
-38.674504,32,589.135032
-124.088303,98,590.19266
-23.072677,18,590.224762
-18.239364,31,591.007785
-9.945935,9,591.024321
-70.598285,26,591.0703
-6.004424,12,591.09197
-30.720132,25,591.136132
-55.940882,54,592.10663
-21.993543,15,592.133609
-53.146075,36,592.197442
-85.215851,48,592.28194
-45.799726,33,593.257997
-158.945806,96,593.426103
-36.471713,37,594.372565
-120.102781,82,594.51592
-18.67319,12,594.537363
-35.741024,33,595.3836
-28.063379,17,595.413985
-48.957562,32,595.470112
-12.902176,18,595.501849
-5.191693,11,595.521697
-5.517119,8,595.536275
-41.585042,31,596.278011
-29.789959,18,596.310107
-21.402145,43,596.385702
-19.910974,16,596.414511
-10.369862,13,596.437942
-36.408626,31,596.492682
-76.456066,69,597.470282
-54.503462,53,597.563152
-11.385928,11,598.655074
-15.007858,11,598.675213
-14.224663,13,598.700031
-20.484589,11,598.719889
-27.913389,28,598.770108
-31.185652,29,598.823213
-1122.53448,1000,603.02215
-14.105912,12,603.044409
-15.596734,21,603.082658
-20.686126,19,603.117805
-108.754954,51,604.188432
-1099.165842,1000,608.351178
-80.250738,68,608.47126
-25.782752,16,608.5001
-31.760952,22,609.571172
-27.435714,28,609.620971
-23.33667,42,609.695
-24.857661,12,609.716618
-1152.187169,1000,613.488352
-1070.785732,1000,617.111017
-35.026642,24,617.262807
-90.963002,60,617.622583
-92.650333,48,618.913923
-28.369385,21,618.951442
-11.350044,38,619.019816
-6.354148,13,619.043087
-50.470864,44,620.10381
-91.787141,55,620.200413
-45.622241,30,620.253571
-68.973072,68,621.400696
-20.306402,20,621.436393
-52.39308,24,621.47888
-6.811258,11,621.498662
-57.358624,58,622.592715
-12.991016,11,622.612477
-55.480116,31,622.671985
-49.16489,30,622.725164
-72.375412,62,623.720339
-51.574544,51,623.810096
-4.610871,12,623.831596
-40.659648,26,624.721552
-46.781141,31,624.776616
-31.184397,39,624.882965
-6.416263,18,624.991453
-4.417184,12,625.063342
-61.619559,30,626.494232
-100.453164,77,626.629334
-7.633927,23,626.669788
-14.92512,11,626.689472
-13.076439,16,627.624855
-9.613635,15,627.651691
-73.194481,44,627.729343
-10.1163,9,627.745684
-58.895927,21,627.783021
-5.76646,15,627.810103
-31.175444,29,628.588373
0.661718,27,628.636191
-61.876895,49,628.722161
-6.240542,8,628.736519
-14.582369,16,628.76482
-53.461941,35,629.702207
-41.619674,32,629.75858
-17.683749,10,629.776613
-21.102271,67,629.896981
-113.483683,66,631.139896
-1077.813984,1000,635.355974
-4.256766,20,635.392287
-11.859056,9,635.408628
-17.405861,33,635.466947
-67.967384,65,636.483242
-22.213449,17,636.514901
-6.850667,28,636.565285
2.840224,53,637.544608
-117.093058,140,638.582477
-11.439607,19,638.616307
-2.166928,19,638.649913
-12.008661,12,638.671505
-104.212802,58,640.257947
-110.584722,63,640.368874
-13.245401,13,640.39212
-19.960158,14,640.417252
-11.022061,18,640.449229
-42.251374,27,641.431666
-10.777708,13,641.455088
-35.524358,31,641.510191
-19.341777,10,641.528417
-25.158353,31,641.583524
-45.275135,42,642.533225
-37.43587,25,642.577581
-26.263776,17,642.608105
-24.164067,24,642.650715
-18.407047,20,642.686506
-41.660815,59,643.52681
-97.970928,48,643.611313
3.558074,51,643.700876
-49.353365,49,644.867917
-44.032878,24,644.910752
-17.447267,11,644.930751
-70.031159,61,646.1292
-195.526762,192,647.064204
-3.916444,28,647.113933
-74.382983,68,647.918881
-81.040495,61,648.026013
-95.415211,55,649.277677
-50.549713,48,649.36609
-41.031117,29,649.417337
-10.837625,10,649.435319
-62.141159,65,650.46386
-11.09763,14,650.489194
-57.355892,43,650.565606
-22.595926,22,651.532453
-11.653835,15,651.559341
-32.328043,52,651.651999
-29.8512,19,651.685898
-157.456197,102,653.507846
-46.78014,34,653.568439
-53.500205,55,654.466876
-1043.382394,1000,657.843505
-62.948651,134,659.38641
-1011.237101,1000,662.666837
-37.332256,43,663.343627
-87.679421,87,663.499879
-17.695822,14,665.085085
-70.15506,67,665.202827
-60.551375,53,665.296398
-53.322191,60,666.392404
-40.414194,41,666.468911
-14.813886,50,667.31179
-16.155969,33,667.370263
-25.179109,26,667.416182
28.598111,62,668.37965
-32.631321,55,668.477618
-197.160559,174,669.802667
-10.466807,13,669.825872
-23.209193,13,670.868642
-42.978129,25,671.018627
-49.690192,36,671.233356
-19.375452,15,671.323504
-13.982972,20,671.443936
-40.1441,30,672.505229
-1009.85229,1000,675.860683
-27.781611,22,676.597202
-5.103268,17,676.62796
-15.012566,27,676.67563
-14.406784,19,676.709451
-31.054104,37,676.774719
-47.283963,41,677.639296
-32.206877,14,677.664189
-37.377486,69,677.907536
-40.137167,64,679.560193
-24.230043,11,679.580191
-35.491859,34,679.645339
-958.222044,1000,683.297841
-966.920958,1000,686.846451
-5.793805,8,686.861692
-888.398099,1000,697.798815
-33.719348,34,697.859182
-81.353436,93,698.924084
-58.331916,39,698.992515
-922.266482,1000,702.558094
-65.245226,81,702.700891
-18.520953,14,702.725935
-55.500741,42,703.703143
-33.274983,76,703.837148
-34.921873,40,704.947086
-150.103262,185,705.913364
-93.604672,117,706.792201
-899.687752,1000,710.919928
-34.240403,48,711.005138
-4.634452,22,711.045714
-15.007789,11,712.128162
-12.765945,25,712.172695
-69.922554,61,712.280457
-21.195118,50,713.502804
1.190766,29,713.554283
-43.737388,74,713.684459
-37.594552,44,714.649774
-874.354595,1000,718.710148
-29.617652,33,718.769219
-8.599789,22,718.808601
-72.616223,88,720.015323
-96.090841,82,720.160302
-99.510346,82,721.111079
-27.306007,23,721.151919
-65.469694,47,722.043853
-46.473543,67,722.162184
-870.703711,1000,727.011819
-29.987875,50,727.100327
-767.447947,1000,730.887507
-28.262835,46,730.969144
-10.794071,9,730.985672
-20.71561,55,732.229574
-28.633181,27,732.277035
-13.610623,36,732.340364
-70.287007,69,733.322859
-49.772051,120,734.221457
-4.416519,10,734.239264
-76.755889,48,734.322609
-59.060485,48,735.9605
-73.815454,57,736.060418
-10.983983,20,736.096057
-759.776377,1000,739.821356
-86.63217,56,740.583623
-54.340499,29,740.679546
-51.711134,42,740.929764
-4.937864,14,741.014749
-39.815491,42,742.498166
-129.706846,238,743.581383
-71.402198,76,744.398877
-25.387983,50,744.486387
-861.321048,1000,755.247139
-81.33206,95,756.038326
-51.985092,96,756.868786
-41.029401,42,756.942662
-53.930017,134,757.940927
-91.852985,86,758.739728
-36.093822,69,758.860454
-119.901397,96,760.081878
-123.064988,126,760.90153
-177.629628,150,761.8613
-18.961702,62,762.634181
-9.409311,32,762.690255
-57.078201,47,762.77277
-11.606447,13,762.79585
20.943085,50,763.808294
-2.848463,40,763.878275
-28.117613,32,763.93447
-23.940747,31,764.884437
-11.900827,14,764.909497
-76.252396,77,765.043568
-57.812235,87,766.236734
-83.613911,106,767.145928
-40.690514,65,767.259342
-803.263522,1000,771.870474
-15.049859,9,771.887255
-30.957047,30,771.94015
-35.352739,22,772.726571
-83.11043,96,772.894777
-6.349158,27,774.02299
-41.788983,51,774.111831
-29.304115,35,774.174699
-16.668488,26,774.220483
-27.37248,98,775.349683
-50.679704,46,776.053263
-2.761115,51,776.142806
-789.749436,1000,780.576481
-69.949867,79,780.715159
-62.780306,91,781.777899
-6.392358,27,781.82545
-18.861159,27,782.959485
6.682843,22,782.998281
-42.579545,46,783.081001
-50.284748,49,783.166362
-27.48327,25,784.229619
-74.209603,105,784.413233
-28.068236,23,785.109399
-42.843737,47,785.191365
-77.406763,87,786.972061
-61.674532,77,787.106807
-50.740658,38,787.866507
-72.563531,116,788.067821
-5.720855,25,788.865403
-1.905073,13,788.888716
-134.721565,100,789.726996
-117.90869,211,790.694176
-31.843963,214,791.826042
-62.00991,64,791.938195
-67.836925,78,793.20559
-96.823459,58,793.30638
-32.001721,70,794.488563
-17.29532,28,794.609868
-20.279064,30,794.787093
-38.545512,67,796.444428
-26.01793,14,796.469032
-11.334804,13,796.491991
-98.249043,78,797.26137
-110.715256,99,798.025757
-28.113944,31,798.080352
-19.10883,47,798.163034
-775.698989,1000,802.654082
-18.118213,19,802.688202
-769.589628,1000,806.150937
-698.975765,1000,810.332886
-41.130885,85,810.48513
-8.219508,13,811.530094
-21.457853,42,811.60325
-739.043581,1000,821.008814
-43.124519,72,821.134967
-24.525355,45,821.84075
-670.160977,1000,825.032398
-668.314697,1000,829.164301
-656.649738,1000,832.495809
-96.962867,146,833.434832
-38.789466,52,834.862503
-91.422406,182,835.792639
-31.564493,55,835.887877
-139.185092,218,837.433365
-2.010324,114,838.322954
-74.840295,68,839.134925
-14.125035,52,839.225656
-23.179597,20,839.260554
-11.724309,61,841.038856
-102.398691,108,841.229036
-56.91938,123,842.47507
-23.272872,30,843.056514
2.784638,39,843.12416
-22.275687,12,843.145378
-650.20544,1000,846.604969
-18.120665,29,846.655729
-11.150683,10,846.67337
-67.84924,86,847.660029
-2.141996,21,847.696668
-659.579241,1000,851.9143
9.801861,65,852.027894
-16.726874,27,852.076609
-28.042165,27,853.154078
-18.106027,15,853.180853
-33.950099,51,853.269789
-49.914899,69,854.269047
-132.123328,141,855.096296
-236.040766,174,856.710758
11.044008,112,857.434779
-53.618129,49,857.522722
-140.66667,135,858.925995
-70.985861,81,859.065112
-111.710128,135,860.38082
-42.029161,57,861.091168
-10.983575,26,861.135888
-28.90997,15,861.161836
-6.81691,16,861.189581
-636.999829,1000,865.387894
-26.319175,72,865.511591
-4.68643,15,866.603361
-15.706025,26,866.648155
-27.660972,36,866.709423
-58.063709,141,867.878813
-19.691419,21,867.915739
-59.399597,74,868.775311
-24.515703,28,868.823422
-557.043184,1000,879.015523
-18.746009,23,879.055411
5.651001,64,880.017802
-10.526957,34,880.07528
-529.675877,1000,884.115781
-92.759936,130,884.81071
-12.965142,74,884.935009
-37.319385,42,885.761795
-31.002989,24,885.802353
-15.510822,21,885.83801
-28.782754,18,885.868417
-35.220565,35,885.927287
-20.177584,81,886.786001
-9.031686,36,886.846411
-38.728083,18,886.876761
-35.090697,55,888.001018
-21.596073,27,888.050664
-528.609897,1000,892.114592
-66.145349,167,893.076041
-72.043974,86,893.755001
-33.136342,77,893.884299
6.112856,23,894.580309
-57.405677,236,895.713515
-29.285032,64,895.82084
-466.613127,1000,900.264576
-9.298787,13,900.287472
-20.572846,31,900.340134
-14.294022,20,900.374236
-121.427006,144,901.469272
-58.753237,106,902.238776
-520.698465,1000,906.154816
-67.348982,134,906.992402
-443.825957,1000,910.909068
-56.820077,181,911.901188
-93.813008,115,912.749014
-30.413453,50,913.359191
-10.818168,48,913.44181
-9.95857,32,913.497
-11.530657,19,913.530007
-6.985397,16,914.350291
-21.272458,29,914.403989
-18.524251,90,914.559115
-48.838515,49,915.532516
5.411407,69,915.651513
-62.873707,105,916.901655
-465.638307,1000,920.265612
-198.412504,247,921.997705
-18.545022,26,922.151583
-34.344362,123,923.334311
-4.146376,10,923.352006
-11.013086,44,924.10292
-2.057469,46,924.182691
-48.553186,126,925.516441
-35.081925,30,925.567809
-20.037728,41,925.637834
-604.045044,1000,936.083342
-31.324304,111,936.823609
-15.143022,44,936.899533
-8.265357,10,938.127866
-0.055504,12,938.149178
-551.910537,1000,942.005611
3.005126,35,942.68425
-35.692467,70,942.804402
2.332418,29,943.860933
-55.84657,76,943.995091
-406.630136,1000,948.50218
-9.660565,146,949.53931
-14.933727,28,949.594949
-40.093519,88,950.531723
5.597408,23,950.571869
-50.974524,76,951.437571
-34.75704,30,951.48975
-13.126739,25,951.533223
-19.593971,29,951.583521
-262.119849,1000,955.103458
-12.605885,26,955.149567
-3.798516,18,956.735712
-19.835673,54,956.828952
-46.082617,84,958.057761
-44.903429,39,958.12493
-197.044191,1000,961.599781
-6.401653,33,961.657348
3.01545,24,961.698812
-349.095029,1000,965.202758
16.493816,69,965.951092
-12.886461,217,967.706247
-35.552586,34,968.338657
3.470215,51,968.426895
-65.994815,116,969.71135
-107.157498,265,970.967396
1.693247,15,970.997565
-25.938978,58,971.097908
12.286405,39,972.412841
-24.223099,26,972.45809
-15.389147,47,972.53898
-22.38316,116,973.635303
-0.102482,24,973.677041
-63.198783,166,974.87539
-5.741038,33,974.932734
-2.506447,82,975.687643
-19.32426,16,975.715765
-5.619558,16,975.743818
21.50531,178,976.960036
9.570719,59,978.327897
-9.288141,69,978.446331
-49.304968,75,979.667325
-7.646409,18,979.698908
-4.466425,58,979.799135
-363.274096,1000,983.518122
-327.906631,813,994.723231
-18.295783,42,994.797798
-64.56208,181,996.013603
-35.713628,114,997.440275
-23.200705,47,998.171909
-28.927625,44,998.249526
-341.31782,1000,1002.72842
-2.033851,93,1002.891784
-13.761461,63,1004.532976
-19.321179,44,1004.791267
-0.094904,24,1005.995399
1.182616,73,1006.121953
-22.052293,26,1006.16686
-8.222329,52,1007.302755
-5.809423,19,1007.340007
-31.652463,32,1007.39566
-87.287675,152,1009.229271
-283.881957,1000,1013.400539
-17.010254,91,1014.332982
-17.494975,45,1014.411553
4.721401,46,1015.468176
-51.642503,116,1015.672318
15.033981,75,1016.941538
-3.46663,17,1017.041926
-77.059108,73,1018.344717
-36.696228,152,1019.157162
-5.723829,12,1019.178586
-14.200758,30,1019.231512
16.085748,50,1020.033777
-16.246498,26,1020.097991
-7.424456,15,1020.190043
-22.221547,55,1020.520364
-9.817272,19,1021.855586
-65.27878,101,1022.031838
20.442687,182,1023.464186
-5.819484,17,1023.494283
-42.648632,63,1023.603939
-10.455301,17,1023.633719
1.241642,142,1025.663545
-27.964313,143,1026.51946
-1.370375,71,1026.644152
0.594441,23,1026.68462
-5.984606,11,1027.595838
-29.853147,69,1027.717623
-272.02749,1000,1032.80817
-26.512017,91,1033.808896
-477.832462,1000,1037.678328
-3.453182,21,1038.268019
0.691401,40,1038.338797
-1.311665,21,1038.375634
11.057409,77,1039.49778
-46.174458,91,1039.661311
-5.001376,20,1041.236521
-16.080477,26,1041.281665
-45.132516,125,1042.476071
-21.113956,89,1042.631304
-20.915677,42,1043.268586
-6.488896,69,1043.388935
-18.055136,172,1045.561806
7.279279,53,1045.653791
-19.477272,62,1045.760921
-2.833479,27,1046.903636
4.670386,35,1046.964712
-15.006562,21,1047.001857
-2.624339,40,1047.071059
-12.009719,182,1049.162896
-5.952244,12,1049.184172
-50.803073,84,1050.082123
-101.457779,174,1050.974849
-8.471076,26,1051.019805
-17.954882,33,1051.077001
2.581541,34,1052.192194
-4.968799,13,1052.273398
-35.52009,179,1053.620655
-8.725409,36,1053.68258
12.902419,43,1054.576477
-5.898978,24,1054.618162
-24.121977,125,1055.482922
-46.925223,148,1057.139525
-73.837285,163,1058.097138
-385.899393,1000,1070.251606
8.310952,84,1070.958392
9.554526,53,1071.050434
-30.410647,199,1073.231463
-46.356161,220,1074.421902
4.002412,70,1074.543498
-39.75049,100,1075.953757
-8.967114,15,1076.022461
-22.744672,26,1076.175534
-39.937371,102,1077.638913
-11.639409,14,1077.66366
-262.949365,1000,1081.692315
-12.987528,39,1081.760792
-8.159335,45,1082.667121
-18.322023,102,1082.843991
-0.683746,34,1083.695644
-283.127848,1000,1087.579993
8.182632,60,1089.079635
-14.268637,24,1089.121681
-140.594917,301,1090.887206
1.215182,32,1091.561071
-48.079816,152,1092.479883
-13.883647,57,1092.579138
-16.070816,24,1094.207297
-15.802016,39,1094.279029
-57.522492,306,1095.957911
-74.722405,176,1097.031326
-18.412748,23,1097.072466
-34.094698,77,1097.206164
14.041626,54,1099.020253
-28.250066,116,1099.847853
-30.485292,64,1099.958512
2.314042,18,1099.990094
-272.892192,1000,1104.40664
-5.52785,25,1104.450968
2.39115,41,1105.386192
-14.707738,130,1106.567931
-215.22655,1000,1110.726651
-3.782021,13,1110.809237
-1.862911,19,1110.917567
18.319148,52,1111.0109
11.655263,142,1112.178458
-15.983221,98,1112.889964
-5.758704,73,1113.748901
2.689241,14,1113.773857
-8.413572,30,1113.826002
-16.135773,84,1114.754704
11.418902,162,1116.317509
-17.950543,48,1116.404591
-22.852567,70,1117.642578
-265.703477,1000,1121.788288
-45.108139,158,1122.722472
7.102917,41,1122.793791
21.258167,135,1123.800288
-42.98854,167,1125.519414
-26.621748,41,1125.590968
-33.291291,121,1134.332505
-71.626663,311,1135.690337
-51.224184,105,1136.481568
-57.314454,235,1137.714689
-184.201401,1000,1141.085841
-21.046496,39,1141.154825
48.082941,265,1142.602668
-13.182315,112,1143.485382
-125.656697,1000,1146.852326
-28.251837,66,1146.967468
-81.834139,1000,1150.721825
-118.933179,1000,1154.179262
-3.964092,77,1154.990647
-89.84763,1000,1158.295611
7.336245,29,1158.909579
-23.140163,145,1159.869716
-4.23614,41,1159.9411
-3.435868,22,1159.979469
-6.064274,79,1161.05942
-80.357528,1000,1164.436963
9.200423,99,1164.609549
-34.304109,1000,1168.271703
-61.16153,247,1169.544895
5.481714,1000,1172.985567
-55.271633,1000,1183.1024
18.059732,124,1183.961834
-2.28971,17,1183.991771
-0.129155,1000,1187.556372
-85.170712,552,1189.576933
-3.424168,37,1189.64342
-27.250716,1000,1193.21816
-13.202549,36,1193.281229
-51.612975,86,1194.325305
-7.083062,18,1194.356627
58.862368,1000,1197.907151
20.516487,82,1198.67717
58.704709,234,1199.698656
44.156041,1000,1203.101392
15.525051,119,1203.798661
2.50971,136,1204.634231
43.931596,142,1205.383642
79.988821,264,1206.632386
72.000054,174,1207.683034
120.562436,492,1209.607965
36.805234,133,1210.396631
-12.167172,168,1211.210666
17.26039,153,1212.172352
55.785234,1000,1215.578432
-6.523328,80,1216.420699
21.70186,254,1217.61443
-41.418723,56,1217.71167
58.002465,1000,1228.47648
5.670184,562,1230.57289
-21.219534,37,1231.904963
1.500688,152,1232.837139
-3.948277,1000,1236.936453
1.716682,13,1236.961483
27.912138,110,1237.153442
89.81162,499,1239.866371
37.270097,1000,1243.889464
129.310914,1000,1247.28409
66.714678,133,1248.218931
18.980971,207,1249.396808
22.705783,72,1249.520049
-10.699728,94,1250.718773
29.016089,442,1252.439407
-15.992458,70,1253.163841
65.032992,244,1254.514229
30.494083,130,1255.475664
-18.123394,59,1255.576705
153.845247,1000,1259.244872
117.323147,910,1262.339828
25.805159,19,1262.372739
-14.818544,31,1263.389006
134.013614,1000,1266.630269
119.628121,1000,1276.728039
72.019112,189,1277.689596
11.112368,24,1277.731303
143.587698,1000,1281.018606
45.488761,164,1281.894068
1.304153,10,1281.915449
78.653752,233,1283.276885
159.09155,229,1284.479459
-6.218098,182,1285.393502
-5.146996,32,1285.448505
130.81838,1000,1289.017448
3.898898,22,1289.056126
120.740909,1000,1292.380996
28.053721,149,1293.235017
-18.026786,22,1293.953818
6.883396,137,1294.850581
20.985883,51,1294.938245
61.841193,302,1296.701454
42.441101,159,1297.78463
194.737349,1000,1300.937903
2.602905,73,1301.649852
243.046825,1000,1305.057829
3.086972,42,1305.130454
13.932582,55,1306.010671
-13.233343,91,1306.16712
15.538582,59,1307.301723
252.654349,1000,1310.623163
13.653986,46,1310.702772
238.219978,1000,1314.366539
22.509514,61,1314.472382
310.119784,1000,1324.851487
107.34967,227,1326.052924
256.4086,1000,1329.411678
-7.782644,436,1331.139295
-2.010913,49,1331.223653
-7.68986,24,1332.265126
7.176058,155,1333.189577
3.473471,160,1334.088334
274.867994,1000,1337.496991
34.926444,184,1338.474184
17.007117,46,1339.110614
45.191789,150,1339.9231
211.73159,1000,1343.262648
23.415528,18,1343.294742
242.015787,1000,1346.611877
98.233443,287,1347.863296
1.838677,28,1347.913853
48.860446,161,1348.925543
179.94372,579,1351.098851
315.610118,1000,1354.529268
-9.092582,35,1354.590783
68.985917,250,1355.996451
59.976663,331,1357.44483
62.298232,348,1358.913984
31.55514,126,1359.817544
107.899659,272,1361.128389
163.182446,673,1363.532719
252.337526,1000,1373.486006
25.484778,48,1374.204588
260.127031,1000,1377.532053
67.452039,213,1378.598247
51.934077,179,1379.70905
109.889529,142,1380.556641
78.735435,171,1381.406725
10.480674,62,1382.310085
300.097525,1000,1385.578173
20.682979,54,1386.220756
51.294636,151,1387.072959
147.55367,425,1388.813496
4.506243,16,1388.841793
138.191126,218,1389.745843
173.782324,477,1391.662608
21.85344,56,1391.759363
58.851008,165,1393.195513
244.954558,692,1395.511841
265.33733,622,1397.772151
43.383987,417,1399.387645
75.187315,305,1400.81737
112.364727,277,1402.216476
75.609188,388,1403.849427
185.10626,551,1405.870526
37.126677,43,1405.944971
41.835477,114,1407.164575
62.475047,277,1408.436494
-17.339605,72,1409.134971
-28.079554,57,1409.233301
156.653711,470,1411.526949
123.99805,359,1413.163122
34.921427,257,1421.158671
32.151395,165,1422.02491
54.157895,248,1423.305388
5.157605,31,1423.359164
2.462511,225,1424.687448
5.645678,72,1425.501549
65.792069,292,1426.698413
113.336117,276,1427.936981
103.746956,505,1429.964449
258.161404,687,1432.440613
279.283972,1000,1435.78025
70.453817,168,1436.69977
173.578501,601,1439.008481
111.961239,351,1440.496912
330.803634,1000,1443.908738
377.818914,1000,1447.148615
90.860687,315,1448.397545
345.649762,1000,1451.813419
56.715868,124,1452.73343
198.181241,554,1454.72086
327.938867,1000,1458.037578
340.345926,1000,1468.194357
34.311388,62,1468.302375
232.320283,642,1470.984138
428.85902,1000,1474.368788
57.404785,105,1475.220941
20.105546,51,1475.308158
363.695382,1000,1478.967351
385.889523,1000,1482.390729
221.045337,772,1485.142194
17.169241,24,1485.183458
157.5505,381,1486.841904
44.561053,94,1487.698066
46.391501,133,1488.53013
500.457344,1000,1491.903768
190.875199,278,1493.089407
362.412125,1000,1496.457137
474.231354,1000,1499.523487
486.758771,1000,1509.562865
33.954546,71,1510.327399
396.40822,917,1513.417552
236.833262,369,1514.986304
447.270486,1000,1518.405052
303.955238,544,1520.377586
123.905786,188,1521.328105
438.138283,1000,1524.757502
374.807809,1000,1528.076135
159.126095,242,1529.316464
449.834865,818,1532.110285
460.007973,1000,1535.394523
136.189006,343,1536.882667
116.055101,248,1538.084378
41.622179,85,1538.230898
117.655992,293,1539.792019
452.549185,1000,1543.078343
86.884521,289,1544.426075
410.010352,1000,1554.32585
408.111242,1000,1557.493046
164.213167,311,1558.978015
233.201286,337,1560.39535
138.38691,305,1561.895505
115.436679,249,1563.099922
66.953182,150,1563.95763
215.052105,515,1565.879892
424.633347,1000,1569.265674
440.665808,1000,1572.704196
450.053128,1000,1576.006709
148.927424,405,1577.795257
55.346827,96,1577.964485
49.740331,162,1578.942211
308.790245,754,1581.597297
55.101399,82,1581.739887
300.636846,600,1584.481978
544.917823,1000,1587.761344
245.050385,519,1596.457237
636.787165,1000,1599.711256
512.49252,1000,1603.055488
621.403662,1000,1606.376759
241.606471,444,1608.147361
589.915209,860,1610.97451
370.146092,699,1613.405493
527.608208,1000,1616.70845
636.888982,1000,1619.998095
1.993486,53,1620.665854
260.029421,377,1622.224118
152.73934,259,1623.407619
225.459199,428,1625.107336
348.403187,769,1627.777565
518.277686,955,1637.745975
530.44922,813,1640.54426
346.655436,584,1642.808982
581.475026,868,1645.701463
537.196655,1000,1648.989219
421.905028,560,1651.061196
109.544497,161,1652.160996
716.2548,1000,1655.364476
234.523557,387,1657.004955
540.053222,1000,1660.279849
581.010366,1000,1663.661939
18.998454,72,1664.422777
628.41279,1000,1667.752882
311.711085,584,1669.89854
14.240094,19,1669.931725
77.545307,128,1670.845883
491.318413,1000,1680.870788
606.282381,1000,1684.208538
37.90865,64,1684.319676
137.465443,210,1685.989801
533.112227,1000,1689.473073
561.606244,1000,1692.926097
559.279753,1000,1696.103238
379.658782,711,1698.694968
382.545052,647,1701.000862
561.093111,1000,1704.3269
265.934031,368,1705.930161
153.557144,238,1707.16124
237.691499,427,1708.666578
530.924084,1000,1712.075262
17.786478,16,1712.107666
556.710251,1000,1715.347045
662.808239,1000,1724.098154
238.838577,279,1725.435472
122.212272,180,1726.329684
256.212888,392,1727.95957
329.72407,499,1729.868408
311.473619,524,1731.925786
529.972349,887,1734.915348
243.923983,663,1737.267301
250.518967,444,1739.011829
275.716463,374,1740.53301
49.131635,91,1740.689376
163.08928,316,1742.234496
233.56467,347,1743.759263
3.861849,42,1743.832045
14.826426,194,1744.933993
126.161023,113,1745.789875
440.519326,660,1748.162906
594.985231,1000,1751.547956
543.741243,836,1754.398842
8.044778,16,1754.426797
571.725969,1000,1757.766742
377.844789,614,1766.591073
595.166906,1000,1769.793598
573.139499,1000,1773.159015
677.884115,1000,1776.532498
437.385239,706,1779.035159
-6.308479,44,1779.254398
580.79358,1000,1782.972753
255.952041,423,1784.578951
182.107182,315,1786.005738
546.479267,1000,1789.37643
437.327202,757,1791.951855
519.263353,1000,1795.319613
436.567361,754,1797.951547
638.080892,1000,1807.886825
357.336126,582,1809.796154
397.639658,671,1812.180481
111.34852,153,1813.224477
583.906279,1000,1816.419419
294.905944,520,1818.485278
398.427725,631,1820.703091
296.058759,489,1822.569571
425.329323,723,1825.078217
590.806673,1000,1828.458356
188.800097,278,1829.626774
418.050943,746,1832.315456
558.822408,1000,1835.658152
565.278672,943,1838.749408
616.449866,1000,1848.742033
643.079938,1000,1851.955106
681.232642,1000,1855.232353
386.638485,566,1857.326212
575.696242,963,1860.36892
622.919549,1000,1863.640363
640.447589,1000,1867.091748
780.144752,1000,1870.49223
662.222283,1000,1873.806278
602.672865,1000,1876.920261
721.578642,1000,1880.23614
580.689251,1000,1890.217787
734.639872,1000,1893.621204
631.443395,1000,1896.939817
797.487994,1000,1900.071025
701.004771,1000,1903.425299
774.662264,1000,1906.767095
616.819851,1000,1910.306385
822.929543,1000,1913.714004
718.778232,1000,1917.564364
780.485587,1000,1921.691088
684.908934,1000,1931.689739
635.629265,1000,1935.809146
16.865561,24,1935.852056
633.235295,1000,1939.125568
747.471296,1000,1943.127831
667.954081,1000,1947.173968
718.462569,1000,1951.146166
102.742142,137,1951.946
732.964895,1000,1955.20606
498.018542,1000,1959.118793
670.733739,1000,1963.240271
678.704961,1000,1966.628157
755.70642,1000,1976.359141
744.184132,1000,1980.425138
637.93625,1000,1984.514362
659.181261,1000,1987.903541
679.375139,1000,1992.053551
703.293414,1000,1995.30535
712.777661,1000,1999.214226
17.834566,19,1999.829816
815.447045,1000,2003.070313
708.569699,1000,2007.105628
793.373988,1000,2010.517705
679.526206,1000,2020.663366
770.624371,1000,2024.005896
52.825443,53,2024.098278
341.958047,374,2026.777122
701.074742,979,2030.166391
94.232433,119,2030.373188
668.373378,1000,2034.549699
658.677586,1000,2037.814994
616.285182,1000,2041.957933
480.075577,1000,2045.35193
270.491199,284,2046.634142
677.978619,1000,2050.070012
725.463402,1000,2054.084169
417.398201,461,2062.440504
87.059881,82,2063.208479
627.955237,693,2065.630719
810.998641,989,2068.908776
200.621373,206,2070.806775
759.601671,951,2073.875196
665.619814,1000,2078.018883
762.387476,1000,2081.379949
183.003986,235,2082.427141
762.743773,1000,2085.827538
179.514175,223,2086.935473
674.721033,1000,2091.157862
794.748496,1000,2094.536888
697.944775,864,2098.052552
585.521941,1000,2107.868236
661.602491,956,2111.12758
624.470187,908,2114.758722
681.67617,1000,2118.073269
674.618456,1000,2121.928329
711.470021,1000,2126.052743
712.463604,1000,2129.430227
754.076347,1000,2132.918555
708.956508,1000,2137.009669
755.930733,1000,2140.925948
805.30281,1000,2150.911665
654.485073,1000,2154.290831
780.130635,1000,2157.731022
707.143152,1000,2161.817241
742.291551,1000,2165.073522
743.230325,1000,2168.385895
828.146771,1000,2171.632527
788.206974,1000,2175.701684
797.499816,1000,2179.826041
737.219298,1000,2183.184018
778.321521,1000,2193.084296
735.336433,1000,2196.518342
740.236686,1000,2199.93085
777.121548,1000,2204.068137
708.964712,1000,2207.442515
695.004003,1000,2211.345605
737.831754,1000,2214.775754
645.475187,1000,2218.864437
777.116426,1000,2222.2318
788.98612,1000,2225.729666
669.164741,1000,2235.893897
781.611028,1000,2239.188101
618.08462,1000,2242.642805
781.804545,1000,2246.088378
786.123712,1000,2249.56235
781.039887,1000,2253.000046
885.889989,1000,2256.311744
788.437981,1000,2259.732322
735.74337,1000,2263.180484
847.229542,1000,2266.739921
693.931873,1000,2277.036018
753.634855,1000,2280.29977
804.754631,1000,2283.736073
875.432722,1000,2287.090796
877.429399,1000,2290.533528
779.991681,1000,2293.907122
864.005959,1000,2297.329691
918.18498,1000,2300.610693
710.316696,1000,2303.901459
890.126888,1000,2307.342776
999.761024,1000,2317.444977
865.917717,1000,2320.777184
980.072882,1000,2324.055543
702.953159,1000,2327.45266
787.345523,1000,2330.796944
830.04588,1000,2334.207289
919.637796,1000,2337.600261
1030.961252,1000,2340.792197
928.80482,1000,2344.142286
798.209091,1000,2347.491296
779.32271,1000,2357.698449
770.173868,1000,2361.151294
860.228937,1000,2364.519373
799.113761,1000,2367.881932
923.530822,1000,2371.197192
861.715119,1000,2374.589803
766.568778,1000,2378.085119
842.723364,1000,2381.56855
843.589166,1000,2384.885332
793.475621,1000,2388.185025
791.353355,1000,2398.350461
770.060769,995,2401.829686
789.279004,1000,2405.26253
543.538013,646,2407.61333
907.309784,1000,2410.813199
760.760716,1000,2414.181556
775.013033,1000,2417.492556
49.560878,65,2418.250203
742.770098,1000,2421.509563
686.924127,1000,2424.964282
790.988248,1000,2428.331715
735.439819,1000,2431.828243
695.220524,1000,2442.009415
721.579198,1000,2445.090797
608.305612,1000,2448.545971
756.937169,1000,2451.74243
808.053505,1000,2455.139334
750.450454,1000,2458.567613
745.00426,1000,2461.938817
761.261618,1000,2465.222375
753.295031,1000,2468.52065
679.721913,1000,2471.91697
5.899449,15,2471.944188
739.571222,1000,2482.188829
750.838598,1000,2485.68652
743.783803,1000,2489.030441
827.059996,1000,2492.253361
811.570327,1000,2495.585652
185.077615,215,2496.758774
814.414594,1000,2500.113785
353.582949,384,2501.593837
917.023794,1000,2504.686294
801.176656,1000,2508.115528
779.127379,1000,2511.393612
842.675159,1000,2521.613768
806.911902,1000,2525.005039
779.83007,1000,2528.284007
415.336852,440,2530.004369
46.701793,57,2530.103406
770.453337,1000,2533.997113
613.945617,682,2536.548095
862.731469,1000,2539.770458
835.221593,991,2543.072947
855.398278,1000,2546.479535
861.603755,1000,2549.986258
841.880664,1000,2553.292556
462.083818,444,2560.422547
507.243601,618,2562.754853
281.050359,227,2563.974064
846.196577,1000,2567.140677
580.601479,761,2569.76217
787.516838,1000,2573.015074
688.994452,784,2575.697261
818.87068,1000,2578.986113
711.26848,828,2581.979833
183.892034,178,2583.059947
318.023102,389,2584.660497
774.357015,1000,2588.0138
791.8493,1000,2591.395106
839.455211,1000,2594.448365
852.515523,861,2604.117657
963.261365,1000,2607.448557
616.102665,634,2609.741047
785.433683,1000,2613.172557
842.567943,1000,2616.560586
995.501718,1000,2619.772014
822.654939,1000,2623.121378
483.382908,430,2624.940203
808.578116,1000,2628.18174
915.614211,1000,2631.522352
661.583564,916,2634.587119
1029.627071,1000,2644.549212
1057.689614,1000,2648.670866
750.376078,1000,2652.034549
829.338145,1000,2656.101682
230.690403,185,2657.048331
202.225048,198,2658.674364
74.035007,48,2658.955761
756.719681,1000,2662.727048
718.50673,1000,2666.219419
819.359457,1000,2670.084941
855.249397,1000,2674.143821
873.614888,1000,2677.529762
887.731113,1000,2688.439132
922.716923,1000,2692.540455
1138.399034,1000,2695.751627
1147.697177,1000,2699.148326
923.172262,1000,2703.179612
826.817743,1000,2706.597407
902.550771,1000,2710.023777
908.477257,1000,2714.215414
1068.986133,1000,2717.451276
1153.502998,1000,2720.757529
815.960306,1000,2731.433422
911.577122,1000,2734.847684
1002.242058,1000,2738.935919
901.342163,1000,2742.827383
900.888229,1000,2746.074116
823.027198,1000,2750.0853
845.537472,1000,2753.56891
792.094628,1000,2756.927206
795.856268,1000,2760.874079
833.050547,1000,2764.240029
860.169335,1000,2774.187402
823.097439,1000,2777.567504
873.52885,1000,2781.769032
947.03452,1000,2785.059611
918.858102,1000,2788.294068
1053.721166,1000,2791.747403
1107.160457,1000,2795.853266
1023.472596,1000,2800.017105
883.737415,1000,2803.441855
869.380997,1000,2806.635103
1148.991058,1000,2816.617805
844.327584,1000,2819.929085
893.182908,1000,2824.129625
1029.960442,1000,2827.55551
1067.900588,1000,2830.724779
1031.784168,1000,2834.813861
1085.601015,1000,2838.096117
1037.847204,1000,2841.574586
903.630425,1000,2845.658607
936.507855,1000,2848.927467
984.157183,1000,2858.835301
1128.885055,924,2861.955397
879.35795,1000,2865.210158
1040.129939,1000,2868.534465
871.704266,1000,2872.637142
911.899684,1000,2876.846473
594.91241,565,2878.820769
266.517799,210,2879.997617
913.837296,1000,2883.410831
770.731305,1000,2886.636035
1034.462504,1000,2890.724941
1102.091393,1000,2893.94178
823.609714,1000,2903.987492
1013.976408,1000,2907.475027
1069.810547,1000,2910.80033
1108.663708,1000,2914.628622
997.175786,1000,2917.860666
976.796935,1000,2921.87155
869.164166,1000,2925.258188
857.436009,1000,2928.616571
998.93447,1000,2932.459925
1079.762285,1000,2935.88108
1105.125447,1000,2945.825302
1307.709292,1000,2949.243607
987.864916,1000,2953.393237
865.062812,1000,2956.622359
886.218446,1000,2960.759535
1137.239987,1000,2963.973722
1169.928815,1000,2967.436903
1359.657533,1000,2970.865348
1306.831115,1000,2974.227839
842.715778,1000,2978.23826
546.136474,419,2986.46282
1339.378135,1000,2989.566967
1279.899079,1000,2992.947237
86.236711,83,2993.611677
402.515106,323,2994.962718
845.135805,731,2997.632897
219.343422,199,2999.043788
1176.583087,1000,3002.561936
793.756411,574,3004.785129
171.746022,163,3005.870535
931.213377,1000,3009.151874
1138.944075,1000,3013.342345
1104.327091,1000,3017.500587
1178.876239,1000,3021.744404
939.473377,779,3033.058175
1055.432794,1000,3037.048891
1394.958955,1000,3041.083732
829.501968,1000,3045.164798
888.316973,1000,3049.241025
904.507298,1000,3053.335912
1123.686057,1000,3057.134519
1167.181288,1000,3061.300276
249.239553,190,3062.413046
1360.767615,1000,3066.821423
1176.257293,1000,3071.047978
550.867477,447,3073.151884
167.929074,133,3074.061963
280.401146,240,3082.284475
1166.570368,1000,3086.420156
1366.610569,1000,3090.260582
970.647686,744,3093.547606
1272.743929,1000,3097.603214
31.636025,36,3097.666193
918.05899,825,3101.501678
972.704169,1000,3104.900903
469.91154,323,3106.814108
479.014423,313,3108.364081
796.060815,815,3111.898898
382.32734,331,3113.480069
1219.54864,1000,3117.436737
852.945321,1000,3121.39217
794.031041,1000,3132.046438
751.935655,1000,3136.167304
787.925078,1000,3140.199359
244.442982,212,3141.192991
769.955883,1000,3145.379648
1017.337259,1000,3149.681988
1006.688349,1000,3153.938032
185.107272,142,3154.965488
759.097933,1000,3158.980158
886.689575,1000,3162.620691
858.65971,1000,3166.956764
1000.995986,1000,3171.238617
1070.476247,1000,3182.629969
982.287884,1000,3186.713817
1127.517742,1000,3190.702492
238.933337,187,3191.815628
740.852338,951,3195.601036
1017.107546,1000,3199.657162
793.401673,1000,3203.784291
1038.350143,1000,3207.82206
1136.881242,1000,3211.949633
657.435119,575,3214.086901
156.276957,129,3215.600027
1044.996231,1000,3219.038165
1134.647807,1000,3231.080265
952.079166,1000,3235.126266
936.467907,1000,3238.355323
990.729366,890,3241.338388
1153.898198,1000,3244.669315
521.471072,483,3246.632812
1134.412343,1000,3249.988934
1180.847347,1000,3253.264881
238.494958,189,3254.141451
1090.800494,1000,3257.575658
889.515356,898,3260.546296
588.232876,531,3262.529084
819.161167,788,3269.788292
679.405418,1000,3273.24106
704.974889,696,3275.709633
240.12375,226,3276.899677
139.487934,98,3277.679736
807.659965,1000,3281.057284
707.145392,773,3283.65749
854.509128,1000,3286.898965
949.416781,1000,3290.089935
745.372669,1000,3293.379137
930.970881,1000,3296.688867
884.005153,1000,3300.082038
927.353565,1000,3309.919832
842.112991,1000,3313.210178
831.97016,1000,3316.653196
1052.835102,1000,3319.930785
986.207626,896,3323.037481
1136.736341,1000,3326.453654
858.247328,1000,3329.818349
1131.353445,1000,3333.110054
1183.87033,1000,3336.344218
807.579574,1000,3339.63678
1047.078946,1000,3349.504453
1186.558192,1000,3352.864671
517.560915,424,3354.456407
778.807022,671,3356.845801
129.883589,122,3357.645988
1110.464851,1000,3360.891479
1258.58103,1000,3364.305647
707.773251,584,3366.396241
1148.680314,1000,3369.785692
1055.633229,1000,3373.175971
689.837714,1000,3376.540672
274.76331,242,3377.740971
601.311151,668,3380.062533
167.669795,140,3381.012122
868.622619,1000,3389.641711
163.183979,178,3390.614785
1020.524663,1000,3393.874175
95.602594,86,3394.64251
780.524745,1000,3397.945984
972.75007,1000,3401.1204
762.690562,659,3403.716894
864.846016,1000,3406.982432
707.272447,1000,3410.19166
818.078278,1000,3413.451315
809.991066,930,3416.605519
831.129306,1000,3419.943545
617.577013,753,3422.584967
890.547818,1000,3432.854345
891.677865,1000,3436.156612
850.422539,1000,3439.366604
784.23451,1000,3442.695219
236.270656,261,3443.914226
938.575418,1000,3447.11435
865.944179,1000,3450.512923
814.261219,1000,3453.901526
923.265398,1000,3457.086941
805.410058,1000,3460.420736
861.110866,1000,3463.650713
851.077487,1000,3473.691504
910.023682,1000,3477.101346
832.079233,1000,3480.368551
902.648155,1000,3483.540632
830.824045,1000,3486.873909
871.369364,1000,3490.210506
890.243155,1000,3493.592137
908.515682,1000,3496.923618
856.06001,1000,3500.166504
894.052292,1000,3503.610562
801.485416,1000,3513.559143
838.496382,1000,3517.049995
947.683165,1000,3520.441171
879.495447,1000,3523.631012
954.433918,1000,3527.029633
920.234492,1000,3530.279526
910.761569,1000,3533.698453
999.373822,1000,3536.998093
890.893437,1000,3540.33001
872.430699,1000,3543.547257
932.154971,1000,3553.419475
897.881014,1000,3556.869799
908.507302,1000,3560.292259
910.943397,1000,3563.635808
940.649612,1000,3566.75763
959.654669,1000,3570.191483
889.226036,1000,3573.567928
868.630338,1000,3576.980815
993.659194,1000,3580.41887
935.661552,1000,3583.569913
946.80425,1000,3593.596175
947.025611,1000,3596.817375
931.691631,1000,3600.147941
916.751485,1000,3603.560319
935.970544,1000,3606.926306
934.30527,1000,3610.124753
928.577659,1000,3613.389045
914.51303,1000,3616.726482
938.175777,1000,3619.98978
919.118627,1000,3623.283109
962.410862,1000,3633.169901
804.764451,1000,3636.509731
944.199785,1000,3639.80138
904.6345,1000,3643.237139
941.14274,1000,3646.632201
822.30148,1000,3649.70475
915.397259,1000,3653.032517
881.648825,1000,3656.262414
861.38913,1000,3659.651696
1008.376228,1000,3663.00448
210.958865,160,3670.325416
1039.588464,1000,3673.771585
1091.583841,1000,3677.145172
1144.201032,1000,3680.374241
1125.50699,1000,3683.652225
859.06952,1000,3686.850135
457.219684,298,3688.067235
1253.569543,1000,3691.363615
1168.926302,1000,3694.614175
1100.370463,939,3697.678668
92.553022,70,3698.342957
187.571197,194,3699.333377
389.253631,266,3700.487667
918.440534,881,3703.597199
496.835969,486,3711.123578
1044.511537,845,3714.043748
780.697403,719,3716.34384
245.732302,259,3717.449454
68.353142,66,3718.145129
56.529406,67,3718.258868
918.576146,1000,3722.074208
1115.221574,1000,3725.308969
1034.799192,1000,3728.557531
822.407743,698,3730.94947
206.380749,154,3732.01631
821.531847,1000,3735.321595
356.480267,277,3736.679418
630.293503,524,3738.654738
951.757881,1000,3741.841617
1181.486126,1000,3745.225793
929.156343,1000,3754.594847
829.306351,1000,3758.012025
813.937806,1000,3761.356004
918.076758,1000,3764.45942
830.525647,1000,3767.835732
864.652604,1000,3771.126732
845.407852,1000,3774.439397
936.838432,1000,3777.786873
907.001366,1000,3781.132025
886.87703,1000,3784.423118
863.773973,1000,3794.354405
865.983705,1000,3797.700115
858.174712,1000,3801.212146
876.798424,1000,3804.584598
891.728074,1000,3807.746391
882.788492,1000,3811.115463
887.264789,1000,3814.419457
912.741848,1000,3817.848424
901.289842,1000,3821.313848
896.787084,1000,3824.449589
913.730965,1000,3834.396373
935.826878,1000,3837.799773
930.015527,1000,3841.236269
925.174465,1000,3844.649774
921.499063,1000,3847.867837
916.775978,1000,3851.078109
921.791581,1000,3854.315499
938.438067,1000,3857.678771
916.782458,1000,3861.196229
944.651338,1000,3864.566372
920.162659,1000,3874.456721
948.213672,1000,3877.817814
1012.618232,1000,3881.144037
1064.588152,1000,3884.558954
1097.710756,1000,3887.893862
1012.220188,1000,3890.993018
951.041709,1000,3894.301176
1129.69478,1000,3897.458611
1122.334834,1000,3900.877237
1012.431362,1000,3904.278708
1092.535525,1000,3914.105909
1002.308192,1000,3917.257719
875.952972,1000,3920.479408
1092.683105,1000,3923.863159
988.516126,1000,3927.14787
872.153999,1000,3930.484278
946.197071,1000,3933.703815
797.940158,1000,3937.015999
830.106146,1000,3940.249416
887.829554,1000,3943.569103
778.933229,1000,3953.248447
1017.438959,1000,3956.364181
1028.490328,1000,3959.742433
1064.951825,1000,3962.962569
1146.414528,1000,3966.293778
953.867052,1000,3969.635075
982.258466,1000,3972.924409
1001.877045,1000,3976.119431
1228.33868,1000,3979.35334
1154.643878,1000,3982.717046
744.44554,1000,3992.488132
838.91819,1000,3995.730463
755.809251,1000,3999.005152
934.846985,1000,4002.281229
925.972967,1000,4005.527393
844.353134,1000,4009.043972
968.105636,1000,4012.35272
1037.598353,1000,4015.463254
1142.555212,1000,4018.776778
1191.02599,1000,4021.858115
1223.035691,1000,4031.603736
1070.575143,1000,4034.925836
677.588713,543,4036.960715
1067.892974,1000,4040.334085
1186.202058,1000,4043.625785
901.972726,1000,4046.769583
966.085558,1000,4050.057385
973.778114,1000,4053.326009
837.022573,1000,4056.574426
849.66188,1000,4059.940252
846.367328,1000,4069.45797
839.686136,1000,4072.878053
982.220439,1000,4076.098907
1047.016833,1000,4079.408231
960.354648,1000,4082.71801
1043.960629,1000,4085.946979
1066.695117,1000,4089.174259
1028.244328,1000,4092.433106
979.158344,1000,4095.714408
700.820647,1000,4099.094085
984.939494,1000,4108.904785
993.745957,1000,4112.044239
1129.311833,1000,4115.348439
1186.748437,1000,4118.743718
1148.578567,1000,4122.125263
1302.691562,1000,4125.515549
1056.227896,1000,4128.772345
1272.813655,1000,4132.242137
1400.486756,1000,4135.472776
1274.277507,1000,4138.872601
1401.279203,1000,4148.583696
1419.964533,1000,4151.894678
1021.693149,755,4154.426473
1249.567587,1000,4157.727841
1375.568879,1000,4160.996354
1178.235579,1000,4164.358576
1375.843888,1000,4167.598027
738.66201,1000,4170.666232
1432.782642,1000,4174.064617
1442.991698,1000,4177.24318
1303.52002,1000,4186.580209
1377.597633,1000,4190.032683
1498.582266,1000,4193.289828
1485.007799,1000,4196.519201
1280.721771,1000,4199.775525
916.759258,1000,4203.127007
890.180277,1000,4206.408785
1357.427053,1000,4209.666179
1512.527668,1000,4212.873174
1230.090294,1000,4216.204553
1478.781426,1000,4225.878835
1401.065464,1000,4229.217906
1430.565326,1000,4232.566083
1414.170382,1000,4235.703319
1364.510208,1000,4239.07538
1399.175497,1000,4242.275896
1456.983422,1000,4245.671928
1419.33659,1000,4249.051572
1402.706378,1000,4252.408379
1410.681743,1000,4255.61237
1414.207411,1000,4265.415646
1036.230371,1000,4268.691011
1155.047928,1000,4271.948191
1233.555563,1000,4275.239556
1401.591674,1000,4278.320724
974.829755,1000,4281.658935
1050.912853,1000,4284.938293
1009.700309,1000,4288.306654
1450.610963,1000,4291.622246
869.928822,1000,4294.871235
1665.100922,1000,4304.671251
1443.417772,1000,4307.922087
773.258223,1000,4311.218015
1204.598754,1000,4314.523517
1024.222475,1000,4317.718436
1161.273477,1000,4320.887266
733.124451,1000,4324.166495
1190.68336,1000,4327.419387
1343.155039,1000,4330.733612
934.397067,1000,4334.028327
853.708709,1000,4343.513059
910.459758,1000,4346.777811
765.681906,1000,4350.120765
775.05869,1000,4353.501753
901.9294,1000,4356.791363
1007.259453,1000,4359.920331
1188.64235,1000,4363.227637
1354.237476,1000,4366.485453
1142.306181,1000,4369.80218
1284.866259,1000,4373.169868
124.145737,88,4373.319424
1480.869545,1000,4383.127864
1159.743615,1000,4386.32489
1351.163283,1000,4389.678069
1251.766444,1000,4393.06321
1517.955086,1000,4396.072856
1464.961635,1000,4399.39746
1350.948361,1000,4402.547256
1378.991384,1000,4405.896965
1544.634389,1000,4409.297572
1304.223298,1000,4412.689529
971.749221,1000,4422.344983
992.120599,1000,4425.564823
1136.684963,1000,4428.925091
1463.418306,1000,4433.077466
1107.125401,1000,4437.123418
1135.149912,1000,4440.228024
1128.576514,1000,4443.570658
1094.319405,1000,4447.533425
1337.864286,1000,4450.758297
1285.710935,1000,4454.754696
1366.948328,1000,4464.372791
1146.202319,1000,4467.747445
1293.242413,1000,4471.833227
1339.401077,1000,4475.179995
1063.179479,1000,4478.523602
1296.471801,1000,4482.506734
1336.190671,1000,4485.665561
1308.347191,1000,4489.701631
1249.32331,1000,4493.300652
385.178202,282,4494.910434
718.423034,1000,4498.223319
1321.848057,1000,4507.871721
843.5051,1000,4511.275577
794.016262,1000,4514.573642
772.579552,1000,4518.651297
820.073055,1000,4522.770674
989.237055,1000,4526.115523
482.383779,595,4528.312238
1053.559671,1000,4532.349608
801.352774,1000,4535.604915
733.715625,1000,4539.004236
784.247307,1000,4549.716473
798.716513,1000,4553.009702
811.627291,1000,4556.15152
878.314599,1000,4559.540908
842.752399,1000,4563.549442
828.955637,1000,4566.953981
816.168083,1000,4570.320578
827.275423,1000,4574.112718
835.530899,1000,4577.633639
863.463892,1000,4581.655561
999.253547,1000,4593.927885
940.43591,1000,4598.06302
873.829041,1000,4602.158671
978.159255,1000,4606.104777
843.685322,1000,4609.460791
1453.365375,1000,4612.82218
1366.501204,1000,4616.140247
1375.507524,1000,4619.412838
1358.885336,1000,4622.58889
239.309188,193,4623.736463
1396.068803,1000,4627.09758
1442.904892,1000,4636.885151
1598.899449,1000,4640.094999
1640.379347,1000,4643.337896
1622.049309,1000,4646.608989
1754.803935,1000,4650.01388
1509.310628,1000,4653.428658
1658.436655,1000,4656.641093
1586.98186,1000,4659.877129
1648.647348,1000,4663.206453
1386.684267,1000,4666.600649
1662.40605,1000,4676.454209
1597.632814,1000,4679.514484
1495.056622,1000,4682.919092
1786.185036,1000,4686.124071
1615.24111,1000,4689.512646
1929.888321,1000,4692.965547
1885.68858,1000,4696.171215
1037.584519,1000,4699.468491
935.569679,1000,4702.703763
1760.781789,1000,4706.071976
1448.864685,1000,4715.96604
1810.79254,1000,4719.330807
1762.408949,1000,4722.509042
1697.062453,1000,4725.782973
1539.568733,1000,4728.994706
1652.146681,1000,4732.365924
1753.707476,1000,4735.814381
1886.531283,1000,4738.872136
1775.447045,1000,4742.237906
1518.501886,917,4745.291315
1784.778018,1000,4754.744191
1769.573033,1000,4758.026211
1247.844953,799,4760.711747
1191.986234,1000,4763.919785
1669.761513,1000,4767.27839
1668.607442,1000,4770.712577
1776.009568,1000,4774.040232
1803.887025,1000,4777.293656
1615.250197,1000,4780.531444
1418.347543,1000,4783.731601
905.806633,1000,4793.317715
2016.831092,1000,4796.53956
772.683331,433,4798.050895
1183.949386,1000,4801.362318
1693.829504,1000,4804.55504
1396.285496,1000,4807.517736
1556.293925,1000,4810.685284
942.419758,1000,4813.903404
1601.511685,1000,4817.226698
1542.068557,942,4820.349403
1571.152789,1000,4823.606472
1192.869739,1000,4832.305656
991.395022,1000,4835.661918
688.754341,1000,4838.886017
765.062203,1000,4842.060142
246.16126,236,4843.18036
959.365362,1000,4846.466705
1004.660661,1000,4849.857142
1014.22395,1000,4853.105501
1437.039602,1000,4856.201176
1083.722055,1000,4859.511567
1112.807187,1000,4862.777214
1136.976589,1000,4872.372427
903.915984,1000,4875.730917
990.165295,1000,4878.828905
950.10414,1000,4882.210906
1446.787677,1000,4885.473754
927.318346,1000,4888.857995
1654.28286,1000,4892.146502
1103.680898,1000,4895.418236
1845.113866,1000,4898.753596
1825.698308,1000,4902.078697
1607.086139,1000,4911.83737
1024.683491,1000,4915.272652
1254.653356,1000,4918.567562
1711.238007,1000,4921.651792
1711.23766,1000,4924.955403
1594.297332,1000,4928.180932
1904.83327,1000,4931.560657
1925.154051,1000,4934.893766
1831.636535,1000,4937.942563
1707.431707,1000,4941.257146
1690.597304,1000,4950.78862
1000.996144,1000,4954.194181
1793.402528,1000,4957.557453
1717.975293,1000,4960.841846
1876.106902,1000,4963.956073
1637.510261,1000,4967.193113
1209.629401,1000,4970.501525
1512.266004,1000,4973.885079
1622.66439,1000,4977.135459
400.135513,325,4978.437327
1594.75821,1000,4981.764113
1472.011158,1000,4991.568065
1642.633769,1000,4994.770098
1728.746396,1000,4997.834614
1403.649293,1000,5001.14601
1329.62588,779,5003.777785
1453.026553,1000,5007.085491
1545.396555,1000,5010.463132
1620.909101,1000,5013.852892
809.107008,1000,5017.148243
866.266766,1000,5020.455344
1197.837026,1000,5030.045523
1461.733098,1000,5033.330119
1577.077185,1000,5036.697989
1533.257053,1000,5039.986701
1679.790414,1000,5043.125059
1416.123059,847,5045.961131
939.159715,1000,5049.288644
1336.866021,821,5052.012303
1671.061168,1000,5055.179689
559.841451,327,5056.652811
1127.316299,1000,5059.832467
1663.089839,1000,5068.927835
1841.740318,1000,5072.149743
995.715477,1000,5075.560928
1630.163457,1000,5078.879278
1845.587785,1000,5081.983385
1763.375752,1000,5085.280928
1656.212949,1000,5088.480848
1605.069425,1000,5091.843817
1544.27711,1000,5095.224911
1719.91907,1000,5098.537077
1690.738616,1000,5107.320113
1752.745382,1000,5110.633991
1566.25066,1000,5113.964696
1714.951372,1000,5117.311201
1509.396752,1000,5120.718284
1916.480761,1000,5123.867871
1844.548967,1000,5127.127836
1853.579433,1000,5130.357396
1259.992128,1000,5133.649666
948.842488,1000,5136.941145
1481.973407,1000,5146.448161
1465.52047,1000,5149.793659
1404.334673,1000,5153.05164
1918.706651,1000,5156.404878
1905.2821,1000,5159.757096
1084.259704,1000,5163.029535
1350.859469,1000,5166.261313
1573.295955,1000,5169.566105
1815.414747,1000,5172.852864
1588.260489,1000,5176.250254
1716.145138,1000,5185.840639
689.903116,381,5187.326075
1615.421504,1000,5190.490221
1871.266413,1000,5193.817696
1651.555314,1000,5197.06616
184.720427,128,5197.953582
1689.003076,1000,5201.465117
915.098628,1000,5204.842463
998.230686,1000,5208.035911
1075.514793,1000,5211.35427
911.45428,1000,5214.726333
1257.692058,1000,5224.702447
1297.958049,1000,5228.020141
951.621002,1000,5231.281586
1166.679282,1000,5234.436447
1132.769617,1000,5237.79257
1014.494579,1000,5241.166593
1044.932149,1000,5244.556678
1116.915591,1000,5247.865119
1197.746078,1000,5251.044701
1137.060036,1000,5254.305614
1244.944064,1000,5264.115863
1320.966134,1000,5267.503914
1331.860915,1000,5270.84152
1264.132528,990,5273.94604
945.34372,1000,5277.27265
456.104488,337,5278.685692
1147.543171,1000,5282.110052
529.557199,392,5283.636905
904.987284,1000,5286.904379
857.823181,659,5289.205651
1330.060579,1000,5292.341049
1482.814914,1000,5295.734178
178.125076,119,5296.422128
1200.297497,900,5303.723919
1566.712648,1000,5307.031056
1741.02213,1000,5310.403603
1475.64973,1000,5313.746287
1649.21215,1000,5316.99736
1181.61216,1000,5320.273274
374.765151,247,5321.419094
1511.017364,1000,5324.683166
1519.220574,1000,5328.122166
1705.341599,1000,5331.436925
1177.357818,1000,5334.734521
1006.143841,1000,5342.562865
775.251355,606,5344.661995
1518.513252,1000,5348.051965
875.140749,1000,5351.395185
1193.389648,1000,5354.527027
958.478646,1000,5357.983302
890.83323,1000,5361.305888
49.670739,80,5362.082667
1214.99602,1000,5365.37451
919.250149,1000,5368.647248
147.125916,108,5369.328239
756.817086,485,5371.109215
1002.008882,1000,5378.86121
846.105845,1000,5382.222679
1250.26,1000,5385.362394
298.94578,259,5386.550737
1553.837397,883,5389.567683
1238.342544,1000,5392.817461
868.042105,1000,5396.232308
1101.41485,1000,5399.672706
167.149738,121,5400.470839
1269.478993,1000,5403.791872
1034.37441,1000,5406.986201
896.267506,1000,5410.289715
765.212037,1000,5420.225487
843.716077,1000,5423.689446
829.795096,1000,5427.035012
949.376014,1000,5430.307059
1120.359554,1000,5433.637734
1375.344796,1000,5437.008176
929.4507,1000,5440.406818
1338.755587,1000,5443.774928
971.156872,1000,5446.975695
1375.026996,1000,5450.401268
1419.768719,1000,5458.849948
905.925143,1000,5462.240103
1235.892338,1000,5465.568737
1244.926444,1000,5468.879634
974.987784,1000,5472.048059
905.142429,1000,5475.281157
1269.942348,1000,5478.633853
1086.170617,1000,5481.991001
1241.971795,1000,5485.319298
1216.287959,1000,5488.492289
937.498836,1000,5498.403829
1225.760783,1000,5501.637085
1425.753591,1000,5505.046663
1068.843652,1000,5508.400123
1065.426384,1000,5511.551864
1056.796476,1000,5515.014302
1185.943967,1000,5518.267355
965.023038,1000,5521.621032
1175.097879,1000,5525.008643
1137.363973,1000,5528.236298
1192.733075,1000,5537.928816
1421.93753,1000,5541.198819
1361.586874,1000,5544.488415
876.475192,673,5546.942971
1027.53217,1000,5550.212713
1345.089582,1000,5553.533418
36.402722,32,5553.588683
1313.421788,1000,5557.291224
1369.586442,1000,5560.633101
1087.795569,1000,5563.927793
1547.928544,1000,5567.074245
456.45632,331,5568.479507
951.068202,1000,5578.509459
1478.489167,1000,5581.788476
952.245467,1000,5585.107143
928.875314,1000,5588.381746
1222.343953,1000,5591.744259
884.221739,1000,5595.045262
956.286777,1000,5598.461031
967.87367,697,5600.839422
1121.073988,1000,5604.145001
1415.392,1000,5607.532536
1212.476924,1000,5616.393581
1003.977564,1000,5619.55393
873.325126,1000,5622.835971
929.322225,820,5625.688685
843.679502,1000,5628.869458
822.20828,1000,5632.168566
1226.308192,1000,5635.470802
964.9519,1000,5638.860659
918.065694,1000,5642.219192
942.745577,1000,5645.368765
947.997014,1000,5648.703336
932.77355,1000,5656.470086
928.546245,1000,5659.965421
998.890774,1000,5663.327759
1005.670388,1000,5666.469549
954.121568,1000,5669.89998
906.631716,1000,5673.196784
920.974832,1000,5676.531267
1010.426236,1000,5679.887098
949.516225,1000,5683.175738
963.820012,1000,5686.408733
948.221116,1000,5696.31189
879.243965,1000,5699.647569
848.870759,1000,5703.142199
1001.825029,1000,5706.455039
995.288621,1000,5709.605859
1029.91089,1000,5712.970007
1104.48258,1000,5716.217232
1134.257321,1000,5719.649106
1058.268774,1000,5723.618764
1040.328938,1000,5727.080002
1100.822623,1000,5737.289531
1041.190214,1000,5740.569535
1078.910553,1000,5744.629839
1267.353449,1000,5748.673496
1223.708036,1000,5751.992597
1161.548776,1000,5755.193589
875.067882,1000,5758.446498
1180.888155,1000,5762.408884
998.742445,1000,5765.720813
1156.180466,1000,5768.91129
1204.32785,1000,5779.279113
796.968667,706,5781.811435
1121.275482,1000,5785.163599
1099.985762,1000,5789.105986
1077.721799,1000,5792.201265
1130.96803,1000,5795.506822
921.214167,1000,5799.529038
1149.945114,1000,5802.872089
959.635194,1000,5806.192616
741.995006,591,5808.16422
1135.030396,1000,5817.917386
1163.306879,1000,5821.283798
853.690262,1000,5825.385831
943.441981,1000,5828.673732
1001.323285,1000,5831.879169
1026.743,1000,5835.119453
1004.496353,1000,5838.583273
992.847927,1000,5842.587272
1186.890696,1000,5845.90974
1031.089915,1000,5849.89213
1116.157526,1000,5859.698048
1149.809618,1000,5863.025892
1044.347893,1000,5867.095354
1189.335975,1000,5870.471661
1117.616264,1000,5873.614159
1085.401952,1000,5876.915659
1210.872908,1000,5880.803171
832.031041,1000,5884.138776
1120.884796,1000,5887.509941
1073.605656,1000,5890.792338
979.932138,1000,5901.329807
881.622912,1000,5904.587406
1112.261161,1000,5907.911178
957.265569,1000,5911.262632
1000.352617,1000,5915.306997
1150.12157,1000,5918.50962
981.505932,1000,5921.877029
1160.342576,1000,5925.269159
1027.154087,1000,5929.402847
1074.052484,1000,5932.733972
1093.831291,1000,5942.405849
1290.750418,1000,5945.779544
1068.881306,1000,5949.096126
1039.488641,1000,5953.14023
1180.549822,1000,5956.442192
1247.998918,1000,5959.615658
1146.231464,1000,5962.784716
1031.635465,1000,5966.064558
1048.087144,1000,5969.348005
956.138086,1000,5973.435643
1270.00198,1000,5983.303192
1131.343516,1000,5986.41465
1108.965306,1000,5989.760824
955.024605,1000,5993.067186
1233.472841,1000,5997.104932
1025.489463,1000,6000.47173
1057.747958,1000,6003.656145
1064.823758,1000,6007.024649
983.888118,1000,6010.314796
900.606343,1000,6013.713548
1058.445519,1000,6024.211841
1144.823907,1000,6027.569279
1128.033082,1000,6030.700393
1183.739101,1000,6033.948491
1189.142196,1000,6037.999377
1252.222131,1000,6042.128852
1206.448746,1000,6045.479448
1183.731833,1000,6048.705155
611.847049,505,6050.558689
1044.918836,1000,6053.883284
946.379876,1000,6057.27219
930.645118,1000,6067.234421
678.657677,519,6069.057258
1286.477691,1000,6072.390891
43.257978,30,6072.442268
1127.47648,1000,6075.860059
789.637368,1000,6079.714821
1121.419894,1000,6083.040531
1201.641741,1000,6086.989994
1061.129905,1000,6090.246239
1244.909243,1000,6093.535822
1064.194405,1000,6096.792433
1165.852579,1000,6106.454048
1150.606231,1000,6109.682207
1171.290149,1000,6112.946081
1194.993103,1000,6116.934071
825.579349,1000,6120.249382
339.996957,307,6121.589638
766.033566,1000,6124.991228
807.671547,1000,6128.335818
172.024186,149,6129.239843
358.936343,272,6130.439502
809.946992,1000,6133.785137
1059.161838,1000,6137.803011
831.341254,1000,6146.568997
984.046314,1000,6149.841251
378.141687,389,6151.417636
838.720018,1000,6154.776772
873.233464,1000,6158.88367
756.720173,1000,6162.180264
911.920795,1000,6165.332222
803.198626,1000,6168.692374
915.045543,1000,6171.954801
883.996524,1000,6175.337781
931.981371,1000,6178.726477
918.030874,1000,6188.366085
917.225813,1000,6191.563495
862.073372,1000,6194.737353
889.862313,1000,6198.776964
807.038606,1000,6202.147191
148.96663,138,6202.952098
856.991145,1000,6206.35112
989.848454,1000,6209.447872
914.936727,1000,6212.79541
910.690979,1000,6216.045992
914.747245,1000,6219.439393
841.801965,1000,6229.317774
878.806286,1000,6232.499062
876.716756,1000,6236.396126
942.466296,1000,6239.922999
493.376235,473,6241.825707
748.209861,1000,6245.20742
865.200391,1000,6248.431487
910.396495,1000,6252.546918
1006.011932,1000,6255.941667
897.206499,1000,6259.231495
923.319901,1000,6269.091446
923.537775,1000,6272.369242
881.794428,1000,6275.615869
898.525106,1000,6278.95548
964.733054,1000,6282.27251
908.754652,1000,6286.354787
950.80815,1000,6289.66934
900.174903,1000,6292.842033
864.233393,1000,6296.276843
1010.807588,1000,6299.543522
941.017595,1000,6310.164679
1090.187831,1000,6313.497679
901.844223,1000,6316.647605
809.72422,1000,6319.972417
828.778036,1000,6323.275984
1024.484344,1000,6327.281669
1037.682392,1000,6330.576822
839.070088,1000,6333.913147
967.163981,1000,6337.005863
880.602386,1000,6340.290536
942.993064,1000,6350.023829
953.433824,1000,6353.394053
1067.407643,1000,6356.596607
839.052154,1000,6359.70741
211.798624,186,6360.749279
927.64907,1000,6364.074592
937.189036,1000,6368.132402
997.1067,1000,6371.32095
880.072286,1000,6374.463027
998.639092,1000,6378.474056
892.542783,1000,6381.923049
1080.87519,1000,6391.716262
1020.085421,1000,6394.82172
918.065237,1000,6398.225892
925.261672,1000,6401.462318
950.082076,1000,6404.907225
778.530174,1000,6408.193316
874.411451,1000,6411.26506
875.617517,1000,6414.714128
898.859381,1000,6417.973507
874.073867,1000,6421.26783
880.075497,1000,6431.776917
1011.621347,1000,6434.969502
839.212086,1000,6438.217094
816.494822,1000,6441.510929
945.498869,1000,6444.86828
936.046822,1000,6448.316925
943.2614,1000,6451.643375
902.869456,1000,6454.894836
923.688847,1000,6458.284419
831.211462,1000,6461.632057
853.939117,1000,6471.486695
883.755412,1000,6474.806408
914.320355,1000,6477.935252
924.737968,1000,6481.372429
990.419654,1000,6484.788673
1042.059423,1000,6488.177629
929.399167,1000,6491.563343
877.615419,1000,6494.830327
906.861546,1000,6498.121365
896.762475,1000,6501.329936
883.427644,1000,6511.395005
875.86588,1000,6514.78864
943.348825,1000,6518.010406
916.57445,1000,6521.267175
882.272322,1000,6524.690963
883.229854,1000,6528.030514
924.345516,1000,6531.491655
915.390331,1000,6534.896619
732.106252,1000,6538.023887
777.20989,1000,6541.283975
797.740701,1000,6551.280701
809.345514,1000,6554.735622
814.026123,1000,6558.119208
773.742028,1000,6561.39167
848.971478,1000,6564.726091
819.531785,1000,6567.953156
816.61255,1000,6571.315368
923.026076,1000,6574.723112
824.350997,1000,6578.082644
840.31168,1000,6581.318646
851.737398,1000,6591.213901
888.795188,1000,6594.549723
935.851967,1000,6597.99606
962.34836,1000,6601.344231
14.774138,30,6601.396041
1013.033085,1000,6605.242516
844.188203,1000,6609.245526
918.522338,1000,6613.343224
995.223459,1000,6617.340362
948.630655,1000,6621.499267
1015.046462,1000,6625.599177
992.924233,1000,6637.609963
897.741654,1000,6641.656776
738.933679,1000,6645.736674
904.195382,1000,6649.794154
903.229919,1000,6653.944886
934.893126,1000,6657.931489
841.821358,1000,6661.93117
990.596618,1000,6665.996578
949.822786,1000,6670.068957
920.841551,1000,6674.274867
1027.78629,1000,6686.346524
986.622994,1000,6690.29705
1005.48158,1000,6693.749521
1005.159253,1000,6697.652614
935.505315,1000,6701.76423
862.743915,1000,6705.888797
1106.683431,1000,6709.798562
1103.266114,1000,6712.977813
929.367864,1000,6716.239321
1026.522152,1000,6719.531683
934.578048,1000,6728.939694
892.873118,1000,6732.257971
987.213836,1000,6735.557322
897.115647,1000,6738.843026
920.869192,1000,6742.139592
946.610033,1000,6745.557771
902.988388,1000,6748.950225
1037.995008,1000,6752.095378
958.116657,1000,6755.426506
824.161001,690,6758.041794
1029.255047,1000,6761.283553
908.137729,1000,6767.250398
371.263668,321,6768.661438
882.936618,684,6771.023931
852.946658,1000,6774.274658
907.892713,1000,6777.582853
398.141334,311,6778.915843
994.115598,1000,6782.239979
279.540096,239,6783.470264
103.536958,87,6784.25001
61.25742,55,6784.342651
1292.731587,1000,6788.087994
872.175916,1000,6791.436144
1329.371632,1000,6794.6034
959.865145,1000,6797.988768
1326.812106,1000,6807.821382
1219.076887,1000,6811.224398
1402.00996,1000,6814.563392
1168.059653,1000,6818.62936
1182.654888,1000,6821.858746
932.824564,747,6824.46043
321.126681,332,6825.934787
1371.657883,1000,6829.114441
1289.09245,1000,6832.299418
1354.858949,1000,6836.381536
1369.574883,1000,6839.715807
1467.732878,1000,6849.244632
1032.508641,793,6852.017622
804.639587,594,6854.264479
1317.414766,1000,6857.414692
781.486082,1000,6860.793286
868.048226,1000,6864.000222
897.325015,716,6866.564869
1058.003299,1000,6869.797229
429.967188,328,6871.323369
506.967935,340,6872.817629
1171.356009,1000,6876.086544
1262.441966,1000,6879.990145
1223.564715,1000,6888.419365
1438.579722,1000,6891.844514
747.211782,540,6893.959513
1517.242184,1000,6897.303992
1274.311436,824,6900.054936
1098.296205,1000,6903.420708
1147.746976,1000,6906.601741
1393.96895,1000,6909.936058
1258.106572,1000,6913.349195
1200.243558,1000,6917.101591
1397.75086,1000,6920.428739
1172.109256,1000,6929.495713
1332.757869,1000,6932.789174
1143.872345,1000,6936.138347
879.048012,1000,6939.503515
1449.212778,1000,6942.690267
1390.224932,1000,6945.962148
961.628588,1000,6949.344411
55.627151,53,6949.43538
1492.288452,1000,6953.738098
1491.817952,1000,6957.075631
1250.930722,1000,6960.444484
866.0145,1000,6970.166499
1477.013403,1000,6973.232611
1320.660057,1000,6976.507091
1223.534567,1000,6979.719462
1178.848461,1000,6983.021961
1241.566625,1000,6986.350248
1460.581226,1000,6989.693411
1389.201523,1000,6993.502644
1366.567941,1000,6996.769078
1291.600363,1000,7000.252061
1357.337893,1000,7007.421388
1337.3796,1000,7010.726985
1432.270406,1000,7013.879817
1347.204503,935,7017.714618
1065.047775,1000,7021.007266
1437.06198,1000,7024.244464
1408.511666,1000,7027.520091
898.688651,634,7029.785224
1025.142608,1000,7033.122284
1141.52241,809,7036.567916
1400.383037,1000,7046.211733
915.47086,615,7048.436158
1328.266529,1000,7051.763813
1496.075901,1000,7054.774618
1357.721529,1000,7058.100046
1541.617781,1000,7061.299877
1481.558753,1000,7064.668223
1289.716725,1000,7068.061862
1303.823727,1000,7072.037395
1371.308388,1000,7075.179197
1423.32226,1000,7079.247631
1378.604035,1000,7088.230421
1319.79669,1000,7091.607392
1340.528585,1000,7094.978065
1239.936199,1000,7098.135638
1311.819276,1000,7101.47522
980.017432,1000,7104.697207
1344.742378,1000,7108.853649
1072.871215,1000,7112.122831
1254.75886,1000,7115.200835
883.693549,1000,7118.560884
946.280181,1000,7127.614738
1009.986613,1000,7130.976431
404.331523,314,7132.2883
880.880412,727,7134.752059
977.274574,920,7137.791396
310.738053,248,7138.888281
1038.219283,1000,7142.154072
349.730194,329,7143.668506
963.499026,861,7146.379339
864.823183,1000,7149.538986
898.898869,1000,7152.855156
345.838336,294,7154.158193
1165.851635,1000,7157.47982
44.800077,44,7157.555292
970.333233,823,7166.434614
1241.576311,1000,7169.712405
918.770555,1000,7172.787846
888.871614,1000,7176.09562
228.209035,193,7177.283319
29.984103,34,7177.34071
824.159905,682,7180.00943
405.528991,380,7182.164701
828.00064,675,7184.520277
828.696053,1000,7187.715235
927.865212,873,7190.503525
961.322967,1000,7193.800109
680.960707,1000,7197.859303
814.207161,1000,7206.233146
934.639706,862,7208.908756
937.192324,1000,7212.137932
228.903984,246,7213.289213
877.792349,1000,7216.652604
849.99841,1000,7220.01501
926.294192,725,7222.358637
967.016039,1000,7225.659626
922.508738,1000,7229.010867
1009.364911,1000,7232.376209
1206.051466,1000,7235.684735
623.643831,500,7238.140903
1237.399616,1000,7245.307097
1034.318073,1000,7248.536513
1178.135173,1000,7251.813168
1020.422879,1000,7255.796597
968.92978,1000,7259.163174
935.212214,1000,7262.316555
1185.877438,1000,7265.579716
956.216655,1000,7268.934811
1049.828655,1000,7272.291341
258.224422,244,7273.435825
228.122821,213,7274.391816
976.50269,1000,7282.042479
969.205056,1000,7285.31271
112.483336,108,7286.159501
384.38252,375,7287.784736
1020.722058,1000,7291.121636
515.880736,507,7292.904822
1186.583652,1000,7295.97229
993.492863,1000,7299.328086
968.272905,1000,7302.637609
1160.998301,1000,7305.920484
963.654729,1000,7309.24022
80.480433,85,7309.386638
1244.791699,1000,7312.606888
1155.593341,1000,7322.358023
1192.52321,1000,7325.646659
1128.02279,1000,7328.965725
1263.967014,1000,7332.145523
1258.823413,1000,7335.44729
1115.858911,1000,7338.697857
1027.53034,1000,7342.810094
1121.358779,1000,7346.108765
938.499097,1000,7349.399208
172.876362,153,7350.43458
944.429695,725,7352.676488
1112.809534,1000,7362.280436
1142.077893,1000,7365.631839
1355.352067,1000,7368.980633
1305.90475,1000,7372.212475
1386.399842,1000,7375.312178
962.058493,1000,7379.398636
1236.892491,1000,7382.692065
1417.870203,1000,7386.006251
1258.032946,1000,7389.368574
1353.53116,1000,7393.320412
1466.367795,1000,7400.819689
1197.794438,1000,7404.118609
151.583731,107,7405.006713
1072.338943,1000,7408.340957
1364.03317,1000,7411.577798
1006.049201,1000,7414.728474
1248.590758,1000,7418.082563
1451.861213,1000,7421.344851
1211.763528,1000,7424.707956
1323.868837,1000,7427.938292
568.570064,539,7429.991948
992.6227,1000,7433.343531
1359.192584,1000,7442.861963
857.267302,1000,7446.234491
835.779432,623,7448.523282
1049.168177,1000,7451.878585
1160.270713,1000,7455.198377
1258.751769,1000,7458.514982
1273.763705,1000,7461.707674
109.710128,93,7462.53653
1049.645303,1000,7465.86635
358.740849,258,7467.122046
1093.799366,1000,7471.118645
830.862295,720,7473.494894
1015.947755,1000,7480.809767
450.034902,375,7482.359671
1269.574031,1000,7485.660398
1204.964535,1000,7488.992552
248.224378,236,7490.180545
557.50441,510,7492.066024
981.211245,902,7495.163823
1216.458154,1000,7498.343815
1218.88189,1000,7501.647684
1018.568233,792,7504.315233
1258.247429,1000,7508.292298
1176.966587,1000,7512.398361
446.802011,420,7514.142405
906.022817,752,7523.074494
1169.946239,1000,7526.315685
1135.922884,1000,7529.657257
1020.623216,845,7532.472467
1196.478689,1000,7535.793209
1165.204257,1000,7539.085526
1047.254571,1000,7543.127683
1040.420261,1000,7546.411076
741.403428,1000,7549.547179
945.501849,1000,7552.934959
832.938606,1000,7562.563827
716.757483,1000,7565.852571
298.260822,230,7567.093543
433.469776,408,7568.626619
1066.458705,1000,7571.85318
1045.619878,1000,7574.984935
682.522511,627,7577.100646
17.014828,26,7577.823119
1034.900168,1000,7580.988059
1083.528708,1000,7585.046777
1100.522808,1000,7588.335015
1141.366308,1000,7591.643366
980.900024,922,7594.733849
873.80684,1000,7603.711453
210.772305,251,7604.973649
1029.392022,1000,7608.250391
1176.254453,926,7611.148981
227.25179,219,7613.049712
235.014194,208,7613.978772
1162.763137,1000,7617.224536
145.014321,146,7618.20259
905.101156,1000,7621.532805
85.951967,91,7622.410717
163.428219,151,7623.315128
82.231692,87,7624.127035
346.90853,277,7625.395311
440.256273,405,7626.880315
1231.316535,1000,7630.82161
59.005524,75,7631.09469
868.603997,1000,7634.737443
471.190729,446,7636.59518
1066.968191,1000,7639.783894
435.156932,446,7647.493288
541.032382,601,7649.658926
35.93234,35,7649.718324
939.862409,1000,7653.250366
364.328485,410,7654.870706
978.185821,1000,7658.246548
101.804382,100,7658.414451
318.824936,391,7660.088992
290.598265,302,7661.371225
334.061832,300,7662.672849
27.745376,27,7662.718451
887.007075,1000,7666.35403
840.802943,1000,7669.722655
847.031455,1000,7673.775877
28.263361,26,7673.820353
26.781868,34,7673.877685
80.115431,91,7674.867847
55.284983,64,7675.6747
814.822785,1000,7678.810439
50.963671,61,7679.47913
68.542315,71,7679.597795
919.832438,1000,7684.213232
23.988152,37,7684.899816
39.004024,65,7685.007012
49.986779,80,7686.460068
40.813189,52,7686.547019
100.361532,110,7689.370917
392.040288,445,7691.034739
307.919111,350,7692.431653
868.856515,1000,7695.825979
93.237157,121,7696.73875
185.572913,194,7697.759951
91.745689,109,7699.200884
71.237725,85,7699.902775
82.441859,61,7700.00844
552.075576,534,7702.5283
490.538899,452,7704.213194
68.608591,90,7705.035567
977.968835,1000,7708.319807
1001.157403,1000,7711.391045
149.564824,127,7712.223224
767.391442,726,7714.707625
572.565806,490,7716.617789
233.96984,231,7717.759253
76.284131,96,7717.916931
405.807586,378,7720.033527
137.622939,105,7720.830966
623.247219,525,7723.381807
267.155786,219,7724.468789
405.840432,352,7726.015357
176.048086,137,7726.953598
504.551646,490,7728.844638
414.904904,468,7730.543919
518.881679,459,7734.275527
265.406546,243,7735.470999
341.280723,318,7736.732529
108.367102,99,7737.417459
218.126243,248,7738.667129
671.801447,739,7741.271071
146.735156,190,7742.159495
136.489248,137,7743.032459
917.622349,975,7747.034544
55.620462,59,7747.134093
813.928641,797,7750.58793
325.506459,292,7751.748389
18.898375,22,7751.785208
64.473545,66,7752.530952
25.434517,26,7752.574718
20.325724,26,7752.618672
65.78915,52,7752.705639
870.882989,1000,7756.391613
899.594964,1000,7759.806901
934.987754,1000,7763.943787
946.023381,1000,7767.294688
1010.681508,1000,7770.603422
116.009001,92,7770.758155
978.651388,1000,7778.228012
929.471197,1000,7781.574717
461.068188,470,7783.471476
944.457613,1000,7786.724813
96.966581,81,7787.474697
1025.581939,1000,7791.609452
109.586204,107,7792.431121
216.887118,230,7793.465558
635.386337,622,7795.668247
480.3446,493,7797.471198
336.751434,347,7799.023142
917.272617,1000,7802.342373
956.147721,1000,7805.502569
990.600877,1000,7808.893248
892.5972,1000,7817.764534
931.230051,1000,7821.047165
967.836982,1000,7824.378853
621.390839,527,7826.340082
401.659076,383,7827.917169
986.635608,1000,7831.264566
1066.721042,1000,7834.375831
666.289051,724,7836.972875
951.50005,1000,7840.319796
975.898651,1000,7844.416624
132.817272,168,7845.344588
921.395102,1000,7848.743335
1010.597304,1000,7852.00212
1034.160033,1000,7858.707489
968.063616,1000,7862.042691
935.674451,1000,7865.285371
299.68576,303,7866.586767
63.910617,53,7867.341896
902.625355,1000,7871.41951
20.351733,18,7871.450508
979.906441,1000,7874.804869
417.444027,446,7876.403848
36.951764,38,7876.467828
198.601441,188,7877.573729
186.748224,191,7878.511482
1091.690684,1000,7881.768666
464.238554,503,7883.60861
52.009029,42,7883.680152
375.04308,319,7885.503022
81.653366,99,7886.320312
171.900915,213,7887.274479
296.631457,279,7888.521366
973.527868,1000,7891.654375
604.794848,483,7893.505549
38.632206,40,7897.543799
1023.126571,900,7900.834224
408.353857,428,7902.699441
302.213656,300,7904.010953
911.210097,1000,7907.302342
1127.345946,1000,7911.359605
1064.667628,1000,7914.588975
848.011845,786,7917.252411
38.822529,54,7917.343384
1021.292303,1000,7921.672691
972.579803,1000,7925.109858
929.659331,1000,7928.373816
1021.989526,1000,7931.399392
443.925578,393,7933.055027
275.960699,321,7940.824614
202.041305,183,7941.866778
56.023943,54,7942.521745
1015.977415,1000,7945.837797
353.317763,307,7947.026123
940.328549,1000,7950.378594
973.264986,1000,7953.751717
610.972717,635,7956.102251
980.224398,1000,7959.172926
1100.802162,1000,7962.505547
1019.066029,1000,7965.797111
67.071443,74,7966.557689
1199.29418,1000,7969.609856
978.078702,1000,7973.719798
112.597891,107,7974.46927
995.536503,1000,7982.58552
1019.348739,1000,7985.866835
1055.185733,1000,7989.100901
1092.18521,1000,7992.293209
977.04246,1000,7995.609588
1031.900049,1000,7998.897229
1013.308168,1000,8002.178191
989.797481,1000,8005.479959
638.696725,519,8007.424147
281.89352,259,8008.634404
1126.870749,1000,8011.921585
232.051533,222,8012.995204
820.553504,750,8021.2449
980.588728,1000,8024.628459
580.028353,518,8026.625548
991.66745,1000,8030.028676
969.847183,1000,8033.333457
931.791979,1000,8037.217054
968.290197,1000,8040.522918
968.387643,1000,8043.775846
1000.431889,1000,8047.221802
1027.972434,1000,8050.534941
1059.408876,1000,8053.683123
957.922994,1000,8062.306644
93.709029,84,8063.118155
1043.304948,1000,8066.355446
993.975482,1000,8070.367337
1019.753109,1000,8073.57273
1101.288246,1000,8076.768443
1106.440649,1000,8080.087107
780.36807,709,8082.630031
319.231566,255,8083.782589
474.446471,433,8085.536984
973.488116,1000,8088.952993
292.779588,251,8090.108654
1047.522462,1000,8093.394084
921.293356,1000,8102.168074
956.074975,1000,8105.385015
1071.128414,1000,8108.680667
1027.400646,1000,8111.998928
1140.846549,1000,8115.284908
1082.945249,1000,8118.356134
999.24642,1000,8122.348822
1011.891044,1000,8125.579511
1066.248232,1000,8128.94908
993.426386,1000,8132.222114
1053.535371,1000,8141.729044
1115.91642,1000,8144.947833
1115.406264,1000,8148.128373
1107.556185,1000,8151.472089
1070.356747,1000,8154.753441
1103.614322,1000,8157.933437
1067.377632,1000,8161.450772
1150.926373,1000,8165.145782
970.623164,1000,8168.440607
1135.512031,1000,8171.737483
1019.204768,1000,8181.546494
1010.10158,1000,8184.723104
1034.855221,1000,8187.886497
1135.467341,1000,8191.182034
1028.972354,1000,8194.543185
1013.739573,1000,8197.868032
920.14477,1000,8201.06086
909.932101,1000,8204.315502
1005.97956,1000,8207.573744
1043.247735,1000,8210.939009
1069.757487,1000,8221.383123
1048.170425,1000,8224.657634
756.73856,782,8227.385119
1041.417205,1000,8230.49167
1083.434741,1000,8233.767068
1045.665244,1000,8237.007226
1057.691851,1000,8241.040055
996.516815,1000,8244.379158
995.482041,1000,8247.514851
970.750027,1000,8250.862465
955.292924,1000,8260.565115
984.635758,1000,8263.869357
972.499839,1000,8267.252622
990.468217,1000,8270.522898
960.937869,1000,8273.718339
986.708123,1000,8276.951454
993.965525,1000,8281.039362
1071.185812,1000,8284.438204
956.930692,1000,8287.806873
906.168815,1000,8290.966246
900.019231,1000,8300.827296
876.137372,1000,8304.157536
941.658973,1000,8307.489844
958.080668,1000,8310.756398
769.497714,844,8313.400529
891.257489,1000,8316.677937
931.441267,1000,8320.205504
914.094694,1000,8323.938905
916.254549,1000,8327.178976
1001.678367,1000,8330.368863
1003.09059,1000,8340.051045
969.710907,1000,8343.380567
965.855612,1000,8346.686338
932.680921,1000,8349.989202
971.052237,1000,8353.141629
991.38314,1000,8356.368121
1010.198533,1000,8359.63198
1009.743084,1000,8362.922772
1103.753375,1000,8366.246822
1099.262138,1000,8369.357554
1052.242865,1000,8380.638314
1054.732048,1000,8384.657322
980.913603,1000,8388.708627
990.583909,1000,8392.81708
1144.214044,1000,8396.819051
1048.172883,1000,8400.762385
1074.944931,1000,8404.695717
999.366528,1000,8408.814101
1092.340762,1000,8412.868118
967.626032,1000,8416.903706
1108.265705,1000,8427.941611
1104.922748,1000,8432.035972
1071.985789,1000,8436.055411
509.973237,495,8438.717524
998.601026,1000,8442.070106
1123.33776,1000,8446.115173
1083.809844,1000,8450.028699
1021.770833,1000,8453.909619
1002.134188,1000,8458.002994
993.267662,1000,8462.111655
954.368301,1000,8466.043955
963.161257,1000,8477.024336
1070.874199,1000,8481.097133
15.825847,22,8481.135169
1058.507938,1000,8485.209441
1054.422224,1000,8489.215505
296.626301,290,8490.459269
1018.508609,1000,8494.285764
1049.684074,1000,8497.663485
1096.558283,1000,8501.020406
1227.207224,1000,8504.298585
913.644821,759,8506.799527
1198.459366,1000,8510.174535
864.994208,1000,8518.788053
1013.423435,1000,8522.094587
846.515929,1000,8525.427464
397.259619,439,8527.053591
840.681413,791,8529.651595
879.865538,1000,8532.968433
917.175998,1000,8536.327692
1012.427667,1000,8539.645204
1048.916427,1000,8542.864316
881.637092,1000,8546.005998
830.652585,1000,8549.416754
937.445608,1000,8559.356464
870.679949,1000,8562.77652
907.333975,1000,8566.179576
1036.80504,1000,8569.207069
892.549828,1000,8572.57415
956.687345,1000,8575.892328
916.56785,1000,8579.342773
960.268913,1000,8582.749091
882.045428,1000,8585.871496
1128.488322,1000,8589.236768
1051.377915,1000,8599.082326
941.287833,1000,8602.410643
1050.764429,1000,8605.766353
1016.856866,1000,8608.946678
1034.646283,1000,8612.138031
979.672332,1000,8615.412999
977.855233,1000,8618.716859
1003.651151,1000,8622.090775
1003.180416,1000,8625.354203
901.043249,1000,8628.608535
913.474319,1000,8638.441136
1090.663141,1000,8641.66
917.57129,1000,8645.061269
850.60768,1000,8648.44752
950.51802,1000,8651.618547
458.677868,433,8653.43363
181.99902,145,8654.349599
184.86437,186,8655.325091
904.209852,1000,8658.62901
886.282335,1000,8661.867545
896.682382,1000,8665.261741
926.213089,1000,8668.683254
927.553818,1000,8678.493426
101.540493,109,8678.679874
972.947725,1000,8682.008049
1043.940682,1000,8685.319835
1036.298876,1000,8688.752545
928.649383,1000,8692.033778
1003.204994,1000,8695.099553
1094.023865,1000,8698.377831
997.412094,1000,8701.601997
1076.079393,1000,8704.947769
1046.04498,1000,8708.276577
1012.225249,1000,8717.790847
1072.273168,1000,8720.901569
1018.537314,1000,8724.140343
1131.780337,1000,8727.422251
1124.845737,1000,8730.69567
1139.446305,1000,8733.853958
1111.598235,1000,8736.862204
925.766789,855,8740.533001
131.65061,120,8741.40415
170.616318,135,8742.219785
289.027411,241,8743.359918
269.918138,211,8744.533706
241.877991,224,8745.529923
1058.477591,1000,8748.582127
924.694802,1000,8757.553362
621.30532,555,8759.436102
920.036366,1000,8762.590065
985.138577,1000,8765.87936
582.332937,456,8767.567464
533.259214,437,8769.285977
976.644713,1000,8772.595303
1067.387538,1000,8775.723628
762.231837,581,8777.703531
300.098651,223,8778.775056
1165.768502,1000,8782.182766
990.073791,1000,8785.786088
931.780928,1000,8789.099086
158.626147,147,8796.302127
952.42284,1000,8799.534673
1153.823194,1000,8802.828957
1191.057668,1000,8806.157951
1123.117411,1000,8809.44786
938.913354,1000,8812.67962
915.306669,1000,8816.042866
1104.093726,1000,8819.395956
915.268875,1000,8822.906459
939.573666,840,8825.692875
1150.731951,1000,8829.162011
893.154404,1000,8838.244265
982.843837,1000,8841.601476
959.432576,1000,8844.912968
1140.151554,1000,8848.145694
1186.086658,1000,8851.306787
1243.609789,1000,8854.395084
1186.017782,1000,8857.675843
1210.044709,1000,8861.003152
1237.74969,1000,8864.278443
697.79099,624,8866.328474
1142.533866,1000,8872.738484
1087.107574,1000,8875.995868
982.070597,1000,8879.464588
1026.078368,1000,8882.822185
977.489907,1000,8886.070672
984.705576,1000,8889.291765
1029.423815,1000,8892.533575
1087.15686,1000,8895.855839
1021.476094,1000,8899.204542
909.488685,1000,8902.473939
966.49954,1000,8912.043335
988.384816,1000,8915.320837
980.191836,1000,8918.557024
936.805752,1000,8921.963251
908.656048,1000,8925.318259
997.201892,1000,8928.347468
956.151991,1000,8931.751344
990.958825,1000,8935.814712
956.607227,1000,8939.154237
998.68747,1000,8942.581101
970.11659,1000,8952.421205
1010.57163,1000,8955.568692
1006.468178,1000,8958.737269
951.072429,1000,8962.061807
958.71804,1000,8965.51552
919.496266,1000,8968.749889
966.924057,1000,8971.956105
986.588998,1000,8975.206171
1051.501082,1000,8978.439612
1015.881566,1000,8981.739797
966.266094,1000,8991.719206
1005.186763,1000,8994.954062
1018.687015,1000,8998.297118
989.618732,1000,9001.614688
1028.115217,1000,9004.948434
1033.593487,1000,9008.280862
995.424012,1000,9011.551416
1023.385654,1000,9014.724851
976.409219,1000,9018.754385
937.237465,1000,9022.070678
972.624788,1000,9031.878027
1017.906989,1000,9035.19962
925.531658,1000,9038.288274
916.221142,1000,9041.536459
925.863171,1000,9044.882965
955.371456,1000,9048.203978
932.189652,1000,9051.489377
971.647182,1000,9054.607087
961.67156,1000,9057.930225
974.148302,1000,9061.212623
839.089688,1000,9071.565036
1007.885946,1000,9074.87583
923.178348,1000,9078.199248
907.225194,1000,9081.419044
926.801445,1000,9084.621647
913.639004,1000,9087.947683
589.805457,660,9090.278929
914.705382,1000,9093.536365
331.83255,337,9094.991487
1000.546962,1000,9098.072098
529.519631,512,9099.932509
970.829669,1000,9108.257888
98.013941,87,9109.030717
416.027395,429,9110.664921
1098.174192,1000,9113.867479
968.535608,1000,9117.214012
1006.981098,898,9120.17414
1029.121333,1000,9123.422805
954.633307,1000,9126.49615
621.685609,562,9128.589971
1139.823603,1000,9131.835474
1143.54507,1000,9135.006075
664.591235,589,9137.142856
1150.290355,1000,9140.459838
61.095118,65,9140.570422
1130.680546,1000,9150.415019
1068.08188,1000,9153.662567
1183.39608,1000,9156.968004
1091.004367,917,9159.914007
1116.225185,1000,9163.173133
49.902655,64,9163.280311
1008.124837,1000,9167.065977
1127.454141,1000,9170.314103
965.228172,1000,9174.375324
1118.775674,1000,9177.647618
923.330635,1000,9180.839713
1074.81366,1000,9188.726631
674.185944,679,9191.148664
972.14634,1000,9194.35136
1261.55038,1000,9197.480127
425.078002,394,9199.077184
1060.438022,1000,9202.310338
162.510235,126,9203.139712
974.504439,1000,9206.435255
1054.7176,1000,9209.69653
194.866374,222,9210.657699
1203.082385,1000,9213.822102
1000.097589,1000,9217.052892
1115.57502,1000,9226.853389
1175.890331,1000,9230.133356
937.869449,1000,9233.283492
1092.044171,1000,9236.522489
1089.245849,1000,9239.795499
966.115143,1000,9243.152365
952.959022,1000,9246.4504
960.80363,1000,9249.682602
923.516449,1000,9252.986301
972.615785,1000,9256.211453
1021.640624,1000,9266.598413
1053.054323,1000,9269.890714
1006.633545,1000,9273.140249
992.591454,1000,9276.287489
966.204528,1000,9279.589478
1035.675653,1000,9282.883111
1078.935444,1000,9286.22969
1098.742819,1000,9289.53603
1138.551084,1000,9292.665281
1028.440898,1000,9295.96036
832.643359,1000,9305.715652
993.561521,1000,9309.08413
904.652231,1000,9312.434632
915.054553,1000,9315.417353
1001.762378,1000,9318.821056
1132.642576,1000,9322.065166
273.150898,307,9323.48994
1109.143816,1000,9326.657624
927.020411,1000,9329.991117
1065.608912,1000,9333.339696
957.769066,1000,9336.621745
1034.827166,1000,9346.293085
892.522065,1000,9349.44853
688.989366,796,9352.280354
1041.377737,1000,9355.2919
790.940856,726,9357.722835
1043.122081,1000,9361.081745
1138.269962,1000,9364.406265
1103.968065,1000,9367.633535
1050.240726,1000,9370.865576
1005.622256,1000,9374.090787
981.300444,1000,9377.326369
1139.181451,1000,9387.061965
615.307082,646,9389.334613
1163.48462,1000,9392.622405
27.875507,33,9392.678725
158.385054,184,9393.880388
138.440922,135,9394.680991
323.65856,306,9396.058352
272.148695,276,9397.326943
944.476071,1000,9400.632621
1023.966768,1000,9403.87333
441.423556,458,9405.597983
920.888985,1000,9408.876155
1034.939321,1000,9412.188899
1109.48318,1000,9415.488266
433.352223,382,9416.981172
925.893555,1000,9424.549821
779.119451,726,9427.10711
299.798691,274,9428.351273
1118.241318,1000,9431.588449
319.542496,297,9432.918541
1007.814939,915,9435.923234
331.109216,330,9437.363599
489.203007,452,9439.24816
763.031866,740,9441.806495
488.649194,482,9443.646692
388.664166,383,9445.247987
390.951824,377,9446.848683
953.081835,1000,9450.868688
386.796644,386,9452.427868
903.828743,1000,9455.742408
341.969854,338,9457.004332
874.928289,1000,9462.655164
694.714554,673,9464.987162
431.527603,451,9466.794858
28.799417,45,9466.870955
231.094733,231,9468.397013
207.157881,245,9469.661896
135.049939,146,9470.631685
73.756929,93,9471.433776
866.170823,1000,9474.761939
301.140433,315,9475.986616
57.581163,74,9476.738728
7.524442,18,9476.769191
401.065865,390,9478.131944
85.409473,115,9479.014229
248.139348,263,9480.247149
119.25249,124,9481.148684
28.936609,43,9481.221937
679.429891,1000,9484.652374
28.13652,39,9484.71921
227.54888,292,9486.383479
36.052587,47,9486.462452
112.985394,125,9487.762467
818.137283,790,9490.485535
80.32795,121,9491.341925
187.208079,193,9492.479933
236.059415,348,9493.91834
879.116575,1000,9497.103989
310.679696,351,9498.691104
372.488672,576,9500.973059
42.591245,52,9502.053789
312.984031,355,9503.403969
137.60026,135,9504.523166
54.90302,106,9504.702895
175.298177,193,9506.007
23.520021,34,9506.068166
130.492416,110,9507.858618
42.302779,46,9507.936747
105.177272,135,9508.981918
21.84055,30,9509.690661
35.09465,42,9509.765783
868.786135,1000,9513.186891
46.844922,49,9513.270223
130.491165,160,9514.395666
140.386147,137,9515.269446
60.021362,77,9515.536976
104.397813,129,9516.86605
296.450006,264,9518.074631
909.43305,1000,9521.370938
326.890259,370,9522.88172
85.119475,112,9523.756849
796.249788,736,9526.098038
46.870475,57,9526.334841
918.020096,1000,9530.778234
1023.796471,1000,9533.982465
797.063618,721,9536.345967
495.046687,436,9538.055989
1009.216047,1000,9541.214623
732.963272,600,9543.449536
701.579248,589,9545.699262
76.719144,81,9545.836139
1074.833437,1000,9552.584976
458.71817,432,9554.470071
482.675518,409,9556.151175
192.953548,175,9556.907372
934.285512,1000,9560.261255
910.968625,1000,9564.32587
1035.076076,1000,9567.572087
440.827053,387,9569.206176
350.943436,308,9570.560675
463.842302,426,9572.239506
285.984749,269,9573.522493
1007.929785,1000,9576.809891
970.866372,1000,9580.130427
532.990514,481,9582.016243
271.38521,313,9583.20845
100.629991,92,9583.950873
276.443347,263,9585.213639
122.812598,127,9586.007973
272.424471,275,9587.294247
529.268022,525,9591.803724
269.862127,286,9593.020175
129.605753,140,9594.185288
192.158032,195,9595.092275
15.796151,19,9595.124706
156.105138,149,9595.901605
126.684474,148,9596.866435
53.290978,62,9596.971574
382.628291,376,9599.008117
238.008165,261,9600.244593
904.95284,911,9603.313234
943.568127,1000,9606.722205
240.062925,320,9608.077023
946.136918,1000,9611.379066
573.128173,626,9613.572539
271.409104,325,9615.026397
961.342996,1000,9618.169871
850.625001,1000,9621.506681
442.289401,437,9623.217429
895.053573,1000,9626.465729
319.954098,397,9632.090302
832.210633,1000,9635.213004
972.552815,1000,9638.52277
164.315119,192,9639.606722
37.482169,43,9639.680107
93.356236,115,9640.791548
945.671463,1000,9644.125393
116.788678,128,9644.930535
837.131441,1000,9648.232397
916.639315,1000,9651.238773
1066.975686,1000,9655.393052
920.235002,1000,9658.711563
131.834587,148,9659.668076
881.407015,887,9662.541038
1043.261758,1000,9665.816355
957.674777,1000,9674.117439
664.569161,693,9676.438115
355.648769,387,9677.999955
977.6153,1000,9681.367827
1030.261414,1000,9684.784113
796.844384,822,9687.503671
996.135168,1000,9690.740408
474.185849,516,9692.679425
454.600799,438,9694.483499
187.732614,214,9695.540232
928.384043,1000,9698.833756
960.476794,1000,9702.190648
125.867105,129,9702.967258
379.134717,344,9704.507024
907.249415,1000,9713.506397
921.859315,1000,9716.825843
930.780441,1000,9720.203031
922.726567,1000,9723.662506
922.514215,1000,9727.171586
234.937051,218,9728.087742
922.791993,1000,9731.29706
967.1011,1000,9734.75936
948.522479,1000,9738.118731
947.897793,1000,9741.400414
1013.370529,1000,9744.652705
1004.547042,1000,9753.45311
959.538099,1000,9756.895088
96.747965,103,9757.797111
935.619098,1000,9761.12341
649.508944,591,9763.139266
932.294791,865,9766.035437
155.089542,181,9767.174
755.989197,1000,9770.473834
994.486502,1000,9773.826461
1156.919061,1000,9777.978242
920.138904,1000,9781.329078
990.377352,1000,9784.467162
62.491547,124,9785.361254
777.221917,560,9787.530951
848.919042,1000,9796.015012
694.430647,604,9798.128939
1053.595172,940,9801.308811
218.178756,238,9802.429904
55.368223,55,9802.522795
1069.938501,1000,9806.406993
653.503108,527,9808.31812
521.683874,472,9810.14018
686.137148,777,9812.734055
951.297253,1000,9815.963815
42.023925,37,9816.595009
907.165217,1000,9819.852849
1144.510859,1000,9823.095987
1079.913187,1000,9826.395505
1116.725346,1000,9835.300214
946.207465,1000,9838.625855
1085.814499,1000,9841.90958
946.079418,1000,9845.106273
819.216076,726,9847.682946
222.591601,244,9848.847327
418.599198,329,9850.440831
974.896342,1000,9853.53786
860.305509,762,9856.190986
1008.17092,1000,9859.336242
962.528584,896,9862.291744
996.648621,1000,9865.563366
902.831372,1000,9873.227472
474.01617,387,9874.799073
1033.596411,1000,9878.12433
967.570066,1000,9881.248079
952.153414,1000,9884.616923
1046.342469,1000,9887.986395
1006.989844,1000,9891.460134
1027.62173,1000,9894.712246
1175.017055,1000,9897.847765
1043.089173,1000,9901.205028
1131.221052,1000,9904.488224
1005.227401,1000,9914.18474
946.279748,1000,9917.492178
991.873824,1000,9920.830409
820.392608,1000,9924.026134
914.744104,1000,9927.29529
920.989762,1000,9930.599219
927.394427,1000,9934.658334
946.936694,1000,9937.968713
931.758252,1000,9941.112525
902.504557,1000,9944.400543
943.437127,1000,9954.210062
944.501383,1000,9957.559044
1059.095165,1000,9960.963476
932.389196,1000,9964.058348
103.543388,100,9964.892037
953.783509,1000,9968.15982
897.096376,1000,9971.566254
873.692316,1000,9975.019996
897.732746,1000,9978.325491
918.84733,1000,9981.586759
938.588175,1000,9984.884829
933.566586,1000,9994.790224
929.902641,1000,9998.117877
953.301904,1000,10001.432666
1028.719567,1000,10004.624933
1106.166367,1000,10007.922279
1179.972553,1000,10011.177165
1302.8798,1000,10014.477935
1097.726783,1000,10017.754138
1075.599786,1000,10020.949829
1188.670753,1000,10024.361751
1101.877993,1000,10034.12619
1136.088678,1000,10037.529314
1134.294809,1000,10040.878457
1092.822182,1000,10044.173228
343.16364,266,10045.381616
927.447906,1000,10048.533496
1095.145169,1000,10051.817762
1167.084162,1000,10055.141358
854.177847,675,10057.515686
907.65539,1000,10060.870003
964.792534,1000,10064.316078
913.412225,1000,10073.062294
944.702992,1000,10076.496303
1162.905574,1000,10079.764052
934.035682,1000,10083.189807
535.18417,430,10084.971939
1221.06653,1000,10088.206092
1108.99828,1000,10091.480589
1267.797905,1000,10094.765128
378.924134,308,10096.151664
975.890105,1000,10099.564559
971.106592,1000,10102.818537
1209.485652,1000,10110.446778
1158.88041,1000,10113.707316
183.730451,173,10114.629492
1177.714359,1000,10117.9501
460.520063,358,10119.410291
1178.678592,1000,10122.53475
1075.692226,1000,10125.784491
849.444353,715,10128.348682
1009.163197,1000,10131.660872
909.478541,827,10134.456015
1112.34581,1000,10137.792665
993.433257,1000,10141.130549
997.040314,1000,10150.937777
940.464333,1000,10154.176203
1071.877253,1000,10157.402084
1036.6313,1000,10160.805456
1044.400674,1000,10164.273995
1005.817928,1000,10167.646014
1016.184002,1000,10170.935698
1034.568514,1000,10174.252264
1065.55778,1000,10177.588978
1048.389876,1000,10181.097462
1056.773454,1000,10190.908128
1064.042267,1000,10194.106834
987.468877,1000,10197.451192
986.084616,1000,10200.788237
976.79109,1000,10204.143731
944.779608,1000,10207.528893
992.667815,1000,10210.855144
1086.149194,1000,10214.174322
1101.94331,1000,10217.476986
1064.927518,1000,10220.803189
1067.831755,1000,10230.674906
1104.076402,1000,10233.909153
330.617386,301,10235.162165
1127.258189,1000,10238.524583
859.824234,738,10241.041517
1059.723115,1000,10244.287189
1133.282642,1000,10247.594353
450.925211,385,10249.195731
1046.215084,1000,10252.580384
1044.139478,1000,10256.054296
1071.52274,1000,10259.300429
995.99409,971,10262.433982
1077.394672,1000,10270.543499
492.023945,446,10272.2316
61.353028,56,10272.935809
991.017736,1000,10276.340602
1065.498062,1000,10279.679439
446.214809,408,10281.311594
997.617503,1000,10284.556669
977.522969,1000,10287.840631
113.5145,119,10288.665787
658.621109,627,10290.927515
160.249976,172,10291.950607
934.311337,1000,10295.145572
952.370188,1000,10298.366015
984.866563,1000,10301.712334
1061.012221,1000,10310.898074
673.538663,611,10313.046941
979.802597,1000,10316.310055
1072.027783,1000,10319.662942
954.721762,1000,10323.061376
1078.397941,1000,10326.469999
971.574737,1000,10329.923585
1036.459709,1000,10333.050286
972.974802,1000,10336.423003
981.025652,1000,10339.677111
988.771662,1000,10349.55162
935.040196,1000,10352.937103
1046.255104,1000,10356.121104
1107.869997,1000,10359.405391
1005.452617,1000,10362.623258
905.31231,874,10365.614696
1026.382004,1000,10369.078843
1012.761699,1000,10372.259041
1046.570344,1000,10375.430975
1017.411881,1000,10378.680338
704.345353,714,10381.255386
170.001304,186,10386.462361
896.804215,1000,10389.808969
922.493738,1000,10393.237607
100.551871,90,10394.014412
875.701005,1000,10397.189064
1068.54823,1000,10400.393553
67.529922,75,10401.108933
157.657894,120,10401.913466
563.340261,546,10403.745092
1040.233532,1000,10406.989325
1009.673407,1000,10410.212734
923.506227,1000,10413.335603
940.523482,1000,10416.742282
995.984535,1000,10420.066331
991.334316,1000,10429.048352
738.022135,1000,10432.362499
1022.229404,1000,10435.542189
932.318554,1000,10438.808054
934.220453,1000,10442.013002
1015.453509,1000,10445.363978
939.621758,1000,10448.660451
888.195577,1000,10451.943114
221.947416,214,10452.960569
912.049756,1000,10456.201429
804.597558,1000,10465.593111
129.229861,128,10466.501271
361.44363,385,10467.989118
433.722004,455,10469.675104
980.812466,1000,10472.971809
968.667842,1000,10476.254102
936.793602,1000,10479.670713
384.319541,380,10481.255253
1027.918646,1000,10484.510311
320.865782,290,10485.784925
1053.13577,1000,10489.155692
1027.536314,1000,10492.335526
938.990098,1000,10495.660803
1052.422359,1000,10498.831172
1129.278232,1000,10508.582249
995.309271,1000,10511.988445
1130.472229,1000,10515.268728
33.30559,35,10515.328315
747.526865,751,10518.070993
1072.234296,1000,10521.158684
1036.190903,1000,10524.487091
1010.261936,1000,10527.733209
991.045904,1000,10531.08976
1000.821031,1000,10534.375932
1106.396829,1000,10537.789882
1043.467155,1000,10547.349043
997.340966,1000,10550.570515
1093.169302,1000,10554.616142
230.413525,227,10556.299469
120.157071,108,10557.315695
974.209944,1000,10561.221541
1013.878719,1000,10565.285024
1070.951762,1000,10569.298302
1040.352914,1000,10573.427533
1039.157467,1000,10577.469424
982.925971,1000,10581.347128
970.308303,1000,10585.461726
1064.344669,1000,10592.567096
1054.874743,1000,10596.613907
1003.074949,1000,10600.634895
700.570135,650,10603.538412
156.393205,148,10604.42312
942.820416,1000,10608.423028
160.49172,155,10609.300807
984.009083,1000,10613.379801
256.416778,250,10614.716115
1117.127426,1000,10618.57447
1073.415294,1000,10622.374631
1064.389493,1000,10626.300763
1033.937565,1000,10636.025506
455.108648,399,10638.352665
828.496126,781,10641.089541
1059.947355,1000,10645.126223
1018.967089,1000,10649.22657
808.030004,762,10652.567858
974.102043,1000,10655.849165
445.552983,435,10657.381335
112.858596,102,10658.226264
420.073756,347,10659.758356
139.309591,149,10660.612209
1079.709304,1000,10663.670885
993.963726,1000,10667.122983
489.950183,409,10668.868893
1061.123771,1000,10672.048291
244.876412,228,10673.071163
1047.183587,1000,10682.885683
177.88881,149,10683.806844
946.642175,1000,10687.105799
992.682056,1000,10690.451883
313.938094,312,10691.716298
250.86889,219,10692.834889
888.348122,1000,10696.162128
1027.119769,1000,10699.40202
1041.856847,1000,10702.731531
1001.23424,1000,10706.020791
141.211236,122,10706.871522
1082.678963,1000,10710.109287
1208.508374,1000,10713.451358
983.118466,1000,10721.771729
943.481767,1000,10725.095291
47.709542,48,10725.80589
831.260373,724,10728.049827
1140.51232,1000,10731.368565
1007.657242,1000,10734.685191
1017.720518,1000,10738.035298
1009.552422,1000,10741.351547
939.473389,1000,10744.611462
1026.967074,1000,10747.907407
1055.450892,1000,10751.211817
1063.697367,1000,10761.090553
977.676589,1000,10764.413857
971.812495,1000,10767.506116
915.82798,1000,10770.877332
1102.627047,1000,10774.227191
1005.862822,1000,10777.596917
1059.897836,1000,10780.853955
1006.077339,1000,10784.100286
1005.752239,1000,10787.290595
1122.262769,1000,10790.537436
1112.698117,1000,10800.375002
985.900266,1000,10803.731538
951.322684,1000,10807.000906
976.452017,1000,10810.259701
940.770766,1000,10813.587938
1024.747279,1000,10816.823431
1087.030483,1000,10820.155624
993.107047,1000,10823.452774
1016.36638,1000,10826.627013
982.676163,1000,10829.851989
948.327707,1000,10839.570505
1020.918897,1000,10842.901803
1028.967568,1000,10846.173485
1000.402955,1000,10849.42059
989.904048,1000,10852.620779
991.949888,1000,10855.8578
1007.304647,1000,10859.241333
955.787974,1000,10862.627947
989.143154,1000,10865.859515
994.979574,1000,10869.024748
1009.65288,1000,10878.770102
1073.622666,1000,10882.061756
1102.753351,1000,10885.478091
1109.13522,1000,10888.814552
1014.326154,1000,10891.920326
1136.649768,1000,10895.295391
1179.212249,1000,10898.430121
1160.1347,1000,10901.727447
1103.999864,1000,10905.053181
1095.660938,1000,10908.383355
1099.405828,1000,10917.965263
1205.781397,1000,10921.198556
1229.553723,1000,10924.482141
1174.086029,1000,10927.839204
1196.090482,1000,10931.163555
1190.056395,1000,10934.32031
1077.962709,1000,10937.574794
1120.598322,1000,10940.88744
1059.900133,1000,10944.158181
1192.614939,1000,10947.505859
1201.096779,1000,10957.041822
1091.423567,1000,10960.325644
1130.743498,1000,10963.565314
1227.374961,1000,10966.936607
1155.591073,1000,10970.25802
1127.356496,1000,10973.49456
1128.040005,1000,10976.78881
1097.521585,1000,10980.065101
1237.746404,1000,10983.309575
1169.851269,1000,10986.773052
1176.105073,1000,10996.301362
1279.299201,1000,10999.55374
1218.51879,1000,11002.783678
1166.097041,1000,11006.075172
1168.589026,1000,11009.557093
1117.581849,1000,11012.835533
1031.710162,1000,11016.001653
1219.415605,1000,11019.436755
961.098334,1000,11022.675181
1112.420678,1000,11025.981524
1090.30974,1000,11035.730157
1157.641835,1000,11038.957006
1196.659615,1000,11042.158604
1239.306483,1000,11045.38536
1192.92874,1000,11048.661969
1147.98505,1000,11052.001126
1209.802836,1000,11055.283357
1110.694205,1000,11058.443156
1159.559256,1000,11061.721634
269.154519,247,11062.970341
1056.134731,1000,11066.29607
1010.958252,1000,11074.983755
986.832167,1000,11078.274264
894.341822,1000,11081.459363
1130.94041,1000,11084.684173
158.732923,140,11085.580742
965.833791,1000,11088.747369
1124.112727,1000,11092.119669
971.541939,1000,11095.452225
1132.241973,1000,11098.751649
1056.547075,1000,11101.933456
1177.121708,1000,11105.139872
1071.363833,1000,11113.741978
1011.669382,1000,11116.995493
38.470512,46,11117.074414
298.366632,291,11118.655187
1011.460628,1000,11121.966156
924.849492,1000,11125.233288
902.50075,1000,11128.52279
898.214569,1000,11131.858844
996.10718,1000,11134.938011
985.700857,1000,11138.322226
906.634246,1000,11141.510441
1000.191444,1000,11150.231131
984.752071,1000,11153.641704
994.249433,1000,11156.911266
968.541847,1000,11160.162628
981.214728,1000,11163.547625
1016.866723,1000,11166.839203
1001.593815,1000,11170.237576
973.278112,1000,11173.605372
946.699923,1000,11176.719497
968.554946,1000,11180.121278
1069.728028,1000,11187.359155
1019.859456,1000,11190.655835
948.711116,1000,11193.994654
987.074144,1000,11197.119571
219.377721,199,11198.202457
1000.597974,1000,11201.545813
908.572392,1000,11204.87769
196.624401,167,11205.713281
971.065978,1000,11209.040812
620.547358,564,11211.095044
881.397273,836,11213.962447
1097.436404,1000,11217.266438
959.216071,1000,11220.352728
448.697754,453,11226.626594
848.218045,809,11229.327503
1057.139995,1000,11232.584471
26.002088,23,11232.624169
1019.425945,1000,11235.793883
869.859559,1000,11239.113785
967.185681,1000,11242.515576
1021.048474,1000,11245.603208
938.758331,896,11248.699657
979.873941,1000,11252.055823
978.807103,1000,11255.309659
1062.08819,1000,11265.066626
1018.134535,1000,11268.425885
940.696075,1000,11271.816502
1087.323475,1000,11275.067876
978.390875,1000,11278.297697
952.40967,1000,11281.774313
975.084321,1000,11285.21231
942.307732,1000,11288.484548
963.372047,1000,11291.600562
965.859645,1000,11294.900551
925.866774,1000,11304.778315
1039.92751,1000,11308.136639
1043.859351,1000,11311.472642
879.398961,1000,11314.580462
850.779662,1000,11318.010672
835.219079,1000,11321.302098
909.158786,1000,11324.688591
908.414999,1000,11328.093777
940.130131,1000,11331.312535
870.769902,1000,11334.485348
819.359168,1000,11344.331792
789.544678,1000,11347.714447
832.244032,1000,11351.191798
949.683474,1000,11354.459226
777.382617,1000,11357.65742
830.299716,1000,11360.959532
780.012433,1000,11364.33355
779.158302,1000,11367.805619
800.894272,1000,11371.226418
792.64007,1000,11374.370908
830.822535,1000,11384.227068
933.77139,1000,11387.482603
949.789209,1000,11390.907025
904.729495,1000,11394.277238
842.845547,1000,11397.655295
841.30516,1000,11400.855207
880.35033,1000,11404.121852
950.121768,1000,11407.425603
951.694482,1000,11410.78758
955.959114,1000,11414.084198
918.912849,1000,11423.732707
908.742681,1000,11427.115782
936.329475,1000,11430.432345
951.791175,1000,11433.874619
929.504889,1000,11437.214166
893.27855,1000,11440.343768
941.792483,1000,11443.701007
930.280159,1000,11446.968497
954.99499,1000,11450.359154
940.465433,1000,11453.694618
980.318141,1000,11463.506224
73.66093,77,11463.638455
894.132294,1000,11467.253025
994.514113,1000,11470.540718
548.879318,524,11472.534837
886.984847,1000,11475.863014
910.626231,1000,11479.041256
920.303184,1000,11482.467058
933.720531,1000,11485.857404
917.533487,1000,11489.255777
945.9725,1000,11492.512258
878.755513,1000,11495.766867
971.432691,1000,11505.522477
930.288029,1000,11508.811691
962.981875,1000,11512.163185
982.239307,1000,11515.643108
978.016238,1000,11518.978805
950.651384,1000,11522.137583
955.434529,1000,11525.408296
1006.069597,1000,11528.716334
954.023755,1000,11532.047899
976.48333,1000,11535.319288
976.729238,1000,11544.884535
1007.529047,1000,11548.164597
1019.906621,1000,11551.454162
1008.391791,1000,11554.750511
1021.209225,1000,11558.135634
1067.985782,1000,11561.380692
997.86593,1000,11564.5191
989.84844,1000,11567.752551
1002.846351,1000,11571.10677
934.839327,1000,11574.424685
1052.143891,1000,11584.252008
956.837877,1000,11587.36331
961.787083,1000,11590.612769
1028.808627,1000,11593.907562
946.498608,1000,11597.305327
17.259073,16,11597.333233
983.708468,1000,11600.73207
967.203985,1000,11603.969883
978.502814,1000,11607.104794
86.354512,90,11607.89595
1125.480259,1000,11611.248555
978.62591,1000,11614.564751
1044.072542,1000,11624.119761
1029.0191,1000,11627.310318
993.799655,1000,11630.53453
966.23807,1000,11633.838154
966.039487,1000,11637.212054
1015.83082,1000,11640.554037
928.848159,1000,11643.702251
959.427242,1000,11647.038847
941.844091,1000,11650.333194
947.650265,1000,11653.758987
953.028592,1000,11662.931298
955.350352,1000,11666.032092
945.839218,1000,11669.439971
935.538053,1000,11672.686583
948.744842,1000,11676.039988
916.849763,1000,11679.367844
995.854347,1000,11682.638941
951.317798,1000,11685.915634
939.03272,1000,11689.218737
963.699304,1000,11692.574488
1030.668543,1000,11702.428426
995.46232,1000,11705.706939
973.077315,1000,11708.881576
968.512655,1000,11712.193043
927.897835,1000,11715.481568
955.227998,1000,11718.924188
948.82787,1000,11722.332409
948.939835,1000,11725.465903
942.830024,1000,11728.840614
962.6747,1000,11732.082582
926.078682,1000,11741.998761
913.354781,1000,11745.416296
931.128767,1000,11748.634512
970.522926,1000,11751.861381
12.62407,15,11751.887844
9.389588,15,11752.46964
952.567064,1000,11755.721038
961.990132,1000,11758.932138
1004.408661,1000,11762.172442
995.20609,1000,11765.45852
945.840625,1000,11768.762701
1033.0049,1000,11771.878971
929.573256,1000,11781.659556
1016.490685,1000,11784.86937
1058.924963,1000,11788.234678
1081.772219,1000,11791.524373
1030.213483,1000,11794.759074
961.562914,1000,11797.986032
927.759641,1000,11801.273555
1037.17183,1000,11804.567764
978.744251,1000,11807.905761
976.019329,1000,11811.111233
939.119841,1000,11820.952685
1041.675206,1000,11824.194484
934.66728,1000,11827.402591
896.718145,1000,11830.764334
912.031749,1000,11834.065737
883.781312,1000,11837.226588
905.049045,1000,11840.615531
891.586535,1000,11843.760035
7.473037,14,11843.784591
154.66587,134,11844.558048
930.473159,1000,11847.758739
911.150718,1000,11851.110805
948.983689,1000,11861.21897
932.949546,1000,11864.468814
913.333197,1000,11867.822615
910.392758,1000,11871.098386
883.380589,1000,11874.459355
902.072373,1000,11877.896214
957.490294,1000,11881.194988
885.826336,1000,11884.383712
896.870332,1000,11887.665105
901.76182,1000,11890.942284
956.782201,1000,11900.931559
81.943096,95,11901.705065
871.70616,1000,11904.882025
943.867854,1000,11908.176666
957.729182,1000,11911.519523
892.749763,1000,11914.834425
955.32941,1000,11918.117436
10.116943,17,11918.147009
916.034363,1000,11921.609092
913.59691,1000,11924.740517
922.146714,1000,11927.976948
888.754961,1000,11937.873418
864.773941,1000,11941.277608
973.095182,1000,11944.573364
916.923469,1000,11947.820378
255.49791,252,11948.917124
944.750867,1000,11952.190202
911.299064,1000,11955.474514
894.299673,1000,11958.845
898.233896,1000,11962.235254
890.983241,1000,11965.364115
895.658905,1000,11968.733962
916.076597,1000,11978.528478
163.656082,158,11979.476151
924.035172,1000,11982.792582
943.436724,1000,11986.139821
923.175254,1000,11989.47927
955.985742,1000,11992.821703
963.853926,1000,11996.039206
924.622984,1000,11999.356963
944.456306,1000,12002.671925
923.591063,1000,12005.974253
953.306313,1000,12009.344009
944.322977,1000,12019.126111
910.874274,1000,12022.506358
910.451219,1000,12025.74751
909.555746,1000,12029.188225
915.844077,1000,12032.596137
913.451224,1000,12035.915413
914.612873,1000,12039.253804
934.923425,1000,12042.493691
953.570945,1000,12045.931012
973.607016,1000,12049.313001
961.225057,1000,12059.306139
926.123986,1000,12062.546437
964.778268,1000,12065.782285
964.001432,1000,12069.121088
946.160215,1000,12072.540704
968.12673,1000,12075.936119
940.691261,1000,12079.10223
969.506404,1000,12082.545145
968.851194,1000,12085.898853
932.470968,1000,12089.272701
949.042661,1000,12100.091377
949.20055,1000,12104.119635
922.597312,1000,12108.192801
946.342271,1000,12112.267128
946.586458,1000,12116.431234
925.014201,1000,12120.51872
933.909447,1000,12124.508247
917.26903,1000,12128.449996
943.764974,1000,12132.499442
882.829502,1000,12136.50656
912.898574,1000,12148.196489
930.660524,1000,12152.033158
892.439029,1000,12155.91467
964.981915,1000,12159.977237
905.829698,1000,12164.007273
910.988438,1000,12167.441541
884.712092,1000,12171.56698
891.872697,1000,12175.591089
927.545959,1000,12179.52007
876.467271,1000,12183.552422
884.01505,1000,12194.873652
890.259365,1000,12199.014353
892.32384,1000,12203.076142
872.902902,1000,12206.194777
910.817833,1000,12210.199622
869.642667,1000,12214.251125
866.088197,1000,12218.421265
871.582571,1000,12222.457246
857.476177,1000,12225.70694
783.326559,1000,12229.779326
795.600381,1000,12240.404048
836.038431,1000,12244.486649
860.088574,1000,12248.587144
853.649534,1000,12252.563748
935.591497,1000,12255.839898
888.841572,1000,12259.80363
863.871031,1000,12263.895538
824.681484,1000,12268.012136
749.728034,1000,12271.401505
755.7526,1000,12275.242866
797.403327,1000,12285.938809
810.802722,1000,12289.290852
783.377504,1000,12292.612084
780.860398,1000,12295.93577
822.519673,1000,12299.031462
759.040672,1000,12302.407825
789.031338,1000,12305.683083
843.348551,1000,12309.098795
782.260321,1000,12312.523963
782.617564,1000,12315.750657
783.115042,1000,12325.44767
799.236549,1000,12328.645265
929.596285,1000,12331.994029
879.159021,1000,12335.414475
865.292408,1000,12338.752511
871.029921,1000,12341.916831
788.920746,1000,12345.278295
841.468249,1000,12348.561546
868.746969,1000,12351.847736
906.402607,1000,12355.233819
953.753963,1000,12364.921605
976.10218,1000,12368.254624
901.352701,1000,12371.592197
961.908039,1000,12374.971212
1005.227341,1000,12378.377504
963.673102,1000,12381.638523
940.789827,1000,12384.935773
927.923521,1000,12388.283113
927.515337,1000,12391.599456
861.750102,1000,12395.048636
866.560035,1000,12404.908604
894.76525,1000,12408.121975
949.249419,1000,12411.474211
935.789028,1000,12414.773551
949.513293,1000,12418.177668
910.999279,1000,12421.494297
887.176267,1000,12424.681453
916.63833,1000,12428.000272
906.089077,1000,12431.256882
928.431481,1000,12434.708029
925.56759,1000,12444.689432
895.013928,1000,12447.962795
901.206794,1000,12451.263943
889.879043,1000,12454.553444
894.822932,1000,12457.972717
914.223381,1000,12461.35429
952.63952,1000,12464.5901
868.131177,1000,12467.801563
906.079245,1000,12471.105273
910.760024,1000,12474.440143
888.820688,1000,12484.398671
970.206082,1000,12487.715539
898.759061,1000,12490.985171
903.526071,1000,12494.227164
920.715025,1000,12497.59217
915.340659,1000,12500.970957
920.728801,1000,12504.341455
977.529966,1000,12507.68984
920.907922,1000,12510.951471
896.058601,1000,12514.267334
900.445235,1000,12524.218194
893.83242,1000,12527.629785
872.070603,1000,12530.986942
890.21071,1000,12534.169843
934.958063,1000,12537.510341
930.048845,1000,12540.887408
955.595423,1000,12544.305195
933.796263,1000,12547.668802
971.319739,1000,12550.805884
932.926681,1000,12554.125722
962.264842,1000,12563.944345
931.596195,1000,12567.313126
955.74224,1000,12570.653324
942.553518,1000,12574.051709
992.261894,1000,12577.330948
935.137198,1000,12580.545174
958.363044,1000,12583.894307
980.941556,1000,12587.2882
937.591,1000,12590.585257
976.821431,1000,12593.841092
945.207357,1000,12605.726266
956.152193,1000,12608.97873
935.447474,1000,12612.353007
968.133572,1000,12615.576922
900.995207,1000,12618.74527
911.252855,1000,12622.001276
919.867488,1000,12625.135625
979.868286,1000,12628.388938
935.679597,1000,12631.687925
956.349811,1000,12634.942614
956.358885,1000,12644.704581
927.493105,1000,12647.978021
913.582997,1000,12651.299099
934.791973,1000,12654.721538
910.345591,1000,12658.059905
873.514135,1000,12661.353576
927.487548,1000,12664.706366
913.786262,1000,12667.972473
905.910612,1000,12671.36733
933.382044,1000,12674.732883
943.029504,1000,12684.465974
890.691973,1000,12687.842939
930.464748,1000,12691.07398
934.349441,1000,12694.444882
975.653255,1000,12697.802937
904.158542,1000,12701.123793
929.958259,1000,12704.385261
937.471069,1000,12707.666449
938.069375,1000,12710.94536
947.397576,1000,12714.372291
926.518437,1000,12724.097257
931.979642,1000,12727.225793
948.513467,1000,12730.550689
954.517098,1000,12733.834286
936.148758,1000,12737.218154
947.064156,1000,12740.575124
932.168549,1000,12743.713664
902.410437,1000,12747.061312
936.403089,1000,12750.312902
907.981233,1000,12753.636505
946.759995,1000,12763.471616
927.654659,1000,12766.765876
929.256252,1000,12769.991129
919.376013,1000,12773.400244
975.045027,1000,12776.795208
907.746787,1000,12780.253258
917.645559,1000,12783.507366
899.967214,1000,12786.650526
949.515264,1000,12789.988236
981.888638,1000,12793.339146
891.865203,1000,12803.286495
920.975011,1000,12806.592025
919.05639,1000,12809.824515
929.702184,1000,12813.175857
940.360248,1000,12816.441472
965.561255,1000,12819.854069
950.109864,1000,12823.278872
965.629002,1000,12826.574032
932.591366,1000,12829.853637
895.371182,1000,12833.14871
954.12203,1000,12842.950836
983.603054,1000,12846.341366
901.512813,1000,12849.643625
950.880874,1000,12852.810527
981.427398,1000,12856.149127
941.452698,1000,12859.444049
922.27062,1000,12862.804041
974.343781,1000,12866.197249
988.314147,1000,12869.349864
934.36482,1000,12872.685731
948.726649,1000,12882.569452
961.912954,1000,12886.049582
898.007596,1000,12889.40298
956.10095,1000,12892.724032
982.246334,1000,12895.949379
950.106681,1000,12899.358145
914.107398,1000,12902.71668
945.805327,1000,12906.117253
914.898395,1000,12909.419613
945.081303,1000,12912.628605
948.177806,1000,12922.528562
978.058985,1000,12925.982123
932.33331,1000,12929.440372
925.768133,1000,12932.699085
976.863428,1000,12935.851156
944.044132,1000,12939.244179
967.522475,1000,12942.526373
978.747715,1000,12945.954405
980.17035,1000,12949.335858
971.89984,1000,12952.708081
961.408637,1000,12962.579281
940.219668,1000,12965.90609
943.874288,1000,12969.272195
931.749206,1000,12972.673412
956.377461,1000,12975.965239
955.784309,1000,12979.221232
954.005046,1000,12982.511617
951.891524,1000,12985.841453
921.317162,1000,12989.256243
912.461964,1000,12992.649545
959.388699,1000,13002.464774
981.768827,1000,13005.853648
972.266784,1000,13009.158506
980.021114,1000,13012.661539
980.671068,1000,13016.000822
989.874224,1000,13019.187407
985.157216,1000,13022.410402
985.135165,1000,13025.640425
985.434024,1000,13029.011193
976.081419,1000,13032.460912
979.168157,1000,13042.465474
982.278481,1000,13045.701989
928.5654,1000,13049.041527
985.137673,1000,13052.35871
935.145397,1000,13055.745373
985.768069,1000,13059.103584
985.529142,1000,13062.231081
970.847096,1000,13065.586654
946.584513,1000,13068.830372
936.39892,1000,13072.262552
963.536265,1000,13082.315852
943.664919,1000,13085.671301
988.719156,1000,13088.949883
947.316076,1000,13092.295829
960.693937,1000,13095.652765
984.007402,1000,13099.0466
962.495371,1000,13102.34355
935.275703,1000,13105.563646
941.534485,1000,13108.924289
953.900164,1000,13112.277519
967.087943,1000,13122.333501
972.965785,1000,13125.633425
974.950075,1000,13128.830189
964.492483,1000,13132.200912
991.028965,1000,13135.578571
982.426012,1000,13138.993019
982.515745,1000,13142.412195
979.627663,1000,13145.777551
980.601992,1000,13148.985134
983.586202,1000,13152.370897
983.737077,1000,13162.378755
981.310043,1000,13165.78226
971.096048,1000,13169.183334
965.671359,1000,13172.422759
969.957612,1000,13175.789189
975.242821,1000,13179.158758
965.417758,1000,13182.622888
971.07946,1000,13185.918437
958.115538,1000,13189.022024
974.780843,1000,13192.358955
957.713739,1000,13203.83913
974.601427,1000,13207.973828
963.499006,1000,13212.080217
930.751906,1000,13216.090131
969.095203,1000,13220.163896
962.878236,1000,13224.253866
962.941059,1000,13228.385159
945.024835,1000,13232.642455
947.722087,1000,13236.619615
971.968401,1000,13240.545386
970.102322,1000,13252.106166
962.953459,1000,13256.191008
963.784377,1000,13260.349579
965.953893,1000,13264.438531
974.024849,1000,13267.628713
959.4537,1000,13271.774719
974.893383,1000,13275.786842
967.125296,1000,13279.887567
972.426793,1000,13283.281302
956.457159,1000,13286.499834
963.305169,1000,13296.372225
1000.123248,1000,13299.575361
948.71022,1000,13303.038
986.551344,1000,13306.412389
948.216415,1000,13309.725533
972.478181,1000,13312.976973
970.679876,1000,13316.400345
982.95435,1000,13319.791319
990.81403,1000,13323.297992
986.92532,1000,13326.667068
986.649431,1000,13336.542044
980.604773,1000,13339.921104
978.962789,1000,13343.26561
964.905268,1000,13346.636835
973.312567,1000,13350.055158
960.891261,1000,13353.308263
987.137776,1000,13356.567928
979.133916,1000,13359.919979
983.195655,1000,13363.280829
976.52807,1000,13366.616981
979.642199,1000,13376.530032
980.345998,1000,13379.827311
961.059378,1000,13383.217435
962.129281,1000,13386.702272
968.520151,1000,13390.217973
961.751226,1000,13393.630842
963.756041,1000,13396.840787
954.7556,1000,13400.180945
960.4467,1000,13403.403099
962.728103,1000,13406.791646
972.324213,1000,13416.920654
968.39925,1000,13420.18821
960.540241,1000,13423.46213
957.288245,1000,13426.703977
956.15608,1000,13430.11719
965.99279,1000,13433.568916
962.279707,1000,13436.931962
969.851871,1000,13440.211976
972.131276,1000,13443.441222
965.418341,1000,13446.816696
977.105096,1000,13456.759794
970.929739,1000,13460.126854
954.304302,1000,13463.37583
929.643585,1000,13466.705654
940.480247,1000,13469.975718
942.4532,1000,13473.460272
944.300697,1000,13476.830564
964.035553,1000,13480.095302
939.584753,1000,13483.357242
920.708358,1000,13486.631695
917.582205,1000,13496.616893
930.404177,1000,13500.028759
913.526259,1000,13503.436337
925.122583,1000,13506.72009
907.578328,1000,13510.055613
899.645099,1000,13513.384351
903.843863,1000,13516.742066
895.923148,1000,13520.082636
847.471956,1000,13523.395021
921.490025,1000,13526.840144
917.250651,1000,13536.698609
919.589708,1000,13540.031385
926.892966,1000,13543.38838
923.753211,1000,13546.783783
922.497169,1000,13550.086234
922.600902,1000,13553.52427
910.814782,1000,13556.92288
927.741249,1000,13560.317529
933.455999,1000,13563.567226
937.766845,1000,13566.739761
950.232524,1000,13576.673072
928.248083,1000,13579.976968
946.263273,1000,13583.370327
939.442636,1000,13586.739552
949.437972,1000,13589.90059
964.517935,1000,13593.220646
950.005483,1000,13596.467042
936.307772,1000,13599.841796
957.938496,1000,13603.202811
966.834126,1000,13606.516737
961.460163,1000,13616.532571
960.175342,1000,13619.81299
961.960902,1000,13623.215816
963.721306,1000,13626.624686
969.760885,1000,13629.920746
963.742948,1000,13633.161894
961.985574,1000,13636.49652
963.386304,1000,13639.897822
969.417405,1000,13643.355474
955.879845,1000,13646.702378
962.542309,1000,13656.407621
956.766069,1000,13659.754348
960.158619,1000,13663.172335
959.910247,1000,13666.543363
950.199163,1000,13669.992345
954.297882,1000,13673.377913
961.358438,1000,13676.589746
966.937581,1000,13679.955445
965.705767,1000,13683.406043
973.173895,1000,13686.823677
963.980865,1000,13696.774267
965.851529,1000,13700.097498
960.879839,1000,13703.439094
949.321783,1000,13706.775209
963.590993,1000,13710.208336
951.705608,1000,13713.599239
954.426544,1000,13716.758183
959.398043,1000,13720.226791
965.992092,1000,13723.483015
963.043615,1000,13726.863365
963.552502,1000,13737.007686
968.136475,1000,13740.32174
973.447136,1000,13743.656487
970.299969,1000,13746.893615
971.025714,1000,13750.327497
976.642362,1000,13753.727499
961.115455,1000,13757.062526
975.426764,1000,13760.270117
963.337905,1000,13763.506061
966.039357,1000,13766.848662
971.540523,1000,13776.8791
972.368705,1000,13780.260257
970.798349,1000,13783.411309
972.776629,1000,13786.7347
975.409941,1000,13790.056978
981.103933,1000,13793.423144
981.752101,1000,13797.258199
973.617072,1000,13800.539629
987.38953,1000,13803.879634
977.958564,1000,13807.233228
989.056118,1000,13817.130819
986.190462,1000,13820.531547
973.784611,1000,13823.938224
982.902789,1000,13827.240847
989.607288,1000,13830.558168
978.529027,1000,13833.838922
1002.056023,1000,13837.213148
976.330317,1000,13840.54042
982.738951,1000,13843.680703
1008.584931,1000,13846.969619
998.336713,1000,13857.083873
1001.286051,1000,13860.442187
1000.666712,1000,13863.883798
1001.598229,1000,13867.162567
996.394855,1000,13870.48349
1008.135699,1000,13873.7858
987.342567,1000,13877.14785
995.451771,1000,13880.623041
1000.64101,1000,13883.914586
990.302558,1000,13887.112092
1004.611927,1000,13897.061842
991.251577,1000,13900.437533
989.557406,1000,13903.822116
998.728086,1000,13907.201537
998.187193,1000,13910.34795
992.57856,1000,13913.70642
994.442378,1000,13917.134399
1006.283289,1000,13920.504137
997.693153,1000,13923.886152
991.619482,1000,13927.310645
998.663802,1000,13937.306915
979.605953,1000,13940.560283
990.522137,1000,13943.93921
986.470183,1000,13947.388153
985.714715,1000,13950.772912
986.673964,1000,13954.052181
993.444877,1000,13957.315892
961.758712,1000,13960.680743
974.365912,1000,13964.132916
970.204385,1000,13967.486435
967.88209,1000,13977.272879
975.885211,1000,13980.635471
973.032752,1000,13983.944877
978.82793,1000,13987.262665
980.799088,1000,13990.651821
957.360432,1000,13993.950462
976.128442,1000,13997.243915
991.856522,1000,14000.52757
966.234104,1000,14003.877477
976.805604,1000,14007.313984
963.212221,1000,14017.300493
959.937364,1000,14020.635448
970.503547,1000,14024.106329
966.886354,1000,14027.465468
987.39779,1000,14030.773252
971.475708,1000,14034.136822
964.237006,1000,14037.298019
964.354628,1000,14040.668295
982.311236,1000,14043.969847
986.750832,1000,14047.315808
984.052244,1000,14057.359724
974.236289,1000,14060.644246
981.024534,1000,14063.889215
967.805704,1000,14067.147129
982.95306,1000,14070.537353
988.697804,1000,14073.873376
987.14254,1000,14077.232841
1002.03394,1000,14080.410903
1003.47387,1000,14083.658998
988.671064,1000,14086.963251
974.63687,1000,14097.172758
991.889051,1000,14100.548351
991.269206,1000,14103.748037
1005.645253,1000,14107.125699
1000.078574,1000,14110.411845
997.968308,1000,14113.894338
998.469831,1000,14117.243081
1012.102215,1000,14120.55211
1008.173601,1000,14123.846649
1030.392705,1000,14127.073374
1013.790356,1000,14137.101298
1001.08231,1000,14140.554952
990.508248,1000,14143.882166
1011.349869,1000,14147.142885
1029.493222,1000,14150.498192
989.52145,1000,14153.901036
1033.967586,1000,14157.199941
1008.439977,1000,14160.513864
1012.843761,1000,14163.7513
984.578227,1000,14167.186961
998.608695,1000,14177.377686
1000.769398,1000,14180.794474
1011.880677,1000,14184.190546
1026.536057,1000,14187.577693
1023.504681,1000,14190.891178
1029.523917,1000,14194.147385
1021.509438,1000,14197.498026
1020.722518,1000,14200.952974
1058.425151,1000,14204.272594
1018.568898,1000,14207.433477
1018.858823,1000,14217.48798
957.326753,1000,14220.843813
993.800744,1000,14224.295399
1002.229489,1000,14227.731425
1010.179441,1000,14230.942387
1016.448872,1000,14234.447396
1002.585547,1000,14237.882579
1001.423351,1000,14241.30066
1001.183802,1000,14244.758422
998.945323,1000,14248.07023
1006.295741,1000,14258.071168
986.12437,1000,14261.37628
999.334388,1000,14264.784023
1019.301968,1000,14268.294001
1010.770082,1000,14271.642311
1015.116407,1000,14274.896113
990.627499,1000,14278.225251
1005.821828,1000,14281.608553
1016.730121,1000,14285.076991
1008.217596,1000,14288.457075
990.693501,1000,14298.350043
1001.124387,1000,14301.717646
997.986575,1000,14305.059689
1003.522599,1000,14308.522808
996.530885,1000,14311.96861
991.506355,1000,14315.295983
978.950863,1000,14318.561993
941.120558,1000,14321.847514
985.499945,1000,14325.221381
1002.44524,1000,14328.573941
970.147041,1000,14338.419028
989.616235,1000,14341.607437
989.898933,1000,14344.975213
994.342305,1000,14348.375658
983.89441,1000,14351.778958
982.345417,1000,14355.217753
951.209644,1000,14358.424253
980.190613,1000,14361.730325
961.715138,1000,14365.072764
972.327057,1000,14368.519422
996.694469,1000,14378.476925
983.848275,1000,14381.662916
998.490815,1000,14384.982009
988.506388,1000,14388.279209
995.510832,1000,14391.650187
1034.009848,1000,14395.103419
1015.216349,1000,14398.468983
1007.235778,1000,14401.730985
1008.401503,1000,14405.072787
1030.329809,1000,14408.359587
1027.032972,1000,14418.308976
991.720987,1000,14421.655456
1012.89573,1000,14424.79517
1062.590485,1000,14428.186549
1030.574081,1000,14431.476792
1023.300254,1000,14434.987713
999.924239,1000,14438.394371
1015.114806,1000,14441.65212
1004.526148,1000,14444.900661
975.798805,1000,14448.277879
978.44577,1000,14458.337074
1002.90672,1000,14461.790681
1027.017306,1000,14465.063843
975.157512,1000,14468.279233
1007.506957,1000,14471.583656
1037.938894,1000,14474.900571
1024.716147,1000,14478.346942
982.675935,1000,14481.758482
997.561982,1000,14484.907826
1002.980988,1000,14488.322434
990.972633,1000,14498.221478
1014.941358,1000,14501.634984
992.563339,1000,14505.00347
1022.815226,1000,14508.402319
1043.097183,1000,14511.638872
1012.129658,1000,14515.059201
1011.703778,1000,14518.484086
1041.788087,1000,14521.949015
1016.220291,1000,14525.2281
1003.171211,1000,14528.447989
999.367044,1000,14538.488093
990.500486,1000,14541.876053
989.123476,1000,14545.261956
1002.56394,1000,14548.627672
1024.423313,1000,14551.802242
1030.2543,1000,14555.141805
1021.993763,1000,14558.409175
1007.757438,1000,14561.829542
1028.784698,1000,14565.249025
1027.952519,1000,14568.512472
1021.640835,1000,14578.371158
1022.814116,1000,14581.641158
1023.240145,1000,14584.978448
1028.945078,1000,14588.331698
959.181879,1000,14591.744152
952.497753,1000,14595.075223
981.475654,1000,14598.511045
997.219263,1000,14601.865566
977.804295,1000,14605.306387
977.113573,1000,14608.679621
1004.08589,1000,14618.428971
1012.153296,1000,14621.83362
976.487123,1000,14625.304984
1043.49819,1000,14628.679358
986.720766,1000,14632.063527
987.050713,1000,14635.449052
1008.29752,1000,14638.71527
1001.966846,1000,14642.015754
984.633043,1000,14645.446396
1008.234552,1000,14648.896176
996.230951,1000,14658.978188
962.036295,1000,14662.283705
981.041103,1000,14665.779266
1006.654818,1000,14669.139633
969.105486,1000,14672.59129
988.657982,1000,14675.946757
994.124729,1000,14679.109492
993.268174,1000,14682.541592
953.406175,1000,14685.825531
982.965646,1000,14689.199144
951.774949,1000,14699.319423
952.394388,1000,14702.73871
951.350097,1000,14706.023932
965.835639,1000,14709.413828
966.559838,1000,14712.84959
958.47604,1000,14716.242384
962.692229,1000,14719.614466
963.623651,1000,14722.972296
979.537401,1000,14726.256221
950.657938,1000,14729.564752
967.382923,1000,14739.684069
1013.853159,1000,14743.031299
973.703376,1000,14746.186214
971.643387,1000,14749.57256
976.366422,1000,14752.807974
972.827509,1000,14756.128027
948.296285,1000,14759.522214
966.701933,1000,14762.766809
971.914924,1000,14766.03753
981.056873,1000,14769.287409
965.984696,1000,14779.214716
970.966546,1000,14782.633131
994.445647,1000,14786.022804
950.750758,1000,14789.265858
968.374255,1000,14792.555495
978.431507,1000,14795.947153
976.833456,1000,14799.314333
967.354326,1000,14802.592267
985.124402,1000,14805.756245
964.456863,1000,14809.124059
980.175619,1000,14818.996227
957.163487,1000,14822.425624
978.070443,1000,14825.82463
977.876838,1000,14829.094083
993.820632,1000,14832.373865
944.898577,1000,14835.668627
935.118817,1000,14838.994276
967.935083,1000,14842.320268
955.611433,1000,14845.551906
952.76692,1000,14848.69748
975.41921,1000,14856.713051
972.55815,1000,14860.124208
1016.481887,1000,14863.649829
906.315357,1000,14867.020113
993.766151,1000,14870.150579
950.140117,1000,14873.429825
453.774725,486,14875.246918
890.554364,1000,14878.595951
928.575935,1000,14881.942693
946.244826,1000,14885.23575
913.768932,1000,14888.604334
944.625641,1000,14897.539228
973.578111,1000,14900.930576
932.217754,1000,14904.312347
960.650384,1000,14907.514307
890.705233,1000,14910.695564
909.529645,1000,14913.840928
922.104584,1000,14917.122859
960.763277,1000,14920.540649
927.756746,1000,14923.846902
908.51167,1000,14926.984933
979.16673,1000,14936.8291
938.007849,1000,14940.138229
979.75541,1000,14943.545488
953.793098,1000,14946.857582
925.707199,1000,14949.955709
933.116265,1000,14953.357896
917.196514,1000,14956.538561
952.413463,1000,14959.884882
958.013912,1000,14963.263035
967.69132,1000,14966.677113
917.857313,1000,14976.471631
984.304749,1000,14979.818453
890.060436,1000,14983.175787
975.239945,1000,14986.570882
986.135711,1000,14989.855527
972.771131,1000,14993.047597
52.533929,50,14993.820121
877.980758,1000,14997.132751
983.057374,1000,15000.333307
979.959544,1000,15003.695966
913.287158,1000,15006.9442
923.120631,1000,15014.446701
977.638153,1000,15017.827135
976.02343,1000,15021.115133
907.910343,1000,15024.361516
79.192832,81,15025.065808
959.721796,1000,15028.536108
926.096022,1000,15031.856627
959.366004,1000,15035.022503
911.976747,1000,15038.4059
959.501181,1000,15041.825093
907.799949,1000,15051.902139
945.330005,1000,15055.251946
930.535096,1000,15058.408824
942.388122,1000,15061.741153
972.563392,1000,15064.989728
942.085901,1000,15068.399068
964.00245,1000,15071.703886
382.241436,419,15073.293992
917.61241,1000,15076.628773
929.369539,1000,15079.927018
924.38335,1000,15083.114738
817.790757,1000,15093.031662
916.509789,1000,15096.328253
828.147961,1000,15099.653507
894.538936,1000,15102.944098
905.293176,1000,15106.088492
895.543162,1000,15109.390678
921.596976,1000,15112.764024
936.38946,1000,15116.107298
887.657278,1000,15119.448092
883.330278,1000,15122.691181
900.82983,1000,15132.298087
874.452862,1000,15135.651878
901.410141,1000,15139.00836
940.93342,1000,15142.36275
959.590465,1000,15145.702584
871.284881,1000,15148.853402
860.939884,1000,15152.270817
902.47015,1000,15155.582289
934.657212,1000,15158.812601
936.883406,1000,15162.121595
906.060672,1000,15171.778273
912.746222,1000,15175.157368
926.956884,1000,15178.306108
927.050019,1000,15181.738199
890.280251,1000,15185.052324
946.815081,1000,15188.29608
941.13882,1000,15191.493826
981.372266,1000,15194.857392
941.58358,1000,15198.208204
931.49288,1000,15201.638398
988.114512,1000,15211.461916
894.544136,1000,15214.517628
1007.17811,1000,15217.835761
878.834391,1000,15221.160435
885.834187,1000,15224.519387
893.251845,1000,15227.87469
998.813086,1000,15230.970588
907.541098,1000,15234.367065
570.806484,609,15236.593013
925.893917,1000,15239.981909
1155.262197,1000,15249.843813
938.865198,1000,15252.992871
977.54327,1000,15256.342156
976.358833,1000,15259.708494
1003.428827,1000,15263.086053
952.462039,1000,15266.453738
978.525595,1000,15269.819834
933.018241,1000,15272.97902
924.681855,1000,15276.267474
949.740762,1000,15279.615154
1007.177386,1000,15289.492535
977.035665,1000,15292.847018
946.800082,1000,15296.029429
936.4326,1000,15299.38686
962.384313,1000,15302.752475
992.126327,1000,15306.125094
961.306082,1000,15309.52163
959.556689,1000,15312.737964
967.170751,1000,15316.162567
1087.173589,1000,15319.458705
963.605003,1000,15329.303103
1104.807675,1000,15332.699925
1042.823567,1000,15335.965632
1132.586753,1000,15339.1247
1107.645655,1000,15342.414798
1004.509923,1000,15345.71231
974.291166,1000,15349.021354
946.740674,1000,15352.293783
982.181441,1000,15355.451373
977.854604,1000,15358.710034
961.765312,1000,15368.479202
941.878375,1000,15371.80523
1106.189267,1000,15375.227039
951.581098,1000,15378.327485
938.110456,1000,15381.746229
938.365372,1000,15385.039999
961.517991,1000,15388.354114
957.526835,1000,15391.849354
957.69469,1000,15395.21404
946.632944,1000,15398.400424
952.342787,1000,15408.285389
943.219305,1000,15411.654123
950.954304,1000,15415.022959
964.476192,1000,15418.384277
965.492544,1000,15421.551783
960.078179,1000,15424.773396
953.247,1000,15428.101959
961.308315,1000,15431.54377
966.820107,1000,15434.908881
975.446262,1000,15437.947381
956.746608,1000,15447.88803
967.491516,1000,15451.086634
924.560655,1000,15454.466201
924.22095,1000,15457.802811
959.481348,1000,15461.047921
943.570189,1000,15464.305311
943.593951,1000,15467.661304
995.001483,1000,15471.070654
986.185627,1000,15474.508882
967.647204,1000,15477.856155
981.319616,1000,15487.80922
973.590982,1000,15491.2039
970.307589,1000,15494.551295
982.757405,1000,15497.960789
977.945016,1000,15501.337016
970.61807,1000,15504.533639
981.658169,1000,15507.916431
1016.675141,1000,15511.253215
987.613604,1000,15514.638797
991.561712,1000,15518.149411
981.787157,1000,15527.94968
986.934225,1000,15531.245599
1009.235301,1000,15534.603273
1006.0309,1000,15537.920827
991.281098,1000,15541.354631
1016.980316,1000,15544.76423
1005.494316,1000,15548.013963
980.744183,1000,15551.383398
1040.694187,1000,15554.652954
980.68623,1000,15558.042428
995.079192,1000,15568.069676
981.092033,1000,15571.17343
994.965992,1000,15574.542341
1004.175065,1000,15577.952757
1012.63678,1000,15581.374554
1005.066009,1000,15584.798419
1032.346371,1000,15588.193881
1018.075968,1000,15591.521722
1008.768676,1000,15594.885364
1014.145329,1000,15598.24838
996.431207,1000,15608.245647
1018.359979,1000,15611.531714
995.510823,1000,15614.725851
999.759235,1000,15618.052425
1038.972012,1000,15621.369098
1072.877701,1000,15624.784837
1047.035048,1000,15628.115741
1098.142839,1000,15631.174758
1003.687723,1000,15634.475325
1108.003876,1000,15637.704303
950.478807,1000,15647.688135
954.055539,1000,15651.102328
901.73714,1000,15654.373468
1028.265219,1000,15657.57412
1016.817071,1000,15660.89857
1085.73112,1000,15664.2417
1125.880836,1000,15667.632136
995.783096,1000,15670.917571
1054.866972,1000,15674.169017
1000.413265,1000,15677.495767
1086.165966,1000,15687.338594
1008.942037,1000,15690.721372
1192.825055,1000,15694.095953
1193.460048,1000,15697.181674
1143.177258,1000,15700.624073
1204.644889,1000,15703.877712
1010.788317,1000,15707.335373
1088.730859,1000,15710.651978
1050.927982,1000,15713.93607
1115.487083,1000,15717.154204
1106.179808,1000,15727.019523
1046.170066,1000,15730.378772
1056.508083,1000,15733.77409
1076.580642,1000,15737.051532
1068.018645,1000,15740.234339
1089.376726,1000,15743.470955
1007.263558,1000,15746.782169
992.770034,1000,15750.179128
1079.739731,1000,15753.552191
995.682879,1000,15756.841362
982.904046,1000,15766.953494
995.588543,1000,15770.230302
1016.86357,1000,15773.672826
1023.075968,1000,15777.012164
1120.2748,1000,15780.286979
969.900253,1000,15783.459517
981.391628,1000,15786.780386
977.616304,1000,15790.069438
1014.990572,1000,15793.529531
1004.536877,1000,15796.842179
1039.35999,1000,15806.527708
1033.876933,1000,15809.887785
993.810637,1000,15813.211288
974.338341,1000,15816.607373
986.345998,1000,15819.960175
994.553877,1000,15823.206443
998.836962,1000,15826.706484
1033.715694,1000,15830.039683
993.714754,1000,15833.419898
1041.036537,1000,15836.809228
1082.148029,1000,15846.667364
1107.361601,1000,15849.929887
1116.927958,1000,15853.272656
970.711162,1000,15856.663468
1034.231039,1000,15860.174895
1032.479413,1000,15863.584674
1040.226407,1000,15866.765226
1011.976894,1000,15870.091519
963.045111,1000,15873.35936
1026.517259,1000,15876.796487
1086.078733,1000,15886.748225
1018.693982,1000,15889.966073
1037.958096,1000,15893.384795
1039.759627,1000,15896.729246
986.842898,1000,15900.101702
1070.942259,1000,15903.414278
960.789342,1000,15906.760756
967.229068,1000,15909.937737
982.402115,1000,15913.228475
1000.068036,1000,15916.569952
948.705422,1000,15926.371652
901.780015,1000,15929.690566
907.686073,1000,15932.845726
932.272512,1000,15936.140539
922.378299,1000,15939.430962
932.084573,1000,15942.780239
974.070117,1000,15946.127443
1005.040495,1000,15949.285508
997.531323,1000,15952.688858
1050.853834,1000,15955.917009
912.772763,1000,15965.739862
918.582194,1000,15969.119183
995.033928,1000,15972.407427
991.371012,1000,15975.552911
953.495894,1000,15978.823003
780.593551,1000,15982.155766
967.412695,1000,15985.514214
979.550177,1000,15988.812869
1076.249867,1000,15992.005833
1017.951406,1000,15995.24547
955.066837,1000,16004.720526
1001.633232,1000,16008.111737
992.733267,1000,16011.434378
912.484341,1000,16014.488635
982.52019,1000,16017.910226
1036.77475,1000,16021.106723
983.659824,1000,16024.519083
615.386451,596,16026.821589
1082.415894,1000,16030.010519
983.832971,1000,16033.295634
1108.887316,1000,16036.668719
1036.39487,1000,16046.504555
1072.534539,1000,16049.858706
960.320166,1000,16053.051001
1071.981204,1000,16056.410989
1022.700695,1000,16059.764278
1096.642803,1000,16063.149697
1009.021419,1000,16066.553059
1046.549398,1000,16069.831742
1128.457625,1000,16073.116722
1119.887382,1000,16076.434853
1173.992387,1000,16086.205529
1134.587586,1000,16089.588992
1099.154703,1000,16092.873906
1133.511567,1000,16095.966573
1108.478809,1000,16099.247723
1068.598586,1000,16102.556518
1102.159583,1000,16105.920213
1097.082841,1000,16109.317869
1008.324942,1000,16112.469567
1083.364272,1000,16115.918616
1050.930166,1000,16125.147802
1058.262646,1000,16128.54109
1037.29463,1000,16131.883817
1053.39214,1000,16135.15746
1092.427057,1000,16138.313136
1101.686206,1000,16141.586393
1075.226066,1000,16144.944399
1034.622803,1000,16148.3577
1113.255651,1000,16151.628981
1022.917162,1000,16154.81512
1058.043125,1000,16164.511746
958.629717,1000,16167.853878
1151.432193,1000,16171.211813
1130.194665,1000,16174.472649
1155.135033,1000,16177.553483
1080.322559,1000,16180.826019
1083.511868,1000,16184.011599
1183.314248,1000,16187.393683
932.923171,857,16190.423078
1124.271573,1000,16193.630561
1002.223041,1000,16202.679089
869.205342,795,16205.336265
1198.805761,1000,16208.673901
1166.104515,1000,16211.984956
1117.028069,1000,16215.420503
1127.679628,1000,16218.727676
958.026665,1000,16221.860134
1053.547157,1000,16225.281781
1089.451262,1000,16228.597506
1144.128204,1000,16231.955543
1142.510915,1000,16240.779948
987.358816,1000,16243.979087
981.287389,1000,16247.222587
1056.559594,1000,16250.480412
950.944015,1000,16253.846828
974.959311,1000,16257.264276
924.607788,1000,16260.622794
968.730382,1000,16263.837653
978.644403,1000,16267.199599
978.581055,1000,16270.480562
1071.886691,1000,16280.415913
1087.446519,1000,16283.746475
1009.598481,1000,16286.98528
1057.073761,1000,16290.413913
998.850371,1000,16293.679957
985.959237,1000,16297.048798
989.985639,1000,16300.425035
1111.929242,1000,16303.662809
1038.676389,1000,16306.913299
1078.406661,1000,16310.153464
1047.561573,1000,16319.977773
392.205535,337,16321.49274
1056.217406,1000,16324.644948
988.5336,1000,16328.034396
1037.378055,1000,16331.330003
985.304732,1000,16334.661525
1035.391408,1000,16338.008482
1004.009537,1000,16341.106933
1046.079425,1000,16344.487654
1003.000857,1000,16347.814431
955.936243,1000,16351.215318
963.281117,1000,16361.276222
1047.342374,1000,16364.570915
993.942469,1000,16367.863038
1004.252226,1000,16371.115175
1100.201203,1000,16374.396234
992.612608,1000,16377.741455
1088.636288,1000,16381.095444
1044.019918,1000,16384.199983
974.34884,1000,16387.398863
999.77894,1000,16390.706357
983.231412,1000,16400.574581
955.335301,1000,16403.916921
926.615867,1000,16407.0632
961.873043,1000,16410.349986
1025.631087,1000,16413.545971
998.805834,1000,16416.859419
879.038219,921,16419.929139
1056.911176,1000,16423.287935
1034.145264,1000,16426.649764
962.05007,1000,16430.039755
1072.026781,1000,16439.736029
992.947851,1000,16443.047507
987.614714,1000,16446.367161
1067.261748,1000,16449.65836
989.239749,1000,16452.919953
604.396659,567,16454.922902
1036.783107,1000,16458.246373
997.563548,1000,16461.538869
1074.209171,1000,16464.620115
1045.468668,1000,16468.029849
1040.094623,1000,16477.636939
977.858421,1000,16480.916635
1047.395337,1000,16484.202336
1039.170554,1000,16487.426263
1064.713055,1000,16490.611611
1094.104112,1000,16493.856462
1173.226855,1000,16497.156072
1110.748665,1000,16500.556714
1045.280137,1000,16503.796388
1025.825391,1000,16507.602867
965.241624,1000,16517.981756
1093.998345,1000,16521.290292
1086.379879,1000,16524.510131
1033.40499,1000,16527.775383
1048.855823,1000,16530.79437
975.399289,1000,16534.083974
939.158542,1000,16537.2183
1001.491407,1000,16540.416785
1145.182474,1000,16543.598951
965.039947,1000,16546.778821
1012.816934,1000,16556.286977
978.013959,1000,16559.609712
908.739398,1000,16562.927601
1036.800576,1000,16566.299217
926.236872,1000,16569.642771
1067.681874,1000,16572.738175
1079.352161,1000,16575.988818
1060.614534,1000,16579.268139
1005.581995,1000,16582.689556
1081.296135,1000,16585.943947
985.901966,1000,16595.600476
1073.283639,1000,16599.022355
944.306617,1000,16602.210827
1104.04227,1000,16605.519009
1123.183585,1000,16608.853692
112.695465,103,16609.649605
425.646983,458,16611.310039
444.380933,403,16612.90875
775.197871,755,16615.40633
1027.18125,1000,16618.744329
1084.66848,1000,16622.091554
1197.727355,1000,16625.350451
1036.681078,1000,16628.548264
1025.768556,1000,16638.51312
1023.510664,1000,16641.887259
1019.591837,1000,16645.289912
1105.736976,1000,16648.718445
1028.766418,1000,16651.833989
1139.611486,1000,16655.193079
1004.0787,1000,16658.569283
26.422136,23,16658.609119
1014.467729,1000,16662.030611
1061.446933,1000,16665.367808
290.95758,253,16666.586618
118.353986,89,16667.389041
1033.639311,1000,16677.183567
1014.796848,1000,16680.57915
1075.841832,1000,16683.865418
1087.83344,1000,16687.194484
1031.442125,1000,16690.551529
1116.457652,1000,16693.727767
1129.183065,1000,16697.048474
1018.474193,1000,16700.220262
1066.424758,1000,16703.504997
1082.837597,1000,16706.829077
1049.363253,1000,16716.12993
1024.883069,1000,16719.371609
1064.833955,1000,16722.624675
978.817631,1000,16725.892123
971.227645,1000,16729.361748
979.003313,1000,16732.660184
1093.363763,1000,16735.859118
1031.121538,1000,16739.12583
944.091503,1000,16742.37941
887.768219,1000,16745.651729
1044.817826,1000,16755.538015
1056.624012,1000,16758.629184
1046.058579,1000,16762.026408
1058.905929,1000,16765.30971
1012.255423,1000,16768.685897
965.035381,1000,16772.040131
1050.032617,1000,16775.397329
1075.823409,1000,16778.715251
1047.944697,1000,16782.034253
1107.641333,1000,16785.341346
1047.625291,1000,16795.490525
1019.048375,1000,16798.784869
1026.023464,1000,16801.952674
1008.690646,1000,16805.206835
1044.970385,1000,16808.576034
1061.209685,1000,16811.955196
1057.246226,1000,16815.293612
1025.427467,1000,16818.42623
1041.002123,1000,16821.85162
1049.440124,1000,16825.110336
1051.303905,1000,16833.933234
1064.726118,1000,16837.22946
1082.227959,1000,16840.518508
1041.078767,1000,16843.764118
1018.5262,1000,16847.024681
1010.4264,1000,16850.398064
1007.825914,1000,16853.826172
1005.377719,1000,16857.196061
1010.302337,1000,16860.375158
1018.048257,1000,16863.608576
1024.709184,1000,16873.714072
1090.547946,1000,16877.019337
1038.326842,1000,16880.386564
1075.837726,1000,16883.526909
1017.825935,1000,16886.94602
1059.86495,1000,16890.282909
1009.955723,1000,16893.681557
1035.626053,1000,16897.07518
995.107528,1000,16900.392911
1121.735808,1000,16903.681314
1122.88723,1000,16913.518418
1097.899871,1000,16916.847771
1115.066681,1000,16920.209153
1082.185891,1000,16923.573282
1142.569439,1000,16926.738972
1036.94104,1000,16930.069901
1054.717872,1000,16933.367222
985.412118,1000,16936.680991
1026.400413,1000,16940.012694
1049.781114,1000,16943.191501
1031.679388,1000,16953.267692
1067.535109,1000,16956.49076
1018.500238,1000,16959.961822
1027.246019,1000,16963.307307
995.538944,1000,16966.567382
1026.662386,1000,16969.883203
989.653588,1000,16973.133459
1069.930643,1000,16976.4339
1080.414424,1000,16979.939003
1040.411304,1000,16983.263459
1035.612355,1000,16992.912552
1088.285258,1000,16996.238504
1095.542213,1000,16999.55832
1102.153419,1000,17003.010484
1075.161055,1000,17006.333497
1095.217504,1000,17009.428262
1169.819888,1000,17012.827468
1151.983327,1000,17016.028362
1126.150679,1000,17019.3682
1055.783129,1000,17022.808412
1113.268511,1000,17032.757069
1073.328146,1000,17035.942687
1138.283162,1000,17039.114241
1151.629614,1000,17042.549417
1064.850013,1000,17045.851475
1132.561159,1000,17049.205894
1087.069922,1000,17052.481556
1021.877384,1000,17055.941832
995.802323,1000,17059.331674
1071.973902,1000,17062.708956
1174.571653,1000,17072.577956
15.123768,18,17072.609593
1070.109409,1000,17075.863712
993.938667,1000,17079.089412
1038.159394,1000,17082.296534
976.602151,1000,17085.554861
1001.421965,1000,17089.025044
1065.462862,1000,17092.422352
1056.462499,1000,17095.58562
1039.485309,1000,17099.019668
1051.604178,1000,17102.42553
1018.304091,1000,17112.542657
1039.666093,1000,17115.929025
1059.1774,1000,17119.282937
1057.214869,1000,17122.559195
1043.732434,1000,17125.800745
1011.299443,1000,17129.205185
1026.213804,1000,17132.52916
1100.466811,1000,17135.882317
1101.509685,1000,17139.1788
1071.791528,1000,17142.566227
1141.572857,1000,17152.495845
1052.128221,1000,17155.843613
1029.472969,1000,17159.243387
1028.186435,1000,17162.505464
1088.045865,1000,17165.918785
1054.743145,1000,17169.289613
1067.823756,1000,17172.735721
1119.929608,1000,17176.105768
1038.884934,1000,17179.37665
1061.265759,1000,17182.68936
1075.165678,1000,17192.634707
1049.890397,1000,17196.028775
1001.113002,1000,17199.405771
1062.242909,1000,17202.761477
1078.387417,1000,17205.918047
1081.19992,1000,17209.248341
1064.936726,1000,17212.547341
1028.357879,1000,17215.883322
1017.270668,1000,17219.287623
1005.411618,1000,17222.381123
1037.374441,1000,17232.44295
1096.840166,1000,17235.722945
1029.505865,1000,17239.133076
1053.475336,1000,17242.586666
1063.895732,1000,17245.879592
1043.896773,1000,17249.104256
1008.47746,1000,17252.345385
1060.292822,1000,17255.682843
1146.618475,1000,17259.04253
1050.165138,1000,17262.420372
1113.216729,1000,17272.160564
1138.151605,1000,17275.528042
1100.609186,1000,17278.843704
176.813747,181,17279.889893
1091.700219,1000,17283.169182
1100.598837,1000,17286.3905
1152.240686,1000,17289.756331
1117.377685,1000,17293.114197
1096.403345,1000,17296.457917
1129.02016,1000,17299.650749
1098.56152,1000,17302.888317
1111.386321,1000,17312.01421
960.398314,1000,17315.368594
162.296574,172,17316.22539
970.336536,1000,17319.553431
1120.279126,1000,17322.90177
1123.934801,1000,17326.170747
999.888903,1000,17329.440343
1180.217374,1000,17332.713072
3.210312,14,17332.737938
1143.043072,1000,17336.287495
1057.529116,1000,17339.710295
1138.293104,1000,17343.076786
1078.714692,1000,17352.805144
8.624842,13,17352.828043
1067.935643,1000,17355.962121
726.169186,647,17358.325554
1003.039015,1000,17361.717334
-1.116323,14,17361.741989
1113.329831,1000,17365.097445
1087.627519,1000,17368.402872
1078.802224,1000,17371.764832
1112.942802,1000,17375.034687
1065.469136,1000,17378.214421
1116.713781,1000,17381.549744
1094.439887,1000,17391.303941
1152.161124,1000,17394.664223
1089.668978,1000,17398.026208
1133.561997,1000,17401.217676
982.997045,1000,17404.425712
1037.658458,1000,17407.767942
890.240066,1000,17411.181422
1009.714263,1000,17414.524168
1039.181336,1000,17417.8402
979.711356,1000,17421.091676
1055.013627,1000,17431.043238
1007.942464,1000,17434.437046
992.489883,1000,17437.847053
940.234674,1000,17441.298475
590.332635,572,17443.282225
1029.019102,1000,17446.563338
1045.445063,1000,17450.007578
10.750546,23,17450.047315
973.597026,1000,17453.394916
961.411636,1000,17456.79
1040.605412,1000,17460.063981
991.494658,1000,17463.467642
24.647493,21,17463.50384
1021.778757,1000,17473.532118
986.944061,1000,17476.894451
980.56686,1000,17480.294404
1040.79271,1000,17483.618182
985.26264,1000,17486.926824
997.778391,1000,17490.286528
1010.288848,1000,17493.60767
988.018989,1000,17497.043569
977.229636,1000,17500.488217
973.230326,1000,17503.688902
969.566448,1000,17513.751855
1036.035519,1000,17517.074752
1004.931143,1000,17520.431833
1007.82104,1000,17523.895641
982.456811,1000,17527.25823
1053.948109,1000,17530.568799
663.254712,678,17533.111588
992.506181,1000,17536.291036
994.195537,1000,17539.680792
975.819328,1000,17542.957791
971.111372,1000,17552.907753
1026.325143,1000,17556.256979
955.923708,1000,17559.504206
994.386315,1000,17562.684448
987.554697,1000,17566.055184
963.604492,1000,17569.438424
1092.001724,1000,17572.780097
19.150289,15,17572.806137
987.362314,1000,17576.188508
917.875859,1000,17579.530454
959.896563,1000,17582.712796
929.815923,1000,17591.273506
908.530702,1000,17594.656983
1049.171677,1000,17598.050631
1055.217798,1000,17601.350264
1109.008442,1000,17604.567795
881.668326,1000,17608.061747
972.001059,1000,17611.384657
910.699229,1000,17614.788187
869.279185,1000,17618.193518
974.737906,1000,17621.309069
1016.734273,1000,17631.324365
969.927547,1000,17634.577432
905.240811,1000,17638.03066
817.010389,1000,17641.416995
925.458714,1000,17644.718879
870.963441,1000,17648.015531
906.001002,1000,17651.313858
218.676213,210,17652.416856
167.670414,229,17653.523086
823.694222,1000,17656.690234
845.642804,1000,17659.959631
898.662871,1000,17669.885566
992.393972,1000,17673.282124
812.415961,1000,17676.686903
748.817865,1000,17679.851797
934.730973,1000,17683.192429
990.709351,1000,17686.481905
968.122252,1000,17689.849565
940.339932,1000,17693.273708
845.584416,1000,17696.573257
364.048462,428,17698.234724
884.872117,1000,17701.526184
1000.827207,1000,17710.716912
951.231257,1000,17714.10407
978.123705,1000,17717.352257
981.38921,1000,17720.812551
947.724147,1000,17724.205225
872.24874,1000,17727.517023
985.301854,1000,17730.813213
1015.101281,1000,17734.184197
963.626814,1000,17737.576225
975.962533,1000,17740.934873
979.563511,1000,17750.833091
1057.351402,1000,17754.047745
914.191219,1000,17757.35996
953.994732,1000,17760.646344
314.101878,264,17761.986823
984.732709,1000,17765.330355
971.553552,1000,17768.758766
985.931502,1000,17772.044537
982.009093,1000,17775.28325
968.381602,1000,17778.538757
982.257526,1000,17781.899813
977.451573,1000,17791.872385
978.450734,1000,17795.312917
968.998414,1000,17798.445561
963.867307,1000,17801.867538
1083.934206,1000,17805.107078
969.175726,1000,17808.521738
939.76087,1000,17811.890257
1025.774315,1000,17815.018471
946.869312,1000,17818.462271
987.885723,1000,17821.937551
946.083993,1000,17831.978319
962.446212,1000,17835.390736
968.980796,1000,17838.862476
963.4147,1000,17842.034842
1015.613301,1000,17845.429463
1020.490008,1000,17848.847754
978.197107,1000,17852.311748
948.087453,1000,17855.666133
978.515088,1000,17858.875252
960.515916,1000,17862.182611
983.661499,1000,17870.939463
932.042352,1000,17874.287172
957.627186,1000,17877.682887
978.670541,1000,17880.841216
1024.59859,1000,17884.159123
962.313378,1000,17887.36392
1003.058898,1000,17890.725833
1035.635129,1000,17894.13258
959.116477,1000,17897.464177
962.883818,1000,17900.744828
943.75598,1000,17909.896816
958.476845,1000,17913.267034
880.935148,1000,17916.592788
974.076056,1000,17919.892568
983.295955,1000,17923.155152
941.547332,1000,17926.511694
966.893486,1000,17929.827162
899.689772,1000,17933.211966
965.070226,1000,17936.541948
929.184043,1000,17939.730379
969.161738,1000,17949.724291
944.775975,1000,17953.061532
873.007744,1000,17956.439636
929.336371,1000,17959.901839
875.228772,1000,17963.157897
892.080251,1000,17966.290365
869.777363,976,17969.46757
918.144351,953,17972.515718
914.577879,1000,17975.815703
879.621547,1000,17979.058241
900.5088,1000,17988.571476
820.470567,1000,17991.865845
908.61062,1000,17994.939256
1013.011228,1000,17998.276086
165.407303,204,17999.324396
40.985739,49,17999.407125
211.086993,192,18000.745287
605.390654,668,18003.047246
422.199072,478,18005.018759
981.613351,1000,18008.257272
73.28155,96,18008.421174
50.637108,54,18009.264839
639.457052,741,18011.778736
729.820841,685,18014.214236
935.647147,1000,18017.554225
255.754625,343,18018.845203
98.010552,117,18019.67753
381.658849,410,18021.279374
146.391713,190,18022.499822
870.699296,1000,18030.175407
860.334287,1000,18033.465904
454.383122,579,18035.506763
980.745702,1000,18038.759551
72.849849,76,18039.493682
962.180054,1000,18042.745307
126.095171,102,18043.488123
440.067883,428,18045.140795
723.868281,797,18047.971345
203.298881,226,18048.96202
417.498438,439,18050.733869
248.588853,305,18052.146808
226.448421,239,18053.167999
130.813731,116,18054.013531
152.406995,151,18054.918091
35.524053,70,18055.614353
83.303301,91,18055.770962
319.993221,399,18057.639044
977.568639,1000,18060.840113
78.438554,104,18061.608896
915.995827,1000,18067.040951
5.801871,22,18067.083641
73.813621,88,18067.883713
958.351446,1000,18071.221031
89.564699,89,18071.372826
855.880794,1000,18074.761637
30.362488,44,18075.420222
396.101516,384,18076.997979
915.245407,1000,18080.249772
971.673663,1000,18083.452546
501.311642,563,18085.610474
255.455504,307,18086.948429
72.702317,82,18087.735893
83.624966,84,18087.87951
78.958632,83,18088.966949
180.025437,221,18090.130225
189.607311,184,18091.044672
79.373184,90,18091.868667
176.24407,185,18092.832736
142.372681,151,18093.671579
310.720562,457,18095.459288
247.617371,235,18096.615857
889.065988,1000,18099.878798
86.0445,93,18100.03829
76.029372,85,18101.19505
167.877283,211,18102.385734
48.080691,52,18102.473608
52.845915,50,18102.558213
141.449546,152,18103.908571
251.587963,271,18105.10531
234.672057,286,18106.36777
188.236864,174,18107.314792
99.50416,196,18108.459442
17.169621,27,18108.505121
116.647109,153,18112.638884
131.325295,113,18113.30424
354.689144,403,18114.860728
312.290692,311,18116.283245
848.63087,1000,18119.619619
922.177953,1000,18122.816976
963.40944,1000,18126.104345
947.382507,1000,18129.391829
993.042359,1000,18132.744505
913.908633,1000,18136.085072
939.888185,1000,18139.223562
448.521984,543,18141.39089
944.108738,1000,18144.733708
645.029661,674,18152.47437
934.125274,1000,18155.834015
965.393439,1000,18159.006779
943.737101,1000,18162.291989
977.498139,1000,18165.613656
978.794275,1000,18168.919168
858.027417,856,18171.821107
905.104427,1000,18175.057688
958.610583,1000,18178.310163
980.902268,1000,18181.648393
1031.43541,1000,18185.019089
902.848728,1000,18194.777484
954.733428,1000,18197.92845
947.797146,1000,18201.307461
994.798225,1000,18204.607336
954.254694,1000,18208.012907
645.662163,703,18210.450265
1000.656156,1000,18213.781149
1001.619535,1000,18217.134372
972.425182,1000,18220.535914
966.873812,1000,18223.80084
825.70946,1000,18232.722536
40.852539,56,18233.489239
960.427547,1000,18236.864234
1006.762112,1000,18240.153253
940.737774,1000,18243.484936
284.50185,276,18244.68013
111.878843,146,18245.686061
842.964816,1000,18248.824341
682.643624,966,18252.019216
202.992755,172,18253.002215
1015.932871,1000,18256.296923
1060.511808,1000,18259.71007
976.302603,1000,18263.075415
536.318375,802,18272.308925
168.418479,387,18273.903899
991.135663,1000,18277.16393
969.316574,1000,18280.584273
745.779931,1000,18283.749279
973.283184,1000,18287.135416
551.729447,592,18289.331953
865.994003,1000,18292.734655
1013.330672,1000,18295.838072
743.418906,899,18299.045285
762.644092,1000,18302.355293
335.45551,393,18303.977038
981.139872,1000,18312.726238
989.729182,1000,18316.024738
965.857048,1000,18319.413919
1022.650476,1000,18322.74842
792.990703,1000,18325.824998
863.082278,1000,18329.23523
993.241405,1000,18332.505704
247.447177,244,18333.730433
104.57728,110,18334.576269
948.982678,1000,18337.912397
440.347791,464,18339.570108
442.939724,424,18341.170361
879.643227,1000,18344.278072
925.151133,1000,18348.613336
177.040215,169,18349.567449
191.73098,209,18350.59567
99.86865,104,18351.488814
868.889705,1000,18354.782559
943.977338,1000,18358.087257
690.010365,691,18360.41244
805.160651,1000,18363.825294
988.769044,1000,18367.146882
250.917024,307,18368.349056
933.237699,1000,18371.73732
468.542649,641,18374.069254
173.659544,194,18375.092816
905.456664,1000,18378.352488
42.032547,48,18379.043848
832.552968,1000,18382.289948
904.747934,1000,18389.453674
112.644451,135,18390.253762
752.722836,1000,18393.601797
210.832986,244,18394.881693
794.083011,1000,18398.195371
156.845961,193,18399.083815
98.249181,104,18399.926891
190.222295,209,18401.029094
191.668459,191,18401.892335
754.408069,1000,18405.328316
852.993411,1000,18408.606306
446.166263,538,18410.585371
784.344909,979,18413.873366
116.073419,122,18414.607233
938.769078,1000,18417.731823
249.343211,507,18419.643353
417.600409,499,18421.483521
51.678881,62,18422.14181
909.943064,1000,18428.441987
70.086669,89,18428.594144
99.727117,113,18429.623642
42.949209,43,18430.301696
510.065541,795,18433.014743
826.937304,1000,18436.273646
886.649863,1000,18439.502334
439.611445,609,18441.683327
965.534697,1000,18445.048195
101.067365,112,18445.863442
83.421648,107,18446.608647
62.275779,83,18446.748608
444.595386,637,18449.336737
231.442763,477,18451.087549
249.120977,384,18452.628064
126.556996,143,18453.485363
804.07907,1000,18456.818714
28.752143,67,18456.933787
91.339497,104,18458.152837
947.838457,1000,18461.555295
871.630661,1000,18469.397696
222.810646,267,18470.576863
317.838502,402,18472.155239
42.981528,91,18472.955967
903.0187,1000,18476.336514
265.076841,396,18477.810627
152.100507,193,18478.71192
783.793528,1000,18482.002259
42.703945,52,18482.091163
244.719358,290,18483.896061
870.265178,1000,18487.113716
862.968343,1000,18490.249597
901.963067,1000,18493.583446
74.933175,132,18494.447846
369.02813,453,18496.232863
88.14894,85,18496.377384
451.652361,525,18498.669804
872.621713,1000,18502.000879
825.184833,907,18508.934938
135.903979,186,18509.948193
351.810475,487,18511.919974
33.036204,44,18511.994606
895.364021,1000,18515.651583
655.048483,814,18518.396239
146.81916,165,18519.382576
255.82364,316,18520.885132
868.060467,1000,18524.308419
363.762611,417,18525.807422
154.678977,190,18526.784057
25.955934,49,18527.50899
851.062772,1000,18530.824698
872.092643,1000,18533.927579
873.16702,1000,18537.294206
28.791428,44,18538.039176
93.558864,188,18538.966068
921.170264,1000,18542.312987
893.289563,1000,18549.442417
309.994322,401,18550.877279
115.441264,173,18551.79288
148.859367,181,18552.764099
130.108844,190,18553.596887
254.30877,367,18555.125938
47.162993,66,18555.92566
49.587539,56,18556.020109
287.082352,430,18558.166826
878.037355,1000,18561.370372
969.742111,1000,18564.697659
870.884197,1000,18567.985008
855.009448,1000,18571.248143
530.237712,614,18573.374289
24.602884,48,18573.95327
41.186204,53,18574.042605
929.095153,1000,18577.70265
788.105403,1000,18580.976161
836.284416,1000,18584.249243
902.35731,1000,18592.338903
199.441482,224,18593.419716
828.163736,1000,18596.800786
955.703589,1000,18600.111448
921.250108,1000,18603.397435
908.895693,1000,18606.686323
887.533865,1000,18609.994163
32.007332,52,18610.742234
45.569186,74,18610.866845
270.18467,331,18612.792409
878.028369,1000,18616.133344
260.243732,323,18617.401657
343.769486,419,18619.084184
933.14328,1000,18622.350348
917.999098,1000,18628.994392
865.319421,1000,18632.376531
877.504072,1000,18635.660672
809.903642,1000,18638.73729
870.552164,1000,18642.031859
922.558348,1000,18645.286401
943.671885,1000,18648.648197
920.183686,1000,18652.018664
910.137689,1000,18655.322939
872.617995,1000,18658.569454
905.974496,1000,18668.334884
874.50359,1000,18671.67159
912.190635,1000,18675.098556
854.211762,1000,18678.421769
878.349171,1000,18681.645954
864.131246,1000,18685.003253
872.086169,1000,18688.377184
884.977192,1000,18691.799669
860.328829,1000,18695.111697
888.81683,1000,18698.350617
27.110985,32,18699.05089
926.607047,1000,18707.85243
913.855947,1000,18711.105515
881.921788,1000,18714.344179
904.392962,1000,18717.772116
324.524781,378,18719.26401
236.681441,277,18720.496964
985.882087,1000,18723.817878
924.366831,1000,18727.195162
983.553218,1000,18730.179823
879.048518,1000,18733.554466
920.445709,1000,18736.939727
877.232138,1000,18740.243635
905.683726,1000,18750.260863
895.922831,1000,18753.475057
856.19512,1000,18756.561687
862.75834,1000,18759.82906
844.480638,1000,18763.164344
878.613548,1000,18766.49402
895.846361,1000,18769.809178
900.920005,1000,18772.994993
897.736939,1000,18776.366002
890.625099,1000,18779.656248
873.567999,1000,18789.484715
921.15018,1000,18792.912292
874.68914,1000,18796.181315
950.656956,1000,18799.629991
948.868686,1000,18802.832237
882.98528,1000,18806.144191
865.137202,1000,18809.601855
888.222892,1000,18812.985483
884.802223,1000,18816.169356
863.968873,1000,18819.491394
892.526742,1000,18829.343456
892.62902,1000,18832.672203
944.491722,1000,18836.063401
904.279827,1000,18839.201343
965.894508,1000,18842.552866
938.861926,1000,18845.933875
941.027093,1000,18849.350462
953.804478,1000,18852.735642
959.651029,1000,18855.814573
922.303843,1000,18859.133572
876.41073,1000,18868.95341
885.112303,1000,18872.319672
909.787822,1000,18875.647648
931.494899,1000,18878.958987
912.674705,1000,18882.23579
904.694329,1000,18885.601047
897.019524,1000,18888.934102
936.867831,1000,18892.358221
943.503396,1000,18895.685808
897.547433,1000,18898.862555
913.194486,1000,18908.749333
887.160859,1000,18912.003415
946.878067,1000,18915.36582
841.667802,1000,18918.73697
959.860069,1000,18921.829691
907.494377,1000,18925.259673
940.963672,1000,18928.621072
929.069427,1000,18932.090494
909.537689,1000,18935.419273
925.035701,1000,18938.723308
919.216099,1000,18948.449082
812.875426,1000,18951.779402
946.598781,1000,18955.057426
960.784353,1000,18958.389158
844.638779,1000,18961.697717
935.802061,1000,18964.907115
680.948997,723,18967.497027
972.829014,1000,18970.819029
920.749352,1000,18974.175526
987.238197,1000,18977.344725
287.183595,299,18978.65007
963.20588,1000,18988.475871
980.896106,1000,18991.625272
982.163236,1000,18994.948349
816.093693,1000,18998.143968
44.44371,50,18998.229279
894.830879,1000,19002.11363
946.908315,1000,19005.48674
824.90362,1000,19008.90256
916.467889,1000,19012.339027
907.667893,1000,19015.714262
877.668684,1000,19018.884391
920.806171,1000,19028.807045
917.768792,1000,19032.181105
824.100091,1000,19035.510854
889.98769,1000,19038.804113
943.922817,1000,19041.99905
909.614679,1000,19045.362928
883.209852,1000,19048.690793
944.430857,1000,19052.105018
960.347598,1000,19055.423405
937.867217,1000,19058.614523
933.912362,1000,19068.63316
929.511003,1000,19071.947516
863.861777,1000,19075.324095
933.008385,1000,19078.74306
922.48155,1000,19082.062171
924.379078,1000,19085.270341
933.747956,1000,19088.521792
933.257089,1000,19091.832389
931.341314,1000,19095.207146
882.538743,1000,19098.46358
933.142149,1000,19108.148318
954.399048,1000,19111.431525
948.318773,1000,19114.747004
953.93594,1000,19118.08014
959.604403,1000,19121.416716
916.567305,1000,19124.418793
921.44686,1000,19127.820854
919.697015,1000,19131.037782
964.962304,1000,19134.416405
968.860451,1000,19137.761769
944.870954,1000,19146.54665
938.049007,1000,19149.79311
935.824568,1000,19153.063143
950.600931,1000,19156.369021
977.791305,1000,19159.793927
874.202291,1000,19163.137554
964.256753,1000,19166.396275
943.459708,1000,19169.783602
923.947004,1000,19173.052987
928.698018,1000,19176.490282
946.834668,1000,19186.366313
952.1185,1000,19189.408804
885.472957,1000,19192.776269
915.085099,1000,19196.015133
891.684817,1000,19199.34973
927.776095,1000,19202.73083
896.546063,1000,19205.969498
943.528582,1000,19209.195331
916.215686,1000,19212.441274
896.673419,1000,19215.765323
917.840565,1000,19225.712855
938.46229,1000,19229.122049
880.599276,1000,19232.197821
282.07847,321,19233.670952
917.014978,1000,19237.065295
975.911961,1000,19240.38273
920.724489,1000,19243.509067
901.044397,1000,19246.797664
937.252893,1000,19250.149796
951.522885,1000,19253.503762
867.867196,1000,19263.384395
926.823983,1000,19266.563448
931.857453,1000,19269.872098
948.072843,1000,19273.10219
915.013309,1000,19276.456357
930.448128,1000,19279.841933
955.143194,1000,19283.144767
875.877249,1000,19286.374627
915.323286,1000,19289.774457
920.469693,1000,19293.164162
924.274078,1000,19303.186453
921.843549,1000,19306.48411
941.935339,1000,19309.73773
895.203125,1000,19313.037734
935.471685,1000,19316.317658
952.493979,1000,19319.606755
498.392139,518,19321.620858
905.507989,1000,19325.024343
915.855317,1000,19328.121762
935.374794,1000,19331.534394
957.462044,1000,19334.849715
960.43301,1000,19344.759989
944.326242,1000,19348.150833
947.911586,1000,19351.610489
924.870989,1000,19354.882984
964.250992,1000,19358.234492
939.997523,1000,19361.611717
950.045981,1000,19364.97665
943.898606,1000,19368.278308
926.964786,1000,19371.384136
964.793494,1000,19374.742022
315.87126,349,19382.84096
48.751877,61,19382.945131
916.412174,1000,19386.771801
938.226931,1000,19389.979659
936.287457,1000,19393.46134
929.507945,1000,19396.857154
910.225147,1000,19400.089561
916.799438,1000,19403.349831
943.823983,1000,19406.671398
957.945573,1000,19410.040657
947.057466,1000,19413.411253
920.235644,1000,19423.247816
951.642811,1000,19426.505766
953.250501,1000,19429.875164
34.880233,38,19429.940288
963.359803,1000,19433.455354
951.300891,1000,19436.696578
947.008445,1000,19440.063063
959.549659,1000,19443.470644
957.299359,1000,19446.826418
958.187556,1000,19450.147819
948.442994,1000,19453.466179
945.571466,1000,19461.991803
972.756217,1000,19465.444495
968.32063,1000,19468.850008
971.145709,1000,19472.010972
947.21453,1000,19475.440602
959.293794,1000,19478.750066
960.084852,1000,19482.161062
967.618813,1000,19485.576504
931.284255,1000,19488.653485
978.484367,1000,19491.994038
955.968219,1000,19501.687551
977.399363,1000,19505.002342
970.402997,1000,19508.385248
981.478732,1000,19511.757872
968.738016,1000,19514.954315
977.428552,1000,19518.318918
946.981475,1000,19521.656355
970.009422,1000,19524.94598
973.026007,1000,19528.292274
963.978691,1000,19531.466882
964.28127,1000,19541.271819
971.331207,1000,19544.54949
976.510555,1000,19547.836364
974.99802,1000,19551.182372
983.355374,1000,19554.218214
971.974879,1000,19557.61877
967.644944,1000,19560.962203
962.524925,1000,19564.339682
987.580054,1000,19567.6103
979.828102,1000,19570.916626
977.094485,1000,19580.718062
975.334253,1000,19584.013292
966.193433,1000,19587.321268
982.201736,1000,19590.709377
957.723869,1000,19594.072397
932.954806,1000,19597.241195
978.248986,1000,19600.650042
981.09305,1000,19603.940697
968.688327,1000,19607.291674
942.936155,1000,19610.674182
972.252156,1000,19620.308242
978.671233,1000,19623.712173
965.407705,1000,19626.986874
953.406961,1000,19630.382142
976.988559,1000,19633.774874
984.172152,1000,19637.130237
978.489722,1000,19640.36414
985.630811,1000,19643.692648
963.816268,1000,19647.055598
979.883362,1000,19650.451474
950.277305,1000,19660.286058
979.581777,1000,19663.448299
980.258017,1000,19666.752815
981.959954,1000,19670.031228
981.101149,1000,19673.379185
978.518667,1000,19676.768955
982.101941,1000,19680.005663
962.326072,1000,19683.39305
973.508151,1000,19686.74123
974.691146,1000,19690.106992
980.076456,1000,19700.140085
981.077334,1000,19703.440519
980.789889,1000,19706.726779
973.407189,1000,19710.002755
972.195349,1000,19713.337944
981.981243,1000,19716.720118
1000.237426,1000,19720.006154
977.151929,1000,19723.220043
982.262384,1000,19726.561884
978.824405,1000,19729.938468
976.374706,1000,19740.06855
985.643084,1000,19743.40044
978.705517,1000,19746.504382
969.883963,1000,19749.893621
974.255711,1000,19753.26186
1000.098991,1000,19756.731062
993.183074,1000,19760.133575
972.69645,1000,19763.448773
981.691374,1000,19766.648457
976.453221,1000,19769.900603
979.970694,1000,19779.907431
974.071202,1000,19783.279183
980.465814,1000,19786.647812
969.834385,1000,19789.836993
968.306324,1000,19793.214754
964.284959,1000,19796.462213
967.574098,1000,19799.858552
962.032183,1000,19803.222175
969.608241,1000,19806.375686
975.812081,1000,19809.687409
963.324085,1000,19819.620158
975.049847,1000,19822.98879
975.352078,1000,19826.421645
966.85165,1000,19829.682085
977.921961,1000,19832.936337
976.666148,1000,19836.33744
983.20957,1000,19839.757365
970.347847,1000,19843.211088
981.283112,1000,19846.621745
945.712924,1000,19849.76839
974.491449,1000,19859.718889
960.733916,1000,19863.081149
981.86148,1000,19866.453788
977.121006,1000,19869.80896
973.321944,1000,19872.850825
975.027305,1000,19876.216243
972.614666,1000,19879.525211
991.904127,1000,19882.951852
985.473511,1000,19886.338116
972.5592,1000,19889.715143
974.24182,1000,19899.578768
985.829263,1000,19902.811213
956.20227,1000,19906.098343
960.733851,1000,19909.592643
984.609179,1000,19912.999566
969.15798,1000,19916.124866
967.535421,1000,19919.542688
948.272305,1000,19922.833976
945.173057,1000,19926.147069
941.930013,1000,19929.448403
968.26442,1000,19939.285504
978.182842,1000,19942.631806
983.618041,1000,19945.877125
978.590018,1000,19949.239939
972.689033,1000,19952.707819
972.335256,1000,19955.940042
979.081627,1000,19959.251286
993.800551,1000,19962.670559
959.670139,1000,19965.964047
966.761733,1000,19969.368159
950.357842,1000,19979.382955
959.832279,1000,19982.651679
987.466203,1000,19985.984714
969.510697,1000,19989.303865
975.325776,1000,19992.692907
975.968129,1000,19996.11235
990.663529,1000,19999.215158
975.727825,1000,20002.628087
964.858528,1000,20005.873379
971.641616,1000,20009.267961
991.395586,1000,20019.259621
996.330941,1000,20022.613719
999.275637,1000,20025.808981
999.326359,1000,20029.156262
998.88971,1000,20032.49865
1001.469595,1000,20035.832785
1006.586675,1000,20039.197956
983.225645,1000,20042.350095
1001.924923,1000,20045.794275
996.891652,1000,20049.195624
1007.989974,1000,20059.121509
1013.344683,1000,20062.451005
1002.301191,1000,20065.66358
1008.645076,1000,20069.092273
1007.483212,1000,20073.095232
995.086905,1000,20076.474592
1038.641302,1000,20079.771477
1046.461078,1000,20083.135999
1014.1851,1000,20086.315757
1017.240442,1000,20089.716781
1031.782435,1000,20099.588711
1029.142372,1000,20103.009858
1019.156765,1000,20106.447082
1014.054181,1000,20109.601172
967.246807,1000,20112.949498
1027.695443,1000,20116.259353
1008.523305,1000,20119.602339
1025.445388,1000,20122.956931
988.640884,1000,20126.129069
999.55322,1000,20129.518334
1000.244725,1000,20139.352171
1008.679795,1000,20142.763393
1012.753226,1000,20146.15391
1012.6708,1000,20149.366234
1014.37238,1000,20152.722229
1016.387339,1000,20155.948399
1010.893114,1000,20159.272866
1018.123398,1000,20162.589924
990.810009,1000,20165.878359
994.865726,1000,20169.087229
999.084466,1000,20179.122749
993.317041,1000,20182.476314
1016.226853,1000,20185.952334
1009.29167,1000,20189.373284
1026.075851,1000,20192.494306
1042.825239,1000,20195.850477
1024.134601,1000,20199.118086
1011.600205,1000,20202.464012
1054.245415,1000,20205.862422
1071.121775,1000,20209.098503
1027.002906,1000,20218.927624
1031.316852,1000,20222.229822
1026.068437,1000,20225.566955
1013.464326,1000,20229.049152
993.871263,1000,20232.364747
991.764843,1000,20235.5182
1028.413073,1000,20238.849959
1007.451035,1000,20242.248691
968.279801,1000,20245.654541
984.091355,1000,20248.985421
1024.797808,1000,20258.573681
995.726803,1000,20261.941348
1013.072078,1000,20265.235931
988.150761,1000,20268.645067
1008.741858,1000,20272.017401
993.340196,1000,20275.311917
1016.517969,1000,20278.57114
1034.075775,1000,20281.853703
1013.845995,1000,20285.180448
1001.527182,1000,20288.588449
1011.952043,1000,20298.511583
1023.791096,1000,20301.754281
1018.183467,1000,20305.071615
1026.883401,1000,20308.385241
1013.552668,1000,20311.738878
1018.355112,1000,20315.091577
1012.041185,1000,20318.187703
1031.054977,1000,20321.600699
1035.388421,1000,20324.84526
1001.098004,1000,20328.26956
1003.826948,1000,20338.274064
1009.074909,1000,20341.53139
1000.088861,1000,20344.784336
1022.908918,1000,20348.153316
1006.488571,1000,20351.492489
1007.628144,1000,20354.947857
1015.499742,1000,20358.350148
1000.893051,1000,20361.515025
1013.974794,1000,20364.833587
970.205796,1000,20368.228952
970.566641,1000,20378.1418
983.155932,1000,20381.528047
1002.427728,1000,20384.748693
1001.842266,1000,20388.16628
975.554177,1000,20391.468948
989.931695,1000,20394.84404
1002.532445,1000,20398.268485
983.726702,1000,20401.481696
1003.500672,1000,20404.742827
972.825527,1000,20408.004309
989.203236,1000,20418.583925
987.424475,1000,20422.617638
941.527078,1000,20426.676525
962.406845,1000,20430.564121
937.421064,1000,20434.550418
951.699229,1000,20438.519821
940.915953,1000,20442.501335
955.235428,1000,20446.476917
952.730912,1000,20450.239747
930.053862,1000,20454.302678
932.661292,1000,20465.498391
893.678153,1000,20469.442517
960.027753,1000,20473.491549
889.20193,1000,20477.423347
932.601762,1000,20481.282392
942.468314,1000,20485.236045
952.948294,1000,20489.37478
986.855097,1000,20493.472253
931.313581,1000,20497.503527
1034.611902,1000,20501.420075
948.013384,1000,20512.802399
930.767587,1000,20516.752882
971.86145,1000,20520.892653
935.159642,1000,20524.892567
976.850745,1000,20528.769674
948.904952,1000,20532.870316
967.176652,1000,20536.780259
960.457693,1000,20540.850135
956.914054,1000,20544.796061
1019.31671,1000,20548.185943
974.757766,1000,20559.931513
1024.626557,1000,20563.255439
1009.84817,1000,20567.286969
954.113799,1000,20571.40609
977.405357,1000,20575.451652
939.770221,1000,20579.291881
957.015764,1000,20582.672922
923.757682,1000,20586.582841
962.459651,1000,20590.595124
946.442906,1000,20594.665722
954.186516,1000,20606.455811
966.028857,1000,20610.123909
956.230931,1000,20613.984631
955.190893,1000,20618.027142
954.964665,1000,20622.092477
964.470553,1000,20625.45662
968.456118,1000,20628.622257
963.418996,1000,20631.871743
1002.865432,1000,20635.199593
948.893349,1000,20638.619879
