#{"t_start": 1765339557.8015175, "env_id": "Ant-v5"}
r,l,t
-77.636805,84,1.31726
-1076.519774,1000,2.17798
-16.443006,52,2.226184
-13.291036,12,2.236443
-57.991054,50,2.27847
-15.76698,34,2.306986
-72.0604,100,2.390595
-44.720108,79,2.456976
-15.678173,18,2.472101
-16.429469,81,2.540189
-175.153987,147,2.663425
-65.281037,84,2.733979
-144.331603,61,2.78502
-29.013159,16,2.798307
-30.488993,28,2.821594
-24.040252,32,2.848485
-9.852996,26,2.870247
-38.844295,26,2.89182
-15.309787,29,2.916208
-58.114158,40,2.94995
-32.697508,28,2.973511
-24.700311,36,3.271719
-32.128284,17,3.28762
-22.510219,38,3.320748
-48.204002,27,3.3437
-29.422614,28,3.367527
-8.888383,10,3.375978
-11.85081,15,3.388898
-208.185017,233,3.586867
-77.780349,72,3.647589
-19.938815,17,3.66187
-103.217293,104,3.749308
-983.034518,1000,4.607234
-33.453469,44,4.644321
-65.867036,56,4.691243
-54.633974,49,4.732404
-16.022966,42,4.767693
-12.901708,25,4.788684
9.494358,33,4.816358
-95.962974,56,4.863358
-43.495295,22,4.882008
-13.550111,18,4.897329
-1020.346727,1000,6.003875
-9.183633,13,6.015104
-18.447246,33,6.042855
-49.327876,33,6.070567
-235.337033,189,6.229257
-84.751687,50,6.271396
-156.623441,147,6.397219
-1062.520109,1000,7.619612
-90.905925,86,7.692256
-61.674067,28,7.715634
-164.916522,147,7.838727
-37.12673,33,7.8665
-55.327833,70,7.925448
-28.265204,52,7.973852
-128.578329,114,8.069826
-14.862008,33,8.097659
-203.560403,158,8.230806
-61.018377,68,8.288455
-115.459043,153,8.41917
-74.271082,76,8.482927
-10.101267,15,8.495607
-22.695234,22,8.514107
-51.042376,37,8.545073
-100.941578,60,8.595706
-98.985085,115,8.692111
-24.724096,17,8.706354
-38.770331,37,8.737144
-51.546302,63,8.790181
-34.548831,47,8.82977
-49.868056,37,8.860685
-25.296418,19,8.876853
-105.848696,130,8.985681
-11.643362,15,8.998234
-16.333887,14,9.009948
-88.716245,116,9.366236
-22.722482,19,9.383563
-28.214596,32,9.410776
-6.166517,17,9.425179
-10.382159,13,9.436094
-11.382565,14,9.448002
-72.295295,71,9.507811
-73.674694,60,9.558306
-51.057361,28,9.5819
-53.696147,51,9.625495
-1045.997116,1000,10.484616
-65.655463,44,10.522065
-24.802235,22,10.540608
-23.427928,32,10.567632
-22.090284,16,10.581131
-16.857177,22,10.599795
-23.075104,32,10.627002
-41.22479,24,10.647193
-84.60258,85,10.718373
-28.257395,36,10.748792
-6.040132,17,10.763185
-19.077289,20,10.780026
-104.257613,49,10.821095
-1029.349186,1000,15.859884
-57.43498,39,15.892858
0.35938,26,15.914725
-21.067865,12,15.924844
-16.197926,41,15.959661
-47.553041,42,15.9951
-36.415077,48,16.035308
-7.960102,20,16.052349
-22.079371,28,16.075795
-22.860714,70,16.134536
-21.823661,34,16.16334
-12.096686,13,16.174294
-32.179065,24,16.194653
-23.152552,28,16.218077
-58.539166,65,16.272995
-208.797821,143,16.393569
-51.339802,54,16.438836
-37.109673,36,16.469181
-56.905364,50,16.511563
-17.348252,11,16.520892
-13.683055,11,16.53016
-85.508961,65,16.5849
-10.607791,21,16.602618
-5.535911,16,16.616137
-102.859552,79,16.682893
-30.904261,25,16.704018
-144.823345,99,16.787363
-6.890061,39,16.820038
-13.222019,11,16.829214
-43.701607,33,16.856879
-86.781496,59,16.911036
-28.117634,36,16.942132
-68.24853,66,16.99759
-67.789412,73,17.314482
-100.717903,116,17.412586
-29.918278,25,17.433656
-11.961507,34,17.462126
-77.49421,51,17.504987
-29.986401,25,17.526271
-19.804012,13,17.537153
-58.372314,69,17.59543
-55.658177,34,17.624285
-34.956899,41,17.65882
-925.839721,1000,18.51408
-19.293025,17,18.528763
-18.377335,13,18.539726
-56.692857,48,18.579926
-42.742274,42,18.615448
-9.357351,12,18.625478
-14.981593,13,18.636521
-26.1507,23,18.655871
-9.192253,15,18.668607
-67.479494,34,18.697146
-6.3578,34,18.725785
2.961751,38,18.757544
-79.469759,52,18.801145
-67.981374,76,18.865584
-28.79141,34,18.894462
-76.519071,72,18.954772
-25.719867,32,18.981644
-61.67128,53,19.026237
-15.821334,29,19.306701
-17.399758,13,19.317885
-15.970001,18,19.332968
-72.056655,53,19.377368
-12.289747,12,19.387712
-50.201128,35,19.417428
-133.789115,125,19.522109
-87.296659,68,19.579483
-34.394849,35,19.608976
-31.298425,53,19.653516
-75.865689,73,19.714865
-30.756748,25,19.736082
-283.675147,181,19.888119
-14.687721,21,19.905972
-27.013348,72,19.966336
-57.51233,36,19.996449
-19.746072,22,20.015092
-5.087933,27,20.03783
-84.239333,43,20.073797
-30.836011,18,20.089022
-66.476377,66,20.144803
-96.821287,77,20.209246
-33.556854,23,20.22862
-37.975763,31,20.254696
-12.241657,11,20.264035
-9.584315,12,20.274079
-190.779331,189,20.43269
-14.656079,17,20.446999
-29.120298,49,20.488143
-47.308711,16,20.50161
-15.519093,10,20.510078
-960.557304,1000,21.623143
-1013.637195,1000,22.481127
-14.564417,8,22.488269
-68.960422,52,22.53231
-95.790805,116,22.6299
-20.43034,26,22.651863
3.647338,24,22.67211
-48.580969,56,22.719842
-100.962823,59,22.7695
-931.686729,1000,23.883302
-88.94883,57,23.931436
-124.419703,115,24.0281
-46.568371,67,24.084825
-33.008151,40,24.11851
-78.069725,57,24.166681
-26.440893,18,24.181986
-43.834651,35,24.211376
-19.79939,12,24.221455
-11.0634,17,24.235922
-7.961868,22,24.25452
-6.581072,15,24.267218
-72.733696,97,24.348539
-47.618639,38,24.380526
-52.940972,50,24.424116
-934.887454,1000,28.803078
-83.555199,65,28.858021
-43.828468,34,28.887558
-31.229948,28,28.911806
-31.20593,25,28.932582
-28.828761,29,28.957097
-57.049371,76,29.02067
-1024.273216,1000,29.878198
-78.305627,85,29.949864
-92.191523,111,30.042966
-77.354948,37,30.07405
-0.386518,19,30.090147
-11.257615,18,30.105184
-51.231094,58,30.153827
-12.073459,20,30.170515
-30.602983,29,30.195123
-17.291497,13,30.206031
-25.225272,26,30.227877
-27.901938,12,30.237868
-97.14187,164,30.628963
-27.050685,16,30.642461
-28.186822,48,30.682625
-223.210013,199,30.850125
-50.267672,25,30.871536
-6.80931,16,30.885233
-18.0286,19,30.901379
-65.831907,61,30.952537
-13.736348,16,30.965966
-959.881652,1000,31.826266
-164.713534,145,31.948726
-3.635703,9,31.956258
-55.930364,45,31.994098
-19.787497,16,32.007599
-11.989665,21,32.025564
-42.702924,21,32.043339
-46.138223,76,32.107569
-20.085268,19,32.123497
-16.397345,35,32.15297
-105.999717,106,32.242215
-26.186879,26,32.264068
-30.842308,82,32.5879
2.581285,74,32.649838
-7.440939,17,32.664323
-55.114542,103,32.750851
-21.328785,17,32.7652
-56.020689,55,32.810925
-576.278122,552,33.282923
-33.250911,25,33.304229
-57.565128,50,33.346251
-52.673841,37,33.37773
-950.96453,1000,34.233232
-163.378758,145,34.611215
-14.532428,39,34.644319
-18.533133,47,34.683903
-9.526896,22,34.702667
-877.169892,1000,35.559026
-64.073388,69,35.617032
-30.439314,89,35.69174
-22.932533,37,35.723093
-31.61773,31,35.749055
-20.328803,50,35.791021
-34.369186,29,35.815645
-138.331192,156,35.946347
-22.437247,26,35.968215
-87.360163,64,36.021771
-43.054504,31,36.048196
-49.992436,47,36.088646
-106.950718,106,36.179987
-0.011089,10,36.188508
-116.46267,106,36.277938
-953.57752,1000,37.393612
-18.631321,17,37.408547
-39.648844,59,37.458181
-24.619472,42,37.493612
-881.196655,1000,39.782548
-79.630338,54,39.828142
-38.49913,32,39.855254
-58.672799,33,39.882915
-6.298063,11,39.89224
-3.360381,28,39.91573
-44.739935,42,39.95088
-49.556854,41,39.985335
-16.135525,13,39.996146
-26.917169,32,40.02314
9.947613,20,40.039917
-58.719825,42,40.075296
-13.121779,19,40.091244
-7.184936,15,40.103986
-27.031363,26,40.125928
-23.47743,17,40.140189
-53.438662,61,40.191215
-30.185119,39,40.224118
-5.517019,13,40.234995
-16.662039,41,40.269207
-11.084121,25,40.290354
-947.583387,1000,41.146912
-108.581418,117,41.245893
-34.311582,81,41.314681
-24.697854,19,41.330746
-39.918847,37,41.361808
-44.176946,26,41.383941
-41.507282,158,41.775647
-44.825766,35,41.805583
-81.553526,86,41.878175
-17.687147,16,41.891661
-6.974397,13,41.902603
-39.414496,31,41.928826
-868.961662,1000,42.78899
-9.791478,17,42.803546
-126.479149,80,42.870949
-911.352258,1000,43.996999
-40.058451,54,44.042579
-6.291504,30,44.067948
-858.39766,1000,44.924107
-22.712567,56,44.971431
-25.914106,17,44.985805
-36.687326,45,45.023818
-52.754502,61,45.075356
-58.508276,35,45.10488
3.831805,26,45.126677
-17.40701,45,45.164548
-827.98336,1000,46.278859
-11.578007,45,46.3167
-820.566367,1000,47.17527
-0.060534,16,47.189275
-33.563606,36,47.219756
-27.921348,17,47.23415
-851.125261,1000,48.348431
-37.230875,34,48.377563
-17.660514,22,48.396253
-30.162601,35,48.425865
-45.970384,42,48.461007
-17.039627,21,48.478539
-63.504721,57,48.526225
-55.017669,44,48.563632
-33.399119,31,48.589798
-892.002308,1000,52.310479
-87.862363,76,52.374541
-47.060543,47,52.66801
-51.292683,46,52.706631
-41.993136,24,52.726921
-143.326335,125,52.831538
-23.09325,39,52.864412
-825.137416,1000,53.71856
-3.210894,16,53.732542
-25.080887,35,53.762165
-26.676277,21,53.779838
-9.962215,15,53.792485
-73.115389,64,53.846433
-10.499008,9,53.854011
-50.278677,34,53.882739
-172.771364,144,54.003231
-2.912963,17,54.017601
-17.057101,41,54.052145
1.11081,18,54.067177
-17.215813,18,54.082342
-56.640158,35,54.11152
-10.055865,12,54.121593
-845.71469,1000,55.233617
-14.424877,27,55.256614
-13.812519,26,55.278796
0.813222,37,55.309634
-46.679927,44,55.346864
-27.332551,36,55.377284
-11.674258,40,55.411171
-26.752981,44,55.448072
-6.42714,19,55.463955
-18.666982,24,55.484377
-24.000743,19,55.500534
-3.136365,11,55.50977
-55.308649,38,55.541605
-9.869397,33,55.569571
-94.322526,110,55.662325
4.209697,37,55.693633
-5.251614,34,55.722268
-83.498545,85,55.794068
-32.189845,46,55.832405
-20.030415,23,55.851701
-17.043936,15,55.864386
-10.44064,10,55.872803
-3.910402,18,55.888051
-90.355987,71,55.947821
-681.338109,876,56.952591
-86.424914,76,57.016339
-9.34432,16,57.029806
-69.198696,83,57.099025
-15.58649,23,57.118576
-63.341873,68,57.175558
-8.274027,12,57.185746
-6.171051,24,57.205767
-192.923401,145,57.327208
-39.751356,54,57.372502
-43.73936,41,57.407003
-22.509156,17,57.421433
-37.801788,53,57.466077
-22.573084,17,57.480381
-8.653396,57,57.528647
-33.17226,51,57.571523
-13.732522,29,57.596019
-71.216093,65,57.651097
18.267059,71,57.710616
-35.270501,30,57.736124
-60.751958,53,57.78068
-42.72408,34,57.809184
-59.645607,33,57.836807
-125.251524,104,57.924194
-33.733351,38,57.956305
-1.731037,14,57.968097
-44.151716,20,57.984991
-39.79024,48,58.02529
-27.296697,17,58.039616
-12.817926,50,58.081672
-59.760692,54,58.127036
-21.954999,32,58.153967
-12.531534,10,58.162365
-5.531747,13,58.173297
4.848855,13,58.184311
-2.545649,26,58.206235
-24.39122,58,58.25505
-100.68867,79,58.321251
-36.960278,84,58.647708
-8.520658,13,58.658678
-47.666825,51,58.701434
-19.960874,25,58.722602
-20.934649,79,58.789007
-142.462792,178,58.938039
-863.823481,1000,59.795845
-93.90093,71,59.855625
-21.371579,23,59.874789
5.346447,17,59.889265
-147.662454,102,59.975143
-22.960466,18,59.990519
-6.916309,19,60.006593
-9.916636,14,60.018359
-72.018639,75,60.081372
-51.530646,36,60.111629
-162.388232,113,60.205982
-46.814435,54,60.251691
-29.033625,38,60.283707
16.048656,47,60.323085
-6.641042,14,60.334759
-47.925352,55,60.637031
-4.393243,14,60.648945
-20.776853,19,60.66502
-1.647709,22,60.683452
-23.744282,22,60.701966
-9.399669,12,60.712147
-41.250152,76,60.777272
-23.849823,21,60.794959
-45.667647,46,60.833762
-39.27636,40,60.867045
-19.563346,27,60.889951
-23.854019,21,60.907933
-0.478122,12,60.918098
-830.707769,1000,61.871635
-33.379413,21,61.889485
-26.292991,22,61.908132
-25.042257,50,61.950798
-7.100801,86,62.023802
-859.176527,1000,63.138762
-11.923593,13,63.14999
-3.860515,16,63.163518
-7.416778,16,63.177059
-15.622244,28,63.200432
-51.96936,69,63.258798
-30.239867,60,63.309281
-8.632916,62,63.36162
-30.705789,18,63.376938
-16.205556,26,63.399114
-16.164126,14,63.410954
-50.896144,53,63.455619
-23.044452,12,63.465896
-48.010506,68,63.522933
-26.928301,49,63.564301
-29.687863,22,63.582917
-27.333593,39,63.615687
-23.368001,22,63.634065
-2.253112,10,63.642489
-8.084563,13,63.65355
-9.859797,20,63.670659
-79.023803,60,63.720871
-16.416908,22,63.739213
-10.903791,17,63.753376
-66.561636,81,63.821541
-56.224005,61,63.872606
-11.988344,14,63.884574
-14.48375,37,63.915531
-29.371806,51,63.958461
-7.337153,19,63.974756
-52.631617,35,64.004025
-3.13822,36,64.034245
-0.551652,32,64.061073
-31.510154,91,64.137327
-15.938944,21,64.155058
-44.351799,48,64.195397
-60.083002,45,64.233069
-49.770548,47,64.27253
-28.248744,23,64.291892
-48.963279,48,64.332035
-21.394052,13,64.343069
-63.49723,74,64.405417
-34.140934,41,64.439647
-40.826336,37,64.727186
-14.344864,29,64.751851
-69.254208,34,64.780218
-26.338047,28,64.803907
-33.484327,51,64.846816
-54.749951,48,64.887406
-850.757574,1000,65.744686
-25.255226,24,65.764998
2.080326,13,65.776009
-9.71772,18,65.791142
-15.196015,20,65.807883
-20.062695,35,65.837517
-59.16576,53,65.88191
-30.911377,58,65.930496
-10.651331,13,65.941382
-17.444775,25,65.962373
-144.264725,175,66.109271
-60.95434,98,66.191396
-9.228473,22,66.209992
-43.888178,29,66.234364
-63.713838,79,66.300592
-7.693515,47,66.340047
-24.091257,21,66.357734
-30.715563,26,66.379589
-25.460968,22,66.398014
-54.148492,49,66.439029
-67.272286,73,66.756332
-30.445726,45,66.794367
-27.059652,27,66.817353
-618.034747,781,67.49274
-9.135809,28,67.516406
-2.977548,22,67.534996
-888.859505,1000,68.396215
-14.236657,21,68.414243
-879.6805,1000,69.535062
-18.413472,26,69.557433
-5.322328,14,69.569098
-43.015534,43,69.605486
-19.766915,15,69.61831
-26.617525,65,69.67313
-21.397033,27,69.696112
-33.501613,44,69.733216
-7.27604,80,69.800467
-21.285948,18,69.815859
-62.952889,59,69.865619
-45.473594,76,69.930287
-44.788055,47,69.969932
-11.090784,19,69.985859
-15.186187,33,70.01376
-16.079834,19,70.029727
-80.590605,55,70.075599
-1.003538,41,70.109958
-64.608917,42,70.145566
-69.570578,74,70.207613
-10.697591,42,70.24298
-10.578788,35,70.272648
-31.02147,33,70.300477
-22.896709,55,70.346706
-12.233668,45,70.384802
-18.221002,22,70.403264
-4.909942,44,70.439938
-85.978748,103,70.783803
-863.951236,1000,71.82399
18.330382,17,71.838561
-36.157209,31,71.864573
-12.46292,29,71.889013
-7.537187,14,71.900861
-38.242397,32,71.927869
-15.445296,24,71.948046
-6.68644,9,71.955733
-10.25834,21,71.973666
-41.779631,98,72.055997
-25.306549,14,72.068029
-110.839002,82,72.137232
-14.359992,38,72.169096
-5.991181,18,72.184302
-29.452036,31,72.210454
-872.5058,1000,73.321672
-44.152246,33,73.349792
-31.72562,34,73.378639
26.034898,68,73.436136
-12.816821,32,73.463111
-13.370963,20,73.48013
-12.574862,16,73.493633
-36.567817,50,73.535621
-41.240494,51,73.578506
-4.158472,50,73.62042
-25.599868,54,73.66593
-19.085129,27,73.688883
-780.216976,1000,74.545836
-76.495362,93,74.624209
-25.615573,22,74.642912
-82.348817,88,74.973042
-18.806296,14,74.9851
-18.046957,29,75.009465
17.750791,32,75.036355
-28.291345,32,75.063254
-51.159166,67,75.119313
-22.7897,64,75.173273
-25.232328,19,75.189338
-53.975114,44,75.226382
-27.964057,21,75.244362
-10.478575,11,75.253673
-85.896533,72,75.314126
-7.775239,13,75.325016
-11.855856,25,75.346495
-25.430386,22,75.365019
-16.70221,19,75.381289
-21.291631,34,75.41006
-48.604163,88,75.484022
-46.702485,26,75.505882
-45.14803,34,75.534367
1.936906,20,75.551291
-15.624046,54,75.596967
-6.900248,20,75.613857
-59.133431,74,75.67589
-35.311934,21,75.693573
-37.023175,48,75.734024
-15.188905,25,75.755039
-12.674437,29,75.779472
-40.252525,45,75.817155
-35.886705,25,75.838046
-17.589349,40,75.871782
-66.262486,111,75.964737
-56.750715,32,75.991693
0.135455,13,76.002755
-27.504519,34,76.031012
-41.489142,35,76.060678
-144.722079,137,76.175501
-3.757391,7,76.181406
-6.348176,18,76.196614
-231.069029,264,76.417935
-11.033362,16,76.431465
-874.051503,1000,77.545153
-68.308261,45,77.583175
-12.114143,10,77.591756
-9.533098,24,77.611791
-35.206451,116,77.709471
-29.238072,21,77.727298
-54.894612,30,77.752289
-13.450804,33,77.780128
-11.966507,10,77.788579
-63.208638,62,77.84079
5.59917,93,77.91867
-26.533518,31,77.944767
-5.437512,24,77.964817
-22.946375,43,78.000856
-14.856845,19,78.017135
-19.392194,13,78.028078
-14.855349,35,78.057248
-5.580774,17,78.071695
-71.175154,60,78.122187
-38.096544,74,78.184177
-96.725967,88,78.258068
-829.671563,1000,79.37161
-21.577717,15,79.384684
-52.173316,88,79.458718
-24.555217,16,79.472283
-24.774764,29,79.496594
-728.492765,1000,80.355728
-4.769829,20,80.373185
-10.197533,13,80.384016
-75.568925,61,80.435148
-24.719902,35,80.464796
-85.732845,69,80.523142
-36.958858,79,80.589582
-17.234656,16,80.603026
-81.674298,56,80.904097
-33.545108,88,80.979194
-31.941842,41,81.013709
-28.817516,39,81.046633
-20.714626,21,81.064441
23.317119,29,81.089041
-16.049429,28,81.112541
-30.628434,33,81.140145
-17.208728,43,81.17633
-37.540686,63,81.514249
-36.984498,38,81.54912
-8.708856,35,81.578844
-845.197801,1000,82.438553
-26.070109,17,82.452909
-9.178012,50,82.494962
-27.185654,24,82.515298
-68.533026,69,82.573195
-5.596031,14,82.585042
-19.627152,27,82.607711
-18.739549,20,82.624532
-8.485366,72,82.68487
-21.759388,36,82.71519
-19.096105,17,82.729433
-22.891041,24,82.749892
-19.735539,47,82.789341
-15.481657,23,82.80859
-1.012322,13,82.819643
-63.63754,76,82.884096
-797.378455,1000,83.99669
-35.814232,56,84.04437
-821.186397,1000,84.900103
-17.25318,16,84.913846
-38.378646,72,85.230871
-14.457032,44,85.26824
-19.572177,29,85.292982
-1.304281,20,85.310028
-32.051168,30,85.335339
-56.408589,42,85.370707
-27.789289,50,85.413517
-74.403234,113,85.508688
-9.473825,10,85.517138
-32.100454,14,85.528882
-17.994203,20,85.545854
5.623871,22,85.564326
-3.000308,13,85.57536
-16.79275,24,85.595644
-8.247579,24,85.615894
31.51711,53,85.660503
-34.524117,23,85.679816
-8.474379,13,85.690954
-8.77097,18,85.706252
-3.084579,25,85.727255
-19.705809,39,85.760016
-16.477061,17,85.774337
-1.825345,51,85.817168
-16.220073,29,85.841573
-30.00365,28,85.865025
-36.560165,29,85.88946
-59.548472,38,85.92155
3.077407,28,85.944949
-3.119785,24,85.965292
-10.887363,17,85.979476
-9.395935,44,86.016629
-42.734031,26,86.038475
-2.27341,20,86.055498
-58.071454,56,86.102407
-17.752803,19,86.118408
-11.869924,22,86.136869
-27.212059,18,86.151966
-30.778871,40,86.185325
-40.079837,51,86.228261
-4.677305,14,86.240184
-21.809081,18,86.255194
-79.489161,134,86.367595
0.472804,44,86.405438
-796.111072,1000,87.520297
-60.841852,86,87.593038
-52.977307,137,87.708113
-42.807416,30,87.73367
-29.221029,51,87.776865
-82.57212,71,87.837074
-17.957869,16,87.85059
-34.71494,39,87.88395
-5.665383,20,87.901059
-8.161372,14,87.912842
-37.459718,31,87.93918
-23.473984,27,87.961774
-40.372167,43,87.99814
-6.77902,43,88.034158
-0.51716,26,88.056069
-29.194485,48,88.096321
-7.102826,17,88.110654
-25.771398,25,88.131639
-81.491537,102,88.217948
-2.482508,17,88.232307
-35.415566,26,88.254251
-10.510762,14,88.266008
-68.145943,68,88.323138
-44.832312,63,88.376504
-8.222882,24,88.39666
-13.498849,25,88.417798
-28.908313,75,88.480502
-48.732989,55,88.527066
-47.063084,56,88.574072
-10.791561,16,88.587544
-16.084055,25,88.60845
5.666259,46,88.646969
-10.330888,13,88.657964
-1.383796,34,88.686617
-19.513548,33,88.714333
-38.698859,35,88.743729
1.85997,13,88.754815
-10.314608,23,88.774209
-33.198644,38,88.80608
-147.356095,122,88.908323
-68.081054,40,89.197622
-32.191098,44,89.235056
5.067226,27,89.258038
-816.654141,1000,90.114792
13.168596,26,90.136826
-2.40746,13,90.147846
13.136912,55,90.194207
-34.383835,42,90.229528
-42.085085,55,90.275792
-22.961173,23,90.295447
-20.327247,23,90.314694
-32.200457,28,90.337985
6.709212,54,90.383066
-57.633519,88,90.45687
10.551566,24,90.477409
-23.086602,28,90.5011
3.817454,17,90.515357
-40.237175,103,90.602007
-48.058711,58,90.650659
-51.29682,77,90.715309
-35.727128,32,90.74218
-26.055815,56,90.789157
-18.576569,36,90.819511
14.378435,38,90.851559
-28.693905,43,90.88792
-82.412251,136,91.259054
-22.326614,37,92.15386
-40.382139,46,92.195869
-48.135482,60,92.246783
-13.35133,15,92.259321
-12.9364,27,92.282046
-20.008037,17,92.296325
-42.125307,101,92.381473
-9.818791,16,92.395018
-1.565614,25,92.416107
-36.065888,28,92.439802
-17.94647,20,92.456733
-25.825189,73,92.518073
-29.459837,28,92.541639
-2.244655,13,92.552668
-7.01396,30,92.577912
8.619836,55,92.624046
-62.132388,78,92.689152
-9.35262,20,92.70598
-19.32687,21,92.723765
-2.419188,13,92.734728
-64.088315,77,92.799178
-13.512951,15,92.811805
-28.668768,34,92.840437
-3.798026,19,92.856612
-8.203691,36,92.886924
-13.210598,12,92.896986
-6.985408,9,92.90454
-17.766982,17,92.918818
-44.833024,41,92.953435
-17.052743,47,92.992797
-29.210703,28,93.016459
-27.168334,33,93.044142
-22.593853,21,93.061884
-12.766333,18,93.077128
-9.557188,51,93.119668
-44.593805,36,93.14988
-9.006994,12,93.160039
-1.725979,20,93.176854
-9.293704,16,93.190457
-12.250196,43,93.226481
-5.994574,17,93.241063
-22.484895,18,93.256202
-85.321761,77,93.321193
-29.278413,45,93.359084
-49.299101,57,93.406897
-155.679368,134,93.519404
-7.681424,22,93.537891
-44.288782,34,93.566406
-30.112429,33,93.594342
-8.651581,14,93.606208
-5.567764,48,93.646541
-6.720268,21,93.664243
-403.078721,467,94.318091
-95.948053,79,94.384911
3.249111,17,94.399312
-13.21742,24,94.419513
-753.672846,1000,95.276313
-12.852579,28,95.299898
20.302897,49,95.341278
-19.808895,20,95.358101
-20.043504,16,95.37194
4.371056,16,95.385715
-86.715341,52,95.429863
13.202892,41,95.464998
-5.530489,46,95.504583
-29.717736,39,95.537442
-27.341831,50,95.579669
-22.249905,33,95.607419
-7.707817,22,95.626243
-5.545754,40,95.659765
-17.095411,42,95.69484
-14.895284,25,95.715844
-23.726848,37,95.746779
-15.130163,18,95.761947
-23.982032,38,96.050767
-101.265697,108,96.142309
-27.163503,29,96.166835
24.248501,64,96.220827
-1.92703,11,96.23024
-9.886836,26,96.25227
-7.112479,13,96.263356
-23.010124,14,96.275105
-3.149801,12,96.285296
-24.05433,34,96.313818
-79.260435,54,96.359632
-27.89571,57,96.407395
-48.502297,71,96.466904
-1.603821,18,96.482173
-17.521861,49,96.52354
2.216263,18,96.538777
-40.327229,87,96.612183
12.77627,35,96.641692
-9.859841,18,96.656783
-15.888813,57,96.704726
-5.748542,14,96.716483
3.133534,19,96.732444
-8.034296,15,96.745162
-39.535134,32,96.772157
-8.419035,12,96.782233
3.440069,34,96.810737
-32.257434,30,96.835907
-5.311562,62,96.888309
-55.348007,139,97.005981
0.138148,15,97.018514
-51.560808,62,97.070719
-20.818754,49,97.112696
-11.52483,20,97.129561
22.519353,36,97.160058
-40.780525,54,97.205411
-9.340121,41,97.239932
-24.908458,18,97.255275
-2.596455,46,97.293942
-15.627375,21,97.311378
-3.065023,22,97.329946
-81.898603,103,97.416694
-40.964736,62,97.468959
-5.00388,13,97.47986
-34.180629,91,97.556281
-11.443231,16,97.569887
-21.805699,16,97.583455
-78.557868,116,97.680648
-12.688805,21,97.698321
-15.223323,31,97.724386
-35.657005,58,98.029444
-105.873027,104,98.116724
-51.015852,49,98.157937
-9.490947,18,98.173249
-20.28658,53,98.217712
-17.022475,53,98.262119
-9.062467,12,98.272317
-1.857112,26,98.294335
-12.895585,15,98.306916
-91.933415,85,98.379138
-12.678708,37,98.410388
-19.312932,48,98.450675
-22.077285,31,98.476859
-29.796198,23,98.496299
2.524604,28,98.52006
11.589215,12,98.530135
-74.191493,140,98.647778
-19.366473,26,98.66957
-1.435701,28,98.693354
-8.495124,11,98.70263
-2.26863,27,98.725256
-7.074288,39,98.758227
3.446931,14,98.770033
-113.877473,132,98.88093
-21.724119,34,98.909623
-7.234654,16,98.923
-93.500498,137,99.038383
-4.297091,40,99.07216
2.019657,21,99.089775
-6.874352,19,99.106086
-30.054374,30,99.131211
-22.40538,18,99.14646
15.925518,42,99.181535
-111.551163,125,99.287025
-39.729721,41,99.32165
19.976306,35,99.351067
-12.597531,54,99.396551
-113.369997,120,99.497906
-34.155178,40,99.532317
-39.552336,22,99.550896
-18.491743,46,99.589861
-60.692254,102,99.675448
-30.32656,41,99.709845
-33.94132,55,100.011185
-3.039428,45,100.049392
-0.673492,27,100.072147
-19.138578,17,100.086379
-133.992666,100,100.17048
-10.658357,20,100.187401
-2.007841,15,100.199993
9.271601,67,100.255931
-57.84987,70,100.314904
-10.832311,87,100.387872
-33.409091,78,100.453578
-12.336498,20,100.470246
-36.181572,58,100.518992
-41.922307,41,100.553916
-68.200853,76,100.618399
-42.224705,53,100.663291
-24.289018,26,100.685157
-8.133592,31,100.711253
4.594995,49,100.752804
-14.135544,52,100.796532
-26.22192,57,100.844655
-27.043609,36,100.874944
7.583715,17,100.889346
-16.661835,18,100.904641
-18.279839,35,100.934007
-16.943301,55,100.980394
-1.515719,13,100.99141
-11.734637,28,101.014865
-9.420332,55,101.061114
-0.092878,26,101.083131
-31.007801,33,101.111026
11.242082,33,101.138826
-64.310423,38,101.17102
-5.096172,33,101.198784
-32.510461,88,101.27293
-13.807228,57,101.321203
-22.43248,31,101.347063
-2.341492,38,101.379691
-25.96466,44,101.416741
-24.003152,20,101.433973
-5.015354,102,101.519609
-5.019014,26,101.541726
-17.528132,19,101.55777
-453.006873,565,102.413247
-28.310753,38,102.445406
-21.000299,46,102.484846
-5.504942,21,102.502577
-15.556862,12,102.512635
-27.376212,46,102.551245
-19.983216,21,102.568885
-14.102341,35,102.599016
27.040533,49,102.640134
-15.882238,24,102.660206
-21.849569,21,102.677907
-28.33794,31,102.704025
-39.872382,27,102.726833
-86.004852,89,102.801783
-10.875647,11,102.811034
-8.609101,13,102.821953
-13.880716,20,102.838554
-37.427349,49,102.879775
-22.934,32,102.907069
-23.73303,30,102.93206
-12.794161,20,102.948813
-48.926202,39,102.981904
-13.441758,17,102.996596
-81.331529,119,103.096305
-94.056906,66,103.151742
-12.144142,17,103.166114
-0.151878,33,103.193846
-1.930788,26,103.215691
-15.282292,50,103.257728
8.688056,28,103.281316
-33.74922,41,103.315757
-22.899251,48,103.356091
-17.068464,47,103.396034
-13.21163,24,103.416274
-24.116502,51,103.459333
-44.362882,65,103.514106
-25.739521,21,103.531876
-13.041177,17,103.546198
-25.044608,21,103.564189
-13.848051,19,103.580403
-1.13067,36,103.610908
-12.881617,10,103.619414
-18.317815,19,103.635448
-7.193278,22,103.65384
-58.564881,79,103.721226
-13.336002,25,103.742453
-20.313732,51,103.785285
-60.930115,54,104.085727
-0.820723,16,104.099641
-46.83387,85,104.171004
-11.598373,14,104.182955
-16.145786,59,104.232535
-44.879659,90,104.308224
-27.417432,20,104.325153
-30.194786,51,104.367895
-646.339188,1000,105.229917
-77.809593,80,105.297367
-20.334455,27,105.320205
-1.448259,12,105.330335
-2.471486,72,105.391481
-39.068135,65,105.446252
-17.191148,26,105.468266
-23.217284,17,105.482595
-28.492394,21,105.50039
-5.440893,15,105.51296
-7.526146,17,105.527261
-16.271421,20,105.544085
-39.881347,48,105.58466
-38.828266,62,105.6365
-25.058705,13,105.647658
-1.654663,26,105.669697
16.708908,39,105.702683
1.386121,23,105.72209
-38.689261,61,105.773902
-16.873861,36,105.80417
-22.712732,43,106.095852
-28.166364,24,106.116399
-38.580592,30,106.141972
0.418141,16,106.155296
-59.039994,68,106.212386
-16.303181,15,106.225081
-13.749629,33,106.252868
-6.771107,13,106.264113
2.432449,36,106.294487
-15.313001,15,106.30711
-9.07727,21,106.324667
-81.007538,63,106.378099
-0.658577,29,106.402423
-8.361318,15,106.415114
-4.281764,32,106.441969
-19.849543,70,106.500829
-2.278037,17,106.515158
-46.610905,42,106.550435
-3.782227,38,106.582264
-40.056164,79,106.648405
-32.220618,20,106.665213
-2.580178,18,106.68054
-58.877019,76,106.74429
-683.058835,1000,107.600057
1.538018,10,107.608865
-0.922397,23,107.629574
-14.639517,21,107.647309
-18.871137,40,107.680984
-4.240074,16,107.694517
-10.563546,12,107.70471
-19.174377,40,107.738053
-250.624675,448,108.37965
-39.936618,50,108.421585
-7.240224,18,108.436722
-4.033667,24,108.45689
-30.356924,24,108.476869
-14.712524,9,108.484505
-37.011413,25,108.505571
-8.844336,14,108.517565
-9.704137,46,108.556168
-33.600963,44,108.593245
-14.133311,54,108.638712
-17.817347,33,108.666504
-4.443663,16,108.680026
-678.878958,1000,109.535117
-10.361206,18,109.550574
-10.224864,20,109.567545
-60.674978,76,109.631107
-12.513099,15,109.643941
-70.075444,35,109.673478
-6.997401,12,109.68362
-18.635275,35,109.713146
1.84923,15,109.725908
-8.759061,15,109.738773
-104.277664,94,109.818449
-14.572168,15,110.08637
13.256624,22,110.105247
-54.008853,66,110.160751
-44.179618,53,110.205153
2.053799,19,110.22109
-5.587328,25,110.242168
3.601262,28,110.265767
-75.251217,73,110.327292
-18.07161,15,110.340007
-25.726697,43,110.376769
-77.499078,134,110.489403
2.120299,12,110.499588
-20.342221,13,110.510584
-19.227684,15,110.523249
22.562351,27,110.545745
-35.262698,15,110.558391
-5.07161,19,110.574566
-63.037271,100,110.658561
23.176345,34,110.687582
33.094682,48,110.728065
-150.84281,102,110.813924
-9.500785,13,110.824923
-34.405489,40,110.858498
-10.868665,62,110.910965
-17.079654,14,110.922831
-4.62414,13,110.933712
-18.604123,13,110.94467
-9.634855,13,110.955776
-34.528124,36,110.986093
-18.232514,13,110.997095
-5.097218,13,111.008215
-99.470062,105,111.100592
-10.177094,36,111.132643
13.983475,18,111.14846
-734.590429,1000,112.461266
-11.592515,25,112.482389
-30.74305,50,112.524695
8.683953,20,112.541537
7.572384,67,112.598093
-7.298937,17,112.612457
-609.224024,1000,113.467799
-21.27455,19,113.483817
-6.797611,13,113.494609
8.986805,28,113.517974
-34.201406,25,113.539055
3.283579,48,113.578979
-23.029552,122,113.68119
-3.902733,72,113.7418
-13.472339,12,113.751853
-13.862663,17,113.766209
-3.296273,29,113.790437
-22.017657,62,113.842695
-24.814715,32,113.869482
-8.393513,12,113.87971
-86.160437,60,113.930223
-31.442147,38,113.962234
21.150609,98,114.299862
-678.273444,1000,115.154821
-41.429554,56,115.201907
0.368405,22,115.220386
-21.542535,30,115.245819
-5.085483,42,115.281044
-47.892926,100,115.364919
-22.696356,32,115.392037
-33.01217,59,115.44172
-10.957165,13,115.452654
-55.878778,67,115.508818
8.477265,58,115.557302
-15.913564,18,115.572468
-17.297434,68,115.629712
7.568475,13,115.640594
-26.143614,41,115.675063
-4.014145,26,115.696952
-11.819132,28,115.720727
0.679256,27,115.743424
-1.313642,15,115.756077
-29.94306,25,115.777117
-54.745934,40,115.810722
0.345735,67,115.867126
3.503754,20,115.883818
-39.10438,34,115.912504
-5.042706,73,115.973877
-10.572419,47,116.273159
-89.537278,69,116.332306
-30.144099,46,116.371312
-19.012933,31,116.397424
-5.513918,14,116.40954
-5.867187,15,116.422212
1.192445,22,116.440772
-4.052877,17,116.45522
-628.387346,1000,117.30879
-666.932536,1000,118.422383
-619.186,1000,119.279407
-54.035692,50,119.321426
-643.270195,1000,120.435627
-33.332657,19,120.452014
5.122455,64,120.505998
-9.223112,18,120.521053
-4.401635,21,120.538835
-4.963996,24,120.559026
-19.728949,24,120.5793
-75.186124,91,120.655728
-0.69768,34,120.683849
-9.664902,25,120.704885
-3.473808,13,120.715752
-26.428679,36,120.746001
3.734279,14,120.757934
-50.763727,82,120.826952
-34.325754,59,120.876644
-42.089768,64,120.930292
-9.399669,22,120.948878
-12.020137,11,120.958126
1.424173,35,120.987576
-6.342753,55,121.033688
-24.201615,45,121.071299
-13.944135,14,121.083089
-11.02962,24,121.103246
-53.072784,65,121.157907
-21.294725,29,121.18219
-13.595823,12,121.192369
10.720963,68,121.24967
15.091158,29,121.274232
7.157078,18,121.289395
-24.835835,43,121.325833
0.652609,15,121.338398
-48.079378,69,121.396156
-8.064167,52,121.439851
-10.809251,15,121.45255
-2.89637,40,121.486334
-18.507425,40,121.606753
-30.104172,27,121.634246
-25.495113,50,121.676476
-6.316221,20,121.693347
26.407865,75,121.756391
-19.638094,14,121.768126
-17.646714,18,121.783407
20.330565,69,121.841275
-11.702193,17,121.855619
1.57578,14,121.867316
-144.662997,153,121.996752
-13.96005,50,122.039496
-14.764982,18,122.054684
-4.220463,24,122.074988
-30.947372,22,122.093594
-21.672957,13,122.361415
-35.43254,91,122.439965
-32.320647,75,122.50372
-13.381795,30,122.529047
-9.61603,14,122.540912
-27.14668,57,122.588815
5.724712,33,122.616358
-4.924108,16,122.629993
-0.563305,16,122.643452
-5.989957,29,122.667934
14.486541,68,122.725428
4.612018,47,122.765141
-650.553944,1000,123.622185
-32.77779,36,123.652614
-3.527201,24,123.672775
41.289208,91,123.749021
-20.742688,17,123.763362
-28.303264,30,123.788657
-27.246991,35,123.818119
-33.316751,89,123.893361
1.251036,38,123.925435
-5.835409,70,123.984313
-7.406478,13,123.995294
-35.11647,48,124.035697
1.712685,24,124.056154
-10.918686,48,124.096475
-9.715012,22,124.371295
-23.268031,44,124.408482
11.705551,44,124.44492
8.366434,26,124.466729
6.538831,45,124.504763
-25.532949,26,124.526439
-17.293226,22,124.545031
-11.304571,17,124.559319
-35.306101,160,124.693337
-14.590078,19,124.70938
-45.517554,68,124.766578
-6.101063,48,124.807183
-12.855409,11,124.816494
-61.344947,47,124.85591
-0.892467,35,124.885383
-46.939651,52,124.928638
-20.595739,54,124.973609
-11.136355,27,124.996361
0.366473,17,125.010884
-16.416093,47,125.050634
-678.966996,1000,125.906248
-8.276986,13,125.917538
2.470127,74,125.979737
-23.209033,44,126.016764
-38.149062,41,126.051474
-19.402863,16,126.064973
-19.054662,50,126.361935
-7.450851,15,126.374829
-7.404103,23,126.394305
-9.372051,15,126.406878
10.434175,19,126.42282
-2.91806,18,126.438109
-9.575429,14,126.449924
-6.904052,18,126.464973
-4.787769,14,126.476756
-45.284167,53,126.521309
-6.690013,84,126.591925
-59.656923,63,126.645011
-0.303051,13,126.655991
-10.365196,32,126.683041
-26.492174,76,126.74724
-8.975206,53,126.791893
-0.626349,24,126.812136
-19.882253,50,126.854479
-15.895288,33,126.882704
-55.112999,39,126.916164
-46.862065,37,126.94743
-3.276575,26,126.969546
-4.49229,16,126.987537
-38.190157,81,127.056242
-96.487196,79,127.122762
11.259043,31,127.14883
-6.358302,23,127.168428
-57.762212,57,127.216508
-0.805877,27,127.239406
-14.930393,34,127.268125
-54.072324,36,127.298451
-14.046316,16,127.311889
14.455081,33,127.339606
-18.537975,24,127.360205
-13.614779,27,127.382844
-7.320791,12,127.392999
-40.435131,94,127.472264
-19.617152,34,127.500803
-15.776882,52,127.544598
-18.376647,35,127.574245
23.672308,34,127.602778
11.166567,25,127.623847
7.684768,18,127.638923
-17.455734,27,127.661535
-20.623639,42,127.697021
-9.425109,25,127.717884
-73.5653,66,127.773406
-7.502665,38,127.805139
16.389264,86,127.877511
-9.775608,28,127.902143
-4.784121,16,127.91582
-9.112255,21,127.933676
-5.730005,22,127.9522
-69.727193,68,128.009517
1.736769,32,128.036621
-3.728587,15,128.049352
10.135081,77,128.369189
-8.020063,22,128.388378
-10.392027,8,128.395286
-40.115555,27,128.417944
-10.577856,16,128.431417
-16.952521,19,128.447367
21.123756,48,128.487908
-16.840147,32,128.514763
-20.330485,25,128.535766
-13.329936,56,128.582649
-14.741842,21,128.600732
-3.387266,13,128.611474
-32.588464,37,128.642746
-16.725437,66,128.698293
-18.860899,36,128.728448
0.110878,12,128.738562
-18.331624,59,128.788029
-9.436751,29,128.812572
-5.793312,12,128.822642
-25.821719,15,128.835262
-3.342301,80,128.902339
-16.84637,21,128.920018
-6.914435,18,128.935356
-13.554813,49,128.977922
-0.381491,18,128.993375
-3.463495,31,129.019718
9.444827,17,129.033984
-6.398065,12,129.044176
-15.409506,12,129.05426
-1.178732,28,129.0778
-631.074818,1000,129.932561
-9.399875,13,129.943728
-17.063696,40,129.981336
-10.485182,13,129.992532
-15.121969,13,130.003752
11.989401,33,130.031821
-75.092475,99,130.372984
-590.696539,1000,131.228903
9.609389,21,131.247212
-51.729742,73,131.309661
-13.347089,12,131.319971
-5.646077,13,131.330874
-6.952348,39,131.367027
-4.731424,22,131.554666
-24.684441,16,131.573995
-27.590588,31,131.602899
-17.262691,23,131.622679
-31.22507,47,131.662432
-5.811675,13,131.67345
-39.486892,38,131.705564
-0.813951,14,131.717467
10.511785,27,131.740083
-54.313916,129,131.849117
-0.647674,26,131.871004
-40.767866,93,131.948865
0.888567,24,131.969221
2.828058,38,132.001014
-106.99723,77,132.065743
-10.67406,16,132.079386
-16.02871,18,132.09467
-17.971124,64,132.148304
-7.800693,69,132.206579
-9.913811,75,132.5225
-28.325898,48,132.564234
3.717007,23,132.583715
2.601695,22,132.602333
19.393718,37,132.634319
-20.714394,62,132.686766
-16.187791,42,132.722199
-13.634352,23,132.741509
-44.51419,29,132.765865
-7.641481,12,132.776067
-15.022902,19,132.792172
-14.516724,19,132.808303
-64.882208,66,132.863681
-1.79669,15,132.876529
-539.888929,1000,133.731929
-7.626349,34,133.760458
-14.089322,49,133.801533
-4.325544,11,133.810874
-15.812428,17,133.825151
-7.057169,13,133.836204
-13.412024,19,133.852064
-12.17111,13,133.862868
-516.502076,1000,134.977349
-12.517568,53,135.022181
-2.981017,42,135.057787
-1.795651,23,135.077141
-30.424349,45,135.114824
1.886226,20,135.131571
-15.442473,94,135.21042
-51.99795,51,135.253821
-613.887457,1000,136.109591
-9.46097,15,136.122376
-21.287603,36,136.152818
-35.798522,84,136.223297
-29.473366,27,136.246247
-345.105605,561,136.976164
5.432361,15,136.98896
5.130307,30,137.013909
-28.011595,32,137.040754
-9.795759,17,137.054888
-4.168907,18,137.070006
-0.766053,13,137.080976
-542.310282,1000,137.928733
21.225419,29,137.953297
-11.030649,38,137.985117
-0.311258,24,138.005306
-29.955627,28,138.028611
0.111146,23,138.047707
-35.618402,63,138.10009
-9.308387,13,138.110828
-13.212975,14,138.122319
0.646792,23,138.141309
14.125456,20,138.157999
-521.090068,1000,139.259803
-15.134265,42,139.295075
-9.32796,22,139.313478
-10.608415,36,139.34383
-51.197366,98,139.426378
-4.887721,36,139.456749
-30.564384,28,139.480012
-14.672824,36,139.509979
-76.362386,104,139.597335
5.131238,17,139.611439
-15.661496,32,139.638304
-530.710114,1000,140.742272
-12.049038,22,140.760743
-24.276307,21,140.778449
-19.468062,26,140.800046
-7.025863,28,140.82339
-62.389977,44,140.859592
-3.507212,62,140.91125
-583.276854,1000,141.943401
-10.962253,41,141.977544
6.290894,18,141.992555
-11.331716,14,142.00406
-29.92795,57,142.051765
2.052452,18,142.066669
-29.222652,27,142.089483
-26.384736,61,142.140299
-539.977304,1000,143.239588
-1.635401,41,143.273909
5.734611,27,143.296433
-58.445589,47,143.335761
-4.061962,18,143.350991
-16.261776,46,143.389978
-63.597674,49,143.431164
-28.173802,76,143.49433
-52.152347,76,143.557973
-8.48527,46,143.59636
-11.557285,11,143.605638
-72.928137,76,143.669323
-4.021411,13,143.680094
-557.734243,1000,144.783921
-4.735548,17,144.798199
4.000167,20,144.815044
-8.711666,54,144.860006
-12.247772,18,144.8753
4.864274,14,144.887208
-18.461951,47,144.926763
-48.541228,70,144.985529
-14.670509,21,145.002872
-2.530672,16,145.01647
-1.450002,23,145.036158
-104.940948,94,145.114356
2.890655,40,145.147707
-40.640635,56,145.194618
-44.79378,43,145.230868
-598.596701,1000,146.08
2.068418,36,146.110395
7.867354,33,146.137815
-471.275021,1000,147.241509
-20.734967,33,147.268987
-30.639984,34,147.297307
-126.341061,149,147.420879
7.33991,17,147.435214
-561.201468,1000,148.284682
-28.869565,53,148.329082
-108.635422,191,148.743024
1.993131,10,148.751363
72.543675,107,148.840696
-8.208569,34,148.869164
3.501215,16,148.882535
48.067103,132,148.991817
-3.633509,18,149.00683
-27.513854,35,149.035967
-8.785804,44,149.072764
-116.891348,68,149.129228
-141.787415,119,149.227931
-6.964642,43,149.263877
15.526347,48,149.303607
-17.376788,33,149.331026
-12.489136,16,149.344301
-47.084293,118,149.442721
-27.962814,67,149.498499
-4.717429,16,149.511867
-11.550468,30,149.536875
-2.944412,24,149.556782
-15.851717,32,149.583358
22.260774,35,149.612394
-8.076133,12,149.622455
-6.414114,31,149.648235
-6.795065,11,149.657399
-13.16299,50,149.698911
-546.263921,1000,150.801764
-3.853918,15,150.81443
-20.081418,60,150.864423
24.49504,40,150.89806
-14.436396,12,150.907938
-2.925182,17,150.922004
0.079533,12,150.932089
-84.524903,104,151.019487
-49.132914,67,151.075245
-3.417947,17,151.089618
-0.526258,25,151.110492
-7.805219,20,151.127328
-15.253273,41,151.161422
-25.412862,44,151.198177
-18.150748,81,152.139473
-8.856655,16,152.152933
-10.796893,15,152.16544
-24.485879,21,152.182972
33.94558,51,152.225272
17.497523,195,152.387805
-17.195098,50,152.430146
-34.391756,52,152.473615
-1.212634,16,152.486945
-26.558838,50,152.528453
1.696707,16,152.541901
8.818987,37,152.572761
-12.251038,15,152.585235
-27.013173,95,152.66397
-39.412732,126,152.768953
12.765051,22,152.787352
-5.282033,47,152.826347
-56.308282,37,152.857101
-19.275717,50,152.898573
-15.575563,25,152.919424
-17.350982,35,152.948439
-36.142383,34,152.976907
-18.679006,25,152.997596
-24.599447,52,153.041027
15.66809,72,153.100584
-11.361738,47,153.139668
-42.225768,170,153.533204
9.499485,31,153.558968
11.145758,14,153.570718
-24.90695,27,153.593196
13.837629,17,153.607395
13.118509,41,153.641735
-28.822848,20,153.658531
-5.406609,41,153.692747
26.180857,40,153.725794
-9.173597,15,153.738381
2.456653,16,153.751672
-13.425902,43,153.78747
-20.644886,15,153.799857
-3.076931,14,153.81161
0.285335,14,153.823335
-20.357294,68,153.880448
-8.927981,17,153.894658
-5.20827,21,153.912146
-51.118516,76,153.975295
56.267644,97,154.055748
-15.361413,32,154.08224
-5.540147,50,154.12378
-39.807382,47,154.162933
-46.842119,58,154.211198
-13.791153,36,154.241595
-20.270318,36,154.271516
10.314023,23,154.290765
-1.252095,20,154.307561
-19.786749,117,154.404495
-8.540214,94,154.482235
6.999227,33,154.509502
-12.61535,13,154.520275
-16.551651,24,154.540383
5.798276,13,154.551204
-94.473234,123,154.653548
-1.711577,36,154.683501
-14.401738,19,154.699249
12.035042,16,154.712627
-496.334714,1000,155.815405
-10.194184,25,155.836931
-12.404334,17,155.851131
-5.510207,40,155.884624
13.903538,31,155.910651
5.732703,17,155.924748
-99.402156,117,156.022139
11.995936,36,156.052229
-15.193793,12,156.062252
1.293071,15,156.075225
-6.805105,10,156.083685
-8.431596,19,156.099557
-26.179762,54,156.144784
-11.386309,19,156.160856
-475.066792,1000,157.010314
-8.431302,14,157.022249
-29.402227,117,157.121309
7.28771,17,157.387805
-0.171509,42,157.424714
-0.38122,14,157.436434
-8.305728,42,157.471638
-5.917037,29,157.495711
-36.99566,30,157.520887
-461.223407,1000,158.369658
-18.948989,42,158.405249
19.250634,30,158.430258
-406.011701,815,159.120316
-34.516885,24,159.394918
-17.453179,15,159.407717
-1.251306,12,159.418019
-513.819907,1000,160.267103
-26.553752,16,160.280759
-33.864218,69,160.338156
-9.751448,14,160.349802
-41.139347,30,160.37457
-33.033792,47,160.413857
-24.459664,41,160.447934
-21.249981,25,160.468798
-22.161083,41,160.503
27.313377,66,160.557997
-30.625387,73,160.618656
-56.793763,88,160.691657
12.945745,98,160.773458
15.695732,35,160.802571
-35.128273,78,160.867459
-34.778888,82,160.93573
-14.945058,32,160.962896
-21.017313,50,161.004561
13.353417,27,161.027148
-7.020286,11,161.036279
-14.559331,35,161.065491
-15.412029,39,161.097801
0.463228,78,161.418141
8.285568,18,161.433241
-54.328121,31,161.459274
-2.29443,23,161.478585
-1.171195,15,161.491253
-14.813246,18,161.506338
-23.328627,74,161.568326
-8.281498,22,161.586649
-25.421905,53,161.630807
-27.764163,45,161.668218
-12.269757,24,161.688196
-13.045789,53,161.73234
2.094105,38,161.764162
15.373939,28,162.656759
-7.032355,149,162.78101
-5.516624,50,162.822602
29.091658,30,162.847596
-1.109121,19,162.863478
-15.613806,47,162.902965
-9.066836,40,162.936053
0.500721,14,162.947637
-3.396135,11,162.95686
-15.706438,51,162.99919
-5.853995,19,163.015221
-8.248454,18,163.030262
-15.872028,15,163.042671
-38.490653,47,163.082
44.300211,27,163.104593
2.880949,47,163.143691
-60.601783,66,163.198473
-66.672774,65,163.252935
-15.028487,14,163.264606
-9.541861,49,163.305345
-2.591247,58,163.353686
3.24688,57,163.401375
-17.031612,37,163.432704
0.988535,20,163.449405
-10.317029,58,163.497629
-416.787307,1000,164.599602
29.915583,31,164.625642
-15.70042,33,164.653184
-11.897433,65,164.708381
-24.852101,64,164.762294
-5.172323,154,164.891493
17.896344,47,164.930362
-465.335241,1000,165.78337
-9.043488,12,165.79357
3.990262,15,165.805928
-15.726118,57,165.853376
0.753353,84,165.923797
-18.042939,31,166.204252
5.356154,14,166.216107
12.252809,15,166.228558
-15.261951,16,166.242141
9.163119,20,166.258955
-51.816595,33,166.286834
-16.733198,75,166.349332
10.759914,26,166.370931
-3.620625,67,166.426784
-4.046346,42,166.461566
19.754729,31,166.487377
-18.146587,29,166.511504
-374.489411,1000,167.359227
-31.141915,20,167.376611
-22.685021,26,167.398562
-9.349991,14,167.410491
-10.166508,27,167.433189
-0.89974,12,167.443191
9.301028,76,167.506496
-490.569122,1000,168.608216
-15.038947,53,168.652662
5.303908,31,168.678586
-30.202817,43,168.714475
-4.180215,36,168.744704
3.492381,62,168.795881
-5.444044,14,168.80759
-60.367705,85,168.878697
-14.313996,29,168.902987
-13.370372,35,168.932272
-16.422137,55,168.978557
-22.573032,33,169.006261
-29.28562,16,169.019705
-24.95132,22,169.038159
-23.126291,32,169.064793
0.435982,19,169.080593
-1.098678,62,169.132267
26.209469,42,169.167011
-32.220761,30,169.192175
30.34314,119,169.290978
-29.171863,67,169.346317
-50.007364,58,169.394658
9.809545,44,169.431234
-19.618765,25,169.451993
-54.782021,48,169.492117
-486.31392,1000,170.593933
-415.206304,1000,171.441337
-19.60782,32,171.468135
21.26243,23,171.48718
-17.846591,13,171.498089
-20.315428,86,171.569652
5.813036,48,171.609526
5.750258,20,171.626176
1.140936,22,171.644552
-29.581463,33,171.672044
1.032476,20,171.688627
-15.557892,13,171.699457
-25.903705,18,171.714276
8.055225,27,171.736635
-16.652965,19,171.752447
2.685885,70,171.810272
-15.300302,16,171.823666
-4.255491,82,172.146524
27.114237,46,172.184862
-64.072113,68,172.241702
-12.132755,15,172.254343
-3.865809,23,172.273541
-2.014397,17,172.287677
-34.718295,51,172.330175
87.905637,75,173.997405
-20.453261,57,174.044943
19.262964,28,174.068841
-2.34977,18,174.083968
5.10495,16,174.097227
13.283656,14,174.108896
-11.750348,36,174.138848
-6.062686,30,174.164503
-72.106128,62,174.216052
-14.793427,23,174.235161
13.174826,42,174.270688
-12.018803,18,174.285711
-82.180569,50,174.327174
10.772049,66,174.381999
-8.685183,74,174.443561
-6.826887,16,174.456974
-13.361831,14,174.468677
-498.301244,1000,175.31514
-13.714823,39,175.347933
8.351457,28,175.371231
-9.868435,13,175.382246
-1.507446,19,175.398322
-0.021277,19,175.414128
-2.759879,17,175.42832
-36.573502,48,175.722411
-469.352876,1000,176.572114
-7.40657,18,176.587237
-18.848094,39,176.619787
16.419467,40,176.652964
4.191793,35,176.681874
1.51087,10,176.690171
24.207551,63,176.742537
15.445605,49,176.783353
-2.895047,34,176.81188
-374.956934,1000,177.914909
-48.892384,107,178.003808
-6.341085,96,178.084172
-11.591299,14,178.095997
-30.790339,43,178.131804
5.974272,20,178.148613
-16.963087,29,178.173075
-2.691689,14,178.185084
-84.451515,105,178.272796
-9.799627,24,178.292669
54.460012,95,178.371745
3.7617,68,178.428422
-3.548411,11,178.437602
-13.016185,37,178.468346
47.468125,86,178.53984
-0.849624,31,178.565251
-52.549508,70,178.623127
3.423498,13,178.633938
3.956202,13,178.644691
-8.923258,17,178.658778
-8.224067,8,178.665503
3.25392,17,178.679795
23.97309,73,178.740853
-16.559259,16,178.754164
-49.78606,48,178.793966
-43.505781,107,178.883103
-3.889978,50,178.924456
-15.548566,30,178.949513
13.374563,58,178.998082
-2.972303,61,179.048448
2.175374,65,179.102288
-5.525762,17,179.116578
16.420114,39,179.149055
-6.75757,24,179.168889
-10.029243,14,179.180663
-24.076353,36,179.210575
1.689339,21,179.228197
6.279773,174,179.372946
31.570487,65,179.68227
-18.381918,96,179.762497
8.357544,60,179.81297
-43.348538,41,179.847419
24.721425,52,179.891146
-377.878736,1000,180.743712
-5.571457,65,180.798259
-381.751818,1000,181.900634
-17.345644,47,181.940311
-8.393668,115,182.036142
9.069287,135,182.148221
-32.694141,68,182.209478
14.42352,59,182.260123
-11.01025,15,182.272418
-347.336813,1000,183.119377
-403.060738,1000,184.562432
3.400216,17,184.577076
36.111768,52,184.620628
-14.440767,13,184.631509
5.523132,28,184.654904
27.953755,67,184.710867
1.193928,14,184.722593
4.945315,48,184.762478
3.666966,27,184.784902
17.882953,30,184.810159
-13.726909,38,184.841899
-4.214768,20,184.858696
3.033151,54,184.903822
31.845733,79,184.969543
-14.216571,40,185.002923
-378.674108,1000,186.104605
-16.916906,25,186.125477
-2.021001,20,186.142428
-1.143337,8,186.149235
18.203515,49,186.189665
-17.594504,28,186.213047
17.637257,24,186.232941
-5.614704,37,186.264049
10.994003,43,186.299623
-12.173216,76,186.362349
-12.232067,30,186.387437
0.403933,13,186.398161
-5.071854,16,186.411335
-4.850005,15,186.42364
-54.053769,104,186.510394
-7.201891,17,186.524578
-9.979907,25,186.545346
25.974972,34,186.573606
0.194167,23,186.592805
12.689967,32,186.619131
-0.596549,11,186.628232
-16.711452,19,186.644188
9.196185,44,186.680539
-53.062259,178,186.828891
35.326594,80,186.895563
-15.76233,15,186.908508
-335.944773,1000,188.014523
-14.025108,15,188.027247
-4.203432,41,188.06147
-1.263759,56,188.107674
-0.063192,60,188.15762
-6.183819,22,188.17587
-1.028007,15,188.188389
7.933345,22,188.206711
-28.118608,38,188.23837
-25.498594,75,188.300798
4.453204,47,188.340049
20.868452,68,188.397007
-34.543183,47,188.436383
-19.873139,20,188.453338
-293.708242,1000,189.304194
3.208254,14,189.316285
-11.413485,42,189.351221
26.606364,35,189.380605
-9.775056,15,189.393114
22.815944,34,189.421586
-11.229023,17,189.435682
-8.882181,23,189.454925
-11.121691,55,189.500694
3.168734,41,189.535105
16.101841,49,189.575702
-4.343982,57,189.623362
-17.347928,89,189.951966
-1.701422,19,189.967927
-18.848015,34,189.997438
5.665317,34,190.025841
0.616257,51,190.068288
15.582569,46,190.106619
36.702023,49,190.147257
13.490926,33,190.174532
-0.464295,20,190.191265
15.936491,48,190.231052
-332.928529,1000,191.083622
-5.215993,31,191.109715
0.849422,50,191.151249
-16.854459,126,191.255717
8.963221,23,191.275128
7.698333,37,191.306054
79.585303,126,191.41604
-1.898559,36,191.446487
-20.418856,72,191.507278
-8.246063,19,191.523275
8.832165,43,191.559227
-41.698065,42,191.593961
-77.947828,207,192.019626
7.210265,16,192.033035
-6.535325,43,192.06887
-11.666368,47,192.108343
-0.638147,29,192.132468
-13.716975,35,192.161615
-13.202792,40,192.194941
9.347372,21,192.2125
-17.707181,45,192.25019
-313.403517,1000,193.098871
1.888909,12,193.109025
-2.635383,36,193.139071
-5.332632,56,193.185348
0.216842,21,193.202887
-4.202043,35,193.231925
-29.851322,74,193.293335
-6.996295,37,193.324116
16.725982,28,193.347127
-126.136317,111,193.439598
-38.231296,249,194.13617
9.336884,20,194.153252
-29.867925,120,194.253936
-40.929164,122,194.355168
-9.40072,24,194.375115
-26.549021,39,194.407827
-18.012899,64,194.461197
-8.334134,19,194.477091
3.302547,10,194.485468
8.309131,28,194.508679
11.184141,53,194.55293
-6.842829,18,194.568132
-22.864535,47,194.607323
4.500936,38,194.639111
-2.996447,18,194.654045
-33.767649,68,194.710946
15.652379,18,194.726134
-39.840156,49,194.766963
-7.85048,32,194.793605
-288.671799,1000,195.643748
-6.573618,40,195.677309
0.930174,39,195.709576
-8.603087,13,195.72033
11.914331,15,195.732867
-10.354767,56,195.779591
-20.22003,159,196.166608
-0.114347,12,196.176778
0.977289,46,196.214823
-11.460787,14,196.226445
6.392809,54,196.27149
3.865551,26,196.292983
-230.256938,1000,197.139632
9.081973,18,197.154844
9.141097,16,197.168172
-17.810557,30,197.193321
25.337636,42,197.228156
-270.903099,1000,198.328977
9.870773,27,198.351408
-246.61262,1000,199.199911
-234.387096,1000,200.444039
4.096562,27,200.466602
6.113383,41,200.501
-82.105767,140,200.616821
26.65921,44,200.65303
-9.777658,16,200.666253
-250.752856,1000,201.518782
-23.688159,108,201.60891
16.636118,34,201.637105
-2.48738,18,201.651877
23.14602,71,201.710819
4.242058,100,201.793729
-4.682814,13,201.80462
-20.267093,42,201.839536
-4.661082,19,201.855371
1.076066,18,201.870355
-6.617645,74,201.932534
-29.987221,85,202.262648
-1.116868,21,202.280154
-17.039328,42,202.315096
51.120246,92,202.39204
24.108685,52,202.435544
2.581908,56,202.482027
-21.383613,73,202.543046
21.102551,46,202.581223
2.181588,24,202.601269
-25.106335,83,202.669995
12.926766,78,202.734335
-15.653721,18,202.749381
10.515977,67,202.80464
-36.617862,92,202.881125
4.013843,20,202.897773
-10.420575,57,202.945157
22.452369,45,202.98243
-10.443033,48,203.022348
-1.503982,97,203.103106
2.220366,30,203.128121
-4.863115,13,203.138915
0.608369,41,203.172786
-13.515952,15,203.185383
-0.403282,36,203.21519
7.374112,21,203.23316
13.220646,48,203.273626
29.319571,57,203.320719
1.098945,17,203.334831
-6.417099,36,203.364714
7.215973,14,203.37688
14.858937,23,203.396276
14.16339,19,203.412676
-6.727351,15,203.425346
-10.798582,48,203.465947
32.668411,28,203.489343
-9.771478,20,203.505992
0.215929,20,203.522549
49.113585,47,204.539119
-30.03439,63,204.591665
-25.690263,22,204.609984
9.938061,55,204.655738
-34.585937,74,204.717249
-1.62753,18,204.732498
-10.26796,36,204.762838
3.675706,40,204.796365
1.048549,18,204.811492
26.138365,31,204.837738
-8.448282,33,204.865967
10.036732,61,205.169793
1.537132,16,205.183485
-57.609182,57,205.230706
-339.559386,1000,206.073621
-6.031323,20,206.090535
2.471835,28,206.113829
25.172944,37,206.144411
-23.923493,106,206.232275
7.326907,15,206.245018
1.869229,25,206.265707
-6.514828,22,206.284139
15.882617,52,206.32749
18.638832,34,206.355638
-21.510647,91,206.431495
-6.936027,18,206.446428
-14.763171,86,206.517955
3.779781,14,206.529649
14.108941,33,206.557114
-12.178598,112,206.650126
34.614044,75,206.712353
5.253119,16,206.725784
-10.746412,35,206.754956
0.361216,15,206.767485
-19.736175,39,206.800065
0.567613,19,206.815878
-4.587919,26,206.837386
-10.055129,12,206.847348
9.102296,20,207.115178
43.112859,39,207.149015
-8.926672,100,207.232287
3.430713,44,207.269674
-0.807613,16,207.283134
-31.806664,97,207.363822
24.193781,40,207.397448
-31.477918,48,207.437721
8.613641,24,207.459667
-18.288612,27,207.483171
-4.371036,17,207.497796
-3.278971,12,207.508036
-211.670301,1000,208.442172
-3.243167,20,208.459748
-10.142201,37,208.490899
2.534338,80,208.558349
33.335378,37,208.589259
-6.160239,27,208.611815
-17.890752,35,208.641184
-8.454237,11,208.650376
-182.464803,1000,209.777133
3.593253,29,209.801866
-5.481759,47,209.841267
-24.66271,90,209.917112
-75.990245,111,210.010502
-12.159914,22,210.029093
-30.920758,136,210.142583
-7.918185,127,210.248948
-9.924193,18,210.264327
-8.877582,64,210.317904
22.572965,24,210.337955
13.743896,43,210.373932
-0.746772,16,210.387545
8.40937,43,210.423805
4.581976,30,210.448779
7.524463,50,210.490883
15.773484,17,210.50502
-5.046254,20,210.521894
42.835502,77,210.586529
4.449514,33,210.614187
-9.50975,107,210.703617
25.15822,48,210.743916
-73.630643,38,210.775524
23.413181,106,210.863963
-9.592653,20,210.880805
2.635232,38,210.912833
-5.715576,15,210.925535
-20.328693,35,211.211152
-159.130884,1000,212.066751
-156.723402,1000,212.921237
-10.495376,29,213.199899
6.95103,12,213.211362
28.567714,41,213.245501
-11.218149,107,213.334938
24.464342,54,213.380177
-205.453291,1000,214.232558
14.553312,82,214.301352
62.854648,102,216.165785
11.280499,42,216.201597
5.461913,37,216.232688
87.54325,96,216.312997
28.63129,44,216.349653
-4.065363,11,216.358957
-7.484761,14,216.370444
-10.034304,14,216.382108
-179.541516,1000,217.489303
-16.865612,96,217.569727
10.206172,33,217.597549
4.438723,23,217.616719
10.591235,23,217.635886
-36.051777,235,217.833269
25.304704,44,217.870085
-3.612867,46,217.908869
-28.687973,53,217.952816
-10.779785,68,218.009859
-194.563662,1000,219.120419
30.013931,65,219.174796
-41.372236,66,219.230207
1.558776,30,219.255306
-11.675876,41,219.289623
-8.959191,15,219.302099
-0.751312,90,219.377086
38.654445,90,219.452421
-5.397783,28,219.475847
-78.53601,295,219.721412
-10.789535,24,219.741597
-43.526771,65,219.795925
37.364114,31,219.821783
3.126699,26,219.843928
-31.203554,114,219.93947
8.767458,31,219.965787
11.572309,33,219.99329
-28.757104,124,220.096882
-7.877176,23,220.116306
0.185879,48,220.156508
26.603977,36,220.186694
-5.73489,11,220.195956
19.3295,151,220.32255
8.486698,35,220.351853
-7.423964,54,220.397253
-21.723126,60,220.447554
10.764313,58,220.495849
5.308147,53,220.540169
28.496816,60,220.590525
-0.995474,23,220.609774
4.443642,65,220.664072
-50.916074,50,220.959874
4.731461,56,221.006894
20.7637,45,221.044364
6.091726,22,221.062798
35.206429,54,221.108245
25.163272,36,221.138546
5.400904,38,221.170333
-24.193172,33,221.198147
66.633201,51,221.240933
2.012333,38,221.273278
10.359713,17,221.287915
-5.863346,36,221.318417
-4.782436,42,221.35359
-2.80812,19,221.369563
8.149611,20,221.386471
4.804941,12,221.396538
-8.43763,22,221.415037
4.411353,13,221.426088
-0.517194,19,221.442005
-0.390725,142,221.560972
-0.879557,14,221.572678
29.131095,40,221.606252
-176.542365,1000,222.457643
-40.506686,61,222.50888
-2.701239,14,222.52051
17.598183,94,222.599634
13.876564,56,222.6464
46.854952,120,223.001648
22.828158,22,223.019972
-1.000352,33,223.047431
18.886511,55,223.093481
22.303831,105,223.181162
66.606011,59,223.230538
8.490132,43,223.266285
3.669207,37,223.297254
29.471665,73,223.358484
-11.394,39,223.391562
-5.499335,23,223.411134
-24.528495,99,223.493963
6.91528,43,223.529659
-8.10098,19,223.545589
5.195845,56,223.592758
-8.084078,18,223.608091
15.30878,26,223.630203
-20.290713,22,223.648489
-5.28736,49,223.68944
22.357262,67,223.745579
38.139871,61,223.796443
7.252449,43,223.832367
25.716601,61,223.883029
3.671406,103,223.96921
34.458331,68,224.026594
0.225148,15,224.039171
6.821664,80,224.105967
13.86954,46,224.144228
-5.972293,12,224.154414
43.390142,72,224.214312
8.041286,14,224.225957
-167.230217,1000,225.334343
-6.553487,19,225.35073
-18.395111,127,225.457878
-2.76844,14,225.469652
27.121193,23,225.489064
42.142419,104,225.575971
-2.569582,20,225.592589
0.756952,29,225.616758
22.92116,25,225.63783
-0.660107,17,225.652081
8.612106,46,225.690855
5.173728,56,225.739203
3.567292,122,226.887609
45.227832,42,226.927171
9.484543,14,226.939153
-85.694908,1000,228.048066
-114.113202,1000,228.902758
38.873538,33,228.930419
-35.934188,82,228.999416
46.168191,113,229.09452
-50.320613,236,229.291689
21.667159,29,229.316163
1.757811,14,229.327847
18.942242,88,229.401857
2.551456,46,229.440423
30.760837,30,229.465585
30.307984,26,229.487469
8.472434,15,229.499963
-35.942939,63,229.552591
-11.416127,35,229.581939
31.926835,44,229.618855
-44.777485,85,229.944316
46.166067,49,229.985848
46.413223,46,230.024272
-15.683105,36,230.054647
-92.340265,98,230.136953
-6.36529,16,230.150293
0.563503,17,230.164528
-2.550865,15,230.177153
1.108217,15,230.189711
59.153921,155,230.319182
0.550003,17,230.333433
29.647255,53,230.378062
-96.168215,1000,231.23049
2.226665,14,231.242458
-2.238326,49,231.283643
-32.712378,159,231.417441
0.776172,16,231.43124
-3.93005,122,231.534032
-6.903719,17,231.548487
38.70037,55,231.594293
-37.097992,50,231.636078
-5.11359,47,231.92937
59.906951,87,232.003506
-1.628908,28,232.027066
22.104283,65,232.081553
-62.99017,145,232.203123
20.400315,24,232.223318
1.100809,31,232.249325
7.928561,19,232.265383
0.811993,45,232.302747
43.113304,30,232.327861
11.994565,55,232.374234
14.315198,36,232.404346
24.583409,31,232.4304
7.772407,115,232.526984
-18.351355,59,232.576498
3.794846,19,232.592286
10.273023,23,232.611902
15.143005,78,232.677243
24.398276,39,232.709905
-9.51326,17,232.724182
-2.043564,29,232.748394
4.798152,39,232.781187
20.429431,151,232.907792
2.919645,36,232.937869
3.958198,35,232.967326
26.148587,42,233.002423
6.284501,41,233.037199
-0.577997,36,233.067297
-20.69187,181,233.218479
-58.135854,100,233.302153
92.471115,76,233.365916
14.790204,16,233.379542
21.962982,24,233.39972
7.286615,30,233.424804
32.377602,71,233.484923
67.455812,152,233.61173
10.246338,25,233.632463
2.912361,33,233.918548
-1.265738,16,233.932164
3.344503,44,233.969863
16.35971,34,233.998697
-4.897321,15,234.011113
25.518555,579,234.501519
1.685303,34,234.530086
-42.060756,55,234.576134
-4.272467,15,234.588687
20.995281,70,234.647233
11.681742,109,234.738509
38.014219,49,234.779662
14.250963,32,234.8062
9.963281,18,234.821304
-112.695913,1000,235.930027
-13.067442,66,235.985361
87.382526,341,236.270206
30.323307,43,236.306066
-83.387123,127,236.412334
-8.195993,48,236.452534
4.510224,66,236.507715
-1.289543,14,236.519585
2.005027,48,236.559813
8.612224,25,236.580669
4.094025,71,237.607854
8.455256,17,237.62245
-116.615612,1000,238.475528
21.584752,98,238.557444
-0.736111,25,238.578416
-0.893242,52,238.874986
12.773552,138,238.990443
14.080819,28,239.014021
28.04705,23,239.033118
66.128588,138,239.148574
71.974888,186,239.304049
27.994068,100,239.387991
-111.469957,1000,240.240745
8.29207,18,240.255955
8.803493,95,240.335147
57.812574,122,240.436713
-6.293007,64,240.490085
-0.662907,15,240.502631
0.212075,50,240.54405
-9.584635,1000,241.648491
-7.629539,124,241.752403
-76.527301,1000,242.865614
3.993967,18,242.880685
-1.939305,36,242.910937
12.248176,39,242.943401
-47.967628,130,243.052049
-27.493968,70,243.110419
6.764252,68,243.167038
-4.367903,31,243.192958
12.561536,62,243.244995
7.063956,80,243.312154
68.041115,191,243.471947
3.051736,17,243.486232
20.727093,43,243.522187
7.795972,17,243.536305
3.832677,21,243.553896
21.512781,64,243.607527
4.321842,18,243.622535
47.612433,49,243.663115
33.864552,83,243.732245
1.490085,72,243.792328
57.903287,55,243.838015
2.032793,102,243.92322
-28.626423,102,244.008362
0.963113,36,244.038452
70.719768,71,244.097584
-24.670644,87,244.170047
20.067675,51,244.212543
37.596654,71,244.271809
12.957934,127,244.377894
10.564359,61,244.428975
8.256156,16,244.442329
52.53089,110,244.534281
4.99371,25,244.809585
31.519103,106,244.898487
9.948608,47,244.93809
7.381737,50,244.980424
105.201982,208,245.154703
27.136455,41,245.189101
-64.187236,1000,246.042627
-4.40426,27,246.065187
-10.301439,1000,247.171943
-31.40004,78,247.237174
-6.253389,22,247.255619
29.324819,49,247.296694
20.347058,80,247.929814
1.707926,52,247.973779
6.683199,50,248.01876
13.88713,35,248.048613
14.899964,54,248.094247
70.938792,104,248.18183
5.085826,86,248.254631
-13.671692,101,248.339421
32.370258,112,248.433595
-38.110611,185,248.588858
22.094723,55,248.634995
3.256463,32,248.661819
36.121111,66,248.717163
81.140276,101,248.801821
13.510506,41,248.836377
44.162818,88,248.910456
-11.162293,68,248.967255
3.961754,31,248.993448
43.325762,157,249.378616
-1.674346,59,249.428261
-24.15783,192,249.588695
-9.469348,24,249.608995
-3.114154,15,249.62143
15.096551,31,249.64757
118.775153,455,250.029433
21.12033,65,250.084157
3.563667,18,250.099276
-14.103086,44,250.135852
7.907957,24,250.155886
17.694748,46,250.194191
4.308081,22,250.212783
15.346176,84,250.283145
6.765102,12,250.293149
-16.438687,143,250.41176
-14.752893,207,250.585393
5.382069,106,250.673768
-71.243551,164,250.810565
43.405729,116,250.90805
8.630389,28,250.931447
1.744222,15,250.944093
64.6339,129,251.306497
24.992631,45,251.34573
58.091304,84,251.418623
5.833252,11,251.428278
25.370025,68,251.485451
45.208879,318,251.750337
-3.752799,82,251.819073
12.300601,24,251.839029
-10.077884,58,251.887915
29.136508,41,251.92232
2.657502,20,251.939201
10.651776,31,251.965225
12.022771,61,252.016038
50.24435,97,252.096825
1.491835,31,252.122674
44.261353,50,252.164719
17.517386,202,252.333391
9.499313,60,252.383749
35.585842,69,252.441288
6.185307,46,252.479749
39.16354,110,252.57166
12.661809,55,252.617584
-2.234113,115,252.714328
7.335069,25,252.735373
6.182359,22,252.753823
-8.687223,17,252.768072
-2.400788,47,252.807413
21.958407,55,252.853244
7.434236,35,252.882404
4.958194,1000,253.990536
-3.03841,53,254.035244
12.897748,19,254.051357
-9.623077,15,254.063795
-12.385026,78,254.12889
25.971448,40,254.162399
-18.167801,52,254.205879
28.528718,70,254.264424
15.790007,1000,255.371066
35.814111,100,255.45533
34.58428,143,255.575054
-15.922501,50,255.616902
14.381635,32,255.643675
36.460798,137,255.758188
-1.50704,16,255.771501
9.557326,44,255.808273
37.877857,60,255.858665
-6.26537,64,255.912044
7.338323,48,255.952255
-36.234962,1000,256.802604
-14.577301,183,256.956086
8.028646,144,257.332075
29.530846,106,257.420879
64.587828,131,257.531353
-45.49992,109,258.979411
-7.888126,29,259.004225
-9.820152,68,259.061422
71.424887,94,259.140018
26.324172,84,259.21046
44.729894,74,259.272564
40.114377,44,259.309495
-15.688922,16,259.322829
10.567408,50,259.364688
-2.740474,20,259.381435
-88.174092,288,259.624319
77.452026,120,259.724593
-14.664354,30,259.749568
-11.173113,16,259.763411
68.939319,115,259.85893
0.182404,17,259.873681
13.294765,41,259.907957
11.421527,26,259.929562
-5.630555,1000,261.036125
6.973738,100,261.120296
-4.907486,11,261.129596
23.986348,1000,261.981005
-38.0051,101,262.066067
10.667321,30,262.091164
17.070157,25,262.111932
32.536784,41,262.146238
69.405712,59,262.195405
9.933862,35,262.224667
5.655354,30,262.249777
93.43125,1000,263.352967
-6.147467,60,263.403927
25.920656,55,263.450111
21.18693,251,263.660615
10.59224,31,263.686704
41.845767,1000,264.795263
28.931052,93,264.873542
24.118725,129,264.981904
2.627931,15,264.994497
0.787114,16,265.007912
-30.28996,273,265.236725
-14.484674,36,265.266882
3.345787,112,265.360504
-23.970979,88,265.433847
8.018245,64,265.487391
35.112759,104,265.57468
-4.426003,58,265.623438
5.031162,1000,266.72984
13.183058,78,266.795398
13.94082,23,266.814697
-5.116062,16,266.828251
114.752233,1000,267.680474
-4.174204,37,267.711701
1.899508,14,267.723509
23.789159,39,267.756257
18.411434,80,267.823106
89.049418,1000,270.470225
31.869684,299,270.720127
72.050371,311,270.980904
45.834326,94,271.059642
33.013963,55,271.10604
-0.946214,22,271.124532
61.443917,131,271.234326
57.576972,64,271.287802
10.732095,20,271.304404
57.364461,166,271.444108
14.877791,49,271.484982
21.076674,114,271.580575
9.63353,71,271.639889
20.176255,159,271.772101
7.621435,15,271.784693
63.466407,55,272.081893
34.309318,96,272.163582
22.248857,28,272.186956
-0.73476,22,272.205365
-16.402595,31,272.231361
17.620091,81,272.29937
3.945028,22,272.31787
-2.343304,25,272.339017
91.092005,1000,273.190599
8.883539,19,273.207009
5.658637,48,273.247195
11.28329,22,273.265903
91.242604,1000,274.371136
-8.806744,66,274.426553
88.137164,199,274.593211
-14.23126,41,274.627818
80.948877,158,274.759838
7.951246,17,274.773985
26.516093,183,274.926724
20.073626,127,275.033223
5.14245,52,275.07687
-1.456935,31,275.102652
6.21764,186,275.258036
22.078698,86,275.329986
27.789542,33,275.3577
40.981143,257,275.574396
19.796949,29,275.598696
23.27728,43,275.634991
55.685629,127,275.742087
123.131233,186,276.1537
37.451268,169,276.294771
106.147546,166,276.433976
-5.722656,30,276.45933
7.395535,100,276.542952
49.979188,47,276.582283
31.707561,163,276.718586
-8.864081,93,276.79631
44.989929,120,276.896861
-4.650278,19,276.913605
27.21283,117,277.011918
4.217959,21,277.029469
-0.126383,16,277.042846
5.520029,19,277.05874
33.076179,52,277.102098
20.918649,89,277.176544
21.832007,93,277.254361
12.96302,22,277.272801
-23.331225,69,277.33023
24.021644,99,277.412769
-2.948201,36,277.442974
10.196001,13,277.453879
30.501087,102,277.539334
30.104961,25,277.560319
15.780818,22,277.578759
59.351576,44,277.615612
39.082208,207,278.04825
70.008799,128,278.155837
30.240822,48,278.195753
29.319043,75,278.258519
34.161955,141,278.376243
1.191536,82,278.444898
100.016389,82,278.513945
180.008713,201,278.682907
82.678368,211,278.859747
11.785709,296,279.107277
-19.780627,110,279.198796
35.061878,47,279.238292
-5.226103,54,279.283602
24.025393,59,279.333198
4.807345,35,279.362529
112.293803,1000,282.192881
-2.752682,14,282.204745
11.911165,16,282.218157
39.329103,1000,283.070477
4.364099,20,283.087346
204.327836,317,283.353363
8.501869,43,283.389488
-8.131703,43,283.425698
26.742098,148,283.804646
8.353059,256,284.019313
10.01743,16,284.033091
15.582082,35,284.062549
128.014194,1000,284.917068
-0.325844,31,284.9434
45.106473,53,284.988414
31.325511,130,285.097793
10.65966,52,285.141438
-10.123129,26,285.163523
173.635786,354,285.713659
18.18861,36,285.745057
-1.071229,81,285.813652
23.982323,92,285.890709
21.729637,23,285.909959
30.016865,23,285.929277
-26.693396,165,286.068021
33.684199,144,286.188157
41.449182,567,286.662629
113.865893,244,286.868026
2.224526,21,286.885351
14.073977,153,287.013469
7.498529,21,287.031077
79.822427,176,287.178394
19.341261,165,287.316039
-1.397995,41,287.350377
41.41823,150,287.731809
-34.888355,228,287.924603
29.596397,65,287.978878
40.665156,267,288.201812
-6.107068,29,288.226223
21.176615,36,288.25672
68.849154,176,288.404988
44.481989,86,288.476921
180.158687,1000,289.327985
115.504841,1000,290.435524
25.281172,45,290.473423
16.759384,41,290.507918
115.489814,1000,293.578818
45.566058,139,293.948724
227.748276,546,294.405888
20.973554,83,294.474822
67.654722,110,294.566947
8.260879,33,294.594532
100.294529,125,294.698611
247.083258,1000,295.55945
176.119994,1000,296.663033
1.540721,19,296.678965
99.021446,130,296.787573
39.110622,62,296.839516
23.598075,197,297.003657
16.964529,104,297.090819
-3.938758,15,297.103178
12.920968,18,297.118366
63.928409,135,297.231307
110.788411,105,297.319153
176.533767,1000,298.42556
39.098722,36,298.457138
191.907711,1000,299.309574
46.279301,238,299.510213
150.851446,1000,300.619275
41.912647,251,300.830008
2.797576,32,300.856693
20.921812,25,300.877711
165.053616,1000,301.982833
60.042044,123,302.086102
54.004953,172,302.234125
78.161122,160,302.367959
56.433244,99,302.451119
192.407868,1000,306.055727
56.371566,139,306.171999
16.062043,49,306.212857
19.88468,45,306.250447
53.005014,64,306.304026
68.944404,227,306.746746
45.825325,72,306.807334
23.370454,28,306.830673
45.436119,116,306.927872
3.837439,14,306.939493
186.199045,1000,307.790808
-6.95221,133,307.901782
15.427708,160,308.038295
94.299447,104,308.125077
71.715969,153,308.253855
248.617084,766,309.150673
30.313991,33,309.178229
40.851193,45,309.215874
-0.62888,21,309.233528
-5.430088,20,309.250448
54.246221,112,309.34409
18.100549,24,309.364216
16.011819,22,309.382763
73.017393,72,309.44319
59.769639,94,309.521719
36.935858,132,309.632572
42.705427,162,309.768496
109.407031,179,309.917783
52.291105,39,309.950483
30.467599,96,310.033182
22.801618,44,310.070013
-1.327045,18,310.085021
10.855671,28,310.108474
26.095236,97,310.189431
38.710325,103,310.275703
178.5724,286,310.771159
21.928086,23,310.79067
64.643735,123,310.893491
33.693771,33,310.921337
79.744527,368,311.228547
41.65219,51,311.27197
20.670918,30,311.297593
21.244145,32,311.324822
54.834817,106,311.416477
98.563186,143,311.536321
74.651866,169,311.677732
24.508737,41,311.712235
151.453427,1000,312.81668
5.285668,62,312.868652
7.324529,46,312.906997
2.532292,18,312.921995
29.729826,56,312.969226
25.183384,29,312.99352
48.602356,206,313.165541
82.592106,137,313.28019
109.740262,256,313.495101
-31.783851,395,313.826989
12.662229,23,313.846368
217.753837,1000,314.954169
30.531977,218,315.137626
122.984115,272,315.365122
36.184496,116,315.462548
39.274147,44,315.499821
199.77761,1000,318.328109
251.870522,1000,319.181785
16.09714,22,319.200409
47.771402,86,319.272113
32.160861,40,319.305683
181.670927,1000,320.413215
22.518076,51,320.456565
32.027677,65,320.51131
93.468761,224,320.700367
206.304559,1000,321.552474
8.998299,35,321.581942
54.232446,179,321.732072
103.36014,83,321.801469
51.644027,109,321.892581
17.384939,22,321.911022
66.508224,116,322.262655
-5.303142,256,322.477156
1.641792,43,322.512908
-10.285193,115,322.609904
8.446784,18,322.625069
208.730224,1000,323.479131
151.748874,203,323.649808
41.351384,66,323.704715
85.087193,158,323.83813
56.415979,277,324.325378
249.771376,357,324.624997
-0.914783,13,324.635852
53.68244,255,324.849596
181.697514,219,325.03383
154.321168,306,325.291405
66.981271,146,325.413865
19.926056,38,325.445883
270.665029,1000,326.551285
60.100266,53,326.595866
83.715491,140,326.714218
27.527353,41,326.748598
23.58809,59,326.797833
55.69476,155,326.927435
-3.031609,19,326.943353
173.844316,172,329.400513
62.488322,113,329.495676
194.063162,234,329.691771
117.126467,190,329.85059
-12.870571,224,330.03908
154.890888,648,330.834251
195.193792,248,331.043747
64.809571,86,331.119628
177.700154,286,331.359709
132.6468,177,331.507946
26.157382,34,331.536368
1.325312,42,331.571912
335.713378,1000,332.675532
26.442374,39,332.708397
124.709077,397,333.039896
29.634105,78,333.104663
18.395226,34,333.133351
23.944542,28,333.156829
49.190601,165,333.294683
121.440087,200,333.461294
38.869742,74,333.52353
113.964076,165,333.661593
57.953656,186,333.817265
60.23421,59,333.86642
113.675125,221,334.051676
42.138174,117,334.149276
95.825177,153,334.53144
8.99315,16,334.544957
50.409013,76,334.608645
53.245803,74,334.670388
47.968027,140,334.78745
362.766989,853,335.502124
25.401389,52,335.545647
169.61408,345,335.837357
20.685789,41,335.872088
36.005002,43,335.908015
24.366553,207,336.081362
-13.911805,26,336.103569
52.417649,145,336.479658
183.683053,598,336.97993
73.711407,92,337.057034
423.386079,1000,337.902498
15.320009,27,337.925234
25.601873,46,337.963719
157.140587,170,338.106153
29.961538,53,338.404727
61.076455,112,338.49892
34.414248,43,338.534961
75.151089,85,338.605936
108.692234,110,338.69803
394.389996,1000,342.763321
49.993262,113,342.85881
106.182544,205,343.030624
161.367314,238,343.230253
47.861857,94,343.309781
27.525632,79,343.628928
322.10133,741,344.250233
163.406429,412,344.596061
32.39024,208,344.769941
185.673554,203,344.940066
29.947044,296,345.186516
32.048308,56,345.233902
125.315104,210,345.666291
3.026853,18,345.681501
111.291823,241,345.883
112.272639,231,346.077145
52.738865,129,346.186787
113.457869,524,346.626188
39.52164,98,346.708506
187.624699,334,346.987594
157.806933,154,347.116776
266.95097,1000,348.217644
266.033039,336,348.496732
187.47266,1000,349.596137
218.506352,240,349.796882
224.511106,261,350.014583
54.342504,95,350.094287
122.761396,164,350.230453
104.724631,341,350.516248
72.193202,99,350.598873
90.140816,217,350.77979
48.244433,106,350.868445
14.390457,79,350.934599
292.015231,1000,355.739639
129.187899,408,356.078313
342.452004,1000,357.179019
169.624672,869,357.900854
14.889204,23,357.919871
366.232811,1000,358.76649
382.226936,1000,359.858692
128.927744,815,360.538807
358.544913,1000,361.630787
260.445539,1000,362.47838
119.774322,144,362.598404
21.915876,94,362.677138
105.816702,129,362.785265
24.622311,78,363.100484
55.38735,125,363.205281
5.859492,65,363.25959
6.136923,14,363.271263
48.057133,80,363.337473
201.593072,613,363.847663
357.966467,1000,364.68865
305.29693,667,369.221631
18.772995,62,369.273393
283.872885,492,369.683386
13.663121,35,369.712471
53.748293,87,369.785311
220.897799,449,370.158353
279.448173,1000,371.251294
174.894957,404,371.593493
360.018838,1000,372.433434
262.346692,441,373.052563
101.121829,148,373.175354
145.512182,298,373.423361
77.86549,157,373.554421
25.868455,76,373.617697
119.511697,228,373.806338
67.473096,205,373.975939
120.761909,443,374.344665
276.97079,525,375.034858
19.186615,32,375.061487
38.193447,59,375.110487
485.089401,905,375.863643
106.757282,151,375.989112
113.311981,196,376.151707
26.77643,67,376.207851
278.764754,1000,377.292235
109.473393,153,377.42064
488.152759,714,378.013917
356.024379,1000,382.592547
178.84035,422,382.943774
393.739951,1000,383.788728
384.842972,632,384.565223
32.163288,49,384.60566
121.750278,307,384.859221
355.41671,591,385.355853
212.801864,352,385.649817
207.454038,407,386.241715
444.284141,1000,387.079468
36.458865,159,387.212211
213.6115,260,387.430836
255.697733,690,388.262327
141.206653,387,388.586275
119.343375,110,388.677674
413.035115,1000,389.519675
266.064089,424,390.124215
75.036373,70,390.18291
280.148552,276,390.413028
354.061414,1000,391.254686
525.601996,1000,396.053291
378.613262,810,396.728217
323.510526,516,397.159188
42.467134,139,397.274759
565.459772,1000,398.371776
430.739064,783,399.022802
112.426618,359,399.574162
21.7897,50,399.615845
280.912948,1000,400.453493
307.335024,765,401.091373
114.948558,670,401.905095
233.652593,297,402.152217
267.640508,397,402.483253
102.706949,226,402.671275
540.103857,1000,403.759528
177.130585,228,403.949309
160.530605,245,404.154119
186.777298,770,404.79597
212.703376,291,408.393342
417.767074,1000,409.483582
241.78713,322,409.752056
22.786461,29,409.778662
440.424784,1000,410.87367
457.085207,1000,411.715412
39.03866,84,411.785929
263.858611,405,412.122241
378.162219,472,412.76478
473.848069,1000,413.60651
533.081105,670,414.167093
181.277038,189,414.32365
284.310398,347,414.864582
445.024041,1000,415.708943
499.615987,536,416.156713
187.498948,265,416.37764
174.372034,321,416.896844
366.90547,435,417.259859
232.601696,923,421.745511
438.418225,566,422.475183
220.654464,657,423.024575
108.977025,195,423.186703
441.539144,1000,424.031365
700.628666,1000,425.117335
603.595338,1000,425.951322
153.389592,283,426.439369
715.025248,1000,427.273326
43.683937,106,427.362303
700.001172,1000,428.449863
624.220362,938,429.232299
501.464401,993,430.310824
194.846379,194,430.472761
560.04127,1000,434.988418
819.463519,1000,436.074567
138.343377,191,436.23385
189.395173,264,436.452991
88.760266,188,436.608929
192.570002,247,436.814771
214.983169,242,437.015018
700.581813,931,438.047325
490.93072,1000,438.885155
553.675795,852,439.846402
517.083499,1000,440.678812
120.690542,619,441.196128
526.60415,698,442.031586
226.334847,487,442.437741
595.731382,647,442.976546
509.002742,874,443.958776
697.606596,938,448.442867
134.933673,231,448.635888
781.055629,1000,449.72214
39.752939,74,449.784008
116.748565,120,449.884719
805.153952,1000,450.717256
408.721423,819,451.659818
643.251961,1000,452.501118
9.4983,21,452.518592
216.079841,223,452.704801
204.218166,307,452.961011
240.254204,277,453.454938
169.584695,208,453.628303
33.515694,41,453.662054
616.296392,1000,454.497311
143.117187,330,454.772828
219.612801,259,454.988844
483.938475,1000,456.081146
529.159474,1000,456.922875
585.545653,713,461.470422
448.672937,690,462.049731
475.793836,1000,463.139377
885.644952,1000,463.976751
94.81724,155,464.106495
467.548009,1000,465.203453
192.45513,393,465.53144
428.324306,746,466.152487
776.047,1000,467.241094
684.728865,1000,468.077793
192.798615,422,468.428213
761.359685,1000,469.518479
647.417701,1000,470.360528
466.522377,1000,475.167622
705.618204,781,475.82112
471.346988,1000,476.909622
142.665872,205,477.081317
874.292744,1000,477.918366
504.477028,1000,479.014564
586.435769,725,479.620119
789.2292,1000,480.71321
639.489916,1000,481.550349
644.690957,1000,482.644002
737.126803,1000,483.479089
529.142319,1000,488.286895
590.93603,1000,489.125748
741.020146,1000,490.214138
504.116688,1000,491.047666
463.018574,536,491.50011
262.366858,312,492.013152
403.373245,457,492.393254
512.893588,1000,493.233257
611.552679,1000,494.319087
922.528015,1000,495.155664
862.324861,994,496.240124
835.683102,1000,497.076222
519.088681,889,501.76203
615.572989,1000,502.597339
801.151295,1000,503.683014
957.009032,1000,504.518934
4.648503,18,504.533925
806.844444,1000,505.620128
206.950205,319,505.88562
1080.331705,1000,506.719339
737.902712,722,507.581343
587.479901,1000,508.426877
752.937519,1000,509.513922
997.997532,1000,510.351027
1017.000625,1000,515.135086
917.281627,1000,515.972394
506.440798,649,516.514745
1049.023304,1000,517.603736
743.939639,1000,518.443632
379.947005,438,519.060654
747.355266,653,519.607889
354.379766,369,519.917018
1039.708461,1000,521.005543
648.15573,609,521.517516
963.201618,1000,522.351639
417.513241,502,523.023176
797.765891,1000,523.858644
1047.604869,1000,528.628121
787.103487,712,529.223372
634.73392,603,529.726463
713.017574,743,530.601361
104.089674,96,530.681437
821.281435,1000,531.520455
915.951751,1000,532.613266
1086.856314,1000,533.450578
24.213452,60,533.50128
878.407379,954,534.555889
641.28688,1000,535.40736
214.343234,200,535.577341
216.701723,204,535.749024
1032.77031,1000,536.847997
614.031667,737,537.47232
1064.469747,1000,542.083363
190.71997,182,542.239179
821.283094,700,542.823126
1020.909708,1000,543.658172
1162.362904,1000,544.743628
940.99887,1000,545.579781
1086.809607,1000,546.666339
1147.420659,1000,547.500441
1090.415771,952,548.552681
298.832336,244,548.755807
54.954931,61,548.807031
1154.829343,1000,549.90608
1013.444289,1000,554.417545
38.63523,39,554.450611
236.330131,203,554.619512
961.301048,1000,555.718865
918.736247,761,556.355512
1000.991511,1000,557.19039
1143.837575,1000,558.29576
836.484154,719,558.896331
1203.238058,1000,559.997111
711.40196,1000,560.836332
1037.229046,1000,561.935512
177.385317,132,562.046075
560.075134,550,562.505782
1068.679321,1000,563.603552
859.537495,1000,568.111837
983.447103,797,568.779552
32.442516,32,568.806201
1198.325484,1000,569.894118
38.722269,36,569.924026
1100.93206,1000,570.759503
498.426027,449,571.39101
968.420617,1000,572.228349
351.054129,359,572.528119
958.13888,1000,573.617363
1213.858094,1000,574.457985
1070.366694,1000,575.552868
1186.14247,1000,576.388977
1144.580394,1000,581.14721
415.887137,557,581.61336
810.335565,1000,582.714247
1228.935546,1000,583.547263
1212.277433,1000,584.648701
1114.296886,1000,585.485403
1210.72076,1000,586.580419
1013.028443,1000,587.41717
647.170799,657,587.967624
1166.821364,1000,589.060672
884.087785,837,589.76022
1210.519916,1000,594.526891
654.134286,572,595.005402
657.880521,1000,595.846714
1210.728744,1000,596.936099
1333.681055,1000,597.773468
1345.107961,1000,598.867828
1331.879753,1000,599.703426
1080.584081,1000,600.792475
1154.074125,1000,601.629127
850.646699,696,602.467717
1290.8178,931,603.252174
1238.368126,1000,607.998384
1290.306089,1000,608.83307
67.148602,54,608.87847
1122.487957,1000,609.967956
1388.070458,1000,610.805036
1283.337376,1000,611.900672
847.310182,1000,612.744724
1265.600528,1000,613.834239
1341.911786,923,614.606511
875.954585,1000,615.7025
1242.068757,1000,616.541467
673.921922,484,616.946227
1326.258271,1000,621.680168
874.191035,1000,622.521096
785.426751,1000,623.614202
1260.365185,1000,624.451616
1444.119311,1000,625.543089
1338.402762,1000,626.378625
1184.755212,1000,627.468254
1412.568297,1000,628.308531
1263.530085,1000,629.39602
759.336632,1000,630.239673
932.873474,783,634.79329
92.01532,63,634.845268
1199.448005,1000,635.686561
1208.752978,1000,636.779082
1155.534153,1000,637.613453
1348.220292,1000,638.706978
1469.305498,1000,639.543808
1328.898844,1000,640.631467
1226.556331,1000,641.469715
1384.319169,1000,642.556794
1002.731595,747,643.181002
1177.408972,1000,647.662014
1359.764251,1000,648.750895
1302.699923,1000,649.58875
1639.236103,1000,650.677383
988.885938,1000,651.520672
1504.56426,1000,652.607372
494.755009,310,652.867764
376.677587,254,653.080108
310.875386,235,653.276107
336.751204,231,653.468849
1494.336024,1000,654.568113
1496.050229,1000,655.404297
1156.300234,1000,656.498048
599.264221,1000,660.981679
1506.927292,1000,662.069227
1295.892516,1000,662.90598
1527.959945,1000,663.990849
810.948501,1000,664.836189
1453.840431,919,665.857596
1512.909998,1000,666.695874
675.083506,1000,667.79117
1651.074812,1000,668.630584
1304.495705,1000,669.720712
1447.549866,1000,674.198848
658.248286,1000,675.296246
1571.656287,920,676.061817
49.113679,42,676.09681
54.278698,60,676.147032
1617.931679,1000,677.230057
769.037599,476,677.628318
1422.417554,1000,678.465408
1413.333976,1000,679.551123
666.922455,474,679.946862
1168.653643,1000,681.038015
46.907141,32,681.06478
1482.217785,1000,681.899435
1358.622355,1000,682.984718
751.35915,1000,686.897042
1442.206068,1000,687.73283
147.179047,164,688.126366
901.148775,1000,688.968044
1374.524433,1000,690.055058
1262.922586,782,690.707654
858.194577,1000,691.54977
48.343878,47,691.589321
952.248926,1000,692.683038
1477.775813,1000,693.517262
1780.505218,1000,694.603833
1590.197632,1000,695.439166
607.581675,1000,700.177972
54.537645,55,700.223851
1356.667079,1000,701.056909
1575.34254,1000,702.145173
276.806267,141,702.262944
1112.997615,1000,703.10304
196.263752,113,703.197329
232.172828,185,703.605365
127.17656,96,703.685718
405.551835,257,703.900027
1427.412877,1000,704.736941
98.665758,68,704.793885
502.198549,288,705.033924
1452.583755,1000,706.119775
1491.420911,1000,706.955358
478.152102,356,707.506214
1592.77101,1000,708.344618
436.51515,250,708.552767
465.696024,281,708.787767
1595.043683,1000,713.511955
1060.024266,1000,714.356214
1695.033024,1000,715.458753
1737.956224,1000,716.292507
779.890973,1000,717.388914
1617.884036,1000,718.227519
1538.803411,1000,719.314517
97.173326,51,719.357053
1697.5639,1000,720.191991
855.188121,1000,721.287349
1751.841059,1000,722.120872
226.57359,139,722.23956
1571.049366,1000,726.965049
915.305519,669,727.524136
1662.829273,1000,728.616588
799.946391,1000,729.458264
1529.619786,1000,730.546252
312.994488,183,730.699753
1513.353394,1000,731.542846
770.760276,460,731.926974
1598.773495,1000,733.016181
883.803491,1000,733.860283
812.014086,1000,734.958182
1471.795511,1000,735.793792
1196.168849,691,739.978094
1733.391338,1000,740.81207
734.82948,1000,741.911046
25.381051,24,741.931077
1116.436369,1000,742.770977
1387.533014,1000,743.860741
283.007043,149,743.985532
272.658026,143,744.104473
1599.035839,1000,744.938212
611.182197,451,745.316553
397.60394,262,745.785193
1472.082889,1000,746.619251
1456.394486,1000,747.707146
1234.961688,1000,748.552729
1011.480585,1000,753.293022
1757.047489,1000,754.129882
178.726099,105,754.217673
1417.157271,1000,755.308028
1580.293236,1000,756.144811
1679.786452,1000,757.2338
314.015235,169,757.375338
681.216062,1000,758.230294
1651.343753,944,759.270258
1283.396638,1000,760.109998
799.325607,1000,761.204956
205.431454,104,761.292535
1452.623664,1000,762.130985
1208.552198,686,766.000244
1438.087538,888,766.9927
1042.910474,1000,767.833537
1636.230305,1000,768.922431
1602.354293,1000,769.759228
1602.747977,1000,770.847298
1706.411584,1000,771.688743
1285.929572,1000,772.780904
1608.723707,1000,773.617412
1605.479739,1000,774.703161
1474.814938,1000,779.186138
110.860283,74,779.247911
359.958864,252,779.458744
1732.519613,1000,780.543398
1680.927168,1000,781.38022
1761.596135,1000,782.475463
1193.645681,1000,783.312605
1612.638835,1000,784.404794
79.002578,51,784.447482
1757.922907,1000,785.278334
40.096303,30,785.303924
788.210092,471,785.949162
1632.945825,1000,786.783466
73.495938,50,786.824935
1726.611958,1000,787.916523
1643.152201,1000,792.390545
1680.154581,1000,793.474089
1692.73816,1000,794.309086
1767.604186,1000,795.390955
1739.337979,1000,796.220746
854.335125,1000,797.314387
1752.660828,1000,798.148154
1595.83289,1000,799.233689
1733.999367,1000,800.062424
1582.050706,1000,801.143712
1964.364045,1000,805.059794
1348.685149,1000,805.892236
1354.863537,742,806.757565
798.809462,1000,807.596055
1724.418447,1000,808.688175
1634.267067,1000,809.521884
148.184104,132,809.631454
1829.450614,1000,810.716272
1880.351491,900,811.464321
1316.717931,1000,812.551325
1827.058021,1000,813.381428
996.179035,1000,818.103957
920.715603,1000,818.941822
1761.397816,1000,820.024444
293.018093,146,820.145323
990.830988,1000,820.981373
1608.832857,1000,822.065413
1792.152737,1000,822.895228
1709.1362,1000,823.976513
176.841645,111,824.068548
964.919541,1000,824.905461
116.88452,62,824.956831
654.552076,1000,826.046464
844.907976,1000,826.882463
1125.299837,590,831.244719
1882.71814,1000,832.072932
1901.011788,1000,833.151059
1268.192982,1000,833.985484
1813.561015,1000,835.067868
1006.352337,1000,835.902135
1157.870573,1000,836.995538
1768.146836,1000,837.823262
1187.358304,1000,838.909027
1942.502991,1000,839.739683
580.063387,310,839.998949
870.382001,1000,844.302985
1866.951107,1000,845.133256
1808.014378,1000,846.210633
1837.914989,1000,847.037078
583.692466,357,847.333133
1986.970148,1000,848.420184
1936.728933,972,849.227853
1802.656534,1000,850.303651
1906.222064,1000,851.132876
1148.886978,586,851.872189
1983.196117,1000,852.699792
136.282553,72,852.759138
1882.432152,1000,857.439498
864.751372,1000,858.277273
1878.759802,1000,859.3537
1657.027129,1000,860.181538
1769.224912,1000,861.010212
1916.750941,1000,862.083492
1791.259623,1000,862.909863
772.485443,408,863.498392
1978.075417,1000,864.32524
778.926387,1000,865.407573
887.305236,465,865.791562
2015.805888,1000,869.748717
1795.625434,1000,870.825898
2030.365031,1000,871.653742
1893.589127,1000,872.728205
1999.791204,965,873.526452
1728.084422,1000,874.603217
2060.93061,1000,875.432587
1872.344762,1000,876.509186
1182.562656,611,877.013259
759.139294,351,877.303273
540.199434,305,877.555486
1843.580785,1000,878.63175
2094.738055,990,883.052213
1926.844818,1000,884.1241
1593.205782,1000,884.954244
936.185111,1000,886.034365
1837.034883,1000,886.857116
2084.489479,1000,887.929015
879.526506,455,888.307708
1952.471333,1000,889.133605
1559.727485,749,889.999975
2288.957232,1000,890.824949
1963.183994,984,891.886742
1040.533617,1000,896.289171
979.707155,1000,897.368558
699.928075,334,897.644181
1940.68594,1000,898.471464
2104.37948,1000,899.545421
422.498143,220,899.726783
1852.471344,1000,900.799843
566.384965,276,901.02846
1899.501057,1000,901.855358
1746.192762,1000,902.932844
2090.503542,949,903.714519
1944.713693,1000,904.786208
768.353993,1000,909.184279
1496.562967,1000,910.259512
2011.56356,1000,911.081933
943.508657,1000,912.160844
1985.225811,1000,912.981514
1880.85551,1000,914.048708
1942.640517,1000,914.874172
1864.67449,1000,915.942954
2145.799783,1000,916.764562
1399.900256,1000,917.590218
1742.825181,894,922.149365
2037.871525,1000,922.969904
1868.681533,1000,924.033295
1923.43483,1000,924.856743
2090.842979,1000,925.927037
1981.100078,1000,926.747958
2138.54102,1000,927.825362
2087.839591,1000,928.659846
2035.601192,1000,929.735997
2009.877853,1000,930.565264
2020.508522,1000,936.023898
441.091391,233,936.21769
643.800177,1000,937.058859
1378.485456,735,937.919706
725.318295,1000,938.759674
2148.144998,1000,939.835832
2056.345406,1000,940.667558
1904.353488,1000,941.758516
1107.009616,547,942.211292
477.774828,267,942.431847
1953.000321,1000,943.512882
763.590382,403,943.847323
1142.07084,1000,944.682936
2040.83364,1000,950.132286
2170.804156,1000,950.961502
1913.610523,1000,952.038332
1859.672165,1000,952.867504
2107.438641,1000,953.943982
1886.645295,1000,954.775672
1156.038421,534,955.219117
26.102943,31,955.244871
2072.236707,1000,956.322546
2047.018866,1000,957.153827
1165.260667,1000,958.244459
2025.387708,1000,963.467682
1313.702102,635,964.241199
2086.295358,1000,965.071933
409.190594,269,965.295462
1913.5986,1000,966.375293
994.965063,1000,967.214859
2187.318852,1000,968.297818
458.022844,196,968.460654
693.213633,1000,969.300273
267.632362,185,969.701484
1303.6711,638,970.231959
2114.000668,1000,971.060269
1935.050034,1000,972.14876
984.220483,1000,977.372567
2034.02328,1000,978.449548
2153.411221,1000,979.279451
1248.380007,639,980.056919
1686.685705,826,980.740946
1115.42299,1000,981.579777
620.030012,1000,982.666741
1916.850304,1000,983.496989
2001.276667,1000,984.573189
2116.747882,1000,985.406136
2035.164531,1000,986.482555
684.174978,1000,991.379027
906.192291,1000,992.463629
1575.791037,794,993.119967
1924.668538,862,994.080082
1931.027505,1000,994.906274
2267.454917,1000,995.984887
296.959652,174,996.130593
1919.788867,1000,996.960382
764.364808,413,997.303306
2110.60388,1000,998.379989
1220.059827,1000,999.217135
2129.962949,1000,1000.295753
1444.951045,1000,1005.516292
2091.326697,1000,1006.592425
2177.511979,1000,1008.198213
2013.009064,1000,1009.275631
2131.875624,1000,1010.103921
2110.589502,1000,1011.17808
2116.56024,1000,1012.010215
2111.519755,1000,1013.086608
2089.800339,1000,1013.915509
2100.601094,1000,1014.990282
1073.699307,459,1019.755407
1795.325419,797,1020.422514
1162.846934,596,1021.169201
2195.73432,1000,1021.997226
53.586269,72,1022.056231
1902.770693,866,1023.034745
2429.936628,1000,1023.863422
1866.584988,920,1024.884296
854.621954,361,1025.183323
2328.929961,1000,1026.011088
2280.774024,1000,1027.097614
2106.690826,1000,1027.927628
2191.814258,1000,1029.016066
1052.23589,473,1033.796812
2274.261151,1000,1034.625633
1160.947311,1000,1035.713653
2276.411325,1000,1036.53871
2431.239706,1000,1037.610135
406.440557,218,1037.790781
2128.612801,1000,1038.622165
2039.116281,1000,1039.697956
1764.164749,770,1040.334047
1673.808408,764,1041.212576
1089.013688,448,1041.583628
2118.228735,1000,1043.186236
2145.849363,1000,1048.642033
665.981328,1000,1049.479739
124.489364,65,1049.533972
1268.868255,582,1050.262319
579.23594,295,1050.506464
2101.964477,990,1051.325127
2287.768369,1000,1052.401443
1391.343541,605,1052.901664
503.463109,224,1053.086794
2193.206881,1000,1054.163211
2017.315752,1000,1054.993508
2133.565677,1000,1056.070233
2258.14525,1000,1056.897131
2217.434916,1000,1062.357751
159.954411,87,1062.430125
2278.140604,1000,1063.258706
687.604384,1000,1064.346191
2241.597131,1000,1065.174253
1957.547074,1000,1066.249701
668.647635,1000,1067.089159
2351.310918,1000,1068.165457
248.176385,112,1068.258443
799.058342,1000,1069.096489
1594.323575,653,1069.881388
2335.7765,1000,1070.707051
66.883309,58,1070.755662
2265.190278,1000,1074.975489
2134.033637,1000,1075.803719
318.457376,141,1075.920553
2189.010416,1000,1076.993896
2227.306948,1000,1077.822845
2165.638463,1000,1078.90351
872.105684,1000,1079.745654
2017.789791,1000,1080.821109
2298.750513,1000,1081.654021
1139.624551,506,1082.790483
684.939952,1000,1083.936836
1267.454564,1000,1084.771957
49.799098,44,1084.808253
1080.720305,459,1089.31176
2158.079178,1000,1090.383956
1271.530126,591,1090.87397
679.543933,289,1091.113385
2239.446872,1000,1092.198081
2029.987661,1000,1093.027969
2189.422228,1000,1094.106687
996.332074,1000,1094.948546
1900.112912,1000,1096.025982
2164.213605,1000,1096.854672
2360.682241,1000,1097.928724
2022.801555,1000,1102.713238
2215.716307,1000,1103.786634
2270.768321,1000,1104.615244
2243.274813,1000,1106.431672
2359.926856,1000,1107.259354
904.75652,404,1107.595283
2293.241559,994,1108.671945
739.688696,315,1108.932609
1979.212044,1000,1110.007942
438.998339,196,1110.170498
44.701457,42,1110.205355
1691.241402,730,1110.808829
1563.734162,629,1111.328913
2414.608829,1000,1112.415263
2483.737807,1000,1117.621224
2292.875578,1000,1118.707006
2366.382564,1000,1119.532036
1829.900036,1000,1120.615526
2389.660051,1000,1121.442984
1033.545058,1000,1122.526807
2489.024364,1000,1123.357993
2246.442158,1000,1124.439116
2246.052149,1000,1125.269966
2292.230355,1000,1126.34268
2253.252815,1000,1131.541778
2389.145555,1000,1132.609533
2566.216593,1000,1134.209116
91.881768,58,1134.257236
2287.217769,1000,1135.32876
2117.835073,965,1136.124237
2385.112685,1000,1137.194234
2592.552074,1000,1138.022973
1660.130748,1000,1139.099797
1610.223034,637,1139.627301
2250.071337,1000,1140.45081
1693.211214,1000,1145.89324
2450.392109,1000,1146.718851
2385.06083,1000,1148.524964
2320.356205,1000,1149.349451
697.362985,317,1149.856789
2591.665997,1000,1150.681042
485.006152,255,1150.891568
2329.081062,1000,1151.965367
15.386104,19,1151.981244
649.124087,1000,1152.818567
510.722829,216,1152.99735
162.064277,89,1153.070893
2494.546392,1000,1154.140538
2226.326119,1000,1155.741204
2568.925869,1000,1161.182921
793.248195,1000,1162.018711
1242.820993,580,1162.741287
869.096062,1000,1163.577295
2435.081626,1000,1164.647507
2517.155027,1000,1165.473646
2435.926519,1000,1166.545491
1279.386106,560,1167.008875
2361.369359,1000,1167.833623
2474.498842,1000,1168.908043
2407.612943,1000,1169.734213
2279.821588,1000,1175.18295
2334.067669,1000,1176.0087
2617.052969,1000,1177.077439
2557.084182,1000,1177.899863
1055.048031,1000,1178.977043
375.600885,148,1179.098348
1379.207315,585,1179.579318
2061.827644,829,1181.036681
1435.511103,1000,1182.117275
2530.856306,1000,1182.937708
2435.260027,1000,1184.006723
558.188103,263,1184.223054
1850.783899,1000,1189.665508
1667.119474,693,1190.236002
2491.580651,1000,1191.057572
1618.787346,741,1192.688674
2412.860841,1000,1193.515675
2464.542767,1000,1194.583359
2448.709053,1000,1195.408963
2270.29687,1000,1196.477308
2428.030653,1000,1197.302005
991.235156,1000,1198.386744
1212.984706,1000,1199.222013
2607.902334,1000,1204.645087
2638.446896,1000,1205.470104
2539.852902,1000,1206.539269
1637.17729,772,1207.176328
925.749047,1000,1208.016003
1079.588516,1000,1209.097717
2336.821656,1000,1209.920401
1709.734422,1000,1210.99273
2578.827304,1000,1211.821182
1385.739938,496,1212.475147
97.17078,63,1212.526599
2477.574872,1000,1213.35119
110.003041,60,1213.400879
640.693506,392,1218.083534
817.687731,1000,1219.162011
835.15776,1000,1220.000153
2466.192886,1000,1221.073415
664.588412,255,1221.284055
2419.019042,1000,1222.112176
2389.666191,1000,1223.183409
1791.962168,719,1223.777283
1462.120775,1000,1224.857606
1677.991222,1000,1225.688647
2550.089723,1000,1226.757045
193.50705,85,1226.827188
2262.227917,1000,1231.520957
1371.332961,655,1232.307174
2307.116536,1000,1233.132956
2359.307742,1000,1234.202018
2295.870093,1000,1235.026994
1478.281239,579,1235.504565
2419.890367,1000,1236.57662
2389.411788,1000,1237.400914
2332.494758,1000,1239.204134
2208.127417,1000,1240.028346
2544.252085,1000,1241.105062
2164.093533,1000,1246.289054
1156.870519,532,1246.988964
2247.566178,1000,1247.815552
2455.052612,1000,1248.900067
1688.528804,1000,1249.73178
2530.67888,1000,1250.803211
2413.191748,1000,1251.971613
2409.128581,1000,1253.23087
2465.352664,1000,1254.307666
2404.382365,1000,1255.134658
135.78517,75,1255.446263
2479.086678,1000,1260.64443
2338.960536,1000,1261.47377
2446.307071,1000,1262.557013
2497.222888,1000,1263.387138
2509.650649,1000,1264.468675
2463.262266,1000,1265.29557
2607.411919,1000,1266.382059
2652.991648,1000,1267.984803
2416.707676,1000,1269.074715
2486.827601,1000,1269.900435
2483.878169,1000,1275.355984
2423.54237,1000,1276.186936
2048.341581,766,1277.076023
2525.147997,1000,1277.905659
2287.826204,865,1278.884416
2610.031114,1000,1279.715589
2556.704222,1000,1280.8014
2101.03938,1000,1281.633543
2624.419208,1000,1282.718862
2646.708542,1000,1283.823889
1920.322798,733,1284.933684
2276.891645,1000,1290.389779
2537.779964,1000,1291.219325
2532.496958,1000,1292.305137
2706.061139,1000,1293.132034
1086.243435,1000,1294.229585
1393.600229,1000,1295.066129
2428.637407,1000,1296.144851
2430.3234,1000,1297.750157
2389.351935,1000,1298.829343
1599.824288,1000,1299.663174
2435.907688,1000,1305.123206
2537.450376,1000,1305.951945
2492.710871,1000,1307.03313
2498.024073,1000,1307.868332
1305.181367,587,1308.605255
2363.631462,1000,1309.435599
2634.8272,1000,1310.514521
2310.335452,909,1311.267853
1979.066429,1000,1312.103281
2222.240569,1000,1313.181462
2599.211497,1000,1318.376363
2390.245804,1000,1319.454812
859.474642,387,1319.775961
701.461186,1000,1320.868143
2414.540446,1000,1321.696071
2605.793591,1000,1322.776443
2350.16961,1000,1323.605542
2586.116947,1000,1324.682926
2436.733958,1000,1325.514622
2630.702035,1000,1326.592896
2326.966668,1000,1327.421056
2437.237298,1000,1332.870875
2586.171282,1000,1333.69934
779.259172,290,1333.939512
2657.810851,1000,1335.015777
1539.727881,630,1335.537775
2404.736441,1000,1336.366497
1452.08797,1000,1337.461335
2586.493753,1000,1338.293846
2591.578071,1000,1339.372554
2543.117136,1000,1340.207612
1966.896249,1000,1341.287525
2700.119769,1000,1346.487376
2632.056808,1000,1347.564784
1360.760044,1000,1348.407013
2559.097022,1000,1349.485271
2648.314856,1000,1350.313569
2484.370334,1000,1351.392529
1998.384167,1000,1352.227046
2449.655091,1000,1353.304582
2809.402641,1000,1354.133788
2601.574411,1000,1355.210843
225.348643,96,1355.290422
2631.578527,1000,1360.493351
2536.9933,1000,1362.346637
2550.893936,1000,1363.17521
2631.31402,1000,1364.251977
1402.782515,546,1364.704991
2702.548236,1000,1365.780757
2701.721088,1000,1366.612384
2596.429507,1000,1367.698753
2660.036225,1000,1368.534753
849.738908,303,1368.786494
2522.307433,1000,1369.878244
2622.143884,1000,1374.312539
2495.24203,1000,1375.400465
2892.433604,1000,1376.230412
2815.875526,1000,1377.31763
2488.527759,1000,1378.149996
1359.087769,516,1378.576323
2692.250146,1000,1379.665997
2375.151462,1000,1380.49543
2534.628477,1000,1381.585279
2689.406061,1000,1382.418369
2810.328795,1000,1383.504896
2614.357095,1000,1387.935851
2481.622703,1000,1389.013261
2648.774627,1000,1389.841362
2673.633348,1000,1390.91871
2584.314204,1000,1391.752598
2413.100575,1000,1392.828434
2568.419433,1000,1393.657253
2689.990038,1000,1394.739363
2915.028815,1000,1395.568903
2812.81036,1000,1396.647178
2854.215199,1000,1401.082689
2828.727028,1000,1402.174571
2619.943694,1000,1403.003346
2768.088538,1000,1404.092365
1814.674258,1000,1404.925848
2820.895737,1000,1406.008767
86.407233,36,1406.038917
2541.01875,953,1406.828428
2508.933381,1000,1407.905765
2822.381322,1000,1408.742633
2955.267217,1000,1409.821983
2917.674624,1000,1414.256595
935.451672,424,1414.607917
2798.60503,1000,1415.68455
2614.923927,1000,1416.514055
2578.296009,1000,1417.59086
2714.942471,1000,1418.42225
2843.128812,1000,1419.507148
2826.250781,1000,1420.337131
2803.81827,1000,1421.42785
2685.192158,1000,1422.256021
2478.291674,1000,1426.934699
3050.372186,1000,1427.762785
2886.25325,1000,1428.849611
2668.69911,1000,1429.68032
2761.98322,1000,1430.767292
2663.529021,1000,1431.597573
878.254518,347,1431.885252
2844.664836,1000,1432.970478
2672.807096,1000,1433.799087
3104.8311,1000,1434.882966
2696.681699,1000,1435.711236
2829.468551,1000,1439.787506
724.682722,262,1440.004436
2883.289829,1000,1440.832888
1029.95186,1000,1441.925085
2694.059225,1000,1442.757829
2976.447467,1000,1443.83357
2456.191854,1000,1444.66293
2717.145189,1000,1445.741354
1680.829148,1000,1446.584068
693.938333,1000,1447.678029
894.346125,333,1447.953375
2701.566965,1000,1452.381713
2932.9115,1000,1453.455687
2997.112986,1000,1454.281365
939.928789,1000,1455.370215
398.48084,147,1455.492973
2852.292505,1000,1456.323313
1098.431685,398,1456.903194
1104.607661,1000,1457.743399
2741.222133,1000,1458.8249
2611.990852,1000,1459.655814
690.374634,1000,1460.746737
2605.575169,1000,1461.57706
2552.973509,1000,1466.353012
2648.821242,1000,1467.184426
757.699151,1000,1468.031225
2642.834178,1000,1469.110379
2884.80547,1000,1469.938503
2993.024278,1000,1471.77192
2735.554832,1000,1472.601529
2682.042378,1000,1473.678259
2454.221213,1000,1474.50653
2908.402399,1000,1475.58454
158.438283,72,1475.644268
2612.70632,1000,1480.848968
2670.916598,1000,1481.92615
2832.614595,1000,1482.756044
2882.943155,1000,1483.836421
2772.966429,1000,1485.442198
2835.54975,1000,1486.523385
2930.827901,1000,1487.351094
410.977778,177,1487.498523
2981.683753,1000,1488.586255
2686.316355,1000,1489.417113
2654.080525,1000,1490.511268
2750.051005,1000,1495.720387
2209.884892,1000,1496.812181
2934.764065,1000,1498.413735
510.105303,200,1498.579929
2964.887367,1000,1499.656726
2958.759449,1000,1500.482996
3030.507509,1000,1501.563164
2883.297587,1000,1502.395533
1937.598573,645,1503.178365
2769.303907,1000,1504.004873
2455.86597,857,1504.962288
3058.766677,1000,1510.176458
2964.924071,1000,1511.954326
3146.829259,1000,1512.850317
2799.288245,1000,1513.936652
3226.142435,1000,1514.764551
2980.191673,1000,1515.855395
3000.172307,1000,1516.684505
3318.539361,1000,1517.770744
2839.767064,1000,1518.59975
2429.41737,1000,1519.686185
696.738116,1000,1524.91065
2824.389709,1000,1525.739007
2964.567163,1000,1526.816653
3124.452123,1000,1527.645843
3049.152607,1000,1528.728869
2839.78099,1000,1530.332141
1133.750639,1000,1531.423516
2828.246178,1000,1532.255215
3105.944014,1000,1533.3336
2867.415298,1000,1534.16168
2896.040627,1000,1539.628082
3328.488023,1000,1540.45632
2747.224045,1000,1541.534965
2677.560463,1000,1542.362761
3202.503439,1000,1543.442463
2937.356796,1000,1545.049814
2976.186088,1000,1546.131564
2800.688415,1000,1546.963361
2999.98836,1000,1548.055045
2829.417134,1000,1548.884208
752.496064,1000,1554.359296
3102.687362,1000,1555.188093
2939.539998,1000,1557.041177
3099.351618,1000,1557.869197
2756.843455,1000,1558.952465
2629.420726,1000,1559.782087
223.503505,124,1559.884754
2931.926284,1000,1560.961443
2891.733124,1000,1561.792835
2974.631029,1000,1562.873709
2732.643405,1000,1563.705231
2913.555567,1000,1569.169609
2983.042782,1000,1570.264323
2904.525628,1000,1571.867792
3117.713825,1000,1572.696145
3092.417227,1000,1573.784953
2994.167798,1000,1574.612981
3097.856127,1000,1575.700031
3079.827445,1000,1576.528641
3069.297112,1000,1577.616
2801.734922,1000,1578.449833
2975.281369,1000,1583.914112
2764.491646,1000,1584.743298
953.319409,1000,1585.838855
3142.614344,1000,1586.668836
2976.683086,1000,1587.748507
2864.544085,1000,1588.583556
3227.24431,1000,1589.660362
3041.420653,1000,1590.488111
1858.738523,1000,1591.577604
2987.027305,1000,1592.408266
2741.36284,1000,1597.615775
3018.667817,1000,1598.694211
905.05041,302,1599.212539
2192.568252,801,1600.631611
3004.083561,1000,1601.463654
2981.590053,1000,1602.292397
2895.644779,1000,1603.370188
3212.450798,1000,1604.197043
3101.260733,1000,1605.273986
3001.813692,1000,1606.102813
3194.260432,1000,1607.184553
395.71874,132,1611.230297
2054.374682,1000,1612.06817
3107.050144,1000,1613.14999
3185.03115,1000,1613.976761
1101.150338,1000,1615.068741
742.816971,1000,1615.913224
2944.213386,1000,1616.991037
2774.399213,1000,1617.818655
2960.700086,1000,1618.898515
3033.155987,1000,1619.72878
3005.11407,1000,1625.173328
2647.16469,854,1625.882879
3053.316122,1000,1626.959745
3052.51199,1000,1627.788658
3059.465156,1000,1628.868647
1320.643428,1000,1629.710421
2870.311571,1000,1630.791945
2137.48469,717,1631.388424
3040.107813,1000,1632.467569
2930.974833,1000,1633.295979
2944.954111,1000,1634.372739
1041.615298,341,1634.655605
3035.130437,1000,1639.852316
2959.562927,1000,1641.418576
1521.341869,481,1642.102246
1006.144602,1000,1642.942955
3130.752651,1000,1644.019065
2707.848749,1000,1644.847642
3426.697056,1000,1645.925733
2920.665656,1000,1646.754952
2868.873107,1000,1647.835552
2903.722444,1000,1648.669596
2849.455318,1000,1653.900103
3110.311875,1000,1654.728378
3115.585225,1000,1655.804527
3068.627156,1000,1656.634925
3324.611461,1000,1657.717064
3155.380402,1000,1658.547854
2867.268946,1000,1659.638134
1352.411068,1000,1660.475284
2643.416345,1000,1662.296513
338.283412,121,1662.396783
3285.102485,1000,1663.223121
3181.679383,1000,1668.666713
3381.721704,1000,1669.495469
2386.338872,789,1670.397663
2922.290333,1000,1671.226262
3026.870517,1000,1672.304998
3232.957705,1000,1673.134919
3083.580099,1000,1674.214278
3153.168246,1000,1675.043207
1988.156338,626,1675.561238
3323.350446,1000,1677.361792
3184.083178,1000,1678.190265
3065.576917,1000,1683.648631
3205.465137,1000,1684.477422
3159.244173,1000,1685.565567
3403.24102,1000,1686.392904
3098.498046,1000,1687.482452
3258.672036,1000,1688.313338
3255.910735,1000,1689.400105
3152.332967,1000,1691.005053
1002.658891,355,1691.304562
3302.22571,1000,1692.394454
3136.974613,1000,1697.610363
3044.15982,1000,1698.698518
3302.875866,1000,1699.527985
821.856715,251,1700.000684
3305.632048,1000,1700.83118
3151.797196,1000,1701.922762
3329.789165,1000,1702.756249
3028.473648,1000,1703.586951
3269.173424,1000,1705.41265
3154.562838,1000,1706.241151
3110.071865,1000,1707.330492
3290.750935,1000,1712.541575
2908.753678,873,1713.524358
3062.259696,1000,1714.352044
2620.665238,802,1715.27803
3089.676639,1000,1716.108101
3163.932921,1000,1717.199763
3282.032425,1000,1718.805667
3250.853625,1000,1719.891979
3270.657196,1000,1720.718842
3271.038118,1000,1721.806008
3298.182525,1000,1726.999686
3257.582351,1000,1728.087924
3282.305135,1000,1729.691564
3187.269246,1000,1730.779269
3328.445016,1000,1731.611465
3161.104042,1000,1732.70124
3451.343787,1000,1733.533826
3243.257957,1000,1734.635481
3370.808496,1000,1735.465273
1549.641137,466,1735.851132
3413.092996,1000,1736.937205
1058.79837,1000,1742.150513
3481.738576,1000,1743.233253
2840.731302,1000,1744.063097
3302.94883,1000,1745.141288
3362.012439,1000,1746.745166
3240.737785,1000,1747.823661
3347.175741,1000,1748.654922
3063.368317,1000,1749.731834
3319.532529,1000,1750.56062
3273.489162,1000,1751.651138
3315.029884,1000,1756.870234
3421.226873,1000,1757.956146
3424.144106,1000,1758.785756
3238.568439,1000,1759.878324
3444.371249,1000,1760.707829
3006.449972,1000,1761.799794
3327.420716,1000,1762.629156
3522.504534,1000,1763.714772
3169.548646,1000,1764.542862
3254.211822,1000,1765.628938
933.740513,1000,1770.090068
2942.025492,1000,1771.168521
3357.973563,1000,1771.998937
3454.767041,1000,1772.826306
3269.009122,1000,1773.907191
3137.546187,1000,1774.7368
3434.205533,1000,1775.816576
3202.841602,1000,1776.645532
3079.456096,1000,1777.724887
3476.709886,1000,1778.554745
3410.725126,1000,1783.246672
3276.942646,1000,1784.076226
3504.263462,1000,1785.159859
3447.533803,1000,1785.989386
3434.225391,1000,1787.080405
2778.660144,916,1787.842288
3209.573269,1000,1788.936428
3671.867076,1000,1789.765139
3191.793293,1000,1790.859117
3359.672582,1000,1791.688575
3263.477573,1000,1796.398525
3475.698028,1000,1797.226579
3401.280627,1000,1798.31525
3260.278915,1000,1799.146154
3280.665979,1000,1800.23351
3446.31018,1000,1801.063095
3327.619877,1000,1802.152485
3448.808098,1000,1802.985692
3493.648469,1000,1804.073369
3358.896012,1000,1804.901931
3393.140753,1000,1809.58444
3528.236467,1000,1810.414554
3532.398653,1000,1811.529327
3217.29827,1000,1812.3606
3216.865502,1000,1813.461018
3649.031765,1000,1814.290218
3375.461447,1000,1815.388061
3468.30768,1000,1816.226603
3516.653543,1000,1817.319043
3318.01564,1000,1818.158494
3295.076005,1000,1822.857328
3430.980768,1000,1823.686772
3129.163112,1000,1824.51497
3417.588163,1000,1825.604902
3306.919918,1000,1826.433485
3293.808416,1000,1827.522634
3290.039731,1000,1828.354834
3408.865727,1000,1829.441751
3684.058298,1000,1830.272289
3552.690157,1000,1831.361351
3462.585844,1000,1835.791937
3531.739582,1000,1836.879441
3349.542243,1000,1837.70952
3529.38621,1000,1838.800577
3625.997934,1000,1839.628388
3539.258052,1000,1840.716314
3372.74104,1000,1841.54836
3055.565592,1000,1842.638982
3222.698218,1000,1843.468903
3633.487711,1000,1844.55777
3243.642757,1000,1848.29645
3434.924213,1000,1849.383678
2073.006562,582,1849.865372
3446.559393,1000,1850.953793
3429.491613,1000,1851.784223
3533.70097,1000,1852.870743
3500.809553,1000,1853.702703
3567.371535,1000,1854.788381
3484.848488,1000,1855.621633
3305.82408,1000,1856.450092
3475.083124,1000,1860.441217
3494.336454,1000,1861.271242
3450.57107,1000,1862.361636
3259.543591,1000,1863.189894
3254.326307,1000,1864.279562
3519.88495,1000,1865.109024
3270.457923,1000,1866.203351
3167.402772,1000,1867.033047
3599.466507,1000,1868.124493
3426.691796,1000,1868.953336
3634.253901,1000,1873.638338
3629.011931,1000,1874.470415
3273.124859,1000,1875.557105
639.813003,185,1875.711985
3386.653389,1000,1876.539867
3617.767517,1000,1877.62852
3517.8608,1000,1878.462786
3212.497078,1000,1879.55065
994.288386,1000,1880.395439
1194.415281,407,1880.981221
3555.079831,1000,1881.809496
2078.981523,1000,1882.893252
3428.44714,1000,1887.307826
3405.371669,1000,1888.391625
3468.194276,1000,1889.220273
2948.816961,832,1889.908808
3380.454941,1000,1890.987208
3229.301282,1000,1891.81855
257.208465,85,1891.888964
3703.998312,1000,1892.971727
3445.981989,1000,1893.799477
3617.058795,1000,1894.875028
3537.982173,1000,1895.702328
1520.769192,1000,1900.178219
3269.437732,1000,1901.004882
3719.857287,1000,1902.083129
3608.074951,1000,1902.911261
3385.312463,1000,1903.988728
3631.103058,1000,1904.815541
3540.951735,1000,1905.893621
3266.609158,1000,1906.722876
3577.987654,1000,1907.801678
3331.481534,1000,1908.630469
3484.47608,1000,1913.299022
3667.178879,1000,1914.126218
440.445253,122,1914.227313
3442.222978,1000,1915.313856
3563.955097,1000,1916.144517
3583.325285,1000,1917.235895
3585.640472,1000,1918.074138
3720.459056,1000,1919.162306
3430.269412,1000,1919.992268
3159.135098,1000,1921.083838
3561.311439,1000,1921.915204
3668.820352,1000,1926.596751
3548.633556,1000,1927.424548
2572.712568,1000,1928.518247
3524.467457,1000,1929.346694
3556.631178,1000,1930.423687
3644.884003,1000,1931.250784
3465.130269,1000,1932.332744
3556.169841,1000,1933.161241
3556.108711,1000,1934.244678
3537.503011,1000,1935.073023
3582.659243,1000,1939.735079
3726.87914,1000,1940.561
1412.401487,1000,1941.651747
3384.701699,1000,1942.478005
3511.281699,1000,1943.554285
2730.315632,760,1944.184588
1750.615428,500,1944.598077
3491.759458,1000,1945.674758
3684.614525,1000,1946.502524
3531.956348,1000,1947.581105
3549.126393,1000,1951.936069
3486.823274,1000,1953.013965
3498.763442,1000,1953.842677
3604.241009,1000,1954.924969
3584.345099,1000,1955.753494
3616.556594,1000,1956.840347
3318.011594,1000,1957.669406
3208.456574,1000,1958.761967
1257.60359,359,1959.059867
2279.822358,1000,1959.888716
3552.163317,1000,1960.97498
3601.192481,1000,1965.385429
3479.286101,1000,1966.472659
3438.17872,1000,1967.300048
3701.273805,1000,1968.391748
3405.429999,960,1969.186138
3540.246568,1000,1970.271995
3459.074107,1000,1971.101407
3708.694659,1000,1972.190433
3346.750321,1000,1973.018302
3314.010575,1000,1974.10572
3393.797353,1000,1977.975769
1616.955049,452,1978.35387
3473.525979,1000,1979.447971
2808.921392,1000,1980.280065
1267.140116,1000,1981.373923
3602.610879,1000,1982.205293
3359.011606,1000,1983.285016
3653.38979,1000,1984.113366
3567.359324,1000,1985.191242
3612.411721,1000,1986.018203
3442.669574,1000,1987.097313
3510.280699,1000,1991.52088
3172.333879,1000,1992.598344
3527.982883,1000,1993.429347
3225.203868,1000,1994.514267
3424.203719,1000,1995.347474
3299.237904,1000,1996.446141
3511.351757,1000,1997.267382
3616.378642,1000,1998.349418
3600.134685,1000,1999.168153
3597.75839,1000,2000.243994
3588.059631,1000,2004.608472
3065.501875,1000,2005.432037
3275.08968,1000,2006.500144
3416.64938,1000,2007.320752
3442.085677,1000,2008.398161
3586.0389,1000,2009.222377
3690.25525,1000,2010.292164
3146.428458,1000,2011.117588
3604.183533,1000,2012.192497
3050.469167,1000,2013.019535
3449.949818,1000,2017.641427
3286.6819,1000,2018.46595
3577.868994,1000,2019.533503
3553.020959,1000,2020.354688
3535.703971,1000,2021.423608
3426.099553,1000,2022.24564
3259.019542,1000,2023.314527
3744.772781,1000,2024.135947
3575.964363,1000,2025.204676
3381.524734,1000,2026.026626
3427.333231,1000,2030.671056
3512.870454,1000,2031.497546
3371.023614,1000,2032.578539
3274.530743,1000,2033.401011
3623.931397,1000,2034.476041
3656.571585,1000,2035.296043
3295.818299,1000,2036.372879
3542.464846,1000,2037.193554
3518.144852,1000,2038.273556
3492.686787,1000,2039.095208
3557.689807,1000,2043.722828
3434.371679,1000,2044.541435
3634.983411,1000,2045.618702
3529.929486,1000,2046.437403
3583.512531,1000,2047.514363
3496.852196,1000,2048.336311
3474.34359,1000,2049.417691
3617.37679,1000,2050.238748
3588.030358,1000,2051.317125
3579.524961,1000,2052.139987
3709.712389,1000,2056.770678
3419.830451,1000,2057.59442
3822.418276,1000,2058.671732
3615.120435,1000,2059.492024
692.379553,220,2059.674431
3442.272415,1000,2060.755041
3301.479286,1000,2061.577621
3530.284917,1000,2062.654761
1371.001534,1000,2063.486293
3404.191642,1000,2064.553943
3485.168905,1000,2068.929284
3416.672003,1000,2069.996234
3674.570454,1000,2070.821993
3651.626664,1000,2071.646974
3624.0304,1000,2072.719076
3592.499453,1000,2073.537586
3173.181024,1000,2074.605395
3513.826674,1000,2075.42442
3608.217549,1000,2076.492374
3623.439824,1000,2077.316185
3612.537236,1000,2081.941864
3585.167442,1000,2082.761193
3665.79319,1000,2083.839352
3229.760136,1000,2084.658442
3801.964123,1000,2085.734591
3699.356474,1000,2086.554776
3697.563427,1000,2087.634098
3509.866374,1000,2088.456028
3760.961632,1000,2089.534316
3633.033704,1000,2090.353703
3647.852318,1000,2094.99416
3499.562725,1000,2095.812429
3538.671829,1000,2096.884938
3646.95024,1000,2097.70192
3520.166056,1000,2098.781092
3433.592944,1000,2099.604908
3564.203872,1000,2100.687411
3667.016763,1000,2101.50899
3473.030143,1000,2102.588353
3402.641933,932,2103.348066
3514.253344,1000,2107.970408
3547.740647,1000,2108.796209
3727.423291,1000,2109.868892
3271.313343,1000,2110.68669
3466.895115,1000,2111.764985
2552.030129,831,2112.44443
3629.704395,1000,2113.260787
3672.594195,1000,2114.332847
3470.437432,1000,2115.149037
3428.981932,1000,2116.22383
3437.690808,1000,2117.041862
3563.247299,1000,2121.66591
3557.659315,1000,2122.484299
3585.122342,1000,2123.553458
3496.923665,1000,2124.372335
3572.06808,1000,2125.447045
588.809898,182,2125.596896
3862.822898,1000,2126.413878
3569.470098,1000,2127.493011
3759.202886,1000,2128.314312
3732.807792,1000,2129.387902
3713.876775,1000,2133.752213
3765.863136,1000,2134.825709
3559.385665,1000,2135.645369
3496.755756,1000,2136.721687
3524.689434,1000,2137.545324
3606.979971,1000,2138.632507
3764.239211,1000,2139.452172
3672.652892,1000,2140.527383
3766.563557,1000,2141.346132
3896.8398,1000,2142.417875
3791.588885,1000,2146.772419
3695.9876,1000,2147.844291
3740.896259,1000,2148.665327
3631.732644,1000,2149.739633
3577.138449,1000,2150.556731
3669.328306,1000,2151.630883
3658.830444,1000,2152.448601
3672.20983,1000,2153.521683
3749.402576,1000,2154.340995
3628.654109,1000,2155.412895
3622.918824,1000,2159.57164
3954.873561,1000,2160.643765
3668.616208,1000,2161.461801
2013.816616,1000,2162.548603
972.816255,1000,2163.389035
3813.286758,1000,2164.454901
3845.735354,1000,2165.271047
3961.336248,1000,2166.335088
3749.389834,1000,2167.152212
3674.638303,1000,2168.223451
3792.21602,1000,2172.594952
3501.830274,1000,2173.660614
3589.770758,1000,2174.480084
3850.180001,1000,2175.543639
3718.717213,1000,2176.363504
3627.329043,1000,2177.437546
3813.424114,1000,2178.259486
3735.075577,1000,2179.079219
3872.935156,1000,2180.165609
3569.503049,1000,2180.981772
3496.587682,1000,2185.613391
2932.570663,1000,2186.436733
3806.303162,1000,2187.500004
3797.407737,1000,2188.322987
1867.072088,1000,2189.397432
3650.799492,1000,2190.214728
3793.007912,1000,2191.277269
3813.209185,1000,2192.09585
3647.890481,1000,2193.160187
3672.183289,1000,2193.977584
2678.781117,757,2194.842864
302.57543,87,2194.913903
3454.48881,1000,2199.280497
1953.232314,517,2199.947697
3884.645395,1000,2200.771719
3811.08188,1000,2201.589714
3620.092003,1000,2202.654084
3598.296498,1000,2203.470709
3600.743458,1000,2204.549841
3671.339638,1000,2205.370306
2439.332641,690,2206.194605
3572.074884,1000,2207.012434
3715.8854,1000,2211.637291
3758.145922,1000,2212.455217
3573.796655,1000,2213.53007
3653.212078,1000,2214.346818
3568.673757,1000,2215.422978
3971.139434,1000,2216.239518
3800.491428,1000,2217.314041
3676.945226,1000,2218.13603
3563.242222,1000,2219.210394
3699.251944,1000,2220.028866
3680.057828,1000,2224.680429
3642.283225,1000,2225.500451
3908.662493,1000,2226.574503
3758.019239,1000,2227.390874
3915.798398,1000,2228.464258
3792.964385,1000,2229.283769
3656.738665,1000,2230.358311
3697.812854,1000,2231.17893
3557.754405,1000,2232.255884
3630.822478,1000,2233.073172
3493.355388,1000,2237.712653
3751.323005,1000,2238.532791
3885.142548,1000,2239.352512
1951.912163,530,2240.03429
3964.99997,1000,2240.856194
3884.270252,1000,2241.924378
4022.144915,1000,2242.742572
3693.453512,1000,2243.808019
3969.029599,1000,2244.6238
3932.478217,1000,2245.689071
1122.3796,318,2245.949421
3737.35227,1000,2246.769064
3835.930958,1000,2251.401039
3699.272585,1000,2252.220966
4021.914245,1000,2253.291406
3931.006206,1000,2254.108866
3695.242817,1000,2255.177358
3737.206714,1000,2255.995722
3884.750403,1000,2257.067039
3971.659773,1000,2257.883964
3903.21242,1000,2258.969029
4084.809551,1000,2259.792398
3755.188639,1000,2265.244571
3893.626316,1000,2266.069735
3593.386923,1000,2267.876048
1301.797036,1000,2268.713794
3825.612219,1000,2269.787771
3722.959843,1000,2270.613148
3961.941435,1000,2271.688532
3833.545851,1000,2272.513161
3531.703598,1000,2274.363147
4022.750248,1000,2275.186924
3632.906937,1000,2280.101379
4146.587589,1000,2280.92342
3634.707014,1000,2282.001863
3799.391588,1000,2282.831681
3793.879148,1000,2284.643318
3713.390153,1000,2285.466956
3350.716414,912,2286.21842
3930.296338,1000,2287.304764
3772.326249,1000,2288.133818
1154.872455,312,2288.651647
3820.636307,1000,2293.833333
3731.235921,1000,2295.635558
507.895524,160,2295.767665
3727.40315,1000,2296.591316
3661.716619,1000,2297.673743
2796.843679,784,2298.322501
3899.302848,1000,2299.146195
3707.113229,962,2300.198643
3841.725368,1000,2301.800404
3964.705291,1000,2302.880902
3844.164185,1000,2303.705484
3347.436683,1000,2309.149721
3784.864448,1000,2309.974544
3799.136959,1000,2311.056141
3464.265142,1000,2312.657483
3910.991587,1000,2313.740482
3719.641681,1000,2314.563834
3893.186401,1000,2315.647286
819.93853,224,2315.83218
4097.510913,1000,2316.655845
3577.136921,1000,2317.738713
2652.436406,725,2318.339653
2376.440024,627,2319.116388
3678.561939,1000,2324.300046
2878.215377,768,2324.934045
3759.837427,1000,2326.015388
3820.397962,1000,2326.838205
3685.321823,1000,2327.921815
2198.837132,1000,2328.758686
3730.374067,1000,2329.831481
3832.088753,1000,2330.654641
3729.954715,1000,2331.728677
3809.483819,1000,2332.551841
3484.629509,1000,2337.561167
3776.356365,1000,2338.384547
3629.580567,1000,2339.517762
3582.823689,1000,2341.05445
3718.909392,1000,2342.128595
3867.953185,1000,2342.958312
3276.022448,1000,2344.036783
3833.931276,1000,2344.86662
3784.89477,1000,2345.942181
3719.064896,1000,2347.543081
3853.585028,1000,2352.755693
3959.524995,1000,2353.577469
3843.333198,1000,2354.648651
4020.214236,1000,2355.471577
3348.40576,889,2356.453578
3747.207797,1000,2357.276759
3744.954991,1000,2358.353873
1218.565687,1000,2359.193497
3885.429986,1000,2360.266138
3977.219856,1000,2361.089504
493.22982,128,2361.195072
2366.211057,670,2365.938946
3740.980661,1000,2367.011699
1869.246509,539,2367.456195
3926.518147,1000,2368.535167
3570.120938,1000,2369.361656
3733.011448,1000,2370.434973
3825.687379,1000,2371.260985
4025.620873,1000,2372.336661
3843.661499,1000,2373.163391
265.829643,92,2373.239983
3758.001426,1000,2374.312284
3922.676671,1000,2375.136446
3878.586709,1000,2380.567841
3996.096394,1000,2381.489529
3988.594398,1000,2383.240143
4001.629936,1000,2384.064835
3460.44802,1000,2385.153376
3931.747728,1000,2385.978024
3897.771595,1000,2387.063184
3616.063742,1000,2387.889283
3719.814397,1000,2388.978433
3762.735725,1000,2389.802731
3900.281227,1000,2395.240887
1154.012326,1000,2396.080285
3614.537878,1000,2397.931602
3903.783778,1000,2398.760479
3754.996399,1000,2399.586608
3859.886178,1000,2400.659827
2432.317007,1000,2401.493131
1764.30811,441,2402.106114
3903.552009,1000,2402.934729
3999.694703,1000,2404.008417
4168.020289,1000,2409.18884
4022.441496,1000,2410.260842
3708.449502,1000,2411.862644
4118.912412,1000,2412.938108
3982.198917,1000,2413.762056
2178.44144,557,2414.221631
3898.211482,1000,2415.297165
2612.790152,727,2415.896652
3826.205488,1000,2416.978755
3805.453664,1000,2417.802073
3772.440112,1000,2419.616
3786.424766,1000,2424.778375
3766.640168,1000,2425.861474
3933.665335,1000,2426.687448
3936.43229,1000,2427.770723
3664.419552,1000,2428.599208
187.676997,56,2428.645597
3780.907825,1000,2429.728974
3823.988603,1000,2431.329423
3821.213891,1000,2432.413462
4063.545125,1000,2433.236341
3807.849514,1000,2434.31921
3825.473398,1000,2439.491875
3644.78915,1000,2441.315911
3252.905305,927,2442.083771
3928.685389,1000,2443.166986
3823.121219,1000,2443.994226
3846.146195,1000,2444.818624
3957.062006,1000,2445.907392
4024.435106,1000,2446.730461
3709.688744,1000,2447.816669
3912.504878,1000,2448.645186
3790.071943,1000,2453.248434
3600.535703,1000,2454.074791
3961.070138,1000,2455.154078
4053.580056,1000,2455.977047
3957.911472,1000,2457.058906
3860.636068,1000,2457.883976
2554.246541,1000,2458.97922
2448.748247,626,2459.49626
3977.730934,1000,2460.569825
3928.964502,1000,2461.396714
4097.878376,1000,2466.080098
3836.092846,1000,2466.909644
4001.604594,1000,2467.982232
3887.158931,1000,2468.812192
3913.817114,1000,2469.884221
3790.631991,1000,2470.708423
8.830766,13,2470.719239
3915.938467,1000,2471.797628
3444.995074,1000,2472.622673
3785.943831,1000,2473.703578
3845.08029,1000,2474.527729
3815.039341,1000,2479.190974
1520.947367,396,2479.518593
3958.918136,1000,2480.343114
3947.902619,1000,2481.428157
4100.330754,1000,2482.255448
4058.360074,1000,2483.337517
3720.753895,1000,2484.16766
3754.765146,1000,2485.254936
3970.811088,1000,2486.080748
3846.713218,1000,2487.166772
3869.814144,1000,2487.993165
4185.281384,1000,2492.589386
4122.85639,1000,2493.413975
3802.446322,1000,2494.49661
3775.804265,1000,2495.321448
3985.401016,1000,2496.40675
3633.851401,921,2497.166444
3793.261126,1000,2497.990876
3766.167479,1000,2499.077634
3787.453768,1000,2499.904805
3852.512286,1000,2500.988317
3984.115188,1000,2505.180678
3652.752484,882,2506.166264
587.576757,174,2506.310162
3404.783669,946,2507.091037
1264.573311,313,2507.612269
3872.166273,1000,2508.441244
3084.850886,1000,2509.520858
4159.272026,1000,2510.344859
3877.755664,1000,2511.416628
3984.941367,1000,2512.241901
3885.806271,1000,2513.067794
3725.074848,1000,2514.143212
3731.622952,1000,2518.544461
4020.732179,1000,2519.616778
136.765196,60,2519.666263
3861.007839,1000,2520.48953
4090.316399,1000,2521.566028
4089.825659,1000,2522.395061
1577.845693,423,2522.994058
4067.325379,1000,2523.817568
530.35269,184,2523.96958
3990.892409,1000,2525.050778
1752.926861,456,2525.426953
3851.006351,1000,2526.251338
4168.265889,1000,2527.336196
4087.560814,1000,2531.765597
4168.947328,1000,2532.845321
3840.551866,1000,2533.670307
3845.620314,1000,2534.753399
3841.268813,1000,2535.577996
3887.28676,1000,2536.660455
3881.585129,1000,2537.485751
1446.051979,394,2538.070739
3992.083883,1000,2538.892496
3921.328804,1000,2539.975589
4051.296961,1000,2543.706473
3759.706473,1000,2544.532988
4004.455997,1000,2545.61825
3696.141107,1000,2546.442261
3956.062773,1000,2547.528155
3867.119736,1000,2548.357786
3879.190812,1000,2549.443131
4027.370599,1000,2550.268463
3977.359808,1000,2551.353469
4021.05625,1000,2552.177518
4067.479683,1000,2556.829703
3562.864371,1000,2557.65484
3737.195266,1000,2558.742616
3533.921708,1000,2559.569002
3871.363874,1000,2560.652185
3861.903992,1000,2561.480283
3896.695012,1000,2562.564744
11.185973,10,2562.57308
1572.486242,397,2562.899606
3560.86466,1000,2563.723563
3680.40353,1000,2564.805592
3974.368989,1000,2565.628122
3708.914099,1000,2570.303924
3980.470185,1000,2571.12831
3947.330428,1000,2572.213003
3933.302938,1000,2573.035818
3892.431203,1000,2574.118657
4103.870851,1000,2574.941256
3987.966695,1000,2576.025632
1924.154968,517,2576.451747
3919.09326,1000,2577.53677
3910.111196,1000,2578.362385
3991.416006,1000,2582.512845
3899.409872,1000,2583.340283
3821.185796,1000,2584.423063
3874.546448,1000,2585.247875
4128.688592,1000,2586.331236
1848.315337,464,2586.713928
2987.231865,753,2587.335433
3920.21994,1000,2588.425197
2125.071836,1000,2589.264435
2478.043206,647,2589.798581
3679.463672,1000,2590.873163
3258.887279,1000,2595.286436
3911.099965,1000,2596.363317
4117.190836,1000,2597.186789
3612.417785,1000,2598.264213
1752.482543,1000,2599.094273
3729.953081,1000,2600.171329
4081.607408,1000,2600.998055
3716.398957,1000,2602.075884
3989.061518,1000,2602.900297
3856.834071,1000,2603.975874
3938.370413,1000,2608.385688
3553.501913,938,2609.418849
3923.639409,1000,2610.243818
4072.480521,1000,2611.329409
4112.587929,1000,2612.155476
4104.247334,1000,2613.237883
1585.509598,441,2613.603046
4093.771117,1000,2614.428981
741.046048,215,2614.869827
4154.437022,1000,2615.694059
3950.351352,1000,2616.775238
4041.323615,1000,2617.601105
3943.062073,1000,2621.940106
4025.429469,1000,2623.023363
3927.848742,1000,2623.848833
4246.175888,1000,2624.931503
3856.314887,1000,2625.755502
3836.757747,1000,2626.840541
3951.95012,1000,2627.666905
3796.262565,1000,2628.750648
3843.440778,1000,2629.575923
3863.41866,1000,2630.665965
3866.231561,1000,2635.072145
3896.174251,1000,2636.154549
2158.643487,610,2636.65873
4019.294863,1000,2637.742179
610.95908,179,2637.889856
3934.917235,1000,2638.719563
3777.62362,1000,2639.802749
710.137277,197,2639.965455
3927.537998,1000,2640.7896
3920.906659,1000,2641.8735
3977.268572,1000,2642.701205
4065.351266,1000,2643.786416
3911.115762,1000,2648.194027
4140.423409,1000,2649.283843
3976.810749,1000,2650.114633
3986.301519,1000,2651.20102
3870.527251,1000,2652.033726
3821.950553,1000,2653.119052
4058.330693,1000,2653.944436
3979.253726,1000,2655.028347
13.612349,13,2655.03914
3764.30849,1000,2655.863284
4136.270241,1000,2656.946514
4149.661176,1000,2661.350034
3748.972207,1000,2662.433014
3837.371096,1000,2663.258144
4051.616931,1000,2664.343354
4359.312879,1000,2665.166257
3889.672859,1000,2666.251931
4028.234208,1000,2667.07861
3878.714141,1000,2668.170378
3962.61198,1000,2668.995218
3889.101994,1000,2670.080616
3835.946889,1000,2674.485751
3836.407303,1000,2675.308897
3422.38698,1000,2676.392404
4104.63247,1000,2677.21836
3887.332903,1000,2678.308934
3785.458609,995,2679.130717
3966.988193,1000,2680.215503
4022.347546,1000,2681.039342
3903.759232,1000,2682.124906
3783.153976,1000,2682.949342
4027.039115,1000,2687.615609
3858.682964,989,2688.431011
3900.395212,1000,2689.514624
1966.947778,479,2689.90996
1992.62839,510,2690.330312
3919.581384,1000,2691.414792
4036.932663,1000,2692.247623
3857.255809,1000,2693.332666
3864.090428,1000,2694.1579
3712.123455,1000,2695.242034
288.854276,82,2695.309806
3928.673105,1000,2696.135283
3895.118636,1000,2700.807102
4163.301072,1000,2701.63203
3892.279903,1000,2702.723738
4060.79524,1000,2703.549458
4060.144289,1000,2704.635633
3830.689375,1000,2705.46031
4006.0012,1000,2706.545501
3776.241457,1000,2707.372364
1672.622046,478,2707.767519
3590.382575,1000,2708.858986
4033.095741,1000,2713.276933
650.488526,1000,2714.370516
1047.550028,283,2714.604445
4039.342438,1000,2715.678089
3871.269847,1000,2716.503409
4165.843529,1000,2717.576941
3765.962595,1000,2718.405403
4062.143899,1000,2719.229433
163.508104,93,2719.55648
3884.704144,1000,2720.381366
3732.330983,1000,2721.456789
3868.647264,1000,2722.280487
3980.652789,1000,2726.679955
1096.51158,276,2727.154624
3760.620921,1000,2727.979615
3892.126295,1000,2729.069554
3962.062344,1000,2729.89365
776.287262,202,2730.060001
4079.790477,1000,2731.146116
3556.023906,1000,2731.973966
4022.41854,1000,2733.057017
3503.275674,869,2733.773541
1622.915026,445,2734.140579
4001.168496,1000,2735.224047
4020.723327,1000,2739.651726
3155.926725,1000,2740.738305
3922.568577,1000,2741.565404
3937.337923,1000,2742.640977
4010.597895,1000,2743.466089
3863.585364,1000,2744.540703
4021.016851,1000,2745.366936
3605.346025,1000,2746.441284
3746.157997,1000,2747.266742
3908.270939,1000,2748.343241
3853.094119,1000,2752.760665
3982.830473,1000,2753.841905
3872.584962,1000,2754.666991
3969.773423,1000,2755.750623
1342.810056,1000,2756.592456
4077.294449,1000,2757.667939
3340.567806,1000,2758.49605
4133.956834,1000,2759.57146
4012.946805,1000,2760.397856
4055.816719,1000,2761.475014
3903.444813,1000,2765.890592
3937.051559,1000,2766.964336
3989.394451,1000,2767.78904
2892.959769,712,2768.379827
1479.024299,1000,2769.465879
3925.043424,1000,2770.291169
3947.03281,1000,2771.375399
3947.640045,1000,2772.210138
3744.966493,1000,2773.286534
3863.172799,1000,2774.112261
3933.713886,1000,2778.768083
4010.415826,1000,2779.594046
3865.465289,1000,2780.666376
3797.093694,1000,2781.492057
4071.713759,1000,2782.56518
4263.039357,1000,2783.388771
4133.310537,1000,2784.471389
3887.051291,1000,2785.295894
3827.615114,1000,2786.382222
3810.468517,1000,2787.20672
3842.600038,1000,2791.052802
3692.483478,1000,2791.882591
3908.808824,1000,2792.964357
571.670704,180,2793.114178
3501.523675,1000,2793.939287
3987.363015,1000,2795.024577
4119.91451,1000,2795.849701
3656.050895,1000,2796.936372
1368.105602,401,2797.266853
581.685571,162,2797.400693
3911.27092,1000,2798.227126
1281.065511,346,2798.773738
3837.778716,1000,2799.598223
4024.887842,1000,2804.264068
11.741073,18,2804.278991
3547.204812,1000,2805.103845
4147.963111,1000,2806.18665
3918.808457,1000,2807.011722
3975.917044,1000,2808.099587
3883.130301,1000,2808.925467
4009.410201,1000,2810.007861
4033.32683,1000,2810.825496
3885.970639,1000,2811.899583
3885.368473,1000,2812.718119
4047.565631,1000,2817.080453
3907.903478,1000,2818.155848
3805.181817,1000,2818.972503
3848.146523,1000,2820.048713
3931.755272,1000,2820.867083
4125.327552,1000,2821.940943
3974.645476,1000,2822.763557
4009.66202,1000,2823.838459
3919.358574,1000,2824.656197
3873.638802,1000,2825.728851
3892.769516,1000,2830.096654
3982.812465,1000,2831.169444
3801.843364,1000,2831.994098
3913.654947,1000,2833.070309
3981.919605,1000,2833.887211
3097.209706,1000,2834.962313
3913.509861,1000,2835.780141
4028.16712,1000,2836.854707
3829.209135,1000,2837.673323
4022.5043,1000,2838.747838
3951.850532,1000,2842.175462
3849.249023,1000,2843.246999
3748.590853,1000,2844.064614
3872.349575,1000,2845.138733
967.504565,243,2845.337531
4013.056255,1000,2846.153642
3939.262633,1000,2847.224325
3759.081264,1000,2848.044418
4103.968725,1000,2849.121945
3806.556416,1000,2849.94241
3793.58363,1000,2851.029473
3860.041163,1000,2855.392316
3854.890438,1000,2856.463861
4035.148625,1000,2857.282702
3601.419201,1000,2858.355919
1197.423821,1000,2859.187483
4121.48635,1000,2860.251451
4002.353557,1000,2861.067274
3833.846603,1000,2862.13314
4179.634405,1000,2862.949092
3851.238289,1000,2864.014296
3960.411995,1000,2868.294146
2230.320504,577,2868.765665
3899.620667,1000,2869.828008
4044.15074,1000,2870.646144
3851.229989,1000,2871.711568
1511.3232,439,2872.071272
3903.116921,1000,2873.142655
3924.14175,1000,2873.959161
472.968005,173,2874.100845
3781.470484,1000,2875.1763
3777.016419,1000,2875.998638
3973.334591,1000,2877.070689
3859.446482,1000,2881.432606
3960.094831,1000,2882.512982
3964.060303,1000,2883.330814
3915.421864,1000,2884.404775
3771.393926,1000,2885.221745
2443.358177,1000,2886.298065
2322.88984,604,2886.792387
4178.017599,1000,2887.609851
2139.776797,1000,2888.688577
3944.431205,1000,2889.50566
791.972785,1000,2894.165209
4041.540329,1000,2894.980904
1809.655893,448,2895.592717
4049.803767,1000,2896.41071
3213.488633,845,2897.101985
3808.774397,1000,2898.167447
4286.94097,1000,2898.982653
3969.777056,1000,2900.04729
4061.683954,1000,2900.864839
4051.412235,1000,2901.927677
3782.381606,985,2902.731044
4048.769751,1000,2907.343693
4260.896034,1000,2908.164889
3829.089981,1000,2909.237766
4105.097264,1000,2910.055609
2497.838626,1000,2911.146794
3764.524756,1000,2911.970196
3977.622996,1000,2913.035803
4048.915936,1000,2913.854108
2888.005322,1000,2914.919659
3689.610118,1000,2915.738892
4005.400968,1000,2920.352291
4084.069652,1000,2921.169875
2151.628506,514,2921.591777
4072.129474,1000,2922.659969
3912.502827,1000,2923.477759
2848.037943,754,2924.338075
3860.418935,1000,2925.155261
3859.549477,1000,2926.228197
4052.122994,1000,2927.04789
3920.911692,1000,2928.123959
4071.5571,1000,2928.940132
3893.090547,1000,2933.531857
4155.980162,1000,2934.347355
4000.541344,1000,2935.419894
3869.922296,1000,2936.236632
4007.327359,1000,2937.31539
3955.770309,1000,2938.139865
4172.848542,1000,2939.213882
4036.439529,1000,2940.032792
4222.860199,1000,2941.104481
4032.744182,1000,2941.922034
4063.367407,1000,2946.547711
4124.608815,1000,2947.36623
4170.099691,1000,2948.444386
4129.592416,1000,2949.261811
3010.006634,720,2949.84868
4084.711964,1000,2950.92132
3776.418026,1000,2951.745953
4097.592862,1000,2952.819161
3957.075168,1000,2953.637252
3744.852998,1000,2954.711909
3775.31848,1000,2959.086946
3902.154785,1000,2960.155313
1086.77324,296,2960.397861
3920.932711,1000,2961.214299
970.975529,1000,2962.306078
4104.836005,1000,2963.122811
3939.655422,1000,2964.18715
3986.490615,1000,2965.00502
4011.251437,1000,2966.070135
4217.484324,1000,2966.88895
3987.726714,1000,2967.953263
3796.197742,1000,2971.804462
3989.251542,1000,2972.87262
4286.010143,1000,2973.689374
3876.678448,1000,2974.755376
4172.899962,1000,2975.571588
1779.334739,1000,2976.655054
4049.66856,1000,2977.47462
3925.266009,1000,2978.539397
3877.48494,1000,2979.358794
4118.505245,1000,2980.424842
2622.664213,1000,2984.803602
3839.657186,1000,2985.866863
4075.640102,1000,2986.683532
4003.70535,1000,2987.748803
3892.419583,1000,2988.569811
3909.294755,1000,2989.63547
4124.190193,1000,2990.452578
3992.09044,1000,2991.518429
3816.170413,1000,2992.337306
3840.742168,1000,2993.403433
4251.519847,1000,2997.767885
3845.157454,1000,2998.850669
3940.48647,1000,2999.670891
4189.428035,1000,3000.745092
3687.238335,1000,3001.564817
4028.385817,1000,3002.644397
4045.192308,1000,3003.46233
3913.388589,1000,3004.536727
4133.060983,1000,3005.352988
3878.24033,1000,3006.426831
3953.149546,1000,3010.800731
4245.779908,1000,3011.877993
3852.565783,1000,3012.696206
1911.344474,1000,3013.52415
4038.399014,1000,3014.588935
4001.236929,1000,3015.408094
3498.942815,864,3016.36984
3979.496578,1000,3017.188075
3858.291387,1000,3018.254327
4034.375657,1000,3019.073116
4054.839363,1000,3023.687725
4286.826872,1000,3024.504414
3949.476931,1000,3025.568871
4015.47214,1000,3026.387007
4094.102989,1000,3027.459767
4075.8795,1000,3028.280494
4188.695384,1000,3029.35789
4027.410504,1000,3030.177364
4117.599529,1000,3031.250846
4100.492935,1000,3032.071236
4071.018653,1000,3036.694978
4182.802765,1000,3037.512577
4128.469405,1000,3038.589032
4207.34779,1000,3039.40761
3831.758472,1000,3040.484036
4228.773282,1000,3041.304425
4036.05458,1000,3042.384148
3981.863194,1000,3043.203151
4090.940715,1000,3044.279966
4179.072964,1000,3045.098314
2851.974514,677,3049.202812
3924.874151,1000,3050.277087
4115.557058,1000,3051.095614
3984.695534,1000,3052.175841
4137.451623,1000,3052.994187
4109.792313,1000,3054.069284
3985.606163,1000,3054.888489
3976.991726,1000,3055.962991
4177.914591,1000,3056.780003
4002.504322,1000,3057.854462
3919.378123,1000,3062.234501
4198.740174,1000,3063.308255
4021.035782,1000,3064.127962
3981.422288,1000,3065.20484
4205.279516,1000,3066.023396
4288.079232,1000,3067.100065
3911.351852,1000,3067.919422
4141.702433,1000,3069.000604
4158.485651,1000,3069.818825
4010.266745,1000,3070.893719
3830.127481,1000,3075.263256
4204.765176,1000,3076.34505
4204.81144,1000,3077.170262
4136.53003,1000,3078.249461
4224.381557,1000,3079.067836
4057.318473,1000,3080.143022
3859.917742,1000,3080.961781
4131.847615,1000,3082.042252
3981.995182,1000,3082.859795
4031.196309,1000,3083.935103
4012.071864,1000,3088.300711
3888.903831,1000,3089.375089
4138.864884,1000,3090.194126
4358.404862,1000,3091.269036
4225.227027,1000,3092.091012
2206.882832,533,3092.527341
4021.546339,1000,3093.604407
4152.127328,1000,3094.423173
4110.885854,1000,3095.503002
4086.566908,1000,3096.321496
3991.658184,1000,3097.3965
4076.332532,1000,3101.763464
4174.419866,1000,3102.837594
4158.665806,1000,3103.656481
4020.73651,1000,3104.731036
4048.438939,1000,3105.548106
4057.086507,1000,3106.623906
3874.413542,1000,3107.444145
4040.284096,1000,3108.517379
4089.801165,1000,3109.335824
4429.709705,1000,3110.410985
4233.409561,1000,3114.784561
923.520252,249,3114.988589
4129.367857,1000,3116.061617
4019.780682,1000,3116.8811
4065.8775,1000,3117.958958
3988.391395,1000,3118.780641
2286.724398,1000,3119.859445
3995.561476,1000,3120.678408
3782.48743,1000,3121.75175
4017.439125,1000,3122.575449
3954.593768,1000,3126.655365
3991.823944,1000,3127.47469
833.077763,206,3127.643761
2087.152194,1000,3128.723933
4090.494642,1000,3129.542221
4029.164804,1000,3130.607442
3869.649527,1000,3131.430453
4137.509856,1000,3132.49704
3867.088769,1000,3133.313621
3908.589676,1000,3134.378299
4071.982991,1000,3135.196388
3860.766791,1000,3139.805659
4220.634387,1000,3140.622423
4085.743106,1000,3141.691029
3874.735811,1000,3142.510241
4236.088979,1000,3143.585913
4036.34433,1000,3144.404514
4154.850773,1000,3145.482614
4008.138475,1000,3146.300991
3553.787518,1000,3147.37248
4257.621857,1000,3148.196656
4242.413706,1000,3152.802945
3855.794273,1000,3153.622009
4126.76064,1000,3154.439513
4153.741073,1000,3155.514572
4226.489929,1000,3156.337974
452.282886,114,3156.684016
4050.960946,1000,3157.502672
4015.329285,1000,3158.325461
1920.475877,456,3158.948346
4044.737551,1000,3159.766324
4070.244483,1000,3160.835901
3987.158864,1000,3161.656365
4084.613998,1000,3166.285638
3821.016699,1000,3167.107021
4075.11641,1000,3168.187011
3848.854707,1000,3169.006177
4269.275517,1000,3170.08204
3844.11634,1000,3170.901728
3953.715753,1000,3171.980214
3917.114568,1000,3172.798002
4113.212062,1000,3173.873501
2029.333468,509,3174.290495
3894.271091,1000,3178.659527
3816.094892,1000,3179.737914
1658.951519,1000,3180.571066
4160.108031,1000,3181.640136
4045.639312,1000,3182.463057
4004.786787,1000,3183.532401
3666.036483,934,3184.296763
4022.970206,1000,3185.363404
3973.903348,1000,3186.182628
4170.213327,1000,3187.248237
3909.164838,1000,3191.617208
4015.402057,1000,3192.683822
3965.326843,1000,3193.502754
4025.604644,1000,3194.576567
1825.086184,1000,3195.406626
4197.127843,1000,3196.473979
4171.303927,1000,3197.293139
4187.170915,1000,3198.365062
4110.154556,1000,3199.186028
4194.045938,1000,3200.253319
3973.204361,1000,3204.309826
3968.99005,1000,3205.375552
2829.653411,720,3205.96593
4036.821259,1000,3206.78357
3847.534218,1000,3207.852327
4119.346554,1000,3208.677765
4075.416951,1000,3209.754788
3730.902998,1000,3210.576515
4006.513619,1000,3211.655371
4026.548493,1000,3212.473888
4148.472253,1000,3213.54886
4134.709115,1000,3217.92659
4255.658642,1000,3219.001822
4180.468515,1000,3219.819983
1013.244125,242,3220.018553
3950.414965,1000,3221.092087
3697.251158,1000,3221.913122
3969.529973,1000,3222.993705
3857.810677,1000,3223.814382
3969.818918,1000,3224.88961
4109.539148,1000,3225.706091
3838.821009,1000,3230.346001
4156.024408,1000,3231.165914
4119.052941,1000,3232.245289
4135.746829,1000,3233.063124
803.981523,233,3233.254673
3933.567454,1000,3234.332036
3977.605715,1000,3235.151073
3890.48015,1000,3236.225812
4199.766226,1000,3237.043696
4167.001885,1000,3238.117738
3836.894765,1000,3238.937499
4148.659734,1000,3243.567421
4243.654299,1000,3244.386763
3882.477839,1000,3245.470474
4037.778735,1000,3246.288235
2488.809243,1000,3247.37337
3579.940521,1000,3248.195602
3913.50219,1000,3249.261503
3869.953009,961,3250.048885
4043.530366,1000,3251.114191
3968.04789,1000,3251.93637
3953.411095,1000,3256.554488
4162.48144,1000,3257.372149
3868.721908,1000,3258.437981
3847.786948,1000,3259.257994
4108.333395,1000,3260.332644
4078.808212,1000,3261.150992
4000.304143,1000,3262.226767
4103.333035,1000,3263.045872
4096.372676,1000,3264.127377
4171.0117,1000,3264.945335
4305.362829,1000,3269.588428
3827.817318,1000,3270.409472
4065.938543,1000,3271.486055
4188.703261,1000,3272.30783
4268.794028,1000,3273.12535
4157.547003,1000,3274.201049
4090.112709,1000,3275.020103
4094.512678,1000,3276.097325
3017.61782,738,3276.704053
4096.0108,1000,3277.783709
3851.04311,1000,3282.162915
4017.973637,1000,3283.237895
4259.697732,1000,3284.055534
4128.824326,1000,3285.130623
4253.26993,1000,3285.948009
4218.948034,1000,3287.022343
3882.929488,1000,3287.842621
4385.795659,1000,3288.919702
4449.562742,1000,3289.738899
4216.531112,1000,3290.813449
4162.501416,1000,3295.185927
4235.397441,1000,3296.26505
4264.352246,1000,3297.082269
4217.872908,1000,3298.162136
4270.034739,1000,3298.98313
4025.264779,1000,3300.060256
3295.78543,857,3300.760943
3995.609162,1000,3301.838084
4038.437343,1000,3302.661269
4127.996391,1000,3303.480771
3925.142178,1000,3307.615139
4088.833969,1000,3308.4416
4161.163344,1000,3309.513946
4213.353643,1000,3310.331293
4039.376699,1000,3311.411181
3928.222788,1000,3312.231492
4196.600535,1000,3313.304603
4095.914572,1000,3314.123483
3981.360388,1000,3315.195487
4147.738899,1000,3316.015499
3942.058302,1000,3320.633588
4021.732277,1000,3321.463834
3184.358882,1000,3322.544291
3988.362229,1000,3323.362571
4216.563376,1000,3324.427616
4183.741761,1000,3325.242703
4229.142778,1000,3326.307794
3937.250224,1000,3327.126227
4257.459669,1000,3328.193965
4179.92112,1000,3329.011467
4404.170128,1000,3333.621636
4034.096884,1000,3334.441629
4353.77105,1000,3335.504889
2345.525892,1000,3336.335526
3467.885771,1000,3337.407064
4230.745896,1000,3338.230145
4141.978941,1000,3339.301616
4099.136271,1000,3340.120254
4020.384436,1000,3341.187468
4301.692573,1000,3342.006038
4269.627624,1000,3346.615391
1474.002136,1000,3347.453383
4121.064861,1000,3348.518736
4076.834317,1000,3349.337498
3011.936804,718,3349.9253
4187.002434,1000,3350.990228
4218.39279,1000,3351.81045
4238.941472,1000,3352.87692
4250.157308,1000,3353.696396
4016.2122,1000,3354.761349
4138.768036,1000,3355.579268
4160.636922,1000,3360.186186
4072.041985,1000,3361.004126
4275.276227,1000,3362.07809
4285.339952,1000,3362.901347
4079.566016,1000,3363.979522
4263.781195,1000,3364.796564
4177.045514,1000,3365.873871
4125.588641,1000,3366.691902
4167.039999,1000,3367.772508
4213.315834,1000,3368.595069
4146.26218,1000,3373.222177
4132.243088,1000,3374.039767
4280.953987,1000,3375.112411
4252.460487,1000,3375.930766
976.679937,232,3376.12133
4346.832006,1000,3377.195498
4180.937854,1000,3378.017556
4189.41534,1000,3379.092903
4070.526211,1000,3379.911893
4194.154415,1000,3380.988649
4347.298412,1000,3381.808933
4143.290153,1000,3386.449107
1182.5817,319,3386.710924
4188.70366,1000,3387.529301
4213.909216,1000,3388.607822
384.766722,99,3388.689548
3931.775132,1000,3389.508176
4208.361493,1000,3390.583668
4200.536579,1000,3391.401844
4143.164474,1000,3392.481178
4037.873924,1000,3393.30113
4209.332849,1000,3394.376549
4273.435754,1000,3398.747032
4065.951611,1000,3399.827527
3964.800761,1000,3400.646854
4205.128048,1000,3401.727076
4064.719485,1000,3402.548675
4212.226054,1000,3403.627304
4031.823797,1000,3404.448214
4255.114989,1000,3405.526602
4363.448951,1000,3406.34563
4218.274822,1000,3407.421405
4214.274941,1000,3411.806248
1734.275473,410,3412.142497
4184.210359,1000,3413.21742
3161.359866,1000,3414.04197
4098.663702,1000,3415.108516
4006.058634,1000,3415.929422
4243.686686,1000,3416.996192
4346.808932,1000,3417.815738
4103.980355,1000,3418.88763
4102.851744,1000,3419.708791
4020.527649,1000,3420.776467
4353.350214,1000,3425.130849
4276.202116,1000,3426.179953
4033.243508,1000,3426.986039
4070.551609,1000,3428.04743
4244.698292,1000,3428.859875
4212.152979,1000,3429.920385
4370.703184,1000,3430.72464
4202.722977,1000,3431.79726
4115.742802,1000,3432.605773
4280.710534,1000,3433.664001
4197.739753,1000,3438.000325
4110.440121,1000,3439.063819
4247.0188,1000,3439.871296
4141.360172,1000,3440.929181
4208.11206,1000,3441.743124
3912.266703,1000,3442.811865
4251.228335,1000,3443.633321
4087.783882,1000,3444.702898
4310.058117,1000,3445.518127
3955.733121,1000,3446.586993
84.929324,40,3446.620136
4368.509969,1000,3451.002931
4182.343644,1000,3452.077765
4084.606019,1000,3452.894481
4348.276663,1000,3453.971479
4214.686779,1000,3454.788185
4108.940947,1000,3455.861417
4124.459462,1000,3456.679425
4363.660234,1000,3457.752408
3649.412624,882,3458.474955
3988.696126,1000,3459.294307
4225.342731,1000,3463.941323
1995.246199,1000,3464.771333
4261.539207,1000,3465.835736
4359.427106,1000,3466.652758
4231.493059,1000,3467.717368
4190.479913,1000,3468.539183
4184.413372,1000,3469.603564
4255.899533,1000,3470.422207
4316.924914,1000,3471.486678
4375.373933,1000,3472.316374
4468.644572,1000,3476.946186
4027.244329,1000,3477.766921
4137.390486,1000,3478.844625
4407.025619,1000,3479.664802
4468.465364,1000,3480.743904
4128.737139,1000,3481.568095
4299.508876,1000,3482.657184
4494.761932,1000,3483.475699
4407.604623,1000,3484.552634
4373.734685,1000,3485.373579
4139.314578,1000,3490.023076
4149.000893,1000,3490.847572
4274.836966,1000,3491.931707
4457.321622,1000,3492.752433
4220.703513,1000,3493.830194
4265.420196,1000,3494.650619
4210.061932,1000,3495.725929
4417.296818,1000,3496.54461
4490.749978,1000,3497.620368
4418.642514,1000,3498.441264
4302.929501,1000,3503.075064
4199.257635,1000,3503.897558
4347.873848,1000,3504.978824
4197.131879,1000,3505.7974
4144.229931,1000,3506.87318
4460.415667,1000,3507.694261
4388.26669,1000,3508.520618
4206.152674,1000,3509.600136
4209.112923,1000,3510.421002
4188.9289,1000,3511.49902
4377.464997,1000,3515.889581
4320.598744,1000,3516.966578
4283.532467,1000,3517.787153
4140.999685,1000,3518.865645
4035.914248,1000,3519.68627
3986.360165,1000,3520.76962
4185.43375,1000,3521.592332
4290.363561,1000,3522.667255
4116.968058,1000,3523.484551
3899.526959,1000,3524.54754
4267.721814,1000,3528.944048
4348.845181,1000,3530.008132
4329.796723,1000,3530.826777
2760.888957,635,3531.59471
4261.824486,1000,3532.417225
4268.496561,1000,3533.485112
4428.70494,1000,3534.306056
3992.239957,1000,3535.383113
4423.388448,1000,3536.202937
206.963895,64,3536.255436
4319.37408,1000,3537.335348
4449.112909,1000,3541.723327
4384.667354,1000,3542.803682
4477.214761,1000,3543.622509
3075.63736,737,3544.227032
4513.61699,1000,3545.305164
4245.648754,1000,3546.125774
4167.536682,1000,3547.204016
4587.633314,1000,3548.026783
4206.254364,1000,3549.106098
4269.896643,1000,3549.925575
4324.48413,1000,3554.603754
4394.261703,1000,3555.423512
4484.364501,1000,3556.496765
1656.042206,1000,3557.331414
3057.819702,705,3558.15965
4270.166197,1000,3558.978971
4455.069427,1000,3560.046917
4391.636768,1000,3560.86855
4327.144569,1000,3561.940914
349.579692,120,3562.040237
4472.665284,1000,3562.859758
4367.081007,1000,3563.92737
4497.177924,1000,3568.327856
4176.466804,1000,3569.394609
4562.027251,1000,3570.215263
4121.425821,1000,3571.290788
4250.70385,1000,3572.114095
4327.875494,1000,3573.194113
4250.977664,1000,3574.013949
4529.908403,1000,3575.089442
4420.347723,1000,3575.909956
4378.439912,1000,3576.98669
4321.330766,1000,3581.387466
3979.58832,1000,3582.215826
3661.049084,1000,3583.301688
4436.626724,1000,3584.123173
4557.471544,1000,3585.190383
4326.253418,1000,3586.0119
4416.365676,1000,3587.078922
4238.887692,1000,3587.901314
4335.036993,1000,3588.973681
4286.560977,1000,3589.795142
4324.750467,1000,3594.439873
4366.106851,1000,3595.259291
4497.301075,1000,3596.325925
4274.034657,1000,3597.145132
4453.662418,1000,3598.224169
1838.644545,399,3598.552464
4393.777572,1000,3599.633181
4407.888358,1000,3600.453342
2638.563542,625,3600.965268
4214.576206,1000,3602.042361
4455.033306,1000,3606.430326
2543.739387,1000,3607.520544
4264.166953,1000,3608.343992
4458.269405,1000,3609.410345
4389.678834,1000,3610.23133
4352.750734,1000,3611.301192
4387.730277,1000,3612.13781
4319.727657,1000,3613.210437
4207.125867,1000,3614.029619
4426.56133,1000,3615.093151
4262.571429,1000,3619.466767
4012.666474,1000,3620.537297
4210.322165,1000,3621.355409
4389.913208,1000,3622.430568
4559.865824,1000,3623.248042
4516.926871,1000,3624.327374
4280.486503,1000,3625.149289
4221.734588,1000,3626.240469
4221.626418,1000,3627.060129
4564.737378,1000,3628.139788
4404.026095,1000,3632.511849
4656.42889,1000,3633.587555
4416.54207,1000,3634.405417
4608.942455,1000,3635.480309
4329.898047,1000,3636.29995
4464.678056,1000,3637.118438
4248.524207,1000,3638.19877
4403.138894,1000,3639.017638
4165.464543,1000,3640.094131
4342.322294,1000,3640.91186
4421.538688,1000,3645.540103
4347.22901,1000,3646.361139
4313.639882,1000,3647.435743
1124.972382,253,3647.643386
4605.225637,1000,3648.717902
4182.383506,1000,3649.535977
2826.441433,1000,3650.360215
4602.870705,1000,3651.427965
4055.288042,1000,3652.250795
4194.95962,1000,3653.315971
4249.673575,1000,3654.134962
4166.001723,1000,3658.759544
4320.602001,1000,3659.576381
4283.055513,1000,3660.642197
4359.288469,1000,3661.459156
4359.744687,1000,3662.52999
4400.149503,1000,3663.338332
4312.418443,1000,3664.403254
4487.595627,1000,3665.215537
4468.591434,1000,3666.282398
4247.634391,1000,3667.095126
4168.04429,1000,3671.702689
4583.057926,1000,3672.514294
4166.77604,1000,3673.574925
4322.742882,1000,3674.383333
4246.444875,1000,3675.452271
4450.350669,1000,3676.258645
4244.257752,1000,3677.31881
4439.080271,1000,3678.131505
4605.481129,1000,3679.19417
4371.102806,1000,3680.004247
4093.244084,1000,3684.620187
4422.841276,1000,3685.428154
4248.905769,1000,3686.492668
4355.435915,1000,3687.305108
4454.360069,1000,3688.375053
4491.976382,1000,3689.182327
4596.479051,1000,3690.248709
1505.288811,1000,3691.072897
4388.555077,1000,3692.128381
4458.481809,1000,3692.93744
4343.36223,1000,3697.50674
4382.975831,1000,3698.318405
4600.718285,1000,3699.372211
4539.805123,1000,3700.18249
4500.583149,1000,3701.236355
4677.978854,1000,3702.046653
4536.430805,1000,3703.09919
4434.587393,1000,3703.91168
1255.77598,1000,3704.736809
4567.29499,1000,3705.791049
4398.013974,1000,3710.128819
4453.319761,1000,3711.181257
4346.678487,1000,3711.992177
68.304924,40,3712.02481
4178.333091,1000,3713.082177
4482.158271,1000,3713.889932
4641.372117,1000,3714.942146
4482.347482,1000,3715.752561
4380.358283,1000,3716.802092
4334.387785,1000,3717.610472
4257.347402,1000,3718.674917
4094.360244,1000,3723.016009
4092.872121,1000,3724.08002
4131.780312,1000,3724.888342
4066.960265,1000,3725.950692
3366.310058,802,3726.598978
4130.913136,1000,3727.660481
4312.949211,1000,3728.474865
4444.223043,1000,3729.534681
4260.250156,1000,3730.343829
4461.186896,1000,3731.409369
4516.044885,1000,3735.730512
4595.801667,1000,3736.789861
4515.171129,1000,3737.595266
4235.198716,1000,3738.653018
4111.439527,1000,3739.459993
4445.029269,1000,3740.517549
4308.267687,1000,3741.32485
4375.51394,1000,3742.38415
4423.833577,1000,3743.190138
4244.197883,1000,3744.248213
4464.912571,1000,3748.563734
4240.294471,1000,3749.617751
4186.564062,1000,3750.420924
4459.612149,1000,3751.477689
4230.182354,1000,3752.28648
4471.745311,1000,3753.092839
327.926676,88,3753.408316
4233.144552,1000,3754.213526
4505.869357,1000,3755.01712
4145.624433,1000,3756.069082
4321.524845,1000,3756.874145
4313.606765,1000,3761.425452
4408.47597,1000,3762.233418
4341.400627,1000,3763.281931
4506.336191,1000,3764.087879
1195.941747,314,3764.586514
4350.366628,1000,3765.394235
4412.264046,1000,3766.456975
698.227677,1000,3767.286917
4567.759685,1000,3768.338404
4432.023902,1000,3769.144097
4550.849243,1000,3770.191784
4304.815547,1000,3774.500425
4339.596403,1000,3775.306767
2236.985541,519,3775.96693
4506.486813,1000,3776.772556
4343.07381,1000,3777.82248
479.431902,129,3777.926853
4410.537969,1000,3778.73619
4074.853753,1000,3779.786939
4498.682541,1000,3780.592196
4390.232637,1000,3781.649291
4463.445229,1000,3782.45783
4359.608248,1000,3787.037748
4422.808918,1000,3787.845185
4294.660677,1000,3788.906548
1302.291107,1000,3789.72935
4476.242109,1000,3790.778389
4074.742223,1000,3791.590275
4130.455695,1000,3792.644835
4319.305446,1000,3793.450611
4381.242366,1000,3794.500286
4478.22574,1000,3795.305618
4417.525412,1000,3799.894828
4313.712862,1000,3800.701926
4317.444751,969,3801.725748
4438.151674,1000,3802.531483
4370.231026,1000,3803.586447
4400.393861,1000,3804.391879
4455.890239,1000,3805.451238
4199.570875,1000,3806.25702
4166.962383,1000,3807.061736
4314.551628,1000,3808.130324
4559.995271,1000,3812.461027
4441.709108,1000,3813.518508
4094.467127,1000,3814.324545
4577.232538,1000,3815.381036
2217.014119,514,3815.795606
4530.818438,1000,3816.852211
4551.608747,1000,3817.65913
2385.741566,554,3818.109681
4292.232742,1000,3819.167971
2249.359452,508,3819.577215
4265.759258,1000,3820.633769
4472.397174,1000,3821.439111
4281.377065,1000,3826.013173
4489.789878,1000,3826.820668
4399.252011,1000,3827.880672
4262.891331,1000,3828.690811
4448.924906,1000,3829.750232
4370.647143,1000,3830.556609
4463.856077,1000,3831.614619
4412.987613,1000,3832.419989
4256.1575,1000,3833.479951
4281.364747,1000,3834.284995
4139.953825,1000,3838.847028
4518.804678,1000,3839.653521
4332.790202,1000,3840.457535
4397.911764,1000,3841.518704
4427.011829,1000,3842.32572
4545.280041,1000,3843.382434
4427.227666,1000,3844.191952
4425.196298,1000,3845.251086
4429.27212,1000,3846.056736
4342.358683,1000,3847.115088
4290.9763,1000,3851.455612
4493.079552,1000,3852.515948
4363.530596,1000,3853.32174
4271.9076,1000,3854.378409
2077.284611,1000,3855.196695
4446.520134,1000,3856.247665
4537.23632,1000,3857.051675
4627.344606,1000,3858.102518
4051.410594,1000,3858.915212
277.859228,87,3858.987665
4525.64478,1000,3860.036637
4418.166646,1000,3864.34725
4600.301172,1000,3865.397238
4422.817322,1000,3866.203346
4287.056561,1000,3867.255667
4525.1848,1000,3868.064229
4250.179869,1000,3869.126891
4456.63107,1000,3869.932756
4537.325342,1000,3870.999883
4205.154952,1000,3871.806178
13.435752,19,3871.821914
4653.338761,1000,3872.880476
4554.577011,1000,3877.197289
4407.430565,1000,3878.256981
4320.101663,1000,3879.06521
4445.177575,1000,3880.12443
4428.43911,1000,3880.930422
4293.862439,1000,3881.991455
4337.836201,1000,3882.796824
4403.982751,1000,3883.857367
4271.448572,1000,3884.663916
4238.79556,1000,3885.721243
4012.875078,1000,3890.0295
4503.727941,1000,3891.085172
4412.035051,1000,3891.892918
4336.836535,1000,3892.951709
1769.539311,1000,3893.774526
4278.225341,1000,3894.825054
4058.741471,1000,3895.633096
4467.134052,1000,3896.68129
4380.979617,1000,3897.487599
4428.413448,1000,3898.296263
1959.938881,1000,3902.743149
4348.154875,1000,3903.547525
4348.767391,1000,3904.595489
4327.146227,1000,3905.40088
4259.382952,1000,3906.449872
4521.607774,1000,3907.255146
4591.821486,1000,3908.309077
4571.285511,1000,3909.114189
4584.208534,1000,3910.164236
4573.435602,1000,3910.969067
4315.535051,1000,3915.517545
4395.081396,1000,3916.32297
4189.989722,1000,3917.381063
4393.723074,1000,3918.190578
4452.169829,1000,3919.252494
1235.212748,314,3919.507059
4641.151947,1000,3920.316353
4626.54565,1000,3921.376167
4246.7889,1000,3922.181498
4533.477095,1000,3923.239914
4083.254479,1000,3927.554191
1458.459144,1000,3928.631948
4525.52473,1000,3929.436667
4499.469064,1000,3930.488638
4284.858539,1000,3931.302215
4494.472591,1000,3932.352427
4471.577889,1000,3933.160049
4500.570017,1000,3934.210778
4369.397857,1000,3935.017731
4299.127625,1000,3936.069844
4236.665437,1000,3940.11832
4492.814868,1000,3941.167469
4232.147239,1000,3941.978161
4093.815487,1000,3943.036984
3119.607733,705,3943.605667
4381.150824,1000,3944.666576
4499.402071,1000,3945.474653
4571.703485,1000,3946.535639
4258.899425,1000,3947.344065
4216.806478,1000,3948.407429
4464.124164,1000,3949.217165
4347.379251,1000,3953.197772
4535.894088,1000,3954.006992
4462.873122,1000,3954.813935
4562.966541,1000,3955.87277
1791.685432,1000,3956.691986
4565.048015,1000,3957.742847
1219.224475,297,3957.98346
4558.038975,1000,3959.036117
4595.414159,1000,3959.842276
4097.581833,1000,3960.894371
4668.789577,1000,3965.205733
4328.615882,1000,3966.256163
4477.855161,1000,3967.064361
4235.237066,1000,3968.122178
4209.628817,1000,3968.932167
4466.260875,1000,3969.738993
4216.618232,1000,3970.796464
4407.239841,1000,3971.608344
4588.93437,1000,3972.669533
4525.137423,1000,3973.475377
4547.516068,1000,3978.035959
4613.846172,1000,3978.842797
4448.803536,1000,3979.902153
4291.9955,1000,3980.708752
4295.080673,1000,3981.772647
3713.566471,837,3982.451173
4500.840124,1000,3983.511488
4390.180588,1000,3984.316818
4552.449246,1000,3985.374485
4606.246207,1000,3986.180824
4442.801279,1000,3987.237386
4553.630008,1000,3991.550912
4309.963573,1000,3992.636276
4498.152389,1000,3993.443076
4457.313024,1000,3994.501635
4186.316821,1000,3995.308257
4314.336052,1000,3996.359225
4468.924407,1000,3997.166514
4615.380954,1000,3998.215179
4417.195163,1000,3999.024126
4373.660149,1000,4000.074439
4436.080896,1000,4004.392898
4606.495588,1000,4005.441908
4660.994639,1000,4006.248011
4454.802131,1000,4007.299864
4502.09803,1000,4008.110201
4538.40315,1000,4009.169567
4392.981506,1000,4009.980432
4506.590609,1000,4011.040394
4355.524404,1000,4011.848296
4463.597616,1000,4012.909449
1037.779151,240,4016.608274
4446.624085,1000,4017.414667
4591.914063,1000,4018.470935
4586.058506,1000,4019.276358
4597.722923,1000,4020.334175
4445.587147,1000,4021.139483
4301.322987,1000,4022.200169
4268.411725,1000,4023.011962
4408.365527,1000,4024.072971
4586.443735,1000,4024.878965
1794.623646,1000,4029.448447
4440.184214,1000,4030.255354
4567.276665,1000,4031.061354
4279.208868,1000,4032.114884
4478.580593,1000,4032.920964
4486.997797,1000,4033.970412
4019.461861,1000,4034.777467
4377.454272,1000,4035.829039
4381.513047,1000,4036.634731
4263.304948,1000,4037.687705
4107.195519,1000,4042.000919
4303.546644,1000,4043.054593
4530.848181,1000,4043.869651
4543.652209,1000,4044.92437
4300.43376,1000,4045.731565
4472.082799,1000,4046.783571
4464.902676,1000,4047.5897
4404.701716,1000,4048.650529
4531.620959,1000,4049.457478
4503.538789,1000,4050.510279
4049.085228,1000,4054.828999
4653.832726,1000,4055.887173
4383.111746,1000,4056.693444
4511.584851,1000,4057.753426
4454.032863,1000,4058.55989
4516.061255,1000,4059.617617
4281.436888,1000,4060.423134
4580.968793,1000,4061.480855
4241.039845,1000,4062.286455
4253.885316,1000,4063.344827
4374.195097,1000,4067.653423
4314.150521,1000,4068.715484
4165.950456,1000,4069.522731
4604.720682,1000,4070.583085
4564.707701,1000,4071.392314
4626.454141,1000,4072.453198
4268.38903,1000,4073.262192
4426.236562,1000,4074.324173
4349.155701,1000,4075.131409
4561.869608,1000,4076.190367
4521.154099,1000,4080.51089
4230.042511,1000,4081.570333
4554.327017,1000,4082.38074
4385.845052,1000,4083.439155
4463.532625,1000,4084.248237
4456.778119,1000,4085.053846
4477.530478,1000,4086.112401
4511.656677,1000,4086.918303
4584.015092,1000,4087.977491
4698.039615,1000,4088.786993
4394.446898,1000,4093.352516
4243.227441,1000,4094.160471
4456.961196,1000,4095.217654
4572.633009,1000,4096.025171
4388.137527,1000,4097.084205
4622.034562,1000,4097.890731
4585.758482,1000,4098.951302
4481.445975,1000,4099.760856
4534.392601,1000,4100.821089
4348.270539,1000,4101.627742
3205.598196,1000,4106.198504
4470.577661,1000,4107.005436
4648.847644,1000,4108.056302
4563.144106,1000,4108.870493
4417.050805,1000,4109.920552
4601.229358,1000,4110.725343
4533.953317,1000,4111.776307
4443.038253,1000,4112.581756
4291.357637,1000,4113.639491
4496.890158,1000,4114.450853
4497.923961,1000,4119.011578
4621.030467,1000,4119.819606
4340.309323,1000,4120.874504
1071.179058,1000,4121.702051
4309.129372,1000,4122.750845
4330.557685,1000,4123.557467
4395.674598,1000,4124.60919
4421.478049,1000,4125.417351
4413.25943,1000,4126.467333
4206.624378,1000,4127.274178
4361.845241,1000,4131.826608
885.316209,1000,4132.656766
3747.374124,1000,4133.71221
4379.037262,1000,4134.51786
4411.39432,1000,4135.568614
4354.794066,1000,4136.375036
4586.614512,1000,4137.180799
4577.739524,1000,4138.233196
4504.379001,1000,4139.041584
4547.648199,1000,4140.0901
4413.540013,1000,4144.401791
4245.339579,1000,4145.451589
4343.272266,1000,4146.256166
4415.682066,1000,4147.308355
4307.588451,1000,4148.120032
4577.663363,1000,4149.179286
4387.041126,1000,4149.98594
4679.118472,1000,4151.048705
4397.848555,1000,4151.858568
4366.104456,1000,4152.9176
4503.639767,1000,4157.222464
4363.059481,1000,4158.281523
4477.951148,1000,4159.087048
4472.410871,1000,4160.14465
4683.675831,1000,4160.950349
4328.526517,1000,4162.009735
4426.851605,1000,4162.814521
4431.855053,1000,4163.871228
4418.124167,1000,4164.675944
4289.418372,1000,4165.73268
4514.189144,1000,4170.054688
4534.801368,1000,4171.112915
4470.459638,1000,4171.919182
4545.180224,1000,4172.975689
4710.775612,1000,4173.780217
4696.081959,1000,4174.83679
4215.141442,1000,4175.651998
4290.333968,1000,4176.709089
4486.936169,1000,4177.513959
4438.458997,1000,4178.571841
4465.28673,1000,4182.88709
4183.097808,1000,4183.946731
4398.986167,1000,4184.752863
4619.736236,1000,4185.809853
4213.545339,1000,4186.616773
4177.163142,1000,4187.675895
4498.12228,1000,4188.484189
4539.389491,1000,4189.541542
4404.180752,1000,4190.348404
4413.010259,1000,4191.154849
4500.89745,1000,4195.140114
4333.734093,1000,4195.947376
4468.393798,1000,4197.00514
4301.412979,1000,4197.812345
4467.326157,1000,4198.876283
4245.499323,1000,4199.68599
4717.130469,1000,4200.743438
4586.627468,1000,4201.553056
4392.603519,1000,4202.615849
4373.661237,1000,4203.423
4370.98431,1000,4207.996003
4392.961042,1000,4208.808727
4683.457588,1000,4209.865289
4557.847685,1000,4210.670858
4396.303287,1000,4211.734531
4607.127815,1000,4212.53982
4273.441642,1000,4213.597859
3829.398443,840,4214.274778
4579.261679,1000,4215.334013
4330.443353,1000,4216.143212
4418.462745,1000,4220.718148
4423.229807,1000,4221.52671
4321.392029,1000,4222.585161
4362.58403,1000,4223.391841
4286.297502,1000,4224.449186
3821.241838,1000,4225.258365
4281.463706,1000,4226.31027
4478.081933,1000,4227.115646
4368.230276,1000,4228.178226
1219.33423,301,4228.421486
4681.666726,1000,4229.226251
4186.27201,1000,4233.782547
4501.029145,1000,4234.588456
4276.763133,966,4235.616285
4578.241354,1000,4236.426873
4341.548861,1000,4237.477821
4511.792934,1000,4238.291772
4255.118371,1000,4239.355086
4492.307906,1000,4240.162325
4592.380782,1000,4241.222599
4568.493031,1000,4242.031147
4526.612035,1000,4246.581157
4584.636966,1000,4247.387724
4447.801923,1000,4248.447312
4758.394636,1000,4249.252971
4567.861626,1000,4250.309587
4775.039045,1000,4251.115524
4559.342875,1000,4251.924882
4215.142006,1000,4252.988307
4305.245007,1000,4253.795391
2797.552239,1000,4254.874858
4492.820519,1000,4259.189279
4725.796261,1000,4260.238092
3295.057026,1000,4261.050032
3826.468032,1000,4262.10605
4454.809938,1000,4262.916543
4355.279649,1000,4263.967386
4054.170643,1000,4264.774588
4475.05926,1000,4265.824979
4576.454597,1000,4266.6319
4698.685047,1000,4267.681239
4572.615991,1000,4271.994292
4602.838176,1000,4273.042732
4729.280394,1000,4273.848226
4541.601931,1000,4274.89974
4362.026938,1000,4275.705966
4328.868967,1000,4276.765842
304.094878,120,4276.863255
4545.867448,1000,4277.668511
4662.206063,1000,4278.73356
4280.1533,1000,4279.541061
4276.642125,1000,4280.600261
4444.852929,1000,4284.90836
4142.823106,1000,4285.966943
4458.988664,1000,4286.771936
4686.338726,1000,4287.832373
4382.790505,1000,4288.646439
4458.093454,1000,4289.710935
4794.506474,1000,4290.515517
3027.891006,1000,4291.581521
2078.325098,1000,4292.397956
4395.519395,1000,4293.450309
4564.963328,1000,4297.764515
4520.655188,1000,4298.817017
4420.656107,1000,4299.624676
4504.857239,1000,4300.673854
4526.726193,1000,4301.479877
2427.227287,1000,4302.539151
2810.202225,1000,4303.348034
4236.069974,1000,4304.403869
4412.140136,1000,4305.218982
4642.794341,1000,4306.279949
4447.681213,1000,4311.435694
4319.798609,1000,4312.495811
4427.853978,1000,4314.087527
4770.18914,1000,4315.149298
4322.863782,1000,4315.966734
4456.702169,1000,4316.780118
4576.663796,1000,4318.457673
4791.890499,1000,4319.431376
4477.538591,1000,4320.500252
4367.964718,1000,4321.314223
4265.91658,1000,4326.710251
2496.490508,1000,4327.534068
4464.855256,1000,4329.322354
4428.969666,1000,4330.139095
4466.676215,1000,4331.199406
4482.765543,1000,4332.01752
4360.765876,1000,4333.853127
4399.798364,1000,4334.668652
626.623483,169,4334.807102
4521.288474,1000,4335.869565
4149.953549,1000,4336.684009
4470.108971,1000,4341.659969
4454.927002,1000,4342.475203
4616.010538,1000,4343.542926
4656.932514,1000,4345.130853
4493.123162,1000,4346.202951
4380.65374,1000,4347.016667
4697.814128,1000,4348.091178
1245.728584,276,4348.318105
4130.366189,1000,4349.133477
4731.015615,1000,4350.978133
4670.340202,1000,4351.793812
4630.555106,1000,4357.180162
1840.667006,1000,4358.011408
4365.96983,1000,4359.082865
4553.289367,1000,4360.669961
4581.658024,1000,4361.733241
4557.760994,1000,4362.546977
2561.521042,607,4363.288598
4666.097212,1000,4364.102391
4514.2729,1000,4365.163041
4553.305353,1000,4366.753713
4287.439665,1000,4372.12737
4075.508669,1000,4372.944295
4449.667499,1000,4374.011965
4276.332701,1000,4374.825207
4506.957115,1000,4375.898052
4825.91754,1000,4377.301135
4296.324008,1000,4378.569158
4332.227629,1000,4379.38362
4333.078339,1000,4380.198075
4494.060306,1000,4381.267977
4644.040169,1000,4386.389339
4479.872921,1000,4388.212007
4724.029105,1000,4389.026317
4314.345698,1000,4390.095422
4664.482849,1000,4390.909141
3504.688511,755,4391.784453
1125.025171,271,4392.004858
4404.998473,1000,4392.818214
1173.203455,273,4393.297187
4457.70476,1000,4394.109657
4570.844917,1000,4395.177861
4537.180216,1000,4395.990976
4463.951857,1000,4401.370266
4510.238286,1000,4402.963325
4569.442022,1000,4403.778523
4221.234356,1000,4404.846901
4561.544755,1000,4405.660107
4560.572722,1000,4406.727764
4714.45436,1000,4407.541263
4468.994966,1000,4408.61826
4497.801224,1000,4409.430862
4431.019144,1000,4411.23198
4346.155966,1000,4415.998045
4344.091764,1000,4417.064215
4600.563634,1000,4417.87748
3552.374061,1000,4418.959503
3294.758554,764,4419.583863
4580.022955,1000,4420.64218
4430.783365,1000,4421.454402
4610.064731,1000,4423.28989
4570.118479,1000,4424.103539
4393.662038,1000,4425.163346
4450.454893,1000,4429.645427
4539.191291,1000,4430.701673
4627.928444,1000,4431.770463
4509.405961,1000,4433.346164
4477.802896,1000,4434.15825
4338.496969,1000,4435.224338
1846.231134,453,4435.59296
2603.593718,572,4436.060534
4410.551805,1000,4437.143915
4299.247938,1000,4437.957321
4343.326277,1000,4439.024953
4569.557646,1000,4444.160695
4550.571632,1000,4445.228591
4222.84457,1000,4446.817756
4762.91295,1000,4447.885207
4384.055285,1000,4448.703681
4467.652323,1000,4449.519034
1740.049396,1000,4450.600259
4156.244433,1000,4451.484102
4483.113034,1000,4453.208265
4645.656761,1000,4454.021602
4475.06358,1000,4459.396614
2829.090112,1000,4460.220086
4774.217658,1000,4461.276401
4619.255295,1000,4462.861905
4508.590016,1000,4463.923292
4386.913209,1000,4464.736396
280.924563,97,4464.815585
4591.533672,1000,4465.872893
3300.798602,1000,4466.688956
4405.846624,1000,4467.747255
3028.000468,695,4468.318277
4641.185528,1000,4473.696819
4565.061572,1000,4474.509129
4241.049747,1000,4476.313764
4627.619021,1000,4477.162063
4390.356147,1000,4478.237568
4468.595017,1000,4479.052182
4543.309011,1000,4480.124099
2915.960721,1000,4480.952309
4451.659391,1000,4482.01269
4545.176272,1000,4482.824369
3869.587631,1000,4487.824014
4502.628522,1000,4489.413956
4451.803412,1000,4490.473491
4371.433939,1000,4491.284719
4371.834162,1000,4492.343359
4135.135699,1000,4493.156614
4473.793547,1000,4494.217313
4416.375322,1000,4495.027758
4500.95882,1000,4496.092813
4592.73603,1000,4496.905464
4359.688868,1000,4502.020357
4467.492347,1000,4503.094248
4432.020019,1000,4504.683825
4571.343379,1000,4505.74901
4498.095524,1000,4506.56283
4513.290402,1000,4507.63018
4558.478993,1000,4508.4474
4560.58091,1000,4509.515287
4403.871694,1000,4510.328427
4384.344014,1000,4511.400955
4277.455001,1000,4516.515895
4198.254128,1000,4518.358186
4176.182192,1000,4519.17229
4525.942938,1000,4520.240043
4516.644808,1000,4521.05376
4013.60837,877,4522.025132
4403.912703,1000,4522.837352
4425.228249,1000,4524.626242
4667.553156,1000,4525.438646
4679.689264,1000,4526.50424
4400.377704,1000,4531.615397
4429.402763,1000,4532.68293
4591.321456,1000,4534.270614
4509.730548,1000,4535.344975
4466.001263,1000,4536.157941
4581.563239,1000,4537.22554
4507.342171,1000,4538.038157
4153.286674,1000,4539.107286
4504.381989,1000,4539.920089
4592.319971,1000,4540.988534
4070.6894,1000,4546.099755
352.644159,240,4546.296797
4642.727959,1000,4547.361639
4276.078081,1000,4548.175562
4335.260647,1000,4550.019521
4754.37744,1000,4550.831115
4438.46168,1000,4551.899738
4601.384373,1000,4552.711534
956.767992,226,4552.896636
601.875545,136,4553.007281
4399.140835,1000,4554.073693
4751.465665,1000,4554.885254
3727.967992,1000,4556.685204
4302.155094,1000,4561.80963
4299.601476,1000,4562.878372
4645.74326,1000,4563.692797
4215.91678,1000,4564.763035
4543.142836,1000,4565.576022
4725.652904,1000,4566.634859
4688.710215,1000,4568.226264
4382.111155,1000,4569.287444
3868.331127,1000,4570.102039
1792.282517,404,4570.431804
4672.591688,1000,4575.798382
4511.59927,1000,4576.612425
4498.622446,1000,4577.673757
4493.289525,1000,4578.489549
4389.575138,1000,4580.324552
4373.897534,1000,4581.141108
4501.858178,1000,4582.213562
2593.912119,582,4582.68636
4421.116327,1000,4583.756742
4539.463043,1000,4584.568982
4348.695798,1000,4585.637093
4570.59766,1000,4590.780981
4484.401891,1000,4591.595766
4723.561051,1000,4592.663022
4410.980765,1000,4593.476282
2519.168804,1000,4594.555742
4368.069665,1000,4595.369335
3638.016863,877,4596.33754
2014.917216,444,4596.69833
4431.614559,1000,4597.756094
4526.829228,1000,4598.570177
4531.629318,955,4603.920782
4738.676554,1000,4604.733578
2422.199728,526,4605.346382
4554.220486,1000,4606.996089
4336.981899,1000,4607.809146
4574.133821,1000,4608.872794
4551.212098,1000,4609.686879
4606.534667,1000,4610.753512
4396.693858,1000,4612.34413
4713.949075,1000,4613.413913
4744.034959,1000,4614.226203
4683.101323,1000,4619.614859
1460.913919,1000,4620.448746
4295.998943,1000,4622.260481
2345.862276,493,4622.661824
4221.781612,1000,4623.477493
4449.371438,1000,4624.538208
4656.149929,1000,4625.352916
4658.598039,1000,4626.409173
4064.142859,1000,4627.218029
4299.760254,1000,4628.27149
4484.309887,1000,4632.593671
4532.889908,1000,4633.642786
4549.799631,1000,4634.451089
4751.576087,1000,4635.509266
4385.302359,1000,4636.317852
4587.18596,1000,4637.381175
4523.254493,1000,4638.188468
4592.69646,1000,4639.248545
4289.176321,1000,4640.056564
4422.933898,1000,4641.115559
4485.981286,1000,4645.424392
4533.523904,1000,4646.484253
4384.030051,1000,4647.292586
4366.454011,1000,4648.358731
4543.526241,1000,4649.167988
4539.838385,1000,4650.228553
4496.538701,1000,4651.036308
4312.994176,1000,4652.098578
4349.928095,1000,4652.905565
4572.763602,1000,4653.96588
4475.188212,1000,4658.278677
1652.531147,1000,4659.34518
4594.337877,1000,4660.155083
4518.583358,1000,4661.206749
4281.257902,1000,4662.017215
4221.00688,1000,4663.071442
4589.389277,1000,4663.882695
3638.401677,772,4664.505095
4664.327841,1000,4665.555367
4651.119322,1000,4666.361657
4602.571645,1000,4667.414277
4449.29146,1000,4671.737005
4660.263692,1000,4672.786175
4441.482421,1000,4673.594336
4499.531012,1000,4674.656153
4491.090522,1000,4675.464341
4613.212278,1000,4676.522985
4511.539951,1000,4677.331636
4411.585092,1000,4678.392201
4505.65024,1000,4679.202227
4387.95837,1000,4680.263681
4443.138789,1000,4684.59178
4522.336794,1000,4685.64998
4295.594394,1000,4686.458348
3439.992259,786,4687.344857
4434.710212,1000,4688.156695
4539.664821,1000,4689.219226
91.907971,42,4689.253551
4650.137537,1000,4690.06046
4542.135359,1000,4691.118871
4303.111533,1000,4691.932567
4461.649761,1000,4692.991213
4529.83013,1000,4697.299493
4408.666443,1000,4698.35636
4446.900112,1000,4699.164976
4125.766686,1000,4699.973464
4262.2765,1000,4701.034278
4470.634085,1000,4701.843186
4418.254969,1000,4702.902253
2696.756849,1000,4703.719388
4326.05522,1000,4704.770336
4549.330993,1000,4705.578074
4293.530661,1000,4710.146375
4478.667064,1000,4710.954876
4604.70481,1000,4712.003489
4512.069334,1000,4712.810771
4250.03234,1000,4713.861077
4491.581809,1000,4714.667394
988.416181,256,4714.875466
4410.165527,1000,4715.930072
4427.099701,1000,4716.737012
4449.078532,1000,4717.797194
4532.893958,1000,4718.605605
4639.391089,1000,4723.200795
14.570114,22,4723.218924
4509.34195,1000,4724.029258
4354.579137,1000,4725.101799
4485.142058,1000,4725.908334
4559.205488,1000,4726.967042
4339.149566,1000,4727.777267
4033.792155,1000,4728.83717
4490.964994,1000,4729.642851
4257.600484,1000,4730.700306
4641.646591,1000,4731.506917
4529.955094,1000,4736.078308
4501.963916,1000,4736.884524
4448.244008,1000,4737.942638
4573.739052,1000,4738.75398
4542.030442,1000,4739.813855
4352.574032,1000,4740.620774
4579.11899,1000,4741.679633
4299.648678,1000,4742.493317
4520.371608,1000,4743.552329
4435.801852,1000,4744.359212
4298.636115,1000,4748.931843
4479.617605,1000,4749.739169
4617.156704,1000,4750.796371
4620.910637,1000,4751.607934
4310.347401,1000,4752.664636
550.894032,1000,4753.488609
4624.098405,1000,4754.537837
3882.557769,1000,4755.346159
4289.30462,1000,4756.397003
4437.825597,1000,4757.204345
4501.857682,1000,4761.757222
4342.035646,1000,4762.563163
4244.16396,1000,4763.614189
4478.536791,1000,4764.423028
4429.297507,1000,4765.475847
4511.127152,1000,4766.28299
4265.636169,1000,4767.08936
4422.886915,1000,4768.149053
4440.413989,1000,4768.955127
4247.494191,1000,4770.013611
4175.409751,1000,4774.320217
4375.263315,1000,4775.376663
4527.481331,1000,4776.182245
4673.388242,1000,4777.233928
4368.580392,1000,4778.039582
4914.042321,1000,4779.094336
4662.897089,1000,4779.900369
4387.416008,1000,4780.958456
2034.76666,452,4781.321604
4650.966653,1000,4782.373849
4595.888879,1000,4786.67549
4395.785365,1000,4787.723364
4380.583883,973,4788.509815
4447.377592,1000,4789.55639
4577.728764,1000,4790.359748
4430.07467,1000,4791.164226
4217.21112,1000,4792.208628
4592.603254,1000,4793.011793
4411.062958,1000,4794.05792
4658.47896,1000,4794.860382
1868.45527,457,4795.46966
4567.585941,1000,4799.302162
4559.959293,1000,4800.346423
4538.333506,1000,4801.151146
4607.198979,1000,4802.212478
4723.262566,1000,4803.017336
4619.863769,1000,4804.074324
425.934442,116,4804.168497
987.968897,1000,4804.988707
2626.142783,561,4805.439902
4399.123765,1000,4806.48486
4311.124343,1000,4807.290098
3565.478197,869,4811.736018
4585.247153,1000,4812.541639
4591.635129,1000,4813.583919
4392.447166,1000,4814.389034
4217.064456,1000,4815.435545
4479.421176,1000,4816.239208
4447.573465,1000,4817.284512
4371.834835,1000,4818.093992
4471.942681,1000,4819.147825
4339.529637,1000,4819.954127
4656.954092,1000,4824.499062
4276.009201,1000,4825.302759
4598.28972,1000,4826.356852
4453.981279,1000,4827.161359
4284.210667,1000,4828.219099
4260.315784,1000,4829.023681
4464.45124,1000,4830.077946
4666.442634,1000,4830.880995
4491.414001,1000,4831.934845
4384.189645,1000,4832.739436
-247.283065,1000,4837.009279
4672.703057,1000,4837.814993
4730.009468,1000,4838.87283
4497.074633,1000,4839.680624
3653.556354,830,4840.349265
3830.958685,1000,4841.402319
4009.931491,838,4842.081653
4440.812578,1000,4843.131983
4646.370816,1000,4843.936383
4239.809414,1000,4844.989528
4058.000557,1000,4849.297012
4192.775696,1000,4850.347214
4086.564852,1000,4851.151121
4519.16537,1000,4852.206687
4317.699933,1000,4853.011559
4606.284898,1000,4854.063029
4427.587085,1000,4854.867586
4259.558438,1000,4855.920038
4539.253215,1000,4856.723238
4572.926347,1000,4857.774504
4552.570051,1000,4862.076605
1503.276657,355,4862.366488
4319.680428,1000,4863.423109
4474.457227,1000,4864.230167
4582.129047,1000,4865.282108
3709.872538,1000,4866.086319
4496.33585,1000,4867.138862
4342.980015,1000,4867.944623
4254.097062,1000,4869.004622
4472.800405,1000,4869.808329
4478.61583,1000,4870.861941
1500.940034,1000,4875.180381
4360.385487,1000,4876.227182
4409.411407,1000,4877.032072
3309.456137,779,4877.904204
4304.064388,1000,4878.720245
4465.329829,1000,4879.774616
4713.465784,1000,4880.585986
4094.689198,1000,4881.642236
4539.384515,1000,4882.456315
4508.813759,1000,4883.511979
4376.771955,1000,4887.846312
4416.887969,1000,4888.916009
3566.610842,776,4889.547008
4608.121897,1000,4890.358769
4437.848338,1000,4891.424609
4471.967242,1000,4892.236852
4334.813398,1000,4893.300378
4266.185468,1000,4894.113363
4332.727721,1000,4895.177926
4667.556477,1000,4895.990244
4312.713047,1000,4900.572972
627.851149,172,4900.719738
4642.233253,1000,4901.53229
4299.618643,1000,4902.595812
4476.027966,1000,4903.412389
4309.349573,1000,4904.47697
4371.394112,1000,4905.288238
678.606918,218,4905.466537
4571.429492,1000,4906.530297
4342.208594,1000,4907.34244
4624.835069,1000,4908.412036
4461.743818,1000,4909.224279
4646.903608,1000,4913.717784
4387.526274,1000,4914.530121
4669.270206,1000,4915.59146
4572.81329,1000,4916.405597
4545.555058,1000,4917.46967
4595.36899,1000,4918.286908
4440.338431,1000,4919.357414
4656.782911,1000,4920.167195
1426.052891,1000,4921.236398
4433.520237,1000,4922.048184
4322.268838,1000,4926.198889
4415.092669,1000,4927.012716
4542.481858,1000,4928.069145
4472.414917,1000,4928.882936
4199.924279,1000,4929.940577
4198.498696,1000,4930.753656
4420.905617,1000,4931.813954
4823.075793,1000,4932.623321
4349.424716,1000,4933.678021
4420.393916,1000,4934.491191
4482.110155,1000,4939.869169
4314.502488,1000,4941.391636
4200.895499,1000,4942.523722
4186.695524,913,4943.263042
4365.207448,1000,4944.328767
4378.833211,1000,4945.142283
4122.298867,1000,4946.979969
4411.704533,1000,4947.792479
4540.586507,1000,4948.609179
4442.448136,1000,4949.673971
4332.983155,1000,4954.787862
81.175822,48,4954.826985
4426.758312,1000,4955.893068
4535.007488,1000,4956.703812
4753.494976,1000,4957.767878
4621.786286,1000,4958.582127
4215.901929,1000,4959.644681
4424.188779,1000,4960.550966
3905.792766,1000,4962.264131
4456.709581,1000,4963.075406
4788.421268,1000,4964.138511
2614.42832,621,4964.6437
4255.029788,1000,4970.021464
4556.779097,1000,4971.61251
4557.904362,1000,4972.674951
4476.973437,1000,4973.485053
4731.79754,1000,4974.547949
4619.922814,1000,4975.360702
4501.675934,1000,4976.426767
4414.50008,1000,4977.239378
4292.355936,1000,4979.076604
4502.324676,1000,4979.888754
4535.814744,1000,4985.258513
4777.386163,1000,4986.072245
4547.122346,1000,4987.137429
4551.159371,1000,4987.950295
4124.257711,1000,4989.014928
4759.147782,1000,4989.824947
4375.424458,1000,4990.636546
4237.26634,1000,4991.70289
4422.13646,1000,4993.004829
4321.214433,1000,4994.334418
1252.383643,1000,4999.469605
4405.248824,1000,5000.519726
4583.19293,1000,5001.330755
4564.20716,1000,5002.386985
4566.02728,1000,5003.197168
4542.454025,1000,5004.976815
4611.527688,1000,5005.787568
4087.922031,1000,5006.844267
4277.27718,1000,5007.657325
4440.689344,1000,5008.718364
4486.645151,1000,5013.831406
4582.472513,1000,5015.657549
4366.901064,1000,5016.468393
4514.471625,1000,5017.534233
4096.079511,1000,5018.35141
4293.603279,1000,5019.415254
4432.784974,1000,5020.226118
4703.1918,1000,5021.289327
4431.398624,1000,5022.104584
1156.201504,288,5022.339583
4541.465767,1000,5027.705076
372.087014,1000,5028.536201
4590.299226,1000,5029.592224
4588.337983,1000,5030.403489
4406.143378,1000,5031.45939
4407.472781,1000,5032.272933
4447.860208,1000,5033.326834
4527.697373,1000,5034.137482
4355.039042,1000,5035.955252
3900.988633,1000,5036.767784
1254.159388,1000,5041.570463
4626.621065,1000,5042.385906
3383.875056,738,5043.226491
4530.848648,1000,5044.036473
4271.676831,1000,5045.090098
4529.886514,1000,5045.900852
4429.685923,1000,5046.955339
4384.480717,1000,5047.770872
4123.197896,1000,5048.830229
4335.109728,1000,5049.642367
4626.452184,1000,5054.601021
4345.449804,1000,5055.959043
4623.287244,1000,5056.998832
4356.333701,1000,5058.059531
4142.620753,1000,5058.870227
4555.426794,1000,5059.93651
4235.945368,1000,5061.525316
4310.527911,1000,5062.588887
4613.031493,1000,5063.398471
4451.747725,1000,5064.461454
4429.206815,1000,5069.558851
908.202408,221,5069.74613
4466.598188,1000,5070.801765
4546.307869,1000,5072.388847
4468.19082,1000,5073.453717
4494.741554,1000,5074.264834
4378.200436,1000,5075.327098
4321.12845,1000,5076.139289
4320.44954,1000,5077.201479
4620.393074,1000,5078.0104
4182.31739,1000,5079.816419
4023.618537,1000,5084.925389
666.851459,177,5085.070031
4276.129882,1000,5086.13045
4132.767974,1000,5086.940819
1224.121921,321,5087.453253
4440.058225,1000,5088.270286
4367.90316,1000,5089.805474
2635.182989,1000,5090.929876
4569.227722,1000,5091.985878
4425.219555,1000,5092.797314
4522.701412,1000,5093.852279
4324.524788,1000,5094.665188
4575.186232,1000,5100.01754
4222.890812,1000,5100.83166
4495.737091,1000,5102.424901
4623.376194,1000,5103.482022
4439.917267,1000,5104.293731
4374.221555,1000,5105.348142
4517.904043,1000,5106.158961
4588.942234,1000,5107.225904
4582.136086,1000,5108.038186
536.234906,138,5108.178702
4432.825959,1000,5109.950201
174.808242,55,5109.995157
6.74586,11,5110.004175
4562.421742,1000,5115.126739
4596.732968,1000,5116.191583
4539.307968,1000,5117.004838
4330.685358,1000,5118.069504
4212.810878,1000,5118.882836
4627.979685,1000,5120.703934
4431.771687,1000,5121.518975
4572.173216,1000,5122.582707
4553.87417,1000,5123.393966
4406.107525,1000,5124.458062
4387.13191,1000,5129.574253
4740.894904,1000,5130.635292
4336.162127,1000,5132.222767
4506.244813,1000,5133.285132
4437.492717,1000,5134.097846
4520.351222,1000,5135.162565
4538.654782,1000,5135.974234
4546.678573,1000,5137.037024
4261.612989,1000,5137.847185
4635.191189,1000,5139.649355
4641.608966,1000,5144.75622
4604.674921,1000,5145.816022
4923.215431,1000,5146.62523
4561.96043,1000,5147.688367
4416.561042,1000,5148.501376
4392.048689,1000,5149.566578
4443.337738,1000,5151.157209
4543.694318,1000,5152.225268
4405.39575,1000,5153.036173
4630.893797,1000,5154.097644
4640.801037,1000,5159.219458
4390.054217,1000,5160.281131
4481.208803,1000,5161.093218
4737.466656,1000,5162.1555
4630.345943,1000,5162.968595
4522.369599,1000,5164.805246
4509.103127,1000,5165.6147
4685.875678,1000,5166.676741
4628.528569,1000,5167.486995
4318.056791,1000,5168.558418
606.01443,193,5173.027977
4706.538089,1000,5173.838922
4562.159719,1000,5174.900387
4508.928737,1000,5175.710663
4736.433891,1000,5176.772271
4614.996088,1000,5177.582636
4709.796322,1000,5178.647814
4529.505947,1000,5179.459917
4368.541823,1000,5181.286018
4682.9683,1000,5182.095757
4582.6156,1000,5187.452141
4109.019255,1000,5188.270758
4562.65018,1000,5189.081029
4678.525857,1000,5190.14308
4621.658817,1000,5190.952698
4700.740613,1000,5192.741021
4445.579584,1000,5193.55224
3673.144551,1000,5194.617929
4613.340383,1000,5195.428655
511.962976,133,5195.536489
4627.454267,1000,5196.599859
4655.794055,1000,5201.72649
4476.16824,1000,5202.786767
4716.313382,1000,5204.375507
4385.104366,1000,5205.436807
3723.960155,894,5206.164957
4486.499499,1000,5207.22502
4568.44976,1000,5208.039198
4697.743069,1000,5209.099989
4672.717118,1000,5209.913616
4636.353748,1000,5210.989454
4309.378308,1000,5215.519844
4436.876984,1000,5216.592793
4517.573743,1000,5217.409631
4631.410485,1000,5219.237169
4375.395755,1000,5220.053833
4533.015868,1000,5221.126655
4450.494635,1000,5221.941187
4657.979229,1000,5223.014843
4575.673106,1000,5223.831069
4468.778572,1000,5224.900925
4622.883844,1000,5229.479188
207.656207,71,5229.537519
4426.715392,1000,5230.616683
4861.756422,1000,5231.434625
4593.819081,1000,5232.507043
4518.003211,1000,5233.32149
4708.50015,1000,5235.127137
4693.974241,1000,5235.942295
4878.033278,1000,5237.013021
4733.008122,1000,5237.828343
4642.446086,1000,5238.898323
4455.073125,1000,5244.017158
4343.904442,1000,5245.087355
4810.874801,1000,5245.942146
4310.061834,1000,5247.745494
4614.287779,1000,5248.56565
4764.295593,1000,5249.632211
4559.401674,1000,5250.445906
4217.731895,1000,5251.25966
4619.03722,1000,5252.328383
4860.056216,1000,5253.140841
4665.41648,1000,5258.528875
4498.054828,1000,5259.343281
4770.756744,1000,5261.188141
4749.439013,1000,5262.005414
4350.622463,1000,5263.074954
4407.198791,1000,5263.892436
4672.671244,1000,5264.961656
4670.191869,1000,5265.774902
4687.311292,1000,5266.844968
4611.681403,1000,5267.660228
4853.743864,1000,5273.526891
4673.204124,1000,5274.584833
4547.204908,1000,5275.654828
4540.660604,1000,5276.468069
4811.567345,1000,5277.540406
4638.604131,1000,5278.356308
4770.46068,1000,5280.182072
4771.716312,1000,5280.99586
4618.041138,1000,5282.065991
3107.290879,657,5282.604613
3659.615509,1000,5283.667367
4684.879589,1000,5288.28075
4599.169697,1000,5289.343347
4698.343298,1000,5290.158994
4761.815616,1000,5291.234514
4587.393601,1000,5292.058466
4568.094797,1000,5292.875492
4661.466371,1000,5293.937934
132.519613,49,5293.978198
4603.303334,1000,5294.792937
4328.969337,1000,5296.594495
4392.404842,1000,5297.410581
4691.029151,1000,5302.79651
4415.257591,1000,5303.611227
4709.837388,1000,5304.682262
3.389755,21,5304.699676
4476.629471,1000,5305.513582
4659.073865,1000,5306.585782
4473.261382,1000,5308.178921
4552.510278,1000,5309.251893
4398.726005,1000,5310.068281
4616.504486,1000,5311.141801
4651.213669,1000,5311.956888
4400.367447,1000,5317.329909
4648.575365,1000,5318.143579
4566.98352,1000,5319.991114
4272.172167,1000,5320.807424
4516.907263,1000,5321.880105
4668.772446,1000,5322.693383
4631.326178,1000,5323.766345
4677.944374,1000,5324.581607
4429.084139,1000,5325.652782
7.366993,11,5325.662079
781.694934,224,5325.844889
4702.316779,1000,5330.963812
4551.069896,1000,5332.033415
4670.317361,1000,5332.847223
4595.175295,1000,5333.92542
4319.02893,1000,5334.746978
4868.126075,1000,5335.820227
4566.082053,1000,5336.635382
4434.442763,1000,5337.704301
4334.140741,1000,5338.52092
4467.536369,1000,5339.5946
4563.853271,1000,5344.723521
4363.132237,1000,5346.12541
4488.85144,1000,5347.385022
4459.13874,993,5348.455124
3712.910523,803,5349.110898
4749.844366,1000,5350.182629
4520.047321,1000,5350.997811
4560.389305,1000,5352.075329
4696.078183,1000,5352.891942
4682.025311,1000,5354.700074
4778.342209,1000,5355.515195
4652.662433,1000,5360.897614
4898.172124,1000,5361.713743
4424.593885,1000,5362.528409
4484.944279,1000,5363.600126
3096.906977,1000,5364.422287
4717.17897,1000,5365.48344
4644.985702,1000,5367.073474
4576.346996,1000,5368.140574
4460.023235,1000,5368.956132
878.49046,214,5369.37858
4687.279682,1000,5374.494862
2482.158662,558,5374.950089
4522.087398,1000,5376.010998
4737.49049,1000,5376.824527
4619.460653,1000,5377.890542
4321.299693,955,5378.672542
4589.445226,1000,5379.744111
4627.786094,1000,5380.558011
4627.384471,1000,5381.632638
4569.556763,1000,5382.447461
4751.068466,1000,5383.518063
4659.132128,1000,5388.641064
4687.11974,1000,5390.042261
4502.210649,1000,5391.298814
4671.170523,1000,5392.369495
4748.234039,1000,5393.184753
4647.625717,1000,5394.256253
4655.753281,1000,5395.078589
4609.102705,1000,5396.15354
4642.800675,1000,5396.966683
4629.254852,1000,5398.038173
4613.464633,1000,5403.167553
4555.86267,1000,5404.237652
583.367625,153,5404.36285
4625.440308,1000,5405.176713
4484.173489,1000,5406.246754
4653.859177,1000,5407.062095
4520.483265,1000,5408.138916
4642.083963,1000,5408.956465
4633.005573,1000,5410.027709
4574.405493,1000,5410.84232
4726.841534,1000,5411.990327
4491.956639,1000,5417.777813
4669.019561,1000,5418.596847
4551.325402,1000,5419.668818
4854.91647,1000,5420.483347
4837.965517,1000,5421.555697
4689.317446,1000,5422.370767
4438.438883,1000,5423.442246
4727.865006,1000,5425.030648
4663.098882,1000,5426.102914
4737.675643,1000,5426.917074
4599.015222,1000,5432.28723
4680.030668,1000,5433.102089
4761.457487,1000,5434.935373
2595.568889,566,5435.39728
4406.365009,1000,5436.468318
4566.962564,1000,5437.283198
4800.526758,1000,5438.355036
3859.093031,1000,5439.173744
4630.714718,1000,5440.233917
4972.483229,1000,5441.047636
4579.423946,1000,5446.116616
4575.594998,1000,5446.930896
4539.878101,1000,5447.993004
4376.471743,1000,5448.8112
4674.736051,1000,5449.6256
3642.0112,787,5450.514966
4801.042548,1000,5451.329581
4542.912615,1000,5453.120764
4485.234397,1000,5453.936999
4703.465777,1000,5455.008092
4483.520095,1000,5460.147205
4540.0177,1000,5461.218683
4644.764801,1000,5462.035386
4721.054746,1000,5463.108251
4647.533009,1000,5464.698419
4345.042572,1000,5465.769345
4680.858063,1000,5466.583708
4748.491343,1000,5467.654276
4445.792896,1000,5468.475121
4476.061684,1000,5469.54746
4691.304586,1000,5474.686339
4674.865239,1000,5475.756697
4375.716355,1000,5477.000175
4436.77696,1000,5478.421255
4659.995304,1000,5479.236664
4717.166516,1000,5480.308237
4578.004144,1000,5481.121973
4792.655318,1000,5482.193236
4768.106122,1000,5483.006362
3045.01335,713,5483.589146
4763.702318,1000,5484.660239
4506.430318,1000,5489.793682
4583.806128,1000,5491.638672
4350.467539,1000,5492.455747
4755.781432,1000,5493.517602
4494.091932,1000,5494.333182
4724.455848,1000,5495.395093
4420.870857,1000,5496.212019
4729.792983,1000,5497.275534
4609.100409,1000,5498.866488
4544.071746,1000,5499.930796
3687.397402,800,5504.890334
4671.689484,1000,5505.953539
4757.475543,1000,5506.766733
4584.172698,1000,5507.836916
4685.126896,1000,5509.431683
4823.999678,1000,5510.504576
4594.307662,1000,5511.320161
4772.471151,1000,5512.390707
4624.248745,1000,5513.204103
4713.907957,1000,5514.275812
4674.635655,1000,5519.422753
4639.696165,1000,5520.92505
4884.696703,1000,5522.08181
4779.142572,1000,5523.158643
4618.051633,1000,5523.972725
4719.950029,1000,5525.042517
4503.626673,1000,5525.859165
4634.361746,1000,5526.928885
4623.943692,1000,5527.7446
4709.12508,1000,5528.562036
4592.059079,1000,5533.940063
4701.041657,1000,5534.757669
4813.456478,1000,5535.831741
4615.031276,1000,5536.647495
4569.683317,1000,5537.71843
4871.208742,1000,5538.536399
4465.796496,1000,5539.607912
4705.172153,1000,5540.422539
4833.515679,1000,5541.494973
4800.685053,1000,5542.308872
4649.385076,1000,5547.691455
4482.054939,1000,5548.5121
4507.657124,1000,5549.582983
4686.220157,1000,5550.39841
4765.848083,1000,5551.469652
4722.572468,1000,5552.283073
4778.882998,1000,5553.357145
4751.288298,1000,5554.175316
1401.044808,331,5554.446799
4852.712053,1000,5555.515313
4355.472021,1000,5560.636791
4514.309867,1000,5561.71038
4645.876245,1000,5563.300055
4867.921828,1000,5564.370328
4726.886546,1000,5565.184421
4814.733442,1000,5566.255543
4589.285555,1000,5567.071016
4845.833704,1000,5568.139263
4764.68856,1000,5568.95313
4684.820166,1000,5570.760648
500.727214,126,5570.863552
4581.61013,1000,5575.986061
4690.728068,1000,5577.054478
4711.827923,1000,5577.872246
4784.136719,1000,5578.949558
4424.618977,1000,5579.770449
4687.978936,1000,5580.839519
4772.634436,1000,5582.432046
2782.803203,626,5583.198781
4734.96076,1000,5584.015757
186.445662,50,5584.056746
4757.525341,1000,5585.125992
4583.601741,1000,5585.938467
4451.63216,1000,5591.31581
4566.934297,1000,5592.13162
4947.255147,1000,5593.975246
4744.612162,1000,5594.788452
4509.61222,1000,5595.860886
4418.560871,1000,5596.678119
4853.066048,1000,5597.746657
4700.176002,1000,5598.561259
4684.796144,1000,5599.376349
4591.243781,1000,5600.449085
4332.250371,1000,5605.60292
4642.085844,1000,5607.447196
4740.396084,1000,5608.271352
4623.616817,1000,5609.344434
4685.302419,1000,5610.159391
4798.43094,1000,5611.228661
4701.676789,1000,5612.045589
4777.9858,1000,5613.84036
4924.809521,1000,5614.656074
4638.976958,1000,5615.726701
4810.039575,1000,5620.251722
4450.54143,1000,5621.322064
4738.423323,1000,5622.138866
4737.067139,1000,5623.209891
4784.524468,1000,5624.024021
1836.049049,396,5624.345625
4611.92383,1000,5625.416991
4547.216028,1000,5626.231631
2599.888787,530,5626.918223
2686.12735,1000,5627.741889
4680.398872,1000,5629.536048
4847.903269,1000,5634.267792
4810.026976,1000,5635.3255
1162.137788,1000,5636.159826
4584.485188,1000,5637.220608
4950.198256,1000,5638.037326
4656.710769,1000,5639.098035
4864.371752,1000,5639.913695
2417.900013,512,5640.330754
4913.801531,1000,5641.392431
4441.037218,1000,5642.2107
4827.636586,1000,5647.580103
4681.543615,1000,5648.399203
4861.80899,1000,5650.234309
4777.898584,1000,5651.047152
4467.570076,1000,5652.119614
4420.124447,1000,5652.93406
4762.109943,1000,5654.006724
4344.371991,1000,5654.820198
4623.682978,1000,5655.893033
4683.38259,1000,5656.711373
7.187192,12,5656.721364
3324.079228,737,5661.220402
4486.960375,1000,5662.039192
4615.389328,1000,5663.885602
4933.387326,1000,5664.699661
4605.85411,1000,5665.769948
4787.276496,1000,5666.582935
3484.462297,745,5667.188368
2443.666372,546,5667.888852
4.148234,11,5667.897852
4868.514128,1000,5668.715869
4613.733957,1000,5669.78627
4598.122957,1000,5670.599206
4859.934511,1000,5675.543979
4839.806567,1000,5676.358423
4686.357363,1000,5678.176098
4655.105124,1000,5678.990145
4586.645582,1000,5680.059044
4592.47875,1000,5680.873601
4706.636517,1000,5681.943972
4755.419675,1000,5682.757345
4391.323569,1000,5683.829524
4404.319359,1000,5684.645165
4505.902119,1000,5689.766223
4780.321112,1000,5690.580328
4723.655528,1000,5691.394086
4450.623206,1000,5692.469178
4721.902623,1000,5693.283647
4798.093969,1000,5694.355572
4811.585547,1000,5695.170775
4781.10511,1000,5696.239462
4926.753433,1000,5697.053023
4698.096929,1000,5698.126589
4807.050788,1000,5703.272361
4716.232047,1000,5705.116327
4637.218796,1000,5705.930914
4782.761604,1000,5707.001664
4508.009829,1000,5707.817262
4819.083349,1000,5708.896791
4628.801987,1000,5709.710269
4844.533572,1000,5710.778754
4458.60992,1000,5711.597782
4794.342655,1000,5713.412542
4544.904536,1000,5718.443859
4858.809723,1000,5719.513922
4426.923116,1000,5720.328008
4762.32142,1000,5721.39771
1848.904123,375,5721.702878
4682.187694,1000,5722.520198
4706.620645,1000,5723.590498
4936.416037,1000,5724.404298
4721.543281,1000,5725.476382
4847.827296,1000,5726.290834
4688.753015,1000,5727.360632
4493.517814,1000,5732.49716
4771.321866,1000,5733.566864
4690.642713,1000,5734.380949
5009.711273,1000,5735.449364
4982.400481,1000,5737.038072
4711.021262,1000,5738.113153
4626.050692,1000,5738.926819
4649.78238,1000,5739.99541
4425.053707,1000,5740.809421
2083.32445,520,5741.491624
4356.609105,1000,5746.625714
4675.300137,1000,5747.439854
4823.63145,1000,5748.508711
4480.790617,1000,5749.324324
4344.821694,1000,5750.396356
4732.132632,1000,5751.210591
4705.356778,1000,5752.283547
4696.915924,1000,5753.099033
4279.471224,1000,5754.170085
4528.544734,1000,5754.98394
4574.408705,1000,5759.82472
4483.417463,1000,5760.638057
2995.743117,647,5761.423028
2310.124641,520,5761.853639
4771.607772,1000,5763.444738
1155.862702,1000,5764.538518
4679.731317,1000,5765.353353
4912.348736,1000,5766.413779
4442.358186,1000,5767.229679
4812.758367,1000,5768.295505
4786.179359,1000,5769.109773
4521.383952,1000,5774.477293
4949.954351,1000,5775.29198
4514.208992,1000,5777.127721
4528.739306,1000,5777.941911
4683.390979,1000,5779.015647
4793.878493,1000,5779.83436
4666.729129,1000,5780.903854
4644.94476,1000,5781.720008
4724.530948,1000,5782.789829
4740.119111,1000,5783.604236
4692.012737,1000,5788.998581
131.039015,53,5789.042129
4502.338316,1000,5789.857667
4379.956533,957,5790.89173
4507.641588,1000,5791.708378
4757.311945,1000,5792.778343
4751.592591,1000,5793.592809
4633.20619,1000,5794.662802
4502.700997,1000,5795.477679
4558.775042,1000,5796.548005
4505.951399,1000,5797.362275
4646.725332,1000,5802.735661
4699.632904,1000,5803.549515
4719.942145,1000,5805.3947
1432.139801,317,5805.652917
4439.166566,1000,5806.467588
3108.653955,1000,5807.544153
4531.511951,1000,5808.362687
4366.727695,1000,5809.424053
4545.475662,1000,5810.2389
4603.78605,1000,5812.037785
4660.997149,1000,5812.852803
4675.689972,1000,5818.229326
4554.70338,1000,5819.044497
4756.18529,1000,5820.106293
4381.206207,1000,5820.921739
4410.97455,1000,5821.991967
4583.310979,1000,5822.940586
4678.423809,1000,5824.661058
4780.3192,1000,5825.481252
4690.95235,1000,5826.553434
4742.880912,1000,5827.367316
4692.648747,1000,5832.604253
4723.067026,1000,5833.419727
5078.678444,1000,5834.489254
4729.941229,1000,5835.303446
4505.95838,1000,5836.118865
4408.044486,989,5837.178747
4603.835051,1000,5837.992763
4577.37438,1000,5839.069072
4794.688065,1000,5839.884311
4919.443139,1000,5840.959969
4746.816235,1000,5846.084776
4807.307871,1000,5847.930309
4272.531343,1000,5848.750433
4705.725884,1000,5849.821021
4629.18935,1000,5850.637424
2006.810343,420,5851.234798
4769.970875,1000,5852.050845
4657.552305,1000,5853.119454
4718.985333,1000,5853.933869
4646.95256,1000,5855.735244
4851.699195,1000,5860.878543
4762.793712,1000,5861.696143
4509.023472,1000,5862.764643
4827.117619,1000,5863.578054
4582.789415,1000,5864.647991
4721.842549,1000,5865.461085
4826.265431,1000,5867.290541
4688.452925,1000,5868.104652
4047.763088,1000,5869.176691
4747.296885,1000,5869.989742
4637.588363,1000,5874.823342
4642.663753,1000,5875.637174
4785.791793,1000,5876.705846
4717.639325,1000,5877.518845
3819.469165,836,5878.456801
4842.655216,1000,5879.270637
4170.545434,1000,5880.347499
4738.921599,1000,5881.159228
4539.722556,1000,5882.97748
4991.246494,1000,5883.797317
4718.589126,1000,5884.869921
4811.927953,1000,5890.011428
4686.007817,1000,5891.078447
4582.13099,1000,5891.899881
4874.192374,1000,5892.970463
4566.116833,1000,5894.260236
4883.56527,1000,5895.630505
4779.933736,1000,5896.444426
4690.495741,1000,5897.515907
4756.70731,1000,5898.330014
4868.211568,1000,5899.403687
4752.976599,1000,5904.200267
4645.406107,1000,5905.269011
4609.086732,1000,5906.083346
1230.385218,1000,5907.162075
4816.352564,1000,5907.977189
4657.645583,1000,5909.043109
4690.371629,1000,5909.857743
4856.715758,1000,5910.673263
2980.34141,1000,5911.742399
4588.932934,1000,5912.555096
4394.164194,1000,5917.387015
3867.742831,1000,5918.97833
4687.682254,1000,5920.038387
4532.992896,1000,5920.852278
4628.406131,1000,5921.91427
4840.033057,1000,5922.73006
4414.707369,1000,5923.792323
4496.631404,1000,5924.607674
4724.361488,1000,5925.665236
3040.708966,1000,5926.487991
4545.243289,1000,5931.867917
4520.81516,1000,5932.684194
4771.161983,1000,5933.74481
4777.864099,1000,5934.558428
3889.725097,819,5935.470545
4704.823635,1000,5936.282206
4672.307096,1000,5937.339868
4493.191375,1000,5938.15466
4360.084314,1000,5939.21445
4469.867953,1000,5940.028736
4692.502333,1000,5945.424099
185.888528,53,5945.467557
4735.551013,1000,5947.056324
4775.488678,1000,5948.134646
4382.659757,1000,5948.949279
4699.347592,1000,5950.018901
4574.507969,1000,5950.832503
4749.287085,1000,5951.905038
4293.127261,913,5953.046026
4728.035565,1000,5954.493604
4697.634538,1000,5955.308348
4332.246808,1000,5960.424557
4676.716645,1000,5961.497204
4618.596784,1000,5962.309272
4681.65644,1000,5963.392885
4687.688215,1000,5964.208251
1895.896417,1000,5965.291393
545.809674,120,5965.389074
4817.749615,1000,5966.979438
4874.302016,1000,5968.040993
4840.807464,1000,5968.861353
4684.526775,1000,5969.921512
4800.48802,1000,5975.043925
4611.554664,1000,5976.105421
4846.924419,1000,5976.919899
4838.285893,1000,5977.980245
4693.833448,1000,5978.798165
4172.248544,1000,5979.861032
4584.257067,1000,5980.676723
4661.108798,1000,5981.746315
5042.271835,1000,5982.558324
4425.571087,1000,5983.632046
4628.084669,1000,5988.770332
4745.217646,1000,5990.614237
3785.424076,1000,5991.432358
4776.983652,1000,5992.504863
2472.531883,513,5992.922438
4744.13207,1000,5994.001357
3069.808771,1000,5994.824484
4291.869352,1000,5995.639854
4564.175373,1000,5996.702318
4844.09074,1000,5997.515528
4566.562326,1000,6002.91631
4699.580629,1000,6003.730866
4113.233319,932,6004.735485
4578.897942,1000,6005.550792
4424.011845,1000,6006.618181
4444.925789,1000,6007.433947
4352.973565,1000,6008.50101
2224.04017,511,6008.918097
4460.139429,1000,6009.995211
4663.747723,1000,6010.810199
4731.759507,1000,6012.619952
2763.03183,563,6017.353863
3867.944679,825,6018.073628
4492.872398,1000,6019.145929
4663.236735,1000,6019.961503
4636.689675,1000,6021.03196
4496.674231,1000,6021.844673
4733.593269,1000,6022.919653
1986.901285,446,6023.282579
4657.490718,1000,6024.872141
4529.639596,1000,6025.943255
750.161437,196,6026.103458
4851.126563,1000,6026.920454
4711.948858,1000,6032.303103
4840.629958,1000,6033.117347
4689.658163,1000,6034.947145
4536.28315,1000,6035.762758
4536.997046,1000,6036.832225
4714.219094,1000,6037.646885
4848.260925,1000,6038.720321
4752.901005,1000,6039.535636
4892.134216,1000,6040.607069
4697.472778,1000,6041.423868
4725.581204,1000,6046.811713
4859.553461,1000,6047.628166
4373.160207,1000,6048.703098
4937.220576,1000,6049.516589
4788.955513,1000,6050.585758
4296.78915,1000,6051.402316
4731.354753,1000,6052.473414
3812.78449,823,6053.144672
2378.079626,497,6053.549593
4772.011822,1000,6054.623253
4757.660744,1000,6059.398793
4736.967203,1000,6060.468983
291.759464,77,6060.531986
4833.757797,1000,6061.451042
4806.227921,1000,6063.171138
4884.541047,1000,6063.986054
4870.105858,1000,6065.059454
4821.052838,1000,6065.87797
4700.477984,1000,6066.95631
4714.814993,1000,6068.548514
4766.808587,1000,6069.619956
4893.271796,1000,6074.76692
2277.894826,472,6075.405576
4748.339729,1000,6076.220866
4759.86412,1000,6077.29089
1330.955438,322,6077.553762
4733.712632,1000,6078.372135
4552.144648,1000,6079.444707
4725.328684,1000,6080.261424
4718.708573,1000,6082.107296
3126.880142,1000,6082.93335
3598.521119,793,6083.826733
4569.215909,1000,6084.647815
4693.03035,1000,6089.773334
4744.23594,1000,6090.834716
4893.398217,1000,6091.650884
4836.583039,1000,6092.7117
4850.17191,1000,6093.525401
5100.818095,1000,6094.588087
4579.531232,1000,6095.404746
4597.242069,1000,6096.469741
4769.175118,1000,6097.285263
4792.212593,1000,6098.361058
4783.429601,1000,6103.492092
2760.678837,560,6104.206918
4653.308465,1000,6105.024534
2135.807619,498,6105.431894
4579.925326,1000,6106.502189
4881.733475,1000,6107.317403
4754.129707,1000,6108.393696
4606.7109,1000,6109.209312
4705.274746,1000,6110.280082
4514.016591,1000,6111.094241
4783.916871,1000,6112.934282
4750.105221,1000,6117.405363
2480.407633,1000,6118.486521
4450.620848,1000,6119.302811
4715.745048,1000,6120.365614
4869.64125,1000,6121.180573
4979.530018,1000,6122.248195
4457.979084,1000,6123.064627
4751.90695,1000,6124.128062
4776.296477,1000,6124.944424
4684.691669,1000,6126.006354
1156.571903,271,6130.548866
4703.996143,1000,6131.367076
731.443078,1000,6133.229153
4467.091981,1000,6134.043189
3484.559245,1000,6135.110329
4573.636367,1000,6135.926353
4704.616971,1000,6136.989307
4731.991296,1000,6137.805089
4769.855215,1000,6138.868773
4624.682996,1000,6139.686394
4805.222298,1000,6145.007924
4555.112977,1000,6146.598768
4431.310207,1000,6147.663705
4910.94789,1000,6148.484373
4782.472045,1000,6149.547343
1355.457057,303,6149.794908
4522.232753,1000,6150.611051
4724.541913,1000,6151.671839
602.208933,134,6151.781296
4719.327953,1000,6153.371996
4679.573854,1000,6154.433792
4517.884497,1000,6155.247321
4729.685572,1000,6160.608525
2660.670571,583,6161.083626
4864.394411,1000,6162.250439
4697.79666,1000,6163.737019
4691.336208,1000,6164.805439
4509.614439,1000,6165.619369
4662.369052,986,6166.420809
4637.130074,1000,6167.491576
3574.857752,1000,6168.315597
4207.491091,1000,6169.377816
4178.18444,1000,6173.933883
4739.125115,1000,6174.992312
4540.06046,1000,6175.806563
4866.053326,1000,6177.629002
4107.907947,850,6178.321441
4828.86774,1000,6179.384385
4789.551841,1000,6180.198505
4600.539691,1000,6181.260339
4703.213526,1000,6182.073771
4502.798835,1000,6183.140594
4759.545858,1000,6188.270574
4744.831275,1000,6189.351734
4833.666896,1000,6190.514277
4528.989995,1000,6192.019251
4919.502798,1000,6192.831868
3967.20137,1000,6193.912383
4557.043593,1000,6194.726253
4559.43938,1000,6195.785985
4612.027311,1000,6196.599921
4596.822721,1000,6197.659028
4579.879385,1000,6202.787926
1409.057787,286,6203.022021
4667.342095,1000,6204.083044
534.085649,127,6204.186429
4756.546859,1000,6204.999746
4667.120319,1000,6206.065798
4868.892666,1000,6206.881509
4606.225677,1000,6207.943489
4602.978049,1000,6208.763557
4454.176677,1000,6209.834652
2093.475953,446,6210.198486
4756.172684,1000,6211.012005
4490.181666,1000,6212.809386
4534.263268,1000,6217.940009
4600.220341,1000,6219.006092
4021.255546,1000,6219.825401
4721.123543,1000,6220.883734
4482.755755,1000,6221.696361
4864.765683,1000,6222.754988
4544.505267,1000,6224.345031
4565.059309,1000,6225.405505
4955.92806,1000,6226.216535
4779.955341,1000,6227.273925
4708.506949,1000,6232.403403
4771.1775,1000,6233.460476
4748.985864,1000,6234.272686
4790.978564,1000,6235.340507
4619.228578,1000,6236.153092
4707.788642,1000,6237.223662
4529.400361,1000,6238.038171
4988.765523,1000,6239.111265
3550.241721,1000,6239.932399
3532.795765,736,6240.777123
3676.134045,798,6245.736442
4759.062883,1000,6246.549366
1463.022703,331,6247.450658
4756.185495,1000,6248.65439
4690.798797,1000,6249.716208
4718.153217,1000,6250.53589
4740.299399,1000,6251.600932
4559.036207,1000,6252.416328
4875.142369,1000,6253.47498
4643.687687,1000,6254.289565
4565.767336,1000,6255.360853
2266.058387,496,6260.073873
4705.51539,1000,6260.887666
4526.85838,1000,6261.959024
4523.777657,1000,6262.774607
3654.366963,822,6263.698469
4487.746319,1000,6264.511612
4695.973585,1000,6265.581272
4636.787171,1000,6266.393851
4548.919012,1000,6267.468196
4783.578379,1000,6268.290064
4598.407481,1000,6273.621587
554.630892,147,6273.741652
4659.98655,1000,6275.330983
4888.170838,1000,6276.39502
4728.081225,1000,6277.208498
4582.836686,1000,6278.277097
4671.682889,1000,6279.089665
4473.665514,1000,6280.159456
4753.280528,1000,6281.276744
4575.396592,1000,6282.817152
4329.312034,1000,6283.630457
4696.447696,1000,6288.389265
4294.076328,1000,6289.202582
3753.063767,792,6289.847401
4598.494883,1000,6290.914807
4701.266206,1000,6291.728488
4796.829665,1000,6292.797301
4697.233151,1000,6293.612235
4653.340332,1000,6295.414596
4784.862726,1000,6296.226664
4856.076572,1000,6297.293103
4246.24854,1000,6302.420793
740.561953,1000,6303.501085
4529.476526,1000,6304.314994
4843.615255,1000,6305.372689
4632.461339,1000,6306.960492
4820.263478,1000,6308.018255
4597.612695,1000,6308.838071
4609.018986,1000,6309.898867
4541.050119,1000,6310.713272
4653.259733,1000,6311.782384
4760.537084,1000,6316.900938
4543.757042,1000,6317.962034
4594.638618,1000,6318.774847
4738.718641,1000,6319.842447
4239.44531,1000,6320.655693
4498.11356,1000,6321.726443
4859.800618,1000,6322.538832
4485.041667,1000,6323.607914
4710.209751,1000,6324.420243
4599.32136,1000,6325.485599
4594.742337,1000,6330.020492
4671.517851,1000,6331.088207
4678.72384,1000,6332.302944
4938.754083,1000,6333.743464
4477.449184,1000,6334.556875
4223.120588,1000,6335.626496
4434.040949,1000,6336.439758
4614.652636,1000,6337.251879
4715.868897,1000,6338.318271
4618.117786,1000,6339.130864
4616.046377,1000,6344.494843
4630.069355,1000,6345.311882
4676.202804,1000,6346.377263
4632.815984,1000,6347.963815
4877.584189,1000,6349.032712
4490.103501,1000,6349.846293
2594.281868,1000,6350.924744
2921.308572,624,6351.432413
2754.251273,639,6352.199337
4722.99535,1000,6353.013981
4891.380512,1000,6353.826929
4531.550851,1000,6359.191783
4723.537378,1000,6360.006891
3638.137947,803,6360.90722
4731.655009,1000,6361.71969
4717.86852,1000,6362.784845
4595.559047,1000,6363.598328
3511.925334,769,6364.469577
4578.945722,1000,6365.281445
4768.943645,1000,6367.07963
4774.217513,1000,6367.894242
4447.131137,1000,6368.968953
4597.176935,1000,6372.823729
4660.022039,1000,6373.8909
4900.773468,1000,6374.704213
4750.098181,1000,6375.772698
4726.220195,1000,6376.586548
4780.302123,1000,6378.437817
1250.194783,1000,6379.265761
4646.555052,1000,6380.325385
4691.266883,1000,6381.138637
4684.817259,1000,6382.196123
4895.646132,1000,6387.312499
4559.321405,1000,6388.374156
4612.582153,1000,6389.188584
4251.959682,1000,6390.005935
4541.067296,1000,6391.064381
4589.179205,1000,6391.880043
4612.647561,1000,6392.93833
4691.873089,1000,6393.750969
4837.38803,1000,6394.818347
4823.438499,1000,6395.630664
4493.612345,1000,6400.995399
4674.2574,1000,6401.808724
4733.507919,1000,6402.875867
4440.196213,1000,6403.691035
4599.128692,1000,6404.761261
4532.281927,1000,6405.574019
4732.150042,1000,6406.642437
4685.511018,1000,6407.455587
4565.768282,1000,6408.523497
4863.887278,1000,6409.336286
4712.794664,1000,6415.03106
1369.132757,1000,6416.312407
215.242943,60,6416.36112
4526.593014,1000,6417.418032
4707.862613,1000,6418.2344
4694.244119,1000,6419.293787
4778.662059,1000,6420.106736
4548.703061,1000,6421.164968
4622.721451,1000,6422.758737
4798.172147,1000,6423.816765
2092.43602,1000,6424.64178
4506.328045,1000,6430.006463
4531.050213,1000,6430.818482
4570.173911,1000,6431.879878
4659.753495,1000,6432.692931
4840.63531,1000,6433.752323
4742.922102,1000,6434.563938
4813.364773,1000,6435.62206
4726.046244,1000,6436.434251
4831.653823,1000,6437.491858
4686.817196,1000,6438.307292
4396.316407,1000,6443.683874
4602.062335,1000,6444.494907
4706.378631,1000,6446.33896
4858.390143,1000,6447.151041
4918.439756,1000,6448.224742
4810.386319,1000,6449.03721
4861.60296,1000,6450.107821
4965.56273,1000,6450.923502
4711.723922,1000,6451.739876
4341.204162,1000,6452.806669
4530.202507,1000,6457.92525
4613.161308,1000,6459.767736
4450.640645,1000,6460.581244
2741.422462,1000,6461.663139
4683.72076,1000,6462.474467
4696.367728,1000,6463.533563
4850.735542,1000,6464.344497
4640.891762,1000,6465.402385
4188.339206,1000,6466.213287
4416.772982,1000,6468.022864
4899.666487,1000,6473.118618
4757.852458,1000,6474.175593
4526.197652,1000,6474.985445
4732.716788,1000,6476.043037
2097.17229,494,6476.444028
4802.646531,1000,6477.50913
4508.949213,1000,6478.325358
4641.957727,1000,6480.169343
4964.378082,1000,6480.98154
4764.589748,1000,6481.793494
4468.810292,1000,6486.709802
94.107934,53,6486.753258
4629.811128,1000,6487.564185
4640.206117,1000,6488.636084
4483.896301,1000,6489.448271
4639.887841,1000,6490.51614
5007.027766,1000,6491.32934
329.236827,76,6491.392289
4857.842453,1000,6492.467623
4684.547139,1000,6494.053788
4838.968379,1000,6495.121993
4673.946228,1000,6495.935091
4790.423677,1000,6501.325317
4516.37254,1000,6502.139515
4832.074189,1000,6503.204892
4559.065039,1000,6504.019186
4801.646122,1000,6505.084082
2746.407305,1000,6506.67744
4748.074869,1000,6507.735682
4642.398924,1000,6508.552573
1669.168248,395,6509.119698
4805.270332,1000,6509.93339
4626.301132,1000,6510.992352
4757.338121,1000,6516.116256
4456.311006,1000,6516.930026
4745.420696,1000,6517.989704
4837.683827,1000,6518.801516
4810.200287,1000,6519.860176
4751.584066,1000,6520.672099
4345.467938,1000,6521.743343
4506.177124,1000,6522.557147
4579.095509,1000,6523.626535
4801.390157,1000,6524.436996
4230.005503,1000,6529.803089
635.930722,143,6529.919163
4914.744744,1000,6531.506177
4700.637752,1000,6532.573373
4676.459938,1000,6533.384104
4715.658929,1000,6534.452792
4518.360528,1000,6535.265557
4694.304315,1000,6536.333854
4542.739448,1000,6537.146344
4752.08101,1000,6538.94752
4802.871507,1000,6544.069942
4439.839483,1000,6545.135622
4308.274667,1000,6545.948367
4637.544544,1000,6547.016469
2214.25862,481,6547.407994
4871.150097,1000,6548.477287
4782.033302,1000,6549.289068
4824.489459,1000,6551.130393
779.115581,168,6551.267503
4810.701191,1000,6552.084831
4838.94721,1000,6553.152725
4806.837303,1000,6553.964417
4724.510128,1000,6559.190121
4756.126071,1000,6560.00466
4576.614034,1000,6561.070289
4886.453023,1000,6561.883619
4886.298513,1000,6562.956475
4886.257927,1000,6563.770088
4703.478491,1000,6564.581446
4610.705003,1000,6565.649031
4461.474358,916,6566.391821
4743.458225,1000,6567.457731
4587.142094,1000,6572.592066
4817.255668,1000,6574.437244
1045.071376,1000,6575.266711
4808.604586,1000,6576.326508
4727.718272,1000,6577.138919
4349.734508,1000,6578.203633
4905.639515,1000,6579.01654
4664.746547,1000,6580.076964
4411.466158,1000,6581.667398
4533.419515,1000,6582.726801
4535.644656,1000,6587.838998
4574.54591,1000,6588.894846
4376.831459,1000,6589.705349
4869.090352,1000,6590.769168
4720.781748,1000,6591.582635
4754.37787,1000,6592.650975
4716.285061,1000,6594.135947
4586.448017,1000,6595.305251
3783.254208,861,6596.005167
4503.249632,1000,6597.071146
4851.162658,1000,6602.194122
4688.313465,1000,6603.265141
4578.347877,1000,6604.078992
4525.390816,1000,6605.148627
3612.194235,774,6605.77734
4913.692545,1000,6606.586783
4650.971877,1000,6607.654256
4394.645079,1000,6608.472317
5001.042156,1000,6609.539389
4415.491077,1000,6610.350747
4258.043892,1000,6615.746004
4723.79801,1000,6616.564836
4645.600734,1000,6618.397601
906.065897,1000,6619.227045
4622.705504,1000,6620.285072
4712.947637,1000,6621.098203
3077.472417,1000,6622.168284
4776.777299,1000,6622.981189
4584.056279,1000,6624.045008
4653.592759,1000,6624.856204
4687.749418,1000,6630.237045
4386.784802,1000,6631.05078
4586.662195,1000,6632.887728
4923.678412,1000,6633.702617
4542.461073,1000,6634.765193
4545.028004,1000,6635.578604
4824.715239,1000,6636.638781
4473.13889,1000,6637.451207
4755.624332,1000,6638.522063
4678.951148,1000,6639.873378
4620.162984,1000,6645.431705
4804.527023,1000,6646.243384
2734.021657,1000,6647.311597
4528.470937,1000,6648.129555
4567.227405,1000,6649.190327
4780.256934,1000,6650.004138
3291.496961,666,6650.544556
4795.244416,1000,6651.603009
4726.682768,1000,6652.415884
4726.957235,1000,6653.473297
4672.853835,1000,6654.285366
4916.755848,1000,6659.655326
2853.394421,624,6660.166484
4745.943271,1000,6661.225543
5048.759366,1000,6662.041346
4735.636446,1000,6663.878254
4741.83912,1000,6664.693394
4677.656941,1000,6665.764989
2552.698503,540,6666.204552
4787.810457,1000,6667.018056
4751.31503,1000,6668.091296
1477.622993,1000,6673.232758
4667.862565,1000,6674.291334
4949.28367,1000,6675.104307
4482.790581,1000,6676.166373
4418.54901,1000,6676.980497
4506.802594,1000,6678.044725
4645.761501,1000,6678.861119
4741.686255,1000,6679.920976
4723.226504,1000,6680.734821
4634.486209,1000,6682.531003
4644.502065,1000,6687.660577
4642.057281,1000,6688.731525
4711.871071,1000,6689.545848
4490.704337,1000,6690.621029
4771.478935,1000,6691.432772
4847.829549,1000,6692.501504
4793.423141,1000,6694.093075
4671.137587,1000,6695.165639
1699.735157,1000,6695.994106
4815.499634,1000,6697.052674
4773.057442,1000,6701.617315
4842.339366,1000,6702.675262
4622.077818,1000,6703.4903
4517.875805,1000,6704.550493
4785.331758,1000,6705.362769
4575.448386,1000,6706.420758
4735.217316,1000,6707.233221
4682.621985,1000,6708.067577
4427.567227,1000,6709.827159
4283.784133,1000,6710.643085
4647.067257,1000,6716.010418
4766.791961,1000,6716.823236
